РЕГИОН,ГОРОД,РАЙОН,НАЗВАНИЕ,ТИП,ТИП_НАЗВАНИЕ,АДРЕС,САЙТ,ДОМЕН_SUDRF,ПАРСЕР,КОД
Алтайский край,Алейск,,Алейский городской суд Алтайского края,районный_городской,"Районный, городской, межрайонный суд","658130, Алтайский край, г Алейск, ул Советская, д 98",https://aleysky--alt.sudrf.ru/,aleysky--alt.sudrf.ru,да,22RS0001
Алтайский край,Алтайское,Алтайский,Алтайский районный суд Алтайского края,районный_городской,"Районный, городской, межрайонный суд","659650, Алтайский край, с Алтайское, ул Советская, д 180",https://altaisky--alt.sudrf.ru/,altaisky--alt.sudrf.ru,да,22RS0002
Алтайский край,Баево,Баевский,Баевский районный суд Алтайского края,районный_городской,"Районный, городской, межрайонный суд","658510, Алтайский край, с Баево, ул Ленина, д 41",https://baevsky--alt.sudrf.ru/,baevsky--alt.sudrf.ru,да,22RS0070
Алтайский край,Барнаул,,Алтайский краевой суд,областной,Областной и равный ему суд,"656043, г Барнаул, пр-кт Ленина, д 25",https://kraevoy--alt.sudrf.ru/,kraevoy--alt.sudrf.ru,да,22OS0000
Алтайский край,Барнаул,Железнодорожный,Железнодорожный районный суд г. Барнаула Алтайского края,районный_городской,"Районный, городской, межрайонный суд","656031, г Барнаул, ул Папанинцев, д 130",https://zheleznodorozhny--alt.sudrf.ru/,zheleznodorozhny--alt.sudrf.ru,да,22RS0066
Алтайский край,Барнаул,Индустриальный,Индустриальный районный суд г. Барнаула Алтайского края,районный_городской,"Районный, городской, межрайонный суд","656006, г Барнаул, ул Балтийская, д 28",https://industrialny--alt.sudrf.ru/,industrialny--alt.sudrf.ru,да,22RS0065
Алтайский край,Барнаул,Ленинский,Ленинский районный суд г. Барнаула Алтайского края,районный_городской,"Районный, городской, межрайонный суд","656055, г Барнаул, ул Георгия Исакова, д 204",https://leninsky--alt.sudrf.ru/,leninsky--alt.sudrf.ru,да,22RS0069
Алтайский край,Барнаул,Октябрьский,Октябрьский районный суд г. Барнаула Алтайского края,районный_городской,"Районный, городской, межрайонный суд","656038, г Барнаул, б-р 9 Января, д 19",https://oktabrsky--alt.sudrf.ru/,oktabrsky--alt.sudrf.ru,да,22RS0067
Алтайский край,Барнаул,Центральный,Центральный районный суд г. Барнаула Алтайского края,районный_городской,"Районный, городской, межрайонный суд","656031, г Барнаул, ул Папанинцев, д 130",https://centralny--alt.sudrf.ru/,centralny--alt.sudrf.ru,да,22RS0068
Алтайский край,Белокуриха,,Белокурихинский городской суд Алтайского края,районный_городской,"Районный, городской, межрайонный суд","659900, Алтайский край, г Белокуриха, ул Братьев Ждановых, д 23",https://belokurihinsky--alt.sudrf.ru/,belokurihinsky--alt.sudrf.ru,да,22RS0007
Алтайский край,Бийск,,Бийский городской суд Алтайского края,районный_городской,"Районный, городской, межрайонный суд","659300, Алтайский край, г Бийск, ул Владимира Ленина, д 149",https://biyskygor--alt.sudrf.ru/,biyskygor--alt.sudrf.ru,да,22RS0013
Алтайский край,Бийск,Бийский,Бийский районный суд Алтайского края,районный_городской,"Районный, городской, межрайонный суд","659316, Алтайский край, г Бийск, ул Социалистическая, д 5/2",https://biysky--alt.sudrf.ru/,biysky--alt.sudrf.ru,да,22RS0003
Алтайский край,Благовещенка,Благовещенский,Благовещенский районный суд Алтайского края,районный_городской,"Районный, городской, межрайонный суд","658670, Алтайский край, рп Благовещенка, пер Кучеровых, д 65",https://blagovechensky--alt.sudrf.ru/,blagovechensky--alt.sudrf.ru,да,22RS0004
Алтайский край,Бурла,Бурлинский,Бурлинский районный суд Алтайского края,районный_городской,"Районный, городской, межрайонный суд","658810, Алтайский край, с Бурла, ул Победы, зд 27",https://burlinsky--alt.sudrf.ru/,burlinsky--alt.sudrf.ru,да,22RS0005
Алтайский край,Быстрый Исток,Быстроистокский,Быстроистокский районный суд Алтайского края,районный_городской,"Районный, городской, межрайонный суд","659560, Алтайский край, с Быстрый Исток, ул Ленина, д 43",https://istoksky--alt.sudrf.ru/,istoksky--alt.sudrf.ru,да,22RS0006
Алтайский край,Волчиха,Волчихинский,Волчихинский районный суд Алтайского края,районный_городской,"Районный, городской, межрайонный суд","658930, Алтайский край, с Волчиха, ул 1 Мая, зд 80",https://volchihinsky--alt.sudrf.ru/,volchihinsky--alt.sudrf.ru,да,22RS0016
Алтайский край,Гальбштадт,,Районный суд Немецкого национального района Алтайского края,районный_городской,"Районный, городской, межрайонный суд","658870, Алтайский край, с Гальбштадт, ул Тракторная, д 6",https://nemecky--alt.sudrf.ru/,nemecky--alt.sudrf.ru,да,22RS0035
Алтайский край,Горняк,Локтевский,Локтевский районный суд Алтайского края,районный_городской,"Районный, городской, межрайонный суд","658422, Алтайский край, г Горняк, ул Миронова, д 130А",https://loktevsky--alt.sudrf.ru/,loktevsky--alt.sudrf.ru,да,22RS0032
Алтайский край,Завьялово,Завьяловский,Завьяловский районный суд Алтайского края,районный_городской,"Районный, городской, межрайонный суд","658620, Алтайский край, с Завьялово, ул Школьная, влд 1",https://zavialovsky--alt.sudrf.ru/,zavialovsky--alt.sudrf.ru,да,22RS0019
Алтайский край,Залесово,Залесовский,Залесовский районный суд Алтайского края,районный_городской,"Районный, городской, межрайонный суд","659220, Алтайский край, с Залесово, ул Партизанская, д 13",https://zalesovsky--alt.sudrf.ru/,zalesovsky--alt.sudrf.ru,да,22RS0020
Алтайский край,Заринск,,Заринский городской суд Алтайского края,районный_городской,"Районный, городской, межрайонный суд","659100, Алтайский край, г Заринск, ул Металлургов, влд 2",https://zarynsky--alt.sudrf.ru/,zarynsky--alt.sudrf.ru,да,22RS0008
Алтайский край,Заринск,Заринский,Заринский районный суд Алтайского края,районный_городской,"Районный, городской, межрайонный суд","659106, Алтайский край, г Заринск, ул Комсомольская, зд 15",https://zarinsky--alt.sudrf.ru/,zarinsky--alt.sudrf.ru,да,22RS0021
Алтайский край,Змеиногорск,,Змеиногорский городской суд Алтайского края,районный_городской,"Районный, городской, межрайонный суд","658481, Алтайский край, г Змеиногорск, ул Ленина, зд 41",https://zmeinogorsky--alt.sudrf.ru/,zmeinogorsky--alt.sudrf.ru,да,22RS0009
Алтайский край,Зональное,Зональный,Зональный районный суд Алтайского края,районный_городской,"Районный, городской, межрайонный суд","659400, Алтайский край, с Зональное, ул Ленина, зд 9",https://zonalny--alt.sudrf.ru/,zonalny--alt.sudrf.ru,да,22RS0022
Алтайский край,Калманка,Калманский,Калманский районный суд Алтайского края,районный_городской,"Районный, городской, межрайонный суд","659040, Алтайский край, с Калманка, ул Ленина, д 14",https://kalmansky--alt.sudrf.ru/,kalmansky--alt.sudrf.ru,да,22RS0023
Алтайский край,Камень-на-Оби,,Каменский городской суд Алтайского края,районный_городской,"Районный, городской, межрайонный суд","658700, Алтайский край, г Камень-на-Оби, ул Пушкина, д 20",https://kamensky--alt.sudrf.ru/,kamensky--alt.sudrf.ru,да,22RS0010
Алтайский край,Ключи,Ключевский,Ключевский районный суд Алтайского края,районный_городской,"Районный, городской, межрайонный суд","658980, Алтайский край, с Ключи, ул Делегатская, д 4",https://kluchevsky--alt.sudrf.ru/,kluchevsky--alt.sudrf.ru,да,22RS0024
Алтайский край,Косиха,Косихинский,Косихинский районный суд Алтайского края,районный_городской,"Районный, городской, межрайонный суд","659820, Алтайский край, с Косиха, ул Комсомольская, д 1",https://kosihinsky--alt.sudrf.ru/,kosihinsky--alt.sudrf.ru,да,22RS0025
Алтайский край,Красногорское,Красногорский,Красногорский районный суд Алтайского края,районный_городской,"Районный, городской, межрайонный суд","659500, Алтайский край, с Красногорское, ул Советская, д 89",https://krasnogorsky--alt.sudrf.ru/,krasnogorsky--alt.sudrf.ru,да,22RS0026
Алтайский край,Краснощёково,Краснощековский,Краснощековский районный суд Алтайского края,районный_городской,"Районный, городской, межрайонный суд","658340, Алтайский край, с Краснощёково, ул Ленина, зд 141",https://krasnochekovsky--alt.sudrf.ru/,krasnochekovsky--alt.sudrf.ru,да,22RS0027
Алтайский край,Крутиха,Крутихинский,Крутихинский районный суд Алтайского края,районный_городской,"Районный, городской, межрайонный суд","658750, Алтайский край, с Крутиха, ул Ленинградская, влд 35",https://krutihinsky--alt.sudrf.ru/,krutihinsky--alt.sudrf.ru,да,22RS0028
Алтайский край,Кулунда,Кулундинский,Кулундинский районный суд Алтайского края,районный_городской,"Районный, городской, межрайонный суд","658920, Алтайский край, Кулундинский р-н, с Кулунда, ул Советская, д 32",https://kulundinsky--alt.sudrf.ru/,kulundinsky--alt.sudrf.ru,да,22RS0029
Алтайский край,Курья,Курьинский,Курьинский районный суд Алтайского края,районный_городской,"Районный, городской, межрайонный суд","658320, Алтайский край, с Курья, ул Центральная, влд 84",https://kyrinsky--alt.sudrf.ru/,kyrinsky--alt.sudrf.ru,да,22RS0030
Алтайский край,Кытманово,Кытмановский,Кытмановский районный суд Алтайского края,районный_городской,"Районный, городской, межрайонный суд","659240, Алтайский край, с Кытманово, ул Советская, зд 15",https://kytmanovsky--alt.sudrf.ru/,kytmanovsky--alt.sudrf.ru,да,22RS0031
Алтайский край,Мамонтово,Мамонтовский,Мамонтовский районный суд Алтайского края,районный_городской,"Районный, городской, межрайонный суд","658560, Алтайский край, с Мамонтово, ул Партизанская, влд 163",https://mamontovsky--alt.sudrf.ru/,mamontovsky--alt.sudrf.ru,да,22RS0033
Алтайский край,Михайловское,Михайловский,Михайловский районный суд Алтайского края,районный_городской,"Районный, городской, межрайонный суд","658960, Алтайский край, с Михайловское, ул Центральная, д 9",https://mihalovsky--alt.sudrf.ru/,mihalovsky--alt.sudrf.ru,да,22RS0034
Алтайский край,Новоалтайск,,Новоалтайский городской суд Алтайского края,районный_городской,"Районный, городской, межрайонный суд","658087, Алтайский край, г Новоалтайск, ул Красноармейская, д 20",https://novaltaisky--alt.sudrf.ru/,novaltaisky--alt.sudrf.ru,да,22RS0015
Алтайский край,Новоегорьевское,Егорьевский,Егорьевский районный суд Алтайского края,районный_городской,"Районный, городской, межрайонный суд","658280, Алтайский край, с Новоегорьевское, ул Машинцева, влд 21",https://egorevsky--alt.sudrf.ru/,egorevsky--alt.sudrf.ru,да,22RS0017
Алтайский край,Павловск,Павловский,Павловский районный суд Алтайского края,районный_городской,"Районный, городской, межрайонный суд","659000, Алтайский край, с Павловск, ул Мелиораторов, влд 19",https://pavlovsky--alt.sudrf.ru/,pavlovsky--alt.sudrf.ru,да,22RS0037
Алтайский край,Панкрушиха,Панкрушихинский,Панкрушихинский районный суд Алтайского края,районный_городской,"Районный, городской, межрайонный суд","658760, Алтайский край, с Панкрушиха, ул Советская, влд 18",https://pankrushihinsky--alt.sudrf.ru/,pankrushihinsky--alt.sudrf.ru,да,22RS0038
Алтайский край,Петропавловское,Петропавловский,Петропавловский районный суд Алтайского края,районный_городской,"Районный, городской, межрайонный суд","659660, Алтайский край, с Петропавловское, ул Ленина, влд 95",https://petropavlovsky--alt.sudrf.ru/,petropavlovsky--alt.sudrf.ru,да,22RS0039
Алтайский край,Поспелиха,Поспелихинский,Поспелихинский районный суд Алтайского края,районный_городской,"Районный, городской, межрайонный суд","659700, Алтайский край, с Поспелиха, ул Ленинская, д 76",https://pospelihinsky--alt.sudrf.ru/,pospelihinsky--alt.sudrf.ru,да,22RS0040
Алтайский край,Ребриха,Ребрихинский,Ребрихинский районный суд Алтайского края,районный_городской,"Районный, городской, межрайонный суд","658540, Алтайский край, с Ребриха, ул Ленина, зд 136",https://rebrihinsky--alt.sudrf.ru/,rebrihinsky--alt.sudrf.ru,да,22RS0041
Алтайский край,Родино,Родинский,Родинский районный суд Алтайского края,районный_городской,"Районный, городской, межрайонный суд","659780, Алтайский край, с Родино, ул Ворошилова, д 4",https://rodinsky--alt.sudrf.ru/,rodinsky--alt.sudrf.ru,да,22RS0042
Алтайский край,Романово,Романовский,Романовский районный суд Алтайского края,районный_городской,"Районный, городской, межрайонный суд","658640, Алтайский край, с. Романово, ул. Советская, д. 91 А",https://romanovsky--alt.sudrf.ru/,romanovsky--alt.sudrf.ru,да,22RS0043
Алтайский край,Рубцовск,,Рубцовский городской суд Алтайского края,районный_городской,"Районный, городской, межрайонный суд","658201, Алтайский край, г Рубцовск, пр-кт Ленина, д 1",https://rubtcovsky--alt.sudrf.ru/,rubtcovsky--alt.sudrf.ru,да,22RS0011
Алтайский край,Рубцовск,Рубцовский,Рубцовский районный суд Алтайского края,районный_городской,"Районный, городской, межрайонный суд","658200, Алтайский край, г Рубцовск, пер Бульварный, д 13",https://rubcovsky--alt.sudrf.ru/,rubcovsky--alt.sudrf.ru,да,22RS0044
Алтайский край,Славгород,,Славгородский городской суд Алтайского края,районный_городской,"Районный, городской, межрайонный суд","658820, Алтайский край, г Славгород, ул Урицкого, д 143",https://slavgorodsky--alt.sudrf.ru/,slavgorodsky--alt.sudrf.ru,да,22RS0012
Алтайский край,Смоленское,Смоленский,Смоленский районный суд Алтайского края,районный_городской,"Районный, городской, межрайонный суд","659600, Алтайский край, с Смоленское, ул Титова, д 3",https://smolensky--alt.sudrf.ru/,smolensky--alt.sudrf.ru,да,22RS0045
Алтайский край,Советское,Советский,Советский районный суд Алтайского края,районный_городской,"Районный, городской, межрайонный суд","659540, Алтайский край, с Советское, ул Ленина, влд 86",https://sovetsky--alt.sudrf.ru/,sovetsky--alt.sudrf.ru,да,22RS0046
Алтайский край,Солонешное,Солонешенский,Солонешенский районный суд Алтайского края,районный_городской,"Районный, городской, межрайонный суд","659690, Алтайский край, с Солонешное, ул Советская, д 6",https://soloneshensky--alt.sudrf.ru/,soloneshensky--alt.sudrf.ru,да,22RS0047
Алтайский край,Солтон,Солтонский,Солтонский районный суд Алтайского края,районный_городской,"Районный, городской, межрайонный суд","659520, Алтайский край, с Солтон, ул Ленина, влд 15",https://soltonsky--alt.sudrf.ru/,soltonsky--alt.sudrf.ru,да,22RS0048
Алтайский край,Староалейское,Третьяковский,Третьяковский районный суд Алтайского края,районный_городской,"Районный, городской, межрайонный суд","658450, Алтайский край, с Староалейское, ул Октябрьская, д 38А",https://tretiakovsky--alt.sudrf.ru/,tretiakovsky--alt.sudrf.ru,да,22RS0054
Алтайский край,Табуны,Табунский,Табунский районный суд Алтайского края,районный_городской,"Районный, городской, межрайонный суд","658860, Алтайский край, с Табуны, пер Центральный, д 6",https://tabunsky--alt.sudrf.ru/,tabunsky--alt.sudrf.ru,да,22RS0050
Алтайский край,Тальменка,Тальменский,Тальменский районный суд Алтайского края,районный_городской,"Районный, городской, межрайонный суд","658030, Алтайский край, рп Тальменка, ул Кирова, д 82",https://talmensky--alt.sudrf.ru/,talmensky--alt.sudrf.ru,да,22RS0051
Алтайский край,Тогул,Тогульский,Тогульский районный суд Алтайского края,районный_городской,"Районный, городской, межрайонный суд","659450, Алтайский край, с Тогул, ул Октябрьская, зд 6А",https://togulsky--alt.sudrf.ru/,togulsky--alt.sudrf.ru,да,22RS0052
Алтайский край,Топчиха,Топчихинский,Топчихинский районный суд Алтайского края,районный_городской,"Районный, городской, межрайонный суд","659070, Алтайский край, с Топчиха, ул Куйбышева, д 35",https://topchihinsky--alt.sudrf.ru/,topchihinsky--alt.sudrf.ru,да,22RS0053
Алтайский край,Троицкое,Троицкий,Троицкий районный суд Алтайского края,районный_городской,"Районный, городской, межрайонный суд","659840, Алтайский край, с Троицкое, ул Пушкина, д 12",https://troicky--alt.sudrf.ru/,troicky--alt.sudrf.ru,да,22RS0055
Алтайский край,Тюменцево,Тюменцевский,Тюменцевский районный суд Алтайского края,районный_городской,"Районный, городской, межрайонный суд","658580, Алтайский край, с Тюменцево, ул Ленина, д 7А",https://tumencevsky--alt.sudrf.ru/,tumencevsky--alt.sudrf.ru,да,22RS0056
Алтайский край,Угловское,Угловский,Угловский районный суд Алтайского края,районный_городской,"Районный, городской, межрайонный суд","658270, Алтайский край, с Угловское, ул Ленина, влд 36",https://uglovsky--alt.sudrf.ru/,uglovsky--alt.sudrf.ru,да,22RS0057
Алтайский край,Усть-Калманка,Усть-Калманский,Усть-Калманский районный суд Алтайского края,районный_городской,"Районный, городской, межрайонный суд","658150, Алтайский край, с Усть-Калманка, ул Ленина, д 19",https://ukalmansky--alt.sudrf.ru/,ukalmansky--alt.sudrf.ru,да,22RS0058
Алтайский край,Усть-Чарышская Пристань,Усть-Пристанский,Усть-Пристанский районный суд Алтайского края,районный_городской,"Районный, городской, межрайонный суд","659580, Алтайский край, с Усть-Чарышская Пристань, ул 1 Мая, зд 9",https://upristansky--alt.sudrf.ru/,upristansky--alt.sudrf.ru,да,22RS0059
Алтайский край,Хабары,Хабарский,Хабарский районный суд Алтайского края,районный_городской,"Районный, городской, межрайонный суд","658780, Алтайский край, с Хабары, ул Ленина, д 67",https://habarsky--alt.sudrf.ru/,habarsky--alt.sudrf.ru,да,22RS0060
Алтайский край,Целинное,Целинный,Целинный районный суд Алтайского края,районный_городской,"Районный, городской, межрайонный суд","659430, Алтайский край, с Целинное, ул Победы, влд 25",https://celinniy--alt.sudrf.ru/,celinniy--alt.sudrf.ru,да,22RS0061
Алтайский край,Чарышское,Чарышский,Чарышский районный суд Алтайского края,районный_городской,"Районный, городской, межрайонный суд","658170, Алтайский край, с Чарышское, пер Строительный, зд 11",https://charishsky--alt.sudrf.ru/,charishsky--alt.sudrf.ru,да,22RS0062
Алтайский край,Шелаболиха,Шелаболихинский,Шелаболихинский районный суд Алтайского края,районный_городской,"Районный, городской, межрайонный суд","659050, Алтайский край, с Шелаболиха, ул 50 лет Алтая, зд 6",https://shelabolihinsky--alt.sudrf.ru/,shelabolihinsky--alt.sudrf.ru,да,22RS0063
Алтайский край,Шипуново,Шипуновский,Шипуновский районный суд Алтайского края,районный_городской,"Районный, городской, межрайонный суд","658390, Алтайский край, с Шипуново, ул Луначарского, влд 72",https://shipunovsky--alt.sudrf.ru/,shipunovsky--alt.sudrf.ru,да,22RS0064
Алтайский край,Яровое,Яровской,Яровской районный суд Алтайского края,районный_городской,"Районный, городской, межрайонный суд","658837, Алтайский край, г Яровое, ул Ленина, д 16",https://yarovsky--alt.sudrf.ru/,yarovsky--alt.sudrf.ru,да,22RS0071
Амурская область,Архара,Архаринский,Архаринский районный суд Амурской области,районный_городской,"Районный, городской, межрайонный суд","676740, Амурская обл, пгт Архара, ул Калинина, зд 11",https://arharinskiy--amr.sudrf.ru/,arharinskiy--amr.sudrf.ru,да,28RS0001
Амурская область,Белогорск,,Белогорский городской суд Амурской области,районный_городской,"Районный, городской, межрайонный суд","676805, Амурская обл, г Белогорск, ул Партизанская, д 33А",https://belogorskiygs--amr.sudrf.ru/,belogorskiygs--amr.sudrf.ru,да,28RS0002
Амурская область,Благовещенск,,Амурский областной суд,областной,Областной и равный ему суд,"675004, г Благовещенск, ул Шевченко, д 6",https://oblsud--amr.sudrf.ru/,oblsud--amr.sudrf.ru,да,28OS0000
Амурская область,Благовещенск,,Благовещенский городской суд Амурской области,районный_городской,"Районный, городской, межрайонный суд","675004, г Благовещенск, ул Пионерская, д 35",https://blag-gs--amr.sudrf.ru/,blag-gs--amr.sudrf.ru,да,28RS0004
Амурская область,Благовещенск,Благовещенский,Благовещенский районный суд Амурской области,районный_городской,"Районный, городской, межрайонный суд","675005, г Благовещенск, ул Октябрьская, д 88",https://blag-rs--amr.sudrf.ru/,blag-rs--amr.sudrf.ru,да,28RS0005
Амурская область,Екатеринославка,Октябрьский,Октябрьский районный суд Амурской области,районный_городской,"Районный, городской, межрайонный суд","676630, Амурская обл, с Екатеринославка, ул Комсомольская, д 56",https://oktyabrsiy--amr.sudrf.ru/,oktyabrsiy--amr.sudrf.ru,да,28RS0014
Амурская область,Завитинск,Завитинский,Завитинский районный суд Амурской области,районный_городской,"Районный, городской, межрайонный суд","676870, Амурская обл, г Завитинск, ул Куйбышева, д 53",https://zavitnskiy--amr.sudrf.ru/,zavitnskiy--amr.sudrf.ru,да,28RS0007
Амурская область,Зея,Зейский,Зейский районный суд Амурской области,районный_городской,"Районный, городской, межрайонный суд","676246, Амурская обл, г Зея, ул Мухина, д 213",https://zeiskiy--amr.sudrf.ru/,zeiskiy--amr.sudrf.ru,да,28RS0008
Амурская область,Ивановка,Ивановский,Ивановский районный суд Амурской области,районный_городской,"Районный, городской, межрайонный суд","676930, Амурская обл, с Ивановка, ул Ленина, д 150",https://ivanovskiy--amr.sudrf.ru/,ivanovskiy--amr.sudrf.ru,да,28RS0009
Амурская область,Константиновка,Константиновский,Константиновский районный суд Амурской области,районный_городской,"Районный, городской, межрайонный суд","676980, Амурская обл, с Константиновка, ул Ленина, зд 83",https://konstantin--amr.sudrf.ru/,konstantin--amr.sudrf.ru,да,28RS0010
Амурская область,Магдагачи,Магдагачинский,Магдагачинский районный суд Амурской области,районный_городской,"Районный, городской, межрайонный суд","676124, Амурская обл, пгт Магдагачи, ул К.Маркса, д 24А",https://magdagachinskiy--amr.sudrf.ru/,magdagachinskiy--amr.sudrf.ru,да,28RS0012
Амурская область,Новобурейский,Бурейский,Бурейский районный суд Амурской области,районный_городской,"Районный, городской, межрайонный суд","676722, Амурская обл, пгт Новобурейский, ул Советская, д 35",https://bureiskiy--amr.sudrf.ru/,bureiskiy--amr.sudrf.ru,да,28RS0006
Амурская область,Новокиевский Увал,Мазановский,Мазановский районный суд Амурской области,районный_городской,"Районный, городской, межрайонный суд","676530, Амурская обл, с Новокиевский Увал, ул Школьная, д 9",https://mazanovskiy--amr.sudrf.ru/,mazanovskiy--amr.sudrf.ru,да,28RS0011
Амурская область,Поярково,Михайловский,Михайловский районный суд Амурской области,районный_городской,"Районный, городской, межрайонный суд","676680, Амурская обл, с Поярково, ул Черемисина, д 14",https://mihailovskiy--amr.sudrf.ru/,mihailovskiy--amr.sudrf.ru,да,28RS0013
Амурская область,Райчихинск,,Райчихинский городской суд Амурской области,районный_городской,"Районный, городской, межрайонный суд","676770, Амурская обл, г Райчихинск, ул Пионерская, д 18",https://raichihinskiy--amr.sudrf.ru/,raichihinskiy--amr.sudrf.ru,да,28RS0015
Амурская область,Ромны,Ромненский,Ромненский районный суд Амурской области,районный_городской,"Районный, городской, межрайонный суд","676620, Амурская обл, с Ромны, ул Советская, д 105",https://romnenskiy--amr.sudrf.ru/,romnenskiy--amr.sudrf.ru,да,28RS0016
Амурская область,Свободный,,Свободненский городской суд Амурской области,районный_городской,"Районный, городской, межрайонный суд","676454, Амурская обл, г Свободный, ул Почтамтская, д 64",https://svobodnenskgs--amr.sudrf.ru/,svobodnenskgs--amr.sudrf.ru,да,28RS0017
Амурская область,Серышево,Серышевский,Серышевский районный суд Амурской области,районный_городской,"Районный, городской, межрайонный суд","676355, Амурская обл, пгт Серышево, ул Ленина, д 18",https://serishevskiy--amr.sudrf.ru/,serishevskiy--amr.sudrf.ru,да,28RS0019
Амурская область,Сковородино,Сковородинский,Сковородинский районный суд Амурской области,районный_городской,"Районный, городской, межрайонный суд","676014, Амурская обл, г Сковородино, ул Победы, д 29",https://skovorodinskiy--amr.sudrf.ru/,skovorodinskiy--amr.sudrf.ru,да,28RS0021
Амурская область,Тамбовка,Тамбовский,Тамбовский районный суд Амурской области,районный_городской,"Районный, городской, межрайонный суд","676950, Амурская обл, с Тамбовка, ул Ленинская, зд 97",https://tambovskiy--amr.sudrf.ru/,tambovskiy--amr.sudrf.ru,да,28RS0022
Амурская область,Тында,Тындинский,Тындинский районный суд Амурской области,районный_городской,"Районный, городской, межрайонный суд","676282, Амурская обл, г Тында, ул Красная Пресня, д 70",https://tindinskiy--amr.sudrf.ru/,tindinskiy--amr.sudrf.ru,да,28RS0023
Амурская область,Шимановск,Шимановский,Шимановский районный суд Амурской области,районный_городской,"Районный, городской, межрайонный суд","676306, Амурская обл, г Шимановск, ул Крупской, зд 2",https://shimanovskiy--amr.sudrf.ru/,shimanovskiy--amr.sudrf.ru,да,28RS0024
Амурская область,Экимчан,Селемджинский,Селемджинский районный суд Амурской области,районный_городской,"Районный, городской, межрайонный суд","676560, Амурская обл, пгт Экимчан, пер Пионерский, д 10",https://selemdginskiy--amr.sudrf.ru/,selemdginskiy--amr.sudrf.ru,да,28RS0020
Архангельская область,Архангельск,,Архангельский областной суд,областной,Областной и равный ему суд,"163000, г Архангельск, ул Карла Маркса, д 20",https://oblsud--arh.sudrf.ru/,oblsud--arh.sudrf.ru,да,29OS0000
Архангельская область,Архангельск,Исакогорский,Исакогорский районный суд г. Архангельска,районный_городской,"Районный, городской, межрайонный суд","163000, г Архангельск, пр-кт Ломоносова, д 203",https://sudis--arh.sudrf.ru/,sudis--arh.sudrf.ru,да,29RS0005
Архангельская область,Архангельск,Ломоносовский,Ломоносовский районный суд г. Архангельска,районный_городской,"Районный, городской, межрайонный суд","163002, г Архангельск, ул Романа Куликова, д 15",https://lomonosovsky--arh.sudrf.ru/,lomonosovsky--arh.sudrf.ru,да,29RS0014
Архангельская область,Архангельск,Октябрьский,Октябрьский районный суд г. Архангельска,районный_городской,"Районный, городской, межрайонный суд","163000, г Архангельск, наб Северной Двины, д 112",https://oktsud--arh.sudrf.ru/,oktsud--arh.sudrf.ru,да,29RS0018
Архангельская область,Архангельск,Приморский,Приморский районный суд Архангельской области,районный_городской,"Районный, городской, межрайонный суд","163000, г Архангельск, пр-кт Ломоносова, д 203",https://primsud--arh.sudrf.ru/,primsud--arh.sudrf.ru,да,29RS0022
Архангельская область,Архангельск,Соломбальский,Соломбальский районный суд г. Архангельска,районный_городской,"Районный, городской, межрайонный суд","163020, г Архангельск, пр-кт Никольский, д 46",https://solombsud--arh.sudrf.ru/,solombsud--arh.sudrf.ru,да,29RS0024
Архангельская область,Вельск,Вельский,Вельский районный суд Архангельской области,районный_городской,"Районный, городской, межрайонный суд","165150, Архангельская обл, г Вельск, ул Дзержинского, д 36А",https://velsksud--arh.sudrf.ru/,velsksud--arh.sudrf.ru,да,29RS0001
Архангельская область,Двинской Березник,Виноградовский,Виноградовский районный суд Архангельской области,районный_городской,"Районный, городской, межрайонный суд","164570, Архангельская обл., Виноградовский р-н, п. Двинской Березник, ул. Хаджи Мурата, д. 17",https://vinogsud--arh.sudrf.ru/,vinogsud--arh.sudrf.ru,да,29RS0004
Архангельская область,Ильинско-Подомское,Вилегодский,Вилегодский районный суд Архангельской области,районный_городской,"Районный, городской, межрайонный суд","165680, Архангельская обл, с Ильинско-Подомское, ул Комсомольская, д 8",https://vilegsud--arh.sudrf.ru/,vilegsud--arh.sudrf.ru,да,29RS0003
Архангельская область,Карпогоры,Пинежский,Пинежский районный суд Архангельской области,районный_городской,"Районный, городской, межрайонный суд","164600, Архангельская обл, с Карпогоры, ул Федора Абрамова, д 49А",https://pinegasud--arh.sudrf.ru/,pinegasud--arh.sudrf.ru,да,29RS0020
Архангельская область,Коноша,Коношский,Коношский районный суд Архангельской области,районный_городской,"Районный, городской, межрайонный суд","164010, Архангельская обл, рп Коноша, пр-кт Октябрьский, д 22",https://konoshasud--arh.sudrf.ru/,konoshasud--arh.sudrf.ru,да,29RS0007
Архангельская область,Коряжма,,Коряжемский городской суд Архангельской области,районный_городской,"Районный, городской, межрайонный суд","165654, Архангельская обл, г Коряжма, ул Кутузова, д 4",https://koryazhmasud--arh.sudrf.ru/,koryazhmasud--arh.sudrf.ru,да,29RS0010
Архангельская область,Котлас,,Котласский городской суд Архангельской области,районный_городской,"Районный, городской, межрайонный суд","165300, Архангельская обл, г Котлас, ул Мелентьева, д 27, кв 3",https://kotlasgrsud--arh.sudrf.ru/,kotlasgrsud--arh.sudrf.ru,да,29RS0008
Архангельская область,Красноборск,Красноборский,Красноборский районный суд Архангельской области,районный_городской,"Районный, городской, межрайонный суд","165430, Архангельская обл, с Красноборск, ул Красная, д 5",https://krasnsud--arh.sudrf.ru/,krasnsud--arh.sudrf.ru,да,29RS0011
Архангельская область,Лешуконское,Лешуконский,Лешуконский районный суд Архангельской области,районный_городской,"Районный, городской, межрайонный суд","164670, Архангельская обл, с Лешуконское, ул Победы, д 16",https://leshksud--arh.sudrf.ru/,leshksud--arh.sudrf.ru,да,29RS0013
Архангельская область,Мирный,,Мирнинский городской суд Архангельской области,районный_городской,"Районный, городской, межрайонный суд","164170, Архангельская обл, г Мирный, ул Чайковского, д 12А/1",https://mirnsud--arh.sudrf.ru/,mirnsud--arh.sudrf.ru,да,29RS0028
Архангельская область,Новодвинск,,Новодвинский городской суд Архангельской области,районный_городской,"Районный, городской, межрайонный суд","164900, Архангельская обл, г Новодвинск, ул Ворошилова, д 3А",https://novodvdsud--arh.sudrf.ru/,novodvdsud--arh.sudrf.ru,да,29RS0016
Архангельская область,Няндома,Няндомский,Няндомский районный суд Архангельской области,районный_городской,"Районный, городской, межрайонный суд","164200, Архангельская обл, г Няндома, ул Леваневского, зд 41А",https://nyandomasud--arh.sudrf.ru/,nyandomasud--arh.sudrf.ru,да,29RS0017
Архангельская область,Октябрьский,Устьянский,Устьянский районный суд Архангельской области,районный_городской,"Районный, городской, межрайонный суд","165210, Архангельская обл, рп Октябрьский, ул Ленина, зд 19",https://ustyansud--arh.sudrf.ru/,ustyansud--arh.sudrf.ru,да,29RS0025
Архангельская область,Онега,,Онежский городской суд Архангельской области,районный_городской,"Районный, городской, межрайонный суд","164840, Архангельская обл, г Онега, пр-кт Кирова, д 132",https://onegasud--arh.sudrf.ru/,onegasud--arh.sudrf.ru,да,29RS0019
Архангельская область,Плесецк,Плесецкий,Плесецкий районный суд Архангельской области,районный_городской,"Районный, городской, межрайонный суд","164262, Архангельская обл, рп Плесецк, ул Ленина, д 24",https://pleseck--arh.sudrf.ru/,pleseck--arh.sudrf.ru,да,29RS0021
Архангельская область,Северодвинск,,Северодвинский городской суд Архангельской области,районный_городской,"Районный, городской, межрайонный суд","164500, Архангельская обл, г Северодвинск, ул Ломоносова, д 107А",https://seversud--arh.sudrf.ru/,seversud--arh.sudrf.ru,да,29RS0023
Архангельская область,Холмогоры,Холмогорский,Холмогорский районный суд Архангельской области,районный_городской,"Районный, городской, межрайонный суд","164530, Архангельская обл, с Холмогоры, ул Ломоносова, д 36А",https://holmsud--arh.sudrf.ru/,holmsud--arh.sudrf.ru,да,29RS0026
Астраханская область,Астрахань,,Астраханский областной суд,областной,Областной и равный ему суд,"414000, г Астрахань, ул Адмиралтейская, д 3 к 1",https://oblsud--ast.sudrf.ru/,oblsud--ast.sudrf.ru,да,30OS0000
Астраханская область,Астрахань,Кировский,Кировский районный суд г. Астрахани,районный_городской,"Районный, городской, межрайонный суд","414000, г Астрахань, ул Набережная 1 Мая, зд 43",https://kirovsky--ast.sudrf.ru/,kirovsky--ast.sudrf.ru,да,30RS0001
Астраханская область,Астрахань,Ленинский,Ленинский районный суд г. Астрахани,районный_городской,"Районный, городской, межрайонный суд","414056, г Астрахань, ул Савушкина, д 3/1",https://leninsky--ast.sudrf.ru/,leninsky--ast.sudrf.ru,да,30RS0002
Астраханская область,Астрахань,Наримановский,Наримановский районный суд Астраханской области,районный_городской,"Районный, городской, межрайонный суд","414050, г Астрахань, ул Щепкина, стр 2А",https://narimanovsky--ast.sudrf.ru/,narimanovsky--ast.sudrf.ru,да,30RS0012
Астраханская область,Астрахань,Советский,Советский районный суд г. Астрахани,районный_городской,"Районный, городской, межрайонный суд","414024, г Астрахань, ул Набережная Приволжского затона, д 13Б",https://sovetsky--ast.sudrf.ru/,sovetsky--ast.sudrf.ru,да,30RS0003
Астраханская область,Астрахань,Трусовский,Трусовский районный суд г. Астрахани,районный_городской,"Районный, городской, межрайонный суд","414006, г Астрахань, ул Дзержинского, д 34",https://trusovsky--ast.sudrf.ru/,trusovsky--ast.sudrf.ru,да,30RS0004
Астраханская область,Ахтубинск,Ахтубинский,Ахтубинский районный суд Астраханской области,районный_городской,"Районный, городской, межрайонный суд","416500, Астраханская обл, г Ахтубинск, ул Ватутина, зд 18А",https://ahtubinsky--ast.sudrf.ru/,ahtubinsky--ast.sudrf.ru,да,30RS0005
Астраханская область,Володарский,Володарский,Володарский районный суд Астраханской области,районный_городской,"Районный, городской, межрайонный суд","416170, Астраханская обл, Володарский р-н, п Володарский, ул Советская, зд 4",https://volodarsky--ast.sudrf.ru/,volodarsky--ast.sudrf.ru,да,30RS0006
Астраханская область,Енотаевка,Енотаевский,Енотаевский районный суд Астраханской области,районный_городской,"Районный, городской, межрайонный суд","416200, Астраханская обл., с. Енотаевка, ул. Чернышевского/Кирова, д. 21/57",https://enotaevsky--ast.sudrf.ru/,enotaevsky--ast.sudrf.ru,да,30RS0007
Астраханская область,Икряное,Икрянинский,Икрянинский районный суд Астраханской области,районный_городской,"Районный, городской, межрайонный суд","416370, Астраханская обл, с Икряное, ул Мира, д 37Б",https://ikryaninsky--ast.sudrf.ru/,ikryaninsky--ast.sudrf.ru,да,30RS0008
Астраханская область,Камызяк,Камызякский,Камызякский районный суд Астраханской области,районный_городской,"Районный, городской, межрайонный суд","416340, Астраханская обл, г Камызяк, ул Ленина, д 20",https://kamizyaksky--ast.sudrf.ru/,kamizyaksky--ast.sudrf.ru,да,30RS0009
Астраханская область,Красный Яр,Красноярский,Красноярский районный суд Астраханской области,районный_городской,"Районный, городской, межрайонный суд","416150, Астраханская обл, с Красный Яр, ул Советская, зд 2",https://krasnoyarsky--ast.sudrf.ru/,krasnoyarsky--ast.sudrf.ru,да,30RS0010
Астраханская область,Лиман,Лиманский,Лиманский районный суд Астраханской области,районный_городской,"Районный, городской, межрайонный суд","416410, Астраханская обл, рп Лиман, ул Ленина, д 56",https://limansky--ast.sudrf.ru/,limansky--ast.sudrf.ru,да,30RS0011
Астраханская область,Началово,Приволжский,Приволжский районный суд Астраханской области,районный_городской,"Районный, городской, межрайонный суд","416450, Астраханская обл, с Началово, ул Ленина, д 78",https://privolzhsky--ast.sudrf.ru/,privolzhsky--ast.sudrf.ru,да,30RS0013
Астраханская область,Харабали,Харабалинский,Харабалинский районный суд Астраханской области,районный_городской,"Районный, городской, межрайонный суд","416010, Астраханская обл, г Харабали, ул Богдана Хмельницкого, зд 19",https://harabalinsky--ast.sudrf.ru/,harabalinsky--ast.sudrf.ru,да,30RS0014
Астраханская область,Черный Яр,Черноярский,Черноярский районный суд Астраханской области,районный_городской,"Районный, городской, межрайонный суд","416230, Астраханская обл, с Черный Яр, пл Ленина, влд 16",https://chernoyarsky--ast.sudrf.ru/,chernoyarsky--ast.sudrf.ru,да,30RS0015
Белгородская область,Алексеевка,Алексеевский,Алексеевский районный суд Белгородской области,районный_городской,"Районный, городской, межрайонный суд","309850, Белгородская обл, г Алексеевка, ул Мостовая, д 126",https://alekseevsky--blg.sudrf.ru/,alekseevsky--blg.sudrf.ru,да,31RS0001
Белгородская область,Белгород,,Белгородский областной суд,областной,Областной и равный ему суд,"308009, г Белгород, пр-кт Гражданский, д 49",https://oblsud--blg.sudrf.ru/,oblsud--blg.sudrf.ru,да,31OS0000
Белгородская область,Белгород,Белгородский,Белгородский районный суд Белгородской области,районный_городской,"Районный, городской, межрайонный суд","308009, г Белгород, ул Князя Трубецкого, д 35Б",https://belgorodsky--blg.sudrf.ru/,belgorodsky--blg.sudrf.ru,да,31RS0002
Белгородская область,Белгород,Октябрьский,Октябрьский районный суд г. Белгорода,районный_городской,"Районный, городской, межрайонный суд","308015, г Белгород, ул Сумская, д 76А",https://oktiabrsky--blg.sudrf.ru/,oktiabrsky--blg.sudrf.ru,да,31RS0016
Белгородская область,Белгород,Свердловский,Свердловский районный суд г. Белгорода,районный_городской,"Районный, городской, межрайонный суд","308014, г Белгород, ул Мичурина, д 26",https://sverdlovsky--blg.sudrf.ru/,sverdlovsky--blg.sudrf.ru,да,31RS0022
Белгородская область,Бирюч,Красногвардейский,Красногвардейский районный суд Белгородской области,районный_городской,"Районный, городской, межрайонный суд","309920, Белгородская обл, г Бирюч, ул Мира, д 20",https://krasnogvardeisky--blg.sudrf.ru/,krasnogvardeisky--blg.sudrf.ru,да,31RS0012
Белгородская область,Борисовка,Борисовский,Борисовский районный суд Белгородской области,районный_городской,"Районный, городской, межрайонный суд","309340, Белгородская обл, п Борисовка, ул Первомайская, д 2А",https://borisovsky--blg.sudrf.ru/,borisovsky--blg.sudrf.ru,да,31RS0003
Белгородская область,Валуйки,Валуйский,Валуйский районный суд Белгородской области,районный_городской,"Районный, городской, межрайонный суд","309996, Белгородская обл, г Валуйки, ул Пролетарская, д 14",https://valuisky--blg.sudrf.ru/,valuisky--blg.sudrf.ru,да,31RS0004
Белгородская область,Вейделевка,Вейделевский,Вейделевский районный суд Белгородской области,районный_городской,"Районный, городской, межрайонный суд","309720, Белгородская обл, п Вейделевка, ул Центральная, д 17",https://veidelevsky--blg.sudrf.ru/,veidelevsky--blg.sudrf.ru,да,31RS0005
Белгородская область,Волоконовка,Волоконовский,Волоконовский районный суд Белгородской области,районный_городской,"Районный, городской, межрайонный суд","309650, Белгородская обл, п Волоконовка, ул Нестерова, зд 6",https://volokonovsky--blg.sudrf.ru/,volokonovsky--blg.sudrf.ru,да,31RS0006
Белгородская область,Грайворон,Грайворонский,Грайворонский районный суд Белгородской области,районный_городской,"Районный, городской, межрайонный суд","309370, Белгородская обл, г Грайворон, ул Народная, зд 3А",https://graivoronsky--blg.sudrf.ru/,graivoronsky--blg.sudrf.ru,да,31RS0009
Белгородская область,Губкин,,Губкинский городской суд Белгородской области,районный_городской,"Районный, городской, межрайонный суд","309181, Белгородская обл, г Губкин, ул Дзержинского, д 51",https://gubkinskygor--blg.sudrf.ru/,gubkinskygor--blg.sudrf.ru,да,31RS0007
Белгородская область,Короча,Корочанский,Корочанский районный суд Белгородской области,районный_городской,"Районный, городской, межрайонный суд","309210, Белгородская обл, г Короча, пл Васильева, д 26",https://korochansky--blg.sudrf.ru/,korochansky--blg.sudrf.ru,да,31RS0011
Белгородская область,Новый Оскол,Новооскольский,Новооскольский районный суд Белгородской области,районный_городской,"Районный, городской, межрайонный суд","309640, Белгородская обл, г Новый Оскол, ул Гражданская, д 19",https://novooskolsky--blg.sudrf.ru/,novooskolsky--blg.sudrf.ru,да,31RS0015
Белгородская область,Прохоровка,Прохоровский,Прохоровский районный суд Белгородской области,районный_городской,"Районный, городской, межрайонный суд","309000, Белгородская обл, пгт Прохоровка, ул Советская, д 150",https://prohorovsky--blg.sudrf.ru/,prohorovsky--blg.sudrf.ru,да,31RS0017
Белгородская область,Ракитное,Ракитянский,Ракитянский районный суд Белгородской области,районный_городской,"Районный, городской, межрайонный суд","309310, Белгородская обл, п Ракитное, ул Пролетарская, д 49",https://rakitiansky--blg.sudrf.ru/,rakitiansky--blg.sudrf.ru,да,31RS0018
Белгородская область,Старый Оскол,,Старооскольский городской суд Белгородской области,районный_городской,"Районный, городской, межрайонный суд","309514, Белгородская обл, г Старый Оскол, ул Комсомольская, д 48А",https://starooskolskygor--blg.sudrf.ru/,starooskolskygor--blg.sudrf.ru,да,31RS0020
Белгородская область,Строитель,Яковлевский,Яковлевский районный суд Белгородской области,районный_городской,"Районный, городской, межрайонный суд","309070, Белгородская обл, г Строитель, ул 5 Августа, д 9А",https://yakovlensky--blg.sudrf.ru/,yakovlensky--blg.sudrf.ru,да,31RS0025
Белгородская область,Чернянка,Чернянский,Чернянский районный суд Белгородской области,районный_городской,"Районный, городской, межрайонный суд","309560, Белгородская обл, п Чернянка, пл Октябрьская, зд 1",https://cherniansky--blg.sudrf.ru/,cherniansky--blg.sudrf.ru,да,31RS0023
Белгородская область,Шебекино,Шебекинский,Шебекинский районный суд Белгородской области,районный_городской,"Районный, городской, межрайонный суд","309296, Белгородская обл, г Шебекино, ул Свободы, д 39",https://shebekinsky--blg.sudrf.ru/,shebekinsky--blg.sudrf.ru,да,31RS0024
Брянская область,Брянск,,Брянский областной суд,областной,Областной и равный ему суд,"241050, г Брянск, ул Крахмалева, д 59",https://oblsud--brj.sudrf.ru/,oblsud--brj.sudrf.ru,да,32OS0000
Брянская область,Брянск,Бежицкий,Бежицкий районный суд г. Брянска,районный_городской,"Районный, городской, межрайонный суд","241035, г Брянск, ул Майской Стачки, д 9",https://bezhitsky--brj.sudrf.ru/,bezhitsky--brj.sudrf.ru,да,32RS0001
Брянская область,Брянск,Брянский,Брянский районный суд Брянской области,районный_городской,"Районный, городской, межрайонный суд","241037, г Брянск, проезд 2-й Станке Димитрова, д 11",https://briansky--brj.sudrf.ru/,briansky--brj.sudrf.ru,да,32RS0003
Брянская область,Брянск,Володарский,Володарский районный суд г. Брянска,районный_городской,"Районный, городской, межрайонный суд","241022, г Брянск, ул Володарского, стр 72А",https://volodarsky--brj.sudrf.ru/,volodarsky--brj.sudrf.ru,да,32RS0004
Брянская область,Брянск,Советский,Советский районный суд г. Брянска,районный_городской,"Районный, городской, межрайонный суд","241050, г Брянск, ул Фокина, д 45",https://sovetsky--brj.sudrf.ru/,sovetsky--brj.sudrf.ru,да,32RS0027
Брянская область,Брянск,Фокинский,Фокинский районный суд г. Брянска,районный_городской,"Районный, городской, межрайонный суд","241020, г Брянск, пр-кт Московский, д 62",https://fokinsky--brj.sudrf.ru/,fokinsky--brj.sudrf.ru,да,32RS0033
Брянская область,Выгоничи,Выгоничский,Выгоничский районный суд Брянской области,районный_городской,"Районный, городской, межрайонный суд","243361, Брянская обл, п Выгоничи, ул Ленина, д 51",https://vigonichsky--brj.sudrf.ru/,vigonichsky--brj.sudrf.ru,да,32RS0005
Брянская область,Дубровка,Дубровский,Дубровский районный суд Брянской области,районный_городской,"Районный, городской, межрайонный суд","242750, Брянская обл, рп Дубровка, ул Ленина, д 144",https://dubrovsky--brj.sudrf.ru/,dubrovsky--brj.sudrf.ru,да,32RS0007
Брянская область,Дятьково,,Дятьковский городской суд Брянской области,районный_городской,"Районный, городской, межрайонный суд","242600, Брянская обл, г Дятьково, ул Ленина, д 115",https://diatkovsky--brj.sudrf.ru/,diatkovsky--brj.sudrf.ru,да,32RS0008
Брянская область,Жуковка,Жуковский,Жуковский районный суд Брянской области,районный_городской,"Районный, городской, межрайонный суд","242700, Брянская обл, г Жуковка, ул Калинина, д 24",https://zhukovsky--brj.sudrf.ru/,zhukovsky--brj.sudrf.ru,да,32RS0010
Брянская область,Злынка,Злынковский,Злынковский районный суд Брянской области,районный_городской,"Районный, городской, межрайонный суд","243600, Брянская обл, г Злынка, ул Коммунальная, д 19",https://zlinkovsky--brj.sudrf.ru/,zlinkovsky--brj.sudrf.ru,да,32RS0011
Брянская область,Карачев,Карачевский,Карачевский районный суд Брянской области,районный_городской,"Районный, городской, межрайонный суд","242500, Брянская обл, г Карачев, ул Ленина, д 30",https://karachevsky--brj.sudrf.ru/,karachevsky--brj.sudrf.ru,да,32RS0012
Брянская область,Клетня,Клетнянский,Клетнянский районный суд Брянской области,районный_городской,"Районный, городской, межрайонный суд","242820, Брянская обл, п Клетня, ул Ленина, д 85А",https://kletniansky--brj.sudrf.ru/,kletniansky--brj.sudrf.ru,да,32RS0013
Брянская область,Климово,Климовский,Климовский районный суд Брянской области,районный_городской,"Районный, городской, межрайонный суд","243040, Брянская обл, рп Климово, ул Калинина, д 2",https://klimovsky--brj.sudrf.ru/,klimovsky--brj.sudrf.ru,да,32RS0014
Брянская область,Клинцы,,Клинцовский городской суд Брянской области,районный_городской,"Районный, городской, межрайонный суд","243140, Брянская обл, г Клинцы, ул Гагарина, д 55",https://klyncovsky--brj.sudrf.ru/,klyncovsky--brj.sudrf.ru,да,32RS0015
Брянская область,Клинцы,Клинцовский,Клинцовский районный суд Брянской области,районный_городской,"Районный, городской, межрайонный суд","243140, Брянская обл, г Клинцы, ул Дзержинского, д 7",https://klincovsky--brj.sudrf.ru/,klincovsky--brj.sudrf.ru,да,32RS0016
Брянская область,Комаричи,Комаричский,Комаричский районный суд Брянской области,районный_городской,"Районный, городской, межрайонный суд","242400, Брянская обл, рп Комаричи, ул Ленина, д 20",https://komarichsky--brj.sudrf.ru/,komarichsky--brj.sudrf.ru,да,32RS0017
Брянская область,Красная Гора,Красногорский,Красногорский районный суд Брянской области,районный_городской,"Районный, городской, межрайонный суд","243160, Брянская обл, пгт Красная Гора, ул Советская, д 3",https://krasnogorsky--brj.sudrf.ru/,krasnogorsky--brj.sudrf.ru,да,32RS0018
Брянская область,Локоть,Брасовский,Брасовский районный суд Брянской области,районный_городской,"Районный, городской, межрайонный суд","242300, Брянская обл, рп Локоть, пр-кт Ленина, д 9",https://brasovsky--brj.sudrf.ru/,brasovsky--brj.sudrf.ru,да,32RS0002
Брянская область,Мглин,Мглинский,Мглинский районный суд Брянской области,районный_городской,"Районный, городской, межрайонный суд","243220, Брянская обл, г Мглин, пл Советская, стр 15",https://mglinsky--brj.sudrf.ru/,mglinsky--brj.sudrf.ru,да,32RS0019
Брянская область,Навля,Навлинский,Навлинский районный суд Брянской области,районный_городской,"Районный, городской, межрайонный суд","242130, Брянская обл, рп Навля, ул Розы Люксембург, д 6",https://navlinsky--brj.sudrf.ru/,navlinsky--brj.sudrf.ru,да,32RS0020
Брянская область,Новозыбков,,Новозыбковский городской суд Брянской области,районный_городской,"Районный, городской, межрайонный суд","243020, Брянская обл, г Новозыбков, ул Советская, д 2А",https://novozibkovsky--brj.sudrf.ru/,novozibkovsky--brj.sudrf.ru,да,32RS0021
Брянская область,Погар,Погарский,Погарский районный суд Брянской области,районный_городской,"Районный, городской, межрайонный суд","243550, Брянская обл, пгт Погар, пл Советская, д 2",https://pogarsky--brj.sudrf.ru/,pogarsky--brj.sudrf.ru,да,32RS0022
Брянская область,Почеп,Почепский,Почепский районный суд Брянской области,районный_городской,"Районный, городской, межрайонный суд","243400, Брянская обл, г Почеп, ул Ново-Затинская, д 4",https://pochepsky--brj.sudrf.ru/,pochepsky--brj.sudrf.ru,да,32RS0023
Брянская область,Севск,Севский,Севский районный суд Брянской области,районный_городской,"Районный, городской, межрайонный суд","242440, Брянская обл, г Севск, ул Советская, д 3",https://sevsky--brj.sudrf.ru/,sevsky--brj.sudrf.ru,да,32RS0025
Брянская область,Сельцо,,Сельцовский городской суд Брянской области,районный_городской,"Районный, городской, межрайонный суд","241550, Брянская обл, г Сельцо, ул Лягина, д 1",https://selcovsky--brj.sudrf.ru/,selcovsky--brj.sudrf.ru,да,32RS0026
Брянская область,Стародуб,Стародубский,Стародубский районный суд Брянской области,районный_городской,"Районный, городской, межрайонный суд","243240, Брянская обл, г Стародуб, пл Советская, д 4",https://starodubsky--brj.sudrf.ru/,starodubsky--brj.sudrf.ru,да,32RS0028
Брянская область,Суземка,Суземский,Суземский районный суд Брянской области,районный_городской,"Районный, городской, межрайонный суд","242190, Брянская обл, п Суземка, ул Ленина, д 32",https://suzemsky--brj.sudrf.ru/,suzemsky--brj.sudrf.ru,да,32RS0029
Брянская область,Сураж,Суражский,Суражский районный суд Брянской области,районный_городской,"Районный, городской, межрайонный суд","243500, Брянская обл, г Сураж, ул Ленина, д 45",https://surazhsky--brj.sudrf.ru/,surazhsky--brj.sudrf.ru,да,32RS0030
Брянская область,Трубчевск,Трубчевский,Трубчевский районный суд Брянской области,районный_городской,"Районный, городской, межрайонный суд","242220, Брянская обл, г Трубчевск, ул Брянская, д 56",https://trubchevsky--brj.sudrf.ru/,trubchevsky--brj.sudrf.ru,да,32RS0031
Брянская область,Унеча,Унечский,Унечский районный суд Брянской области,районный_городской,"Районный, городской, межрайонный суд","243300, Брянская обл, г Унеча, ул Иванова, д 9",https://unechsky--brj.sudrf.ru/,unechsky--brj.sudrf.ru,да,32RS0032
Владимирская область,Александров,,Александровский городской суд Владимирской области,районный_городской,"Районный, городской, межрайонный суд","601650, Владимирская обл, г Александров, пл Советская, д 2",https://aleksandrovsky--wld.sudrf.ru/,aleksandrovsky--wld.sudrf.ru,да,33RS0005
Владимирская область,Владимир,,Владимирский областной суд,областной,Областной и равный ему суд,"600015, г Владимир, ул Разина, д 22Б",https://oblsud--wld.sudrf.ru/,oblsud--wld.sudrf.ru,да,33OS0000
Владимирская область,Владимир,Ленинский,Ленинский районный суд г. Владимира,районный_городской,"Районный, городской, межрайонный суд","600021, г Владимир, ул Стрелецкая, д 55",https://leninsky--wld.sudrf.ru/,leninsky--wld.sudrf.ru,да,33RS0001
Владимирская область,Владимир,Октябрьский,Октябрьский районный суд г. Владимира,районный_городской,"Районный, городской, межрайонный суд","600005, г Владимир, пр-кт Октябрьский, д 40",https://oktiabrsky--wld.sudrf.ru/,oktiabrsky--wld.sudrf.ru,да,33RS0002
Владимирская область,Владимир,Фрунзенский,Фрунзенский районный суд г. Владимира,районный_городской,"Районный, городской, межрайонный суд","600020, г Владимир, ул Большая Нижегородская, д 67А",https://frunzensky--wld.sudrf.ru/,frunzensky--wld.sudrf.ru,да,33RS0003
Владимирская область,Вязники,,Вязниковский городской суд Владимирской области,районный_городской,"Районный, городской, межрайонный суд","601445, Владимирская обл, г Вязники, ул Мельничная, д 2",https://viaznikovsky--wld.sudrf.ru/,viaznikovsky--wld.sudrf.ru,да,33RS0006
Владимирская область,Гороховец,Гороховецкий,Гороховецкий районный суд Владимирской области,районный_городской,"Районный, городской, межрайонный суд","601480, Владимирская обл, г Гороховец, ул Гоголя, д 17",https://gorohovecky--wld.sudrf.ru/,gorohovecky--wld.sudrf.ru,да,33RS0007
Владимирская область,Гусь-Хрустальный,,Гусь-Хрустальный городской суд Владимирской области,районный_городской,"Районный, городской, межрайонный суд","601501, Владимирская обл, г Гусь-Хрустальный, ул Калинина, д 36",https://gus-hrustalsky--wld.sudrf.ru/,gus-hrustalsky--wld.sudrf.ru,да,33RS0008
Владимирская область,Камешково,Камешковский,Камешковский районный суд Владимирской области,районный_городской,"Районный, городской, межрайонный суд","601300, Владимирская обл, г Камешково, ул Карла Либкнехта, д 3",https://kameshkovsky--wld.sudrf.ru/,kameshkovsky--wld.sudrf.ru,да,33RS0009
Владимирская область,Киржач,Киржачский,Киржачский районный суд Владимирской области,районный_городской,"Районный, городской, межрайонный суд","601010, Владимирская обл, г Киржач, ул Серегина, д 12",https://kirzhachsky--wld.sudrf.ru/,kirzhachsky--wld.sudrf.ru,да,33RS0010
Владимирская область,Ковров,,Ковровский городской суд Владимирской области,районный_городской,"Районный, городской, межрайонный суд","601900, Владимирская обл, г Ковров, ул Щорса, д 21",https://kovrovsky--wld.sudrf.ru/,kovrovsky--wld.sudrf.ru,да,33RS0011
Владимирская область,Кольчугино,,Кольчугинский городской суд Владимирской области,районный_городской,"Районный, городской, межрайонный суд","601785, Владимирская обл, г Кольчугино, ул 50 лет Октября, д 1",https://kolchuginsky--wld.sudrf.ru/,kolchuginsky--wld.sudrf.ru,да,33RS0012
Владимирская область,Красная Горбатка,Селивановский,Селивановский районный суд Владимирской области,районный_городской,"Районный, городской, межрайонный суд","602332, Владимирская обл, п Красная Горбатка, ул Красноармейская, д 10",https://selivanovsky--wld.sudrf.ru/,selivanovsky--wld.sudrf.ru,да,33RS0016
Владимирская область,Меленки,Меленковский,Меленковский районный суд Владимирской области,районный_городской,"Районный, городской, межрайонный суд","602101, Владимирская обл, г Меленки, ул Советская, д 23А",https://melenkovsky--wld.sudrf.ru/,melenkovsky--wld.sudrf.ru,да,33RS0013
Владимирская область,Муром,,Муромский городской суд Владимирской области,районный_городской,"Районный, городской, межрайонный суд","602267, Владимирская обл, г Муром, ул Московская, д 15",https://muromsky--wld.sudrf.ru/,muromsky--wld.sudrf.ru,да,33RS0014
Владимирская область,Петушки,Петушинский,Петушинский районный суд Владимирской области,районный_городской,"Районный, городской, межрайонный суд","601144, Владимирская обл, г Петушки, ул Ленина, д 17",https://petushinsky--wld.sudrf.ru/,petushinsky--wld.sudrf.ru,да,33RS0015
Владимирская область,Собинка,,Собинский городской суд Владимирской области,районный_городской,"Районный, городской, межрайонный суд","601204, Владимирская обл, г Собинка, пр-кт Рабочий, д 6",https://sobinsky--wld.sudrf.ru/,sobinsky--wld.sudrf.ru,да,33RS0017
Владимирская область,Судогда,Судогодский,Судогодский районный суд Владимирской области,районный_городской,"Районный, городской, межрайонный суд","601352, Владимирская обл, г Судогда, ул Ленина, д 72",https://sudogodsky--wld.sudrf.ru/,sudogodsky--wld.sudrf.ru,да,33RS0018
Владимирская область,Суздаль,Суздальский,Суздальский районный суд Владимирской области,районный_городской,"Районный, городской, межрайонный суд","601293, Владимирская обл, г Суздаль, ул Энгельса, д 7",https://suzdalsky--wld.sudrf.ru/,suzdalsky--wld.sudrf.ru,да,33RS0019
Владимирская область,Юрьев-Польский,Юрьев-Польский,Юрьев-Польский районный суд Владимирской области,районный_городской,"Районный, городской, межрайонный суд","601800, Владимирская обл, г Юрьев-Польский, пл Советская, д 14",https://iuriev-polsky--wld.sudrf.ru/,iuriev-polsky--wld.sudrf.ru,да,33RS0020
Волгоградская область,Алексеевская,Алексеевский,Алексеевский районный суд Волгоградской области,районный_городской,"Районный, городской, межрайонный суд","403241, Волгоградская обл, ст-ца Алексеевская, ул Ленина, д 38",https://alek--vol.sudrf.ru/,alek--vol.sudrf.ru,да,34RS0009
Волгоградская область,Быково,Быковский,Быковский районный суд Волгоградской области,районный_городской,"Районный, городской, межрайонный суд","404062, Волгоградская обл, рп Быково, ул Куйбышева, д 1",https://buk--vol.sudrf.ru/,buk--vol.sudrf.ru,да,34RS0010
Волгоградская область,Волгоград,,Волгоградский областной суд,областной,Областной и равный ему суд,"400066, г Волгоград, пр-кт им. В.И. Ленина, д 8",https://oblsud--vol.sudrf.ru/,oblsud--vol.sudrf.ru,да,34OS0000
Волгоградская область,Волгоград,Ворошиловский,Ворошиловский районный суд г. Волгограда,районный_городской,"Районный, городской, межрайонный суд","400074, г Волгоград, ул Баррикадная, д 23/32",https://vor--vol.sudrf.ru/,vor--vol.sudrf.ru,да,34RS0001
Волгоградская область,Волгоград,Дзержинский,Дзержинский районный суд г. Волгограда,районный_городской,"Районный, городской, межрайонный суд","400075, г Волгоград, ул Историческая, д 122",https://dser--vol.sudrf.ru/,dser--vol.sudrf.ru,да,34RS0002
Волгоградская область,Волгоград,Кировский,Кировский районный суд г. Волгограда,районный_городской,"Районный, городской, межрайонный суд","400067, г Волгоград, ул им. Одоевского, д 72А",https://kir--vol.sudrf.ru/,kir--vol.sudrf.ru,да,34RS0003
Волгоградская область,Волгоград,Красноармейский,Красноармейский районный суд г. Волгограда,районный_городской,"Районный, городской, межрайонный суд","400080, г Волгоград, ул 2-я Динамовская, влд 23",https://krasn--vol.sudrf.ru/,krasn--vol.sudrf.ru,да,34RS0004
Волгоградская область,Волгоград,Краснооктябрьский,Краснооктябрьский районный суд г. Волгограда,районный_городской,"Районный, городской, межрайонный суд","400105, г Волгоград, ул им. Кузнецова, д 65",https://krokt--vol.sudrf.ru/,krokt--vol.sudrf.ru,да,34RS0005
Волгоградская область,Волгоград,Советский,Советский районный суд г. Волгограда,районный_городской,"Районный, городской, межрайонный суд","400011, г Волгоград, пр-кт Университетский, зд 64",https://sov--vol.sudrf.ru/,sov--vol.sudrf.ru,да,34RS0006
Волгоградская область,Волгоград,Тракторозаводский,Тракторозаводский районный суд г. Волгограда,районный_городской,"Районный, городской, межрайонный суд","400006, г Волгоград, ул Ополченская, д 4",https://trac--vol.sudrf.ru/,trac--vol.sudrf.ru,да,34RS0007
Волгоградская область,Волгоград,Центральный,Центральный районный суд г. Волгограда,районный_городской,"Районный, городской, межрайонный суд","400005, Волгоградская обл., г. Волгоград, ул.13-ой Гвардейской дивизии, д. 12 А",https://zent--vol.sudrf.ru/,zent--vol.sudrf.ru,да,34RS0008
Волгоградская область,Волжский,,Волжский городской суд Волгоградской области,районный_городской,"Районный, городской, межрайонный суд","404130, Волгоградская обл, г Волжский, ул Набережная, д 9",https://vol--vol.sudrf.ru/,vol--vol.sudrf.ru,да,34RS0011
Волгоградская область,Городище,Городищенский,Городищенский районный суд Волгоградской области,районный_городской,"Районный, городской, межрайонный суд","403003, Волгоградская обл, рп Городище, ул Маршала Чуйкова, д 9",https://gorod--vol.sudrf.ru/,gorod--vol.sudrf.ru,да,34RS0012
Волгоградская область,Даниловка,Даниловский,Даниловский районный суд Волгоградской области,районный_городской,"Районный, городской, межрайонный суд","403371, Волгоградская обл, рп Даниловка, ул Федорцова, д 15",https://dan--vol.sudrf.ru/,dan--vol.sudrf.ru,да,34RS0013
Волгоградская область,Дубовка,Дубовский,Дубовский районный суд Волгоградской области,районный_городской,"Районный, городской, межрайонный суд","404002, Волгоградская обл, г Дубовка, ул им. Калинина, д 79",https://dub--vol.sudrf.ru/,dub--vol.sudrf.ru,да,34RS0014
Волгоградская область,Елань,Еланский,Еланский районный суд Волгоградской области,районный_городской,"Районный, городской, межрайонный суд","403732, Волгоградская обл, рп Елань, ул Ленинская, влд 67",https://elan--vol.sudrf.ru/,elan--vol.sudrf.ru,да,34RS0015
Волгоградская область,Жирновск,Жирновский,Жирновский районный суд Волгоградской области,районный_городской,"Районный, городской, межрайонный суд","403791, Волгоградская обл, г Жирновск, ул Коммунистическая, д 3",https://girn--vol.sudrf.ru/,girn--vol.sudrf.ru,да,34RS0016
Волгоградская область,Иловля,Иловлинский,Иловлинский районный суд Волгоградской области,районный_городской,"Районный, городской, межрайонный суд","403071, Волгоградская обл, рп Иловля, ул Красноармейская, д 7",https://ilov--vol.sudrf.ru/,ilov--vol.sudrf.ru,да,34RS0017
Волгоградская область,Калач-на-Дону,Калачевский,Калачевский районный суд Волгоградской области,районный_городской,"Районный, городской, межрайонный суд","404503, Волгоградская обл, г Калач-на-Дону, ул Пролетарская, д 287",https://kalah--vol.sudrf.ru/,kalah--vol.sudrf.ru,да,34RS0018
Волгоградская область,Камышин,,Камышинский городской суд Волгоградской области,районный_городской,"Районный, городской, межрайонный суд","403882, Волгоградская обл, г Камышин, ул Красная, д 17",https://kam--vol.sudrf.ru/,kam--vol.sudrf.ru,да,34RS0019
Волгоградская область,Клетская,Клетский,Клетский районный суд Волгоградской области,районный_городской,"Районный, городской, межрайонный суд","403562, Волгоградская обл, ст-ца Клетская, ул Луначарского, зд 25",https://klet--vol.sudrf.ru/,klet--vol.sudrf.ru,да,34RS0021
Волгоградская область,Котельниково,Котельниковский,Котельниковский районный суд Волгоградской области,районный_городской,"Районный, городской, межрайонный суд","404354, Волгоградская обл, г Котельниково, ул Ленина, д 5",https://kotel--vol.sudrf.ru/,kotel--vol.sudrf.ru,да,34RS0022
Волгоградская область,Котово,Котовский,Котовский районный суд Волгоградской области,районный_городской,"Районный, городской, межрайонный суд","403805, Волгоградская обл, г Котово, ул Нефтяников, д 7",https://kotov--vol.sudrf.ru/,kotov--vol.sudrf.ru,да,34RS0023
Волгоградская область,Кумылженская,Кумылженский,Кумылженский районный суд Волгоградской области,районный_городской,"Районный, городской, межрайонный суд","403402, Волгоградская обл, ст-ца Кумылженская, ул Мира, зд 33",https://kum--vol.sudrf.ru/,kum--vol.sudrf.ru,да,34RS0025
Волгоградская область,Ленинск,Ленинский,Ленинский районный суд Волгоградской области,районный_городской,"Районный, городской, межрайонный суд","404620, Волгоградская обл, г Ленинск, ул Им Ленина, д 219",https://lenin--vol.sudrf.ru/,lenin--vol.sudrf.ru,да,34RS0026
Волгоградская область,Михайловка,Михайловский,Михайловский районный суд Волгоградской области,районный_городской,"Районный, городской, межрайонный суд","403343, Волгоградская обл, г Михайловка, ул Коммуны, д 160",https://mihal--vol.sudrf.ru/,mihal--vol.sudrf.ru,да,34RS0027
Волгоградская область,Нехаевская,Нехаевский,Нехаевский районный суд Волгоградской области,районный_городской,"Районный, городской, межрайонный суд","403171, Волгоградская обл, ст-ца Нехаевская, ул Победы, д 16",https://nehav--vol.sudrf.ru/,nehav--vol.sudrf.ru,да,34RS0028
Волгоградская область,Николаевск,Николаевский,Николаевский районный суд Волгоградской области,районный_городской,"Районный, городской, межрайонный суд","404033, Волгоградская обл, г Николаевск, ул Октябрьская, д 27",https://nikol--vol.sudrf.ru/,nikol--vol.sudrf.ru,да,34RS0029
Волгоградская область,Новоаннинский,Новоаннинский,Новоаннинский районный суд Волгоградской области,районный_городской,"Районный, городской, межрайонный суд","403951, Волгоградская обл, г Новоаннинский, ул Леваневского, д 185",https://novan--vol.sudrf.ru/,novan--vol.sudrf.ru,да,34RS0030
Волгоградская область,Новониколаевский,Новониколаевский,Новониколаевский районный суд Волгоградской области,районный_городской,"Районный, городской, межрайонный суд","403901, Волгоградская обл, рп Новониколаевский, ул Привокзальная, д 34А",https://novnin--vol.sudrf.ru/,novnin--vol.sudrf.ru,да,34RS0031
Волгоградская область,Октябрьский,Октябрьский,Октябрьский районный суд Волгоградской области,районный_городской,"Районный, городской, межрайонный суд","404321, Волгоградская обл, рп Октябрьский, пр-кт Кирова, д 8",https://oktab--vol.sudrf.ru/,oktab--vol.sudrf.ru,да,34RS0032
Волгоградская область,Палласовка,Палласовский,Палласовский районный суд Волгоградской области,районный_городской,"Районный, городской, межрайонный суд","404264, Волгоградская обл, г Палласовка, ул Береговая, д 77",https://palac--vol.sudrf.ru/,palac--vol.sudrf.ru,да,34RS0034
Волгоградская область,Преображенская,Киквидзенский,Киквидзенский районный суд Волгоградской области,районный_городской,"Районный, городской, межрайонный суд","403221, Волгоградская обл, ст-ца Преображенская, ул Ленина, д 60",https://kikv--vol.sudrf.ru/,kikv--vol.sudrf.ru,да,34RS0020
Волгоградская область,Рудня,Руднянский,Руднянский районный суд Волгоградской области,районный_городской,"Районный, городской, межрайонный суд","403601, Волгоградская обл, рп Рудня, ул Володарского, зд 15А",https://rudn--vol.sudrf.ru/,rudn--vol.sudrf.ru,да,34RS0035
Волгоградская область,Светлый Яр,Светлоярский,Светлоярский районный суд Волгоградской области,районный_городской,"Районный, городской, межрайонный суд","404171, Волгоградская обл, рп Светлый Яр, ул Советская, д 67",https://svetl--vol.sudrf.ru/,svetl--vol.sudrf.ru,да,34RS0036
Волгоградская область,Серафимович,Серафимовичский,Серафимовичский районный суд Волгоградской области,районный_городской,"Районный, городской, межрайонный суд","403441, Волгоградская обл, г Серафимович, ул Октябрьская, д 42",https://seraf--vol.sudrf.ru/,seraf--vol.sudrf.ru,да,34RS0037
Волгоградская область,Средняя Ахтуба,Среднеахтубинский,Среднеахтубинский районный суд Волгоградской области,районный_городской,"Районный, городской, межрайонный суд","404143, Волгоградская обл, рп Средняя Ахтуба, ул Комсомольская, д 33",https://ahtub--vol.sudrf.ru/,ahtub--vol.sudrf.ru,да,34RS0038
Волгоградская область,Старая Полтавка,Старополтавский,Старополтавский районный суд Волгоградской области,районный_городской,"Районный, городской, межрайонный суд","404211, Волгоградская обл, с Старая Полтавка, ул Победа, д 59",https://starop--vol.sudrf.ru/,starop--vol.sudrf.ru,да,34RS0039
Волгоградская область,Суровикино,Суровикинский,Суровикинский районный суд Волгоградской области,районный_городской,"Районный, городской, межрайонный суд","404414, Волгоградская обл, г Суровикино, мкр 1-й, д 50",https://surov--vol.sudrf.ru/,surov--vol.sudrf.ru,да,34RS0040
Волгоградская область,Урюпинск,,Урюпинский городской суд Волгоградской области,районный_городской,"Районный, городской, межрайонный суд","403113, Волгоградская обл, г Урюпинск, пр-кт Ленина, д 84",https://urup--vol.sudrf.ru/,urup--vol.sudrf.ru,да,34RS0041
Волгоградская область,Фролово,,Фроловский городской суд Волгоградской области,районный_городской,"Районный, городской, межрайонный суд","403538, Волгоградская обл, г Фролово, ул Московская, д 13",https://frol--vol.sudrf.ru/,frol--vol.sudrf.ru,да,34RS0042
Вологодская область,Бабаево,Бабаевский,Бабаевский районный суд Вологодской области,районный_городской,"Районный, городской, межрайонный суд","162480, Вологодская обл, г Бабаево, ул Ухтомского, д 2Б",https://babaevsky--vld.sudrf.ru/,babaevsky--vld.sudrf.ru,да,35RS0002
Вологодская область,Белозерск,Белозерский,Белозерский районный суд Вологодской области,районный_городской,"Районный, городской, межрайонный суд","161200, Вологодская обл, г Белозерск, пр-кт Советский, д 49",https://belozersky--vld.sudrf.ru/,belozersky--vld.sudrf.ru,да,35RS0004
Вологодская область,Великий Устюг,Великоустюгский,Великоустюгский районный суд Вологодской области,районный_городской,"Районный, городской, межрайонный суд","162390, Вологодская обл, г Великий Устюг, пер Революционный, д 3",https://velikoustugsky--vld.sudrf.ru/,velikoustugsky--vld.sudrf.ru,да,35RS0006
Вологодская область,Верховажье,Верховажский,Верховажский районный суд Вологодской области,районный_городской,"Районный, городской, межрайонный суд","162300, Вологодская обл, с Верховажье, ул Октябрьская, д 8",https://verhovazhsky--vld.sudrf.ru/,verhovazhsky--vld.sudrf.ru,да,35RS0007
Вологодская область,Вожега,Вожегодский,Вожегодский районный суд Вологодской области,районный_городской,"Районный, городской, межрайонный суд","162160, Вологодская обл, рп Вожега, пер Советский, д 7А",https://vozhegodsky--vld.sudrf.ru/,vozhegodsky--vld.sudrf.ru,да,35RS0008
Вологодская область,Вологда,,Вологодский областной суд,областной,Областной и равный ему суд,"160009, г Вологда, ул Чехова, д 39",https://oblsud--vld.sudrf.ru/,oblsud--vld.sudrf.ru,да,35OS0000
Вологодская область,Вологда,,Вологодский городской суд Вологодской области,районный_городской,"Районный, городской, межрайонный суд","160014, г Вологда, ул Гоголя, д 89",https://vologodskygor--vld.sudrf.ru/,vologodskygor--vld.sudrf.ru,да,35RS0010
Вологодская область,Вологда,Вологодский,Вологодский районный суд Вологодской области,районный_городской,"Районный, городской, межрайонный суд","160012, г Вологда, пр-кт Советский, д 139",https://vologodsky--vld.sudrf.ru/,vologodsky--vld.sudrf.ru,да,35RS0009
Вологодская область,Вытегра,Вытегорский,Вытегорский районный суд Вологодской области,районный_городской,"Районный, городской, межрайонный суд","162900, Вологодская обл, г Вытегра, ул Революции, д 45",https://vytegorsky--vld.sudrf.ru/,vytegorsky--vld.sudrf.ru,да,35RS0011
Вологодская область,Грязовец,Грязовецкий,Грязовецкий районный суд Вологодской области,районный_городской,"Районный, городской, межрайонный суд","162000, Вологодская обл, г Грязовец, ул Обнорского, д 58",https://griazovecky--vld.sudrf.ru/,griazovecky--vld.sudrf.ru,да,35RS0012
Вологодская область,Кадуй,Кадуйский,Кадуйский районный суд Вологодской области,районный_городской,"Районный, городской, межрайонный суд","162510, Вологодская обл, Кадуйский р-н, рп Кадуй, ул Энтузиастов, д 46",https://kaduisky--vld.sudrf.ru/,kaduisky--vld.sudrf.ru,да,35RS0013
Вологодская область,Кириллов,Кирилловский,Кирилловский районный суд Вологодской области,районный_городской,"Районный, городской, межрайонный суд","161100, Вологодская обл, г Кириллов, ул Гостинодворская, д 16",https://kirillovsky--vld.sudrf.ru/,kirillovsky--vld.sudrf.ru,да,35RS0014
Вологодская область,Кичменгский Городок,Кичменгско-Городецкий,Кичменгско-Городецкий районный суд Вологодской области,районный_городской,"Районный, городской, межрайонный суд","161401, Вологодская обл, с Кичменгский Городок, ул Заречная, д 61",https://kich-gorod--vld.sudrf.ru/,kich-gorod--vld.sudrf.ru,да,35RS0015
Вологодская область,Липин Бор,Вашкинский,Вашкинский районный суд Вологодской области,районный_городской,"Районный, городской, межрайонный суд","161250, Вологодская обл, с Липин Бор, ул Смирнова, д 10",https://vashkinsky--vld.sudrf.ru/,vashkinsky--vld.sudrf.ru,да,35RS0005
Вологодская область,Никольск,Никольский,Никольский районный суд Вологодской области,районный_городской,"Районный, городской, межрайонный суд","161440, Вологодская обл, г Никольск, ул Новоборисовская, д 88",https://nikolsky--vld.sudrf.ru/,nikolsky--vld.sudrf.ru,да,35RS0017
Вологодская область,Нюксеница,Нюксенский,Нюксенский районный суд Вологодской области,районный_городской,"Районный, городской, межрайонный суд","161380, Вологодская обл, с Нюксеница, ул Набережная, д 17/1",https://nuksensky--vld.sudrf.ru/,nuksensky--vld.sudrf.ru,да,35RS0018
Вологодская область,Сокол,Сокольский,Сокольский районный суд Вологодской области,районный_городской,"Районный, городской, межрайонный суд","162130, Вологодская обл, г Сокол, ул Суворова, д 25",https://sokolsky--vld.sudrf.ru/,sokolsky--vld.sudrf.ru,да,35RS0019
Вологодская область,Сямжа,Сямженский,Сямженский районный суд Вологодской области,районный_городской,"Районный, городской, межрайонный суд","162220, Вологодская обл, с Сямжа, ул Западная, д 19",https://siamzhensky--vld.sudrf.ru/,siamzhensky--vld.sudrf.ru,да,35RS0020
Вологодская область,Тарногский Городок,Тарногский,Тарногский районный суд Вологодской области,районный_городской,"Районный, городской, межрайонный суд","161560, Вологодская обл, с Тарногский Городок, ул Пионерская, зд 14",https://tarnogsky--vld.sudrf.ru/,tarnogsky--vld.sudrf.ru,да,35RS0021
Вологодская область,Тотьма,Тотемский,Тотемский районный суд Вологодской области,районный_городской,"Районный, городской, межрайонный суд","161300, Вологодская обл, г Тотьма, ул Садовая, д 10",https://totemsky--vld.sudrf.ru/,totemsky--vld.sudrf.ru,да,35RS0022
Вологодская область,Устюжна,Устюженский,Устюженский районный суд Вологодской области,районный_городской,"Районный, городской, межрайонный суд","162840, Вологодская обл, г Устюжна, пер Богатырева, д 13А",https://ustuzhensky--vld.sudrf.ru/,ustuzhensky--vld.sudrf.ru,да,35RS0023
Вологодская область,Харовск,Харовский,Харовский районный суд Вологодской области,районный_городской,"Районный, городской, межрайонный суд","162250, Вологодская обл, г Харовск, ул Ленинградская, д 39",https://harovsky--vld.sudrf.ru/,harovsky--vld.sudrf.ru,да,35RS0025
Вологодская область,Череповец,,Череповецкий городской суд Вологодской области,районный_городской,"Районный, городской, межрайонный суд","162626, Вологодская обл, г Череповец, ул Годовикова, д 15",https://cherepoveckygor--vld.sudrf.ru/,cherepoveckygor--vld.sudrf.ru,да,35RS0001
Вологодская область,Череповец,Череповецкий,Череповецкий районный суд Вологодской области,районный_городской,"Районный, городской, межрайонный суд","162602, Вологодская обл, г Череповец, ул Труда, д 37",https://cherepovecky--vld.sudrf.ru/,cherepovecky--vld.sudrf.ru,да,35RS0027
Вологодская область,Шексна,Шекснинский,Шекснинский районный суд Вологодской области,районный_городской,"Районный, городской, межрайонный суд","162560, Вологодская обл, рп Шексна, ул Исполкомовская, д 4",https://sheksninsky--vld.sudrf.ru/,sheksninsky--vld.sudrf.ru,да,35RS0028
Вологодская область,Шуйское,Междуреченский,Междуреченский районный суд Вологодской области,районный_городской,"Районный, городской, межрайонный суд","161050, Вологодская обл, с Шуйское, ул Горького, д 3",https://mezhdurechensky--vld.sudrf.ru/,mezhdurechensky--vld.sudrf.ru,да,35RS0016
Воронежская область,Анна,Аннинский,Аннинский районный суд Воронежской области,районный_городской,"Районный, городской, межрайонный суд","396250, Воронежская обл, пгт Анна, ул Ленина, д 19",https://anninsky--vrn.sudrf.ru/,anninsky--vrn.sudrf.ru,да,36RS0007
Воронежская область,Бобров,Бобровский,Бобровский районный суд Воронежской области,районный_городской,"Районный, городской, межрайонный суд","397700, Воронежская обл, г Бобров, ул 3 Интернационала, д 35",https://bobrovsky--vrn.sudrf.ru/,bobrovsky--vrn.sudrf.ru,да,36RS0008
Воронежская область,Богучар,Богучарский,Богучарский районный суд Воронежской области,районный_городской,"Районный, городской, межрайонный суд","396790, Воронежская обл, г Богучар, пл Ленина, д 1А",https://bogucharsky--vrn.sudrf.ru/,bogucharsky--vrn.sudrf.ru,да,36RS0009
Воронежская область,Борисоглебск,,Борисоглебский городской суд Воронежской области,районный_городской,"Районный, городской, межрайонный суд","397160, Воронежская обл, г Борисоглебск, ул Советская, зд 77А",https://borisoglebsky--vrn.sudrf.ru/,borisoglebsky--vrn.sudrf.ru,да,36RS0010
Воронежская область,Бутурлиновка,Бутурлиновский,Бутурлиновский районный суд Воронежской области,районный_городской,"Районный, городской, межрайонный суд","397500, Воронежская обл, г Бутурлиновка, ул 9 Января, д 2",https://buturlinovsky--vrn.sudrf.ru/,buturlinovsky--vrn.sudrf.ru,да,36RS0011
Воронежская область,Воронеж,,Воронежский областной суд,областной,Областной и равный ему суд,"394036, г Воронеж, пр-кт Революции, д 14А",https://oblsud--vrn.sudrf.ru/,oblsud--vrn.sudrf.ru,да,36OS0000
Воронежская область,Воронеж,Железнодорожный,Железнодорожный районный суд г. Воронежа,районный_городской,"Районный, городской, межрайонный суд","394063, г Воронеж, пр-кт Ленинский, д 157",https://zheleznodorozhny--vrn.sudrf.ru/,zheleznodorozhny--vrn.sudrf.ru,да,36RS0001
Воронежская область,Воронеж,Коминтерновский,Коминтерновский районный суд г. Воронежа,районный_городской,"Районный, городской, межрайонный суд","394026, г Воронеж, пр-кт Труда, д 46",https://kominternovsky--vrn.sudrf.ru/,kominternovsky--vrn.sudrf.ru,да,36RS0002
Воронежская область,Воронеж,Левобережный,Левобережный районный суд г. Воронежа,районный_городской,"Районный, городской, межрайонный суд","394029, г Воронеж, наб Авиастроителей, д 18А",https://levoberezhny--vrn.sudrf.ru/,levoberezhny--vrn.sudrf.ru,да,36RS0003
Воронежская область,Воронеж,Ленинский,Ленинский районный суд г. Воронежа,районный_городской,"Районный, городской, межрайонный суд","394006, г Воронеж, ул Краснознаменная, д 2",https://lensud--vrn.sudrf.ru/,lensud--vrn.sudrf.ru,да,36RS0004
Воронежская область,Воронеж,Советский,Советский районный суд г. Воронежа,районный_городской,"Районный, городской, межрайонный суд","394051, г Воронеж, ул Домостроителей, д 26",https://sovetsky--vrn.sudrf.ru/,sovetsky--vrn.sudrf.ru,да,36RS0005
Воронежская область,Воронеж,Центральный,Центральный районный суд г. Воронежа,районный_городской,"Районный, городской, межрайонный суд","394036, г Воронеж, ул Комиссаржевской, д 18А",https://centralny--vrn.sudrf.ru/,centralny--vrn.sudrf.ru,да,36RS0006
Воронежская область,Грибановский,Грибановский,Грибановский районный суд Воронежской области,районный_городской,"Районный, городской, межрайонный суд","397240, Воронежская обл, пгт Грибановский, ул Центральная, д 12",https://gribanovsky--vrn.sudrf.ru/,gribanovsky--vrn.sudrf.ru,да,36RS0015
Воронежская область,Калач,Калачеевский,Калачеевский районный суд Воронежской области,районный_городской,"Районный, городской, межрайонный суд","397601, Воронежская обл, г Калач, ул 21 Февраля, д 21",https://kalacheevsky--vrn.sudrf.ru/,kalacheevsky--vrn.sudrf.ru,да,36RS0016
Воронежская область,Кантемировка,Кантемировский,Кантемировский районный суд Воронежской области,районный_городской,"Районный, городской, межрайонный суд","396730, Воронежская обл, рп Кантемировка, ул Победы, д 8",https://kantemirovsky--vrn.sudrf.ru/,kantemirovsky--vrn.sudrf.ru,да,36RS0019
Воронежская область,Каширское,Каширский,Каширский районный суд Воронежской области,районный_городской,"Районный, городской, межрайонный суд","396350, Воронежская обл, с Каширское, ул Олимпийская, стр 1",https://kashirsky--vrn.sudrf.ru/,kashirsky--vrn.sudrf.ru,да,36RS0018
Воронежская область,Лиски,Лискинский,Лискинский районный суд Воронежской области,районный_городской,"Районный, городской, межрайонный суд","397901, Воронежская обл, г Лиски, ул Ленина, зд 6",https://liskinsky--vrn.sudrf.ru/,liskinsky--vrn.sudrf.ru,да,36RS0020
Воронежская область,Нижнедевицк,Нижнедевицкий,Нижнедевицкий районный суд Воронежской области,районный_городской,"Районный, городской, межрайонный суд","396870, Воронежская обл, с Нижнедевицк, ул Почтовая, д 62",https://nizhnedevicky--vrn.sudrf.ru/,nizhnedevicky--vrn.sudrf.ru,да,36RS0021
Воронежская область,Новая Усмань,Новоусманский,Новоусманский районный суд Воронежской области,районный_городской,"Районный, городской, межрайонный суд","396310, Воронежская обл, с Новая Усмань, ул Авдеева, д 9",https://novousmansky--vrn.sudrf.ru/,novousmansky--vrn.sudrf.ru,да,36RS0022
Воронежская область,Нововоронеж,,Нововоронежский городской суд Воронежской области,районный_городской,"Районный, городской, межрайонный суд","396073, Воронежская обл, г Нововоронеж, ул Парковый проезд, д 10",https://novovoronezhsky--vrn.sudrf.ru/,novovoronezhsky--vrn.sudrf.ru,да,36RS0024
Воронежская область,Новохопёрск,Новохоперский,Новохоперский районный суд Воронежской области,районный_городской,"Районный, городской, межрайонный суд","397400, Воронежская обл, г Новохопёрск, ул Советская, д 28",https://novohopersky--vrn.sudrf.ru/,novohopersky--vrn.sudrf.ru,да,36RS0023
Воронежская область,Острогожск,Острогожский,Острогожский районный суд Воронежской области,районный_городской,"Районный, городской, межрайонный суд","397855, Воронежская обл, г Острогожск, ул Прохоренко, зд 117А",https://otstrogozhsky--vrn.sudrf.ru/,otstrogozhsky--vrn.sudrf.ru,да,36RS0026
Воронежская область,Павловск,Павловский,Павловский районный суд Воронежской области,районный_городской,"Районный, городской, межрайонный суд","396422, Воронежская обл, г Павловск, ул 1 Мая, д 29",https://pavlovsky--vrn.sudrf.ru/,pavlovsky--vrn.sudrf.ru,да,36RS0027
Воронежская область,Панино,Панинский,Панинский районный суд Воронежской области,районный_городской,"Районный, городской, межрайонный суд","396140, Воронежская обл, рп Панино, ул Советская, д 37",https://paninsky--vrn.sudrf.ru/,paninsky--vrn.sudrf.ru,да,36RS0028
Воронежская область,Поворино,Поворинский,Поворинский районный суд Воронежской области,районный_городской,"Районный, городской, межрайонный суд","397350, Воронежская обл, г Поворино, ул Советская, зд 32",https://povorinsky--vrn.sudrf.ru/,povorinsky--vrn.sudrf.ru,да,36RS0029
Воронежская область,Рамонь,Рамонский,Рамонский районный суд Воронежской области,районный_городской,"Районный, городской, межрайонный суд","396020, Воронежская обл, рп Рамонь, ул Советская, зд 5",https://ramonsky--vrn.sudrf.ru/,ramonsky--vrn.sudrf.ru,да,36RS0032
Воронежская область,Россошь,Россошанский,Россошанский районный суд Воронежской области,районный_городской,"Районный, городской, межрайонный суд","396650, Воронежская обл, г Россошь, ул Алексеева, зд 2Б",https://rossoshansky--vrn.sudrf.ru/,rossoshansky--vrn.sudrf.ru,да,36RS0034
Воронежская область,Семилуки,Семилукский,Семилукский районный суд Воронежской области,районный_городской,"Районный, городской, межрайонный суд","396900, Воронежская обл, г Семилуки, ул 25 лет Октября, зд 116",https://semiluksky--vrn.sudrf.ru/,semiluksky--vrn.sudrf.ru,да,36RS0035
Воронежская область,Таловая,Таловский,Таловский районный суд Воронежской области,районный_городской,"Районный, городской, межрайонный суд","397480, Воронежская обл, рп Таловая, ул Советская, д 107Б",https://talovsky--vrn.sudrf.ru/,talovsky--vrn.sudrf.ru,да,36RS0036
Воронежская область,Хохольский,Хохольский,Хохольский районный суд Воронежской области,районный_городской,"Районный, городской, межрайонный суд","396840, Воронежская обл, рп Хохольский, ул Школьная, д 2",https://hoholsky--vrn.sudrf.ru/,hoholsky--vrn.sudrf.ru,да,36RS0038
Донецкая Народная Республика,,,Авдеевский городской суд Донецкой Народной Республики,районный_городской,"Районный, городской, межрайонный суд",,https://avd--dnr.sudrf.ru/,avd--dnr.sudrf.ru,да,93RS0010
Донецкая Народная Республика,,,Горловский городской суд Донецкой Народной Республики,районный_городской,"Районный, городской, межрайонный суд",,https://cg-gorl--dnr.sudrf.ru/,cg-gorl--dnr.sudrf.ru,да,93RS0039
Донецкая Народная Республика,,,Дебальцевский городской суд Донецкой Народной Республики,районный_городской,"Районный, городской, межрайонный суд",,https://deb--dnr.sudrf.ru/,deb--dnr.sudrf.ru,да,93RS0018
Донецкая Народная Республика,,,Дзержинский городской суд Донецкой Народной Республики,районный_городской,"Районный, городской, межрайонный суд",,https://dzerzhinskiy--dnr.sudrf.ru/,dzerzhinskiy--dnr.sudrf.ru,да,93RS0017
Донецкая Народная Республика,,,Димитровский городской суд Донецкой Народной Республики,районный_городской,"Районный, городской, межрайонный суд",,https://dimitrovskiy--dnr.sudrf.ru/,dimitrovskiy--dnr.sudrf.ru,да,93RS0019
Донецкая Народная Республика,,,Добропольский городской суд Донецкой Народной Республики,районный_городской,"Районный, городской, межрайонный суд",,https://dobropolskiy--dnr.sudrf.ru/,dobropolskiy--dnr.sudrf.ru,да,93RS0020
Донецкая Народная Республика,,,Докучаевский городской суд Донецкой Народной Республики,районный_городской,"Районный, городской, межрайонный суд",,https://dok--dnr.sudrf.ru/,dok--dnr.sudrf.ru,да,93RS0021
Донецкая Народная Республика,,,Дружковский городской суд Донецкой Народной Республики,районный_городской,"Районный, городской, межрайонный суд",,https://druzhkovskiy--dnr.sudrf.ru/,druzhkovskiy--dnr.sudrf.ru,да,93RS0022
Донецкая Народная Республика,,,Константиновский городской суд Донецкой Народной Республики,районный_городской,"Районный, городской, межрайонный суд",,https://konstantinovskiy--dnr.sudrf.ru/,konstantinovskiy--dnr.sudrf.ru,да,93RS0024
Донецкая Народная Республика,,,Краматорский городской суд Донецкой Народной Республики,районный_городской,"Районный, городской, межрайонный суд",,https://kram--dnr.sudrf.ru/,kram--dnr.sudrf.ru,да,93RS0025
Донецкая Народная Республика,,,Краснолиманский городской суд Донецкой Народной Республики,районный_городской,"Районный, городской, межрайонный суд",,https://krasnolimanskiy--dnr.sudrf.ru/,krasnolimanskiy--dnr.sudrf.ru,да,93RS0027
Донецкая Народная Республика,,,Новогродовский городской суд Донецкой Народной Республики,районный_городской,"Районный, городской, межрайонный суд",,https://novogrodovskiy--dnr.sudrf.ru/,novogrodovskiy--dnr.sudrf.ru,да,93RS0030
Донецкая Народная Республика,,,Селидовский городской суд Донецкой Народной Республики,районный_городской,"Районный, городской, межрайонный суд",,https://selidovskiy--dnr.sudrf.ru/,selidovskiy--dnr.sudrf.ru,да,93RS0032
Донецкая Народная Республика,,,Славянский городской суд Донецкой Народной Республики,районный_городской,"Районный, городской, межрайонный суд",,https://slav--dnr.sudrf.ru/,slav--dnr.sudrf.ru,да,93RS0033
Донецкая Народная Республика,,,Угледарский городской суд Донецкой Народной Республики,районный_городской,"Районный, городской, межрайонный суд",,https://ugledarskiy--dnr.sudrf.ru/,ugledarskiy--dnr.sudrf.ru,да,93RS0036
Донецкая Народная Республика,,Александровский,Александровский районный суд Донецкой Народной Республики,районный_городской,"Районный, городской, межрайонный суд",,https://aleksandrovskiy--dnr.sudrf.ru/,aleksandrovskiy--dnr.sudrf.ru,да,93RS0011
Донецкая Народная Республика,,Амвросиевский,Амвросиевский районный суд Донецкой Народной Республики,районный_городской,"Районный, городской, межрайонный суд",,https://amv--dnr.sudrf.ru/,amv--dnr.sudrf.ru,да,93RS0012
Донецкая Народная Республика,,Великоновоселковский,Великоновоселковский районный суд Донецкой Народной Республики,районный_городской,"Районный, городской, межрайонный суд",,https://velikonovoselkovskiy--dnr.sudrf.ru/,velikonovoselkovskiy--dnr.sudrf.ru,да,93RS0014
Донецкая Народная Республика,,Волновахский,Волновахский районный суд Донецкой Народной Республики,районный_городской,"Районный, городской, межрайонный суд",,https://vln--dnr.sudrf.ru/,vln--dnr.sudrf.ru,да,93RS0015
Донецкая Народная Республика,,Володарский,Володарский районный суд Донецкой Народной Республики,районный_городской,"Районный, городской, межрайонный суд",,https://vld--dnr.sudrf.ru/,vld--dnr.sudrf.ru,да,93RS0016
Донецкая Народная Республика,,Енакиевский,Енакиевский межрайонный суд Донецкой Народной Республики,районный_городской,"Районный, городской, межрайонный суд",,https://enak--dnr.sudrf.ru/,enak--dnr.sudrf.ru,да,93RS0023
Донецкая Народная Республика,,Ильичевский,Ильичевский районный суд город Мариуполя Донецкой Народной Республики,районный_городской,"Районный, городской, межрайонный суд",,https://mar-ilich--dnr.sudrf.ru/,mar-ilich--dnr.sudrf.ru,да,93RS0007
Донецкая Народная Республика,,Марьинский,Марьинский районный суд Донецкой Народной Республики,районный_городской,"Районный, городской, межрайонный суд",,https://marin--dnr.sudrf.ru/,marin--dnr.sudrf.ru,да,93RS0028
Донецкая Народная Республика,,Новоазовский,Новоазовский районный суд Донецкой Народной Республики,районный_городской,"Районный, городской, межрайонный суд",,https://nva--dnr.sudrf.ru/,nva--dnr.sudrf.ru,да,93RS0029
Донецкая Народная Республика,,Першотравневый,Першотравневый районный суд Донецкой Народной Республики,районный_городской,"Районный, городской, межрайонный суд",,https://mng--dnr.sudrf.ru/,mng--dnr.sudrf.ru,да,93RS0031
Донецкая Народная Республика,,Старобешевский,Старобешевский районный суд Донецкой Народной Республики,районный_городской,"Районный, городской, межрайонный суд",,https://star--dnr.sudrf.ru/,star--dnr.sudrf.ru,да,93RS0034
Донецкая Народная Республика,,Тельмановский,Тельмановский районный суд Донецкой Народной Республики,районный_городской,"Районный, городской, межрайонный суд",,https://tlm--dnr.sudrf.ru/,tlm--dnr.sudrf.ru,да,93RS0035
Донецкая Народная Республика,,Харцызский,Харцызский межрайонный суд Донецкой Народной Республики,районный_городской,"Районный, городской, межрайонный суд",,https://harc--dnr.sudrf.ru/,harc--dnr.sudrf.ru,да,93RS0037
Донецкая Народная Республика,Донецк,Кировский,Кировский межрайонный суд города Донецка,районный_городской,"Районный, городской, межрайонный суд",,https://kir--dnr.sudrf.ru/,kir--dnr.sudrf.ru,да,93RS0003
Донецкая Народная Республика,Макеевки Донецкой Народной Республики,Горняцкий,Горняцкий районный суд города Макеевки Донецкой Народной Республики,районный_городской,"Районный, городской, межрайонный суд",,https://gorn--dnr.sudrf.ru/,gorn--dnr.sudrf.ru,да,93RS0004
Донецкая Народная Республика,Макеевки Донецкой Народной Республики,Центрально-Городской,Центрально-Городской районный суд города Макеевки Донецкой Народной Республики,районный_городской,"Районный, городской, межрайонный суд",,https://centralno-gorodskoy--dnr.sudrf.ru/,centralno-gorodskoy--dnr.sudrf.ru,да,93RS0005
Донецкая Народная Республика,Мариуполя Донецкой Народной Республики,Жовтневый,Жовтневый районный суд города Мариуполя Донецкой Народной Республики,районный_городской,"Районный, городской, межрайонный суд",,https://mar-zhovt--dnr.sudrf.ru/,mar-zhovt--dnr.sudrf.ru,да,93RS0006
Донецкая Народная Республика,Мариуполя Донецкой Народной Республики,Орджоникидзевский,Орджоникидзевский районный суд города Мариуполя Донецкой Народной Республики,районный_городской,"Районный, городской, межрайонный суд",,https://mar-ordzh--dnr.sudrf.ru/,mar-ordzh--dnr.sudrf.ru,да,93RS0008
Донецкая Народная Республика,Мариуполя Донецкой Народной Республики,Приморский,Приморский районный суд города Мариуполя Донецкой Народной Республики,районный_городской,"Районный, городской, межрайонный суд",,https://mar-prim--dnr.sudrf.ru/,mar-prim--dnr.sudrf.ru,да,93RS0009
Еврейская автономная область,Биробиджан,,Суд Еврейской автономной области,областной,Областной и равный ему суд,"679016, г Биробиджан, пер Театральный, д 10",https://os--brb.sudrf.ru/,os--brb.sudrf.ru,да,79OS0000
Еврейская автономная область,Биробиджан,Биробиджанский,Биробиджанский районный суд Еврейской автономной области,районный_городской,"Районный, городской, межрайонный суд","679016, г Биробиджан, ул Пионерская, д 32",https://birobidzhansky--brb.sudrf.ru/,birobidzhansky--brb.sudrf.ru,да,79RS0002
Еврейская автономная область,Ленинское,Ленинский,Ленинский районный суд Еврейской автономной области,районный_городской,"Районный, городской, межрайонный суд","679370, Еврейская Аобл, с Ленинское, ул Ленина, стр 18",https://leninsky--brb.sudrf.ru/,leninsky--brb.sudrf.ru,да,79RS0003
Еврейская автономная область,Облучье,Облученский,Облученский районный суд Еврейской автономной области,районный_городской,"Районный, городской, межрайонный суд","679100, Еврейская Аобл, г Облучье, ул 60 лет Октября, д 14",https://obluchensky--brb.sudrf.ru/,obluchensky--brb.sudrf.ru,да,79RS0004
Еврейская автономная область,Смидович,Смидовичский,Смидовичский районный суд Еврейской автономной области,районный_городской,"Районный, городской, межрайонный суд","679150, Еврейская Аобл, п Смидович, ул Советская, д 45",https://smidovichsky--brb.sudrf.ru/,smidovichsky--brb.sudrf.ru,да,79RS0006
Забайкальский край,,Оловяннинский,Оловяннинский районный суд Забайкальского края,районный_городской,"Районный, городской, межрайонный суд","674520, Забайкальский край, Оловяннинский р-н, мкр Степной (пгт Ясногорск), д 5",https://olov--cht.sudrf.ru/,olov--cht.sudrf.ru,да,75RS0031
Забайкальский край,Агинское,Агинский,Агинский районный суд Забайкальского края,районный_городской,"Районный, городской, межрайонный суд","687000, Забайкальский край, Агинский р-н, пгт Агинское, ул Базара Ринчино, д 84А",https://aginsky--abao.sudrf.ru/,aginsky--abao.sudrf.ru,да,80RS0001
Забайкальский край,Акша,Акшинский,Акшинский районный суд Забайкальского края,районный_городской,"Районный, городской, межрайонный суд","674230, Забайкальский край, с Акша, ул Партизанская, д 16",https://aksha--cht.sudrf.ru/,aksha--cht.sudrf.ru,да,75RS0006
Забайкальский край,Александровский Завод,Александрово-Заводский,Александрово-Заводский районный суд Забайкальского края,районный_городской,"Районный, городской, межрайонный суд","674640, Забайкальский край, с Александровский Завод, ул Чернышевского, стр 34А",https://alekzav--cht.sudrf.ru/,alekzav--cht.sudrf.ru,да,75RS0007
Забайкальский край,Балей,,Балейский городской суд Забайкальского края,районный_городской,"Районный, городской, межрайонный суд","673450, Забайкальский край, г Балей, ул Ленина, зд 17",https://baley--cht.sudrf.ru/,baley--cht.sudrf.ru,да,75RS0004
Забайкальский край,Борзя,,Борзинский городской суд Забайкальского края,районный_городской,"Районный, городской, межрайонный суд","674600, Забайкальский край, г Борзя, ул Лазо, зд 26",https://borzya--cht.sudrf.ru/,borzya--cht.sudrf.ru,да,75RS0008
Забайкальский край,Верх-Усугли,Тунгокоченский,Тунгокоченский районный суд Забайкальского края,районный_городской,"Районный, городской, межрайонный суд","674100, Забайкальский край, с Верх-Усугли, ул Первомайская, д 1А",https://tungokocha--cht.sudrf.ru/,tungokocha--cht.sudrf.ru,да,75RS0020
Забайкальский край,Газимурский Завод,Газимуро-Заводский,Газимуро-Заводский районный суд Забайкальского края,районный_городской,"Районный, городской, межрайонный суд","673630, Забайкальский край, с Газимурский Завод, ул Журавлева, д 32В",https://gazzav--cht.sudrf.ru/,gazzav--cht.sudrf.ru,да,75RS0009
Забайкальский край,Дульдурга,Дульдургинский,Дульдургинский районный суд Забайкальского края,районный_городской,"Районный, городской, межрайонный суд","687200, Забайкальский край, с Дульдурга, ул 8 Марта, зд 22",https://duldurginsky--abao.sudrf.ru/,duldurginsky--abao.sudrf.ru,да,80RS0003
Забайкальский край,Забайкальск,Забайкальский,Забайкальский районный суд Забайкальского края,районный_городской,"Районный, городской, межрайонный суд","674650, Забайкальский край, пгт Забайкальск, ул Комсомольская, зд 24А",https://zabaykalsk--cht.sudrf.ru/,zabaykalsk--cht.sudrf.ru,да,75RS0010
Забайкальский край,Калга,Калганский,Калганский районный суд Забайкальского края,районный_городской,"Районный, городской, межрайонный суд","674340, Забайкальский край, с Калга, ул 60 лет Октября, д 9",https://kalga--cht.sudrf.ru/,kalga--cht.sudrf.ru,да,75RS0012
Забайкальский край,Карымское,Карымский,Карымский районный суд Забайкальского края,районный_городской,"Районный, городской, межрайонный суд","673300, Забайкальский край, пгт Карымское, ул Ленинградская, зд 77",https://karymsk--cht.sudrf.ru/,karymsk--cht.sudrf.ru,да,75RS0013
Забайкальский край,Краснокаменск,,Краснокаменский городской суд Забайкальского края,районный_городской,"Районный, городской, межрайонный суд","674674, Забайкальский край, г Краснокаменск, мкр 5-й, стр 507",https://krasnokam--cht.sudrf.ru/,krasnokam--cht.sudrf.ru,да,75RS0015
Забайкальский край,Красный Чикой,Красночикойский,Красночикойский районный суд Забайкальского края,районный_городской,"Районный, городской, межрайонный суд","673060, Забайкальский край, с Красный Чикой, ул Партизанская, зд 25",https://chikoy--cht.sudrf.ru/,chikoy--cht.sudrf.ru,да,75RS0014
Забайкальский край,Кыра,Кыринский,Кыринский районный суд Забайкальского края,районный_городской,"Районный, городской, межрайонный суд","674250, Забайкальский край, с Кыра, ул Ленина, д 32",https://kira--cht.sudrf.ru/,kira--cht.sudrf.ru,да,75RS0032
Забайкальский край,Могойтуй,Могойтуйский,Могойтуйский районный суд Забайкальского края,районный_городской,"Районный, городской, межрайонный суд","687420, Забайкальский край, пгт Могойтуй, ул Первомайская, д 33Б",https://mogoytuysky--abao.sudrf.ru/,mogoytuysky--abao.sudrf.ru,да,80RS0002
Забайкальский край,Могоча,Могочинский,Могочинский районный суд Забайкальского края,районный_городской,"Районный, городской, межрайонный суд","673732, Забайкальский край, г Могоча, ул Комсомольская, д 34",https://mogocha--cht.sudrf.ru/,mogocha--cht.sudrf.ru,да,75RS0016
Забайкальский край,Нерчинск,Нерчинский,Нерчинский районный суд Забайкальского края,районный_городской,"Районный, городской, межрайонный суд","673400, Забайкальский край, г Нерчинск, ул Советская, зд 46",https://nerchinsk--cht.sudrf.ru/,nerchinsk--cht.sudrf.ru,да,75RS0029
Забайкальский край,Нерчинский Завод,Нерчинско-Заводский,Нерчинско-Заводский районный суд Забайкальского края,районный_городской,"Районный, городской, межрайонный суд","674370, Забайкальский край, с Нерчинский Завод, ул Красноармейская, зд 104",https://nerzav--cht.sudrf.ru/,nerzav--cht.sudrf.ru,да,75RS0030
Забайкальский край,Нижний Цасучей,Ононский,Ононский районный суд Забайкальского края,районный_городской,"Районный, городской, межрайонный суд","674480, Забайкальский край, с Нижний Цасучей, ул Комсомольская, д 33",https://onon--cht.sudrf.ru/,onon--cht.sudrf.ru,да,75RS0017
Забайкальский край,Петровск-Забайкальский,,Петровск-Забайкальский городской суд Забайкальского края,районный_городской,"Районный, городской, межрайонный суд","673005, Забайкальский край, г Петровск-Забайкальский, ул Мысовая, д 59",https://petrovskzab--cht.sudrf.ru/,petrovskzab--cht.sudrf.ru,да,75RS0005
Забайкальский край,Приаргунск,Приаргунский,Приаргунский районный суд Забайкальского края,районный_городской,"Районный, городской, межрайонный суд","674310, Забайкальский край, пгт Приаргунск, ул Первомайская, д 3",https://priarginsk--cht.sudrf.ru/,priarginsk--cht.sudrf.ru,да,75RS0018
Забайкальский край,Сретенск,Сретенский,Сретенский районный суд Забайкальского края,районный_городской,"Районный, городской, межрайонный суд","673500, Забайкальский край, г Сретенск, ул Энергетиков, зд 7",https://sretensk--cht.sudrf.ru/,sretensk--cht.sudrf.ru,да,75RS0019
Забайкальский край,Улёты,Улетовский,Улетовский районный суд Забайкальского края,районный_городской,"Районный, городской, межрайонный суд","674050, Забайкальский край, с Улёты, ул Кирова, д 66",https://ulet--cht.sudrf.ru/,ulet--cht.sudrf.ru,да,75RS0021
Забайкальский край,Хилок,Хилокский,Хилокский районный суд Забайкальского края,районный_городской,"Районный, городской, межрайонный суд","673200, Забайкальский край, г Хилок, ул Советская, зд 17",https://hilok--cht.sudrf.ru/,hilok--cht.sudrf.ru,да,75RS0022
Забайкальский край,Чара,Каларский,Каларский районный суд Забайкальского края,районный_городской,"Районный, городской, межрайонный суд","674150, Забайкальский край, с Чара, ул Геологическая, д 12",https://chara--cht.sudrf.ru/,chara--cht.sudrf.ru,да,75RS0011
Забайкальский край,Чернышевск,Чернышевский,Чернышевский районный суд Забайкальского края,районный_городской,"Районный, городской, межрайонный суд","673460, Забайкальский край, пгт Чернышевск, ул Центральная, д 2",https://chernishevsk--cht.sudrf.ru/,chernishevsk--cht.sudrf.ru,да,75RS0024
Забайкальский край,Чита,,Забайкальский краевой суд,областной,Областной и равный ему суд,"672039, г Чита, ул Амурская, д 33А",https://oblsud--cht.sudrf.ru/,oblsud--cht.sudrf.ru,да,75OS0000
Забайкальский край,Чита,Железнодорожный,Железнодорожный районный суд г. Читы Забайкальского края,районный_городской,"Районный, городской, межрайонный суд","672038, г Чита, туп Экспедиционный, д 4",https://gd--cht.sudrf.ru/,gd--cht.sudrf.ru,да,75RS0003
Забайкальский край,Чита,Ингодинский,Ингодинский районный суд г. Читы Забайкальского края,районный_городской,"Районный, городской, межрайонный суд","672000, г Чита, ул Анохина, д 48",https://ingoda--cht.sudrf.ru/,ingoda--cht.sudrf.ru,да,75RS0002
Забайкальский край,Чита,Центральный,Центральный районный суд г. Читы Забайкальского края,районный_городской,"Районный, городской, межрайонный суд","672000, Забайкальский край, г. Чита, ул. Бутина, д. 41 (уг.), 672000, г. Чита, ул. Костюшко-Григоровича, д.4",,,нет,75RS0001
Забайкальский край,Чита,Черновский,Черновский районный суд г. Читы Забайкальского края,районный_городской,"Районный, городской, межрайонный суд","672030, г Чита, пр-кт Фадеева, д 10А",https://chernovski--cht.sudrf.ru/,chernovski--cht.sudrf.ru,да,75RS0023
Забайкальский край,Чита,Читинский,Читинский районный суд Забайкальского края,районный_городской,"Районный, городской, межрайонный суд","672007, г Чита, ул Ленина, д 159",https://chitinski--cht.sudrf.ru/,chitinski--cht.sudrf.ru,да,75RS0025
Забайкальский край,Шелопугино,Шелопугинский,Шелопугинский районный суд Забайкальского края,районный_городской,"Районный, городской, межрайонный суд","673610, Забайкальский край, с Шелопугино, ул Юбилейная, д 8",https://shelopugino--cht.sudrf.ru/,shelopugino--cht.sudrf.ru,да,75RS0028
Забайкальский край,Шилка,Шилкинский,Шилкинский районный суд Забайкальского края,районный_городской,"Районный, городской, межрайонный суд","673370, Забайкальский край, г Шилка, ул Балябина, д 145",https://shilka--cht.sudrf.ru/,shilka--cht.sudrf.ru,да,75RS0027
Запорожская область,,,Энергодарский городской суд Запорожской области,районный_городской,"Районный, городской, межрайонный суд",,https://energodarskiy--zpr.sudrf.ru/,energodarskiy--zpr.sudrf.ru,да,90RS0005
Запорожская область,,Бердянский,Бердянский межрайонный суд Запорожской области,районный_городской,"Районный, городской, межрайонный суд",,https://berdyanskiy--zpr.sudrf.ru/,berdyanskiy--zpr.sudrf.ru,да,90RS0001
Запорожская область,,Мелитопольский,Мелитопольский межрайонный суд Запорожской области,районный_городской,"Районный, городской, межрайонный суд",,https://melitopol--zpr.sudrf.ru/,melitopol--zpr.sudrf.ru,да,90RS0003
Запорожская область,,Пологовский,Пологовский межрайонный суд Запорожской области,районный_городской,"Районный, городской, межрайонный суд",,https://pologovsky--zpr.sudrf.ru/,pologovsky--zpr.sudrf.ru,да,90RS0004
Запорожская область,Весёлое,Васильевский,Васильевский межрайонный суд Запорожской области,районный_городской,"Районный, городской, межрайонный суд","272202, Запорожская обл, Веселовский р-н, пгт Весёлое, ул Ленина",https://vasilyevsky--zpr.sudrf.ru/,vasilyevsky--zpr.sudrf.ru,да,90RS0002
Запорожская область,Мелитополь,,Запорожский областной суд,областной,Областной и равный ему суд,"272301, Запорожская обл, г Мелитополь, ул Пушкина, д 95",https://oblsud--zpr.sudrf.ru/,oblsud--zpr.sudrf.ru,да,90OS0000
Ивановская область,Вичуга,,Вичугский городской суд Ивановской области,районный_городской,"Районный, городской, межрайонный суд","155331, Ивановская обл, г Вичуга, ул 50 лет Октября, зд 18",https://vichugsky--iwn.sudrf.ru/,vichugsky--iwn.sudrf.ru,да,37RS0002
Ивановская область,Иваново,,Ивановский областной суд,областной,Областной и равный ему суд,"153005, г Иваново, пр-кт Шереметевский, д 100",https://oblsud--iwn.sudrf.ru/,oblsud--iwn.sudrf.ru,да,37OS0000
Ивановская область,Иваново,Ивановский,Ивановский районный суд Ивановской области,районный_городской,"Районный, городской, межрайонный суд","153008, г Иваново, ул Постышева, д 52",https://ivanovsky--iwn.sudrf.ru/,ivanovsky--iwn.sudrf.ru,да,37RS0005
Ивановская область,Иваново,Ленинский,Ленинский районный суд г. Иваново,районный_городской,"Районный, городской, межрайонный суд","153000, г Иваново, ул Станко, д 7",https://leninsky--iwn.sudrf.ru/,leninsky--iwn.sudrf.ru,да,37RS0010
Ивановская область,Иваново,Октябрьский,Октябрьский районный суд г. Иваново,районный_городской,"Районный, городской, межрайонный суд","153002, г Иваново, ул 9 Января, д 13",https://oktyabrsky--iwn.sudrf.ru/,oktyabrsky--iwn.sudrf.ru,да,37RS0012
Ивановская область,Иваново,Советский,Советский районный суд г. Иваново,районный_городской,"Районный, городской, межрайонный суд","153006, г Иваново, проезд 10-й, д 22",https://sovetsky--iwn.sudrf.ru/,sovetsky--iwn.sudrf.ru,да,37RS0019
Ивановская область,Иваново,Фрунзенский,Фрунзенский районный суд г. Иваново,районный_городской,"Районный, городской, межрайонный суд","153003, г Иваново, ул Мархлевского, д 33",https://frunzensky--iwn.sudrf.ru/,frunzensky--iwn.sudrf.ru,да,37RS0022
Ивановская область,Кинешма,,Кинешемский городской суд Ивановской области,районный_городской,"Районный, городской, межрайонный суд","155800, Ивановская обл, г Кинешма, ул им Ленина, д 44",https://kineshemsky--iwn.sudrf.ru/,kineshemsky--iwn.sudrf.ru,да,37RS0007
Ивановская область,Комсомольск,Комсомольский,Комсомольский районный суд Ивановской области,районный_городской,"Районный, городской, межрайонный суд","155150, Ивановская обл, г Комсомольск, ул Пионерская, д 9",https://komsomolsky--iwn.sudrf.ru/,komsomolsky--iwn.sudrf.ru,да,37RS0008
Ивановская область,Палех,Палехский,Палехский районный суд Ивановской области,районный_городской,"Районный, городской, межрайонный суд","155620, Ивановская обл, п Палех, ул Горького, зд 4",https://palehsky--iwn.sudrf.ru/,palehsky--iwn.sudrf.ru,да,37RS0013
Ивановская область,Приволжск,Приволжский,Приволжский районный суд Ивановской области,районный_городской,"Районный, городской, межрайонный суд","155550, Ивановская обл, г Приволжск, ул Революционная, д 118Г",https://privolzhsky--iwn.sudrf.ru/,privolzhsky--iwn.sudrf.ru,да,37RS0015
Ивановская область,Пучеж,Пучежский,Пучежский районный суд Ивановской области,районный_городской,"Районный, городской, межрайонный суд","155362, Ивановская обл, г Пучеж, ул 2-я Производственная, д 9А",https://puchezhsky--iwn.sudrf.ru/,puchezhsky--iwn.sudrf.ru,да,37RS0016
Ивановская область,Родники,Родниковский,Родниковский районный суд Ивановской области,районный_городской,"Районный, городской, межрайонный суд","155250, Ивановская обл, г Родники, ул Невская, д 69",https://rodnikovsky--iwn.sudrf.ru/,rodnikovsky--iwn.sudrf.ru,да,37RS0017
Ивановская область,Тейково,Тейковский,Тейковский районный суд Ивановской области,районный_городской,"Районный, городской, межрайонный суд","155048, Ивановская обл, г Тейково, ул Шибаевская, д 15",https://teikovsky--iwn.sudrf.ru/,teikovsky--iwn.sudrf.ru,да,37RS0020
Ивановская область,Фурманов,,Фурмановский городской суд Ивановской области,районный_городской,"Районный, городской, межрайонный суд","155526, Ивановская обл, г Фурманов, ул Хлебникова, д 6",https://furmanovsky--iwn.sudrf.ru/,furmanovsky--iwn.sudrf.ru,да,37RS0021
Ивановская область,Шуя,,Шуйский городской суд Ивановской области,районный_городской,"Районный, городской, межрайонный суд","155900, Ивановская обл, г Шуя, пл Комсомольская, д 19",https://shuisky--iwn.sudrf.ru/,shuisky--iwn.sudrf.ru,да,37RS0023
Иркутская область,,Казачинско-Ленский,Казачинско-Ленский районный суд Иркутской области,районный_городской,"Районный, городской, межрайонный суд","666504, Иркутская обл, Казачинско-Ленский р-н, мкр 2-й (рп Магистральный), зд 5",https://kazachinsko-lenynsky--irk.sudrf.ru/,kazachinsko-lenynsky--irk.sudrf.ru,да,38RS0014
Иркутская область,Ангарск,,Ангарский городской суд Иркутской области,районный_городской,"Районный, городской, межрайонный суд","665830, Иркутская обл, г Ангарск, ул Ворошилова, д 1",https://angarsky--irk.sudrf.ru/,angarsky--irk.sudrf.ru,да,38RS0001
Иркутская область,Балаганск,Балаганский,Балаганский районный суд Иркутской области,районный_городской,"Районный, городской, межрайонный суд","666391, Иркутская обл, п Балаганск, ул Кольцевая, д 18",https://balagansky--irk.sudrf.ru/,balagansky--irk.sudrf.ru,да,38RS0002
Иркутская область,Баяндай,Баяндаевский,Баяндаевский районный суд Иркутской области,районный_городской,"Районный, городской, межрайонный суд","669120, Иркутская обл, с Баяндай, ул 60 лет Октября, д 1",https://bayandaevsky--uso.sudrf.ru/,bayandaevsky--uso.sudrf.ru,да,85RS0001
Иркутская область,Бодайбо,,Бодайбинский городской суд Иркутской области,районный_городской,"Районный, городской, межрайонный суд","666904, Иркутская обл, г Бодайбо, ул Розы Люксембург, зд 10",https://bodaybinsky--irk.sudrf.ru/,bodaybinsky--irk.sudrf.ru,да,38RS0005
Иркутская область,Бохан,Боханский,Боханский районный суд Иркутской области,районный_городской,"Районный, городской, межрайонный суд","669311, Иркутская обл, п Бохан, ул Советская, д 7",https://bohalinsky--uso.sudrf.ru/,bohalinsky--uso.sudrf.ru,да,85RS0002
Иркутская область,Братск,,Братский городской суд Иркутской области,районный_городской,"Районный, городской, межрайонный суд","665708, Иркутская обл, г Братск, жилрайон Центральный, ул Кирова, д 5А",https://bratsky--irk.sudrf.ru/,bratsky--irk.sudrf.ru,да,38RS0003
Иркутская область,Братск,Братский,Братский районный суд Иркутской области,районный_городской,"Районный, городской, межрайонный суд","665708, Иркутская обл, г Братск, жилрайон Центральный, ул Комсомольская, д 28",https://bratski--irk.sudrf.ru/,bratski--irk.sudrf.ru,да,38RS0004
Иркутская область,Братск,Падунский,Падунский районный суд г. Братска Иркутской области,районный_городской,"Районный, городской, межрайонный суд","665702, Иркутская обл, г Братск, жилрайон Энергетик, проезд Стройиндустрии, д 16",https://padunsky--irk.sudrf.ru/,padunsky--irk.sudrf.ru,да,38RS0019
Иркутская область,Еланцы,Ольхонский,Ольхонский районный суд Иркутской области,районный_городской,"Районный, городской, межрайонный суд","666130, Иркутская обл, с Еланцы, ул Дзержинского, д 5",https://olhonsky--irk.sudrf.ru/,olhonsky--irk.sudrf.ru,да,38RS0018
Иркутская область,Ербогачен,Катангский,Катангский районный суд Иркутской области,районный_городской,"Районный, городской, межрайонный суд","666611, Иркутская обл, с Ербогачен, ул Строителей, д 21",https://katangsky--irk.sudrf.ru/,katangsky--irk.sudrf.ru,да,38RS0011
Иркутская область,Железногорск-Илимский,Нижнеилимский,Нижнеилимский районный суд Иркутской области,районный_городской,"Районный, городской, межрайонный суд","665651, Иркутская обл, г Железногорск-Илимский, кв-л 3, д 15",https://nizhneilimsky--irk.sudrf.ru/,nizhneilimsky--irk.sudrf.ru,да,38RS0016
Иркутская область,Жигалово,Жигаловский,Жигаловский районный суд Иркутской области,районный_городской,"Районный, городской, межрайонный суд","666402, Иркутская обл, рп Жигалово, ул Советская, д 28",https://zhigalovsky--irk.sudrf.ru/,zhigalovsky--irk.sudrf.ru,да,38RS0007
Иркутская область,Залари,Заларинский,Заларинский районный суд Иркутской области,районный_городской,"Районный, городской, межрайонный суд","666322, Иркутская обл, рп Залари, ул Чкалова, зд 2",https://zalarinsky--irk.sudrf.ru/,zalarinsky--irk.sudrf.ru,да,38RS0008
Иркутская область,Зима,,Зиминский городской суд Иркутской области,районный_городской,"Районный, городской, межрайонный суд","665390, Иркутская обл, г Зима, ул Ленина, д 7",https://ziminsky--irk.sudrf.ru/,ziminsky--irk.sudrf.ru,да,38RS0009
Иркутская область,Иркутск,,Иркутский областной суд,областной,Областной и равный ему суд,"664046, г Иркутск, ул Байкальская, стр 119",https://oblsud--irk.sudrf.ru/,oblsud--irk.sudrf.ru,да,38OS0000
Иркутская область,Иркутск,Иркутский,Иркутский районный суд Иркутской области,районный_городской,"Районный, городской, межрайонный суд","664047, г Иркутск, ул Байкальская, д 30",https://irkutsky--irk.sudrf.ru/,irkutsky--irk.sudrf.ru,да,38RS0031
Иркутская область,Иркутск,Кировский,Кировский районный суд г. Иркутска,районный_городской,"Районный, городской, межрайонный суд","664011, г Иркутск, ул Желябова, д 6",https://kirovsky--irk.sudrf.ru/,kirovsky--irk.sudrf.ru,да,38RS0032
Иркутская область,Иркутск,Куйбышевский,Куйбышевский районный суд г. Иркутска,районный_городской,"Районный, городской, межрайонный суд","664050, г Иркутск, ул Байкальская, д 291",https://kuibyshevsky--irk.sudrf.ru/,kuibyshevsky--irk.sudrf.ru,да,38RS0033
Иркутская область,Иркутск,Ленинский,Ленинский районный суд г. Иркутска,районный_городской,"Районный, городской, межрайонный суд","664050, г Иркутск, ул Байкальская, д 291",https://leninsky--irk.sudrf.ru/,leninsky--irk.sudrf.ru,да,38RS0034
Иркутская область,Иркутск,Октябрьский,Октябрьский районный суд г. Иркутска,районный_городской,"Районный, городской, межрайонный суд","664050, г Иркутск, ул Байкальская, д 287",https://oktiabrsky--irk.sudrf.ru/,oktiabrsky--irk.sudrf.ru,да,38RS0035
Иркутская область,Иркутск,Свердловский,Свердловский районный суд г. Иркутска,районный_городской,"Районный, городской, межрайонный суд","664039, г Иркутск, ул 4-я Железнодорожная, д 34А",https://sverdlovsky--irk.sudrf.ru/,sverdlovsky--irk.sudrf.ru,да,38RS0036
Иркутская область,Качуг,Качугский,Качугский районный суд Иркутской области,районный_городской,"Районный, городской, межрайонный суд","666201, Иркутская обл, рп Качуг, ул Каландарашвили, д 33",https://kachugsky--irk.sudrf.ru/,kachugsky--irk.sudrf.ru,да,38RS0010
Иркутская область,Киренск,Киренский,Киренский районный суд Иркутской области,районный_городской,"Районный, городской, межрайонный суд","666701, Иркутская обл, г Киренск, мкр Балахня, ул Шукшина, стр 1",https://kirensky--irk.sudrf.ru/,kirensky--irk.sudrf.ru,да,38RS0012
Иркутская область,Куйтун,Куйтунский,Куйтунский районный суд Иркутской области,районный_городской,"Районный, городской, межрайонный суд","665302, Иркутская обл, рп Куйтун, ул Карла Маркса, д 7",https://kuytunsky--irk.sudrf.ru/,kuytunsky--irk.sudrf.ru,да,38RS0013
Иркутская область,Кутулик,Аларский,Аларский районный суд Иркутской области,районный_городской,"Районный, городской, межрайонный суд","669452, Иркутская обл, п Кутулик, ул Советская, зд 105",https://alarsky--uso.sudrf.ru/,alarsky--uso.sudrf.ru,да,85RS0005
Иркутская область,Мама,Мамско-Чуйский,Мамско-Чуйский районный суд Иркутской области,районный_городской,"Районный, городской, межрайонный суд","666811, Иркутская обл, рп Мама, ул Советская, стр 40",https://mamsko-chuysky--irk.sudrf.ru/,mamsko-chuysky--irk.sudrf.ru,да,38RS0015
Иркутская область,Нижнеудинск,,Нижнеудинский городской суд Иркутской области,районный_городской,"Районный, городской, межрайонный суд","665104, Иркутская обл, г Нижнеудинск, ул Профсоюзная, д 140",https://nizhneudinsky--irk.sudrf.ru/,nizhneudinsky--irk.sudrf.ru,да,38RS0017
Иркутская область,Новонукутский,Нукутский,Нукутский районный суд Иркутской области,районный_городской,"Районный, городской, межрайонный суд","669401, Иркутская обл, п Новонукутский, ул Ленина, зд 34",https://nukutinsky--uso.sudrf.ru/,nukutinsky--uso.sudrf.ru,да,85RS0003
Иркутская область,Оса,Осинский,Осинский районный суд Иркутской области,районный_городской,"Районный, городской, межрайонный суд","669200, Иркутская обл, с Оса, ул Свердлова, зд 61",https://osinsky--uso.sudrf.ru/,osinsky--uso.sudrf.ru,да,85RS0004
Иркутская область,Саянск,,Саянский городской суд Иркутской области,районный_городской,"Районный, городской, межрайонный суд","666302, Иркутская обл, г Саянск, мкр Центральный, д 20",https://sayansky--irk.sudrf.ru/,sayansky--irk.sudrf.ru,да,38RS0020
Иркутская область,Слюдянка,Слюдянский,Слюдянский районный суд Иркутской области,районный_городской,"Районный, городской, межрайонный суд","665904, Иркутская обл, г Слюдянка, ул имени майора Кутелева, д 53",https://sludiansky--irk.sudrf.ru/,sludiansky--irk.sudrf.ru,да,38RS0021
Иркутская область,Тайшет,,Тайшетский городской суд Иркутской области,районный_городской,"Районный, городской, межрайонный суд","665009, Иркутская обл, г Тайшет, ул Суворова, д 13",https://taishetsky--irk.sudrf.ru/,taishetsky--irk.sudrf.ru,да,38RS0022
Иркутская область,Тулун,,Тулунский городской суд Иркутской области,районный_городской,"Районный, городской, межрайонный суд","665267, Иркутская обл, г Тулун, ул Песочная, д 2А",https://tulunsky--irk.sudrf.ru/,tulunsky--irk.sudrf.ru,да,38RS0023
Иркутская область,Усолье-Сибирское,,Усольский городской суд Иркутской области,районный_городской,"Районный, городской, межрайонный суд","665451, Иркутская обл, г Усолье-Сибирское, ул Толбухина, зд 60",https://usolsky--irk.sudrf.ru/,usolsky--irk.sudrf.ru,да,38RS0024
Иркутская область,Усть-Илимск,,Усть-Илимский городской суд Иркутской области,районный_городской,"Районный, городской, межрайонный суд","666685, Иркутская обл, г Усть-Илимск, ул Декабристов, д 3",https://ust-ilimsky--irk.sudrf.ru/,ust-ilimsky--irk.sudrf.ru,да,38RS0030
Иркутская область,Усть-Кут,,Усть-Кутский городской суд Иркутской области,районный_городской,"Районный, городской, межрайонный суд","666793, Иркутская обл, г Усть-Кут, ул Володарского, стр 67",https://ust-kutsky--irk.sudrf.ru/,ust-kutsky--irk.sudrf.ru,да,38RS0025
Иркутская область,Усть-Ордынский,Эхирит-Булагатский,Эхирит-Булагатский районный суд Иркутской области,районный_городской,"Районный, городской, межрайонный суд","669001, Иркутская обл, п Усть-Ордынский, ул Ленина, зд 18А",https://ehirit--uso.sudrf.ru/,ehirit--uso.sudrf.ru,да,85RS0006
Иркутская область,Усть-Уда,Усть-Удинский,Усть-Удинский районный суд Иркутской области,районный_городской,"Районный, городской, межрайонный суд","666352, Иркутская обл, п Усть-Уда, ул Ленина, д 3",https://ust-udinsky--irk.sudrf.ru/,ust-udinsky--irk.sudrf.ru,да,38RS0026
Иркутская область,Черемхово,,Черемховский городской суд Иркутской области,районный_городской,"Районный, городской, межрайонный суд","665413, Иркутская обл, г Черемхово, ул Некрасова, д 5",https://cheremhovsky--irk.sudrf.ru/,cheremhovsky--irk.sudrf.ru,да,38RS0028
Иркутская область,Черемхово,Черемховский,Черемховский районный суд Иркутской области,районный_городской,"Районный, городской, межрайонный суд","665413, Иркутская обл, г Черемхово, ул Некрасова, д 5",https://cheremhovski--irk.sudrf.ru/,cheremhovski--irk.sudrf.ru,да,38RS0006
Иркутская область,Чунский,Чунский,Чунский районный суд Иркутской области,районный_городской,"Районный, городской, межрайонный суд","665514, Иркутская обл, рп Чунский, ул Ленина, зд 49",https://chunsky--irk.sudrf.ru/,chunsky--irk.sudrf.ru,да,38RS0027
Иркутская область,Шелехов,,Шелеховский городской суд Иркутской области,районный_городской,"Районный, городской, межрайонный суд","666032, Иркутская обл, г Шелехов, кв-л 18-й, д 4",https://shelehovsky--irk.sudrf.ru/,shelehovsky--irk.sudrf.ru,да,38RS0029
Калининградская область,Багратионовск,Багратионовский,Багратионовский районный суд Калининградской области,районный_городской,"Районный, городской, межрайонный суд","238420, Калининградская обл, г Багратионовск, ул Утина, д 6",https://bagrationovsky--kln.sudrf.ru/,bagrationovsky--kln.sudrf.ru,да,39RS0007
Калининградская область,Балтийск,,Балтийский городской суд Калининградской области,районный_городской,"Районный, городской, межрайонный суд","238520, Калининградская обл, г Балтийск, ул Садовая, д 55",https://baltiysky--kln.sudrf.ru/,baltiysky--kln.sudrf.ru,да,39RS0006
Калининградская область,Гвардейск,Гвардейский,Гвардейский районный суд Калининградской области,районный_городской,"Районный, городской, межрайонный суд","238210, Калининградская обл, г Гвардейск, пер Центральный, д 3",https://gvardeysky--kln.sudrf.ru/,gvardeysky--kln.sudrf.ru,да,39RS0009
Калининградская область,Гурьевск,Гурьевский,Гурьевский районный суд Калининградской области,районный_городской,"Районный, городской, межрайонный суд","238300, Калининградская обл, г Гурьевск, ул Ленина, зд 11",https://gurievsky--kln.sudrf.ru/,gurievsky--kln.sudrf.ru,да,39RS0010
Калининградская область,Гусев,,Гусевский городской суд Калининградской области,районный_городской,"Районный, городской, межрайонный суд","238050, Калининградская обл, г Гусев, ул Московская, д 27",https://gusevsky--kln.sudrf.ru/,gusevsky--kln.sudrf.ru,да,39RS0008
Калининградская область,Зеленоградск,Зеленоградский,Зеленоградский районный суд Калининградской области,районный_городской,"Районный, городской, межрайонный суд","238326, Калининградская обл, г Зеленоградск, ул Пограничная, д 5А",https://zelenogradsky--kln.sudrf.ru/,zelenogradsky--kln.sudrf.ru,да,39RS0011
Калининградская область,Калининград,,Калининградский областной суд,областной,Областной и равный ему суд,"236040, г Калининград, ул Сергеева, д 8",https://oblsud--kln.sudrf.ru/,oblsud--kln.sudrf.ru,да,39OS0000
Калининградская область,Калининград,Ленинградский,Ленинградский районный суд г. Калининграда,районный_городской,"Районный, городской, межрайонный суд","236041, г Калининград, ул А.Невского, д 29",https://leningradsky--kln.sudrf.ru/,leningradsky--kln.sudrf.ru,да,39RS0001
Калининградская область,Калининград,Московский,Московский районный суд г. Калининграда,районный_городской,"Районный, городской, межрайонный суд","236004, г Калининград, ул Дюнная, д 18А",https://moskovsky--kln.sudrf.ru/,moskovsky--kln.sudrf.ru,да,39RS0004
Калининградская область,Калининград,Центральный,Центральный районный суд г. Калининграда,районный_городской,"Районный, городской, межрайонный суд","236022, г Калининград, ул Космонавта Леонова, д 24",https://centralny--kln.sudrf.ru/,centralny--kln.sudrf.ru,да,39RS0002
Калининградская область,Краснознаменск,Краснознаменский,Краснознаменский районный суд Калининградской области,районный_городской,"Районный, городской, межрайонный суд","238730, Калининградская обл, г Краснознаменск, ул Советская, д 34А",https://krasnoznamensky--kln.sudrf.ru/,krasnoznamensky--kln.sudrf.ru,да,39RS0012
Калининградская область,Неман,,Неманский городской суд Калининградской области,районный_городской,"Районный, городской, межрайонный суд","238710, Калининградская обл, г Неман, ул Красноармейская, д 7",https://nemansky--kln.sudrf.ru/,nemansky--kln.sudrf.ru,да,39RS0016
Калининградская область,Нестеров,Нестеровский,Нестеровский районный суд Калининградской области,районный_городской,"Районный, городской, межрайонный суд","238010, Калининградская обл, г Нестеров, ул Московская, д 7",https://nesterovsky--kln.sudrf.ru/,nesterovsky--kln.sudrf.ru,да,39RS0017
Калининградская область,Озерск,Озерский,Озерский районный суд Калининградской области,районный_городской,"Районный, городской, межрайонный суд","238120, Калининградская обл, г Озерск, ул Советская, д 30",https://ozersky--kln.sudrf.ru/,ozersky--kln.sudrf.ru,да,39RS0013
Калининградская область,Полесск,Полесский,Полесский районный суд Калининградской области,районный_городской,"Районный, городской, межрайонный суд","238630, Калининградская обл, г Полесск, ул Пионерская, д 4",https://polessky--kln.sudrf.ru/,polessky--kln.sudrf.ru,да,39RS0014
Калининградская область,Правдинск,Правдинский,Правдинский районный суд Калининградской области,районный_городской,"Районный, городской, межрайонный суд","238400, Калининградская обл, г Правдинск, ул Торговая, зд 16",https://pravdinsky--kln.sudrf.ru/,pravdinsky--kln.sudrf.ru,да,39RS0015
Калининградская область,Светлогорск,,Светлогорский городской суд Калининградской области,районный_городской,"Районный, городской, межрайонный суд","238563, Калининградская обл, г Светлогорск, ул Вокзальная, д 1А",https://svetlogorsky--kln.sudrf.ru/,svetlogorsky--kln.sudrf.ru,да,39RS0020
Калининградская область,Светлый,,Светловский городской суд Калининградской области,районный_городской,"Районный, городской, межрайонный суд","238340, Калининградская обл, г Светлый, ул Ленина, д 2",https://svetlovsky--kln.sudrf.ru/,svetlovsky--kln.sudrf.ru,да,39RS0021
Калининградская область,Славск,Славский,Славский районный суд Калининградской области,районный_городской,"Районный, городской, межрайонный суд","238600, Калининградская обл, г Славск, ул Строителей, д 12",https://slavsky--kln.sudrf.ru/,slavsky--kln.sudrf.ru,да,39RS0018
Калининградская область,Советск,,Советский городской суд Калининградской области,районный_городской,"Районный, городской, межрайонный суд","238750, Калининградская обл, г Советск, ул Алексея Толстого, д 21В",https://sovetsky--kln.sudrf.ru/,sovetsky--kln.sudrf.ru,да,39RS0019
Калининградская область,Черняховск,,Черняховский городской суд Калининградской области,районный_городской,"Районный, городской, межрайонный суд","238150, Калининградская обл, г Черняховск, ул Калинина, д 1",https://cherniahovsky--kln.sudrf.ru/,cherniahovsky--kln.sudrf.ru,да,39RS0022
Калужская область,Боровск,Боровский,Боровский районный суд Калужской области,районный_городской,"Районный, городской, межрайонный суд","249010, Калужская обл, г Боровск, ул Советская, д 8",https://borovsky--klg.sudrf.ru/,borovsky--klg.sudrf.ru,да,40RS0004
Калужская область,Жуков,Жуковский,Жуковский районный суд Калужской области,районный_городской,"Районный, городской, межрайонный суд","249191, Калужская обл, г Жуков, ул Советская, д 23",https://zhukovsky--klg.sudrf.ru/,zhukovsky--klg.sudrf.ru,да,40RS0008
Калужская область,Калуга,,Калужский областной суд,областной,Областной и равный ему суд,"248000, г Калуга, ул Баумана, д 19",https://oblsud--klg.sudrf.ru/,oblsud--klg.sudrf.ru,да,40OS0000
Калужская область,Калуга,Калужский,Калужский районный суд Калужской области,районный_городской,"Районный, городской, межрайонный суд","248000, г Калуга, ул Кутузова, д 4",https://kaluga--klg.sudrf.ru/,kaluga--klg.sudrf.ru,да,40RS0001
Калужская область,Киров,Кировский,Кировский районный суд Калужской области,районный_городской,"Районный, городской, межрайонный суд","249440, Калужская обл, г Киров, ул Ленина, д 12Б",https://kirovsky--klg.sudrf.ru/,kirovsky--klg.sudrf.ru,да,40RS0010
Калужская область,Козельск,Козельский,Козельский районный суд Калужской области,районный_городской,"Районный, городской, межрайонный суд","249722, Калужская обл, г Козельск, ул Советская Б., д 49",https://kozelsky--klg.sudrf.ru/,kozelsky--klg.sudrf.ru,да,40RS0011
Калужская область,Кондрово,Дзержинский,Дзержинский районный суд Калужской области,районный_городской,"Районный, городской, межрайонный суд","249832, Калужская обл, г Кондрово, ул Советская, д 22",https://dzerzhinsky--klg.sudrf.ru/,dzerzhinsky--klg.sudrf.ru,да,40RS0005
Калужская область,Людиново,Людиновский,Людиновский районный суд Калужской области,районный_городской,"Районный, городской, межрайонный суд","249406, Калужская обл, г Людиново, пл Победы, д 5",https://ludinovsky--klg.sudrf.ru/,ludinovsky--klg.sudrf.ru,да,40RS0013
Калужская область,Малоярославец,Малоярославецкий,Малоярославецкий районный суд Калужской области,районный_городской,"Районный, городской, межрайонный суд","249096, Калужская обл, г Малоярославец, ул Почтовая, д 9",https://maloyaroslavecky--klg.sudrf.ru/,maloyaroslavecky--klg.sudrf.ru,да,40RS0017
Калужская область,Обнинск,,Обнинский городской суд Калужской области,районный_городской,"Районный, городской, межрайонный суд","249031, Калужская обл, г Обнинск, ул Курчатова, д 20А",https://obninsky--klg.sudrf.ru/,obninsky--klg.sudrf.ru,да,40RS0026
Калужская область,Сухиничи,Сухиничский,Сухиничский районный суд Калужской области,районный_городской,"Районный, городской, межрайонный суд","249275, Калужская обл, г Сухиничи, ул Лобачева, д 3",https://suxinichsky--klg.sudrf.ru/,suxinichsky--klg.sudrf.ru,да,40RS0020
Камчатский край,Вилючинск,,Вилючинский городской суд Камчатского края,районный_городской,"Районный, городской, межрайонный суд","684090, Камчатский край, г Вилючинск, ул Спортивная, д 5А",https://viluchinsky--kam.sudrf.ru/,viluchinsky--kam.sudrf.ru,да,41RS0003
Камчатский край,Елизово,Елизовский,Елизовский районный суд Камчатского края,районный_городской,"Районный, городской, межрайонный суд","684000, Камчатский край, г Елизово, ул 40 лет Октября, д 7А",https://elizovsky--kam.sudrf.ru/,elizovsky--kam.sudrf.ru,да,41RS0002
Камчатский край,Мильково,Мильковский,Мильковский районный суд Камчатского края,районный_городской,"Районный, городской, межрайонный суд","684300, Камчатский край, с Мильково, ул Октябрьская, д 14",https://milkovsky--kam.sudrf.ru/,milkovsky--kam.sudrf.ru,да,41RS0006
Камчатский край,Петропавловск-Камчатский,,Камчатский краевой суд,областной,Областной и равный ему суд,"683001, г Петропавловск-Камчатский, ул Ленинская, д 52",https://oblsud--kam.sudrf.ru/,oblsud--kam.sudrf.ru,да,41OS0000
Камчатский край,Петропавловск-Камчатский,,Петропавловск-Камчатский городской суд Камчатского края,районный_городской,"Районный, городской, межрайонный суд","683009, г Петропавловск-Камчатский, ул Академика Курчатова, д 6",https://p-kamchatsky--kam.sudrf.ru/,p-kamchatsky--kam.sudrf.ru,да,41RS0001
Камчатский край,Тигиль,Тигильский,Тигильский районный суд Камчатского края,районный_городской,"Районный, городской, межрайонный суд","688600, Камчатский край, с Тигиль, ул Юшина, зд 2",https://tigilsky--kor.sudrf.ru/,tigilsky--kor.sudrf.ru,да,82RS0002
Камчатский край,Тиличики,Олюторский,Олюторский районный суд Камчатского края,районный_городской,"Районный, городской, межрайонный суд","688800, Камчатский край, с Тиличики, пер Печатный, зд 2",https://olyutorsky--kor.sudrf.ru/,olyutorsky--kor.sudrf.ru,да,82RS0001
Камчатский край,Усть-Большерецк,Усть-Большерецкий,Усть-Большерецкий районный суд Камчатского края,районный_городской,"Районный, городской, межрайонный суд","684100, Камчатский край, с Усть-Большерецк, ул Калининская, д 19",https://ust-bolsherecky--kam.sudrf.ru/,ust-bolsherecky--kam.sudrf.ru,да,41RS0008
Камчатский край,Усть-Камчатск,Усть-Камчатский,Усть-Камчатский районный суд Камчатского края,районный_городской,"Районный, городской, межрайонный суд","684414, Камчатский край, п Усть-Камчатск, ул Кооперативная, д 4",https://ust-kamchatsky--kam.sudrf.ru/,ust-kamchatsky--kam.sudrf.ru,да,41RS0009
Кемеровская область,Анжеро-Судженск,,Анжеро-Судженский городской суд Кемеровской области,районный_городской,"Районный, городской, межрайонный суд","652470, Кемеровская область - Кузбасс, г Анжеро-Судженск, ул Ленина, д 9",https://anzhero-sudzhensky--kmr.sudrf.ru/,anzhero-sudzhensky--kmr.sudrf.ru,да,42RS0001
Кемеровская область,Белово,,Беловский городской суд Кемеровской области,районный_городской,"Районный, городской, межрайонный суд","652600, Кемеровская область - Кузбасс, г Белово, ул Ленина, д 12",https://belovskygor--kmr.sudrf.ru/,belovskygor--kmr.sudrf.ru,да,42RS0002
Кемеровская область,Белово,Беловский,Беловский районный суд Кемеровской области,районный_городской,"Районный, городской, межрайонный суд","652600, Кемеровская область - Кузбасс, г Белово, ул Ленина, д 37А",https://belovsky--kmr.sudrf.ru/,belovsky--kmr.sudrf.ru,да,42RS0038
Кемеровская область,Березовский,,Березовский городской суд Кемеровской области,районный_городской,"Районный, городской, межрайонный суд","652421, Кемеровская область - Кузбасс, г Березовский, ул Черняховского, д 14",https://berezovsky--kmr.sudrf.ru/,berezovsky--kmr.sudrf.ru,да,42RS0003
Кемеровская область,Верх-Чебула,Чебулинский,Чебулинский районный суд Кемеровской области,районный_городской,"Районный, городской, межрайонный суд","652270, Кемеровская область - Кузбасс, Чебулинский р-н, пгт Верх-Чебула, ул Октябрьская, д 22",https://chebulinsky--kmr.sudrf.ru/,chebulinsky--kmr.sudrf.ru,да,42RS0028
Кемеровская область,Гурьевск,,Гурьевский городской суд Кемеровской области,районный_городской,"Районный, городской, межрайонный суд","652780, Кемеровская область - Кузбасс, г Гурьевск, ул К.Маркса, д 12",https://guryevsky--kmr.sudrf.ru/,guryevsky--kmr.sudrf.ru,да,42RS0004
Кемеровская область,Ижморский,Ижморский,Ижморский районный суд Кемеровской области,районный_городской,"Районный, городской, межрайонный суд","652120, Кемеровская область - Кузбасс, пгт Ижморский, ул Ленинская, д 65",https://izhmorsky--kmr.sudrf.ru/,izhmorsky--kmr.sudrf.ru,да,42RS0039
Кемеровская область,Калтан,Калтанский,Калтанский районный суд Кемеровской области,районный_городской,"Районный, городской, межрайонный суд","652740, Кемеровская область - Кузбасс, г Калтан, ул Комсомольская, зд 77А",https://kaltansky--kmr.sudrf.ru/,kaltansky--kmr.sudrf.ru,да,42RS0041
Кемеровская область,Кемерово,,Восьмой кассационный суд общей юрисдикции,кассация,Кассационный суд общей юрисдикции,"650035, г Кемерово, пр-кт Притомский, зд 2",https://8kas.sudrf.ru/,8kas.sudrf.ru,да,42KJ0008
Кемеровская область,Кемерово,,Кемеровский областной суд,областной,Областной и равный ему суд,"650056, г Кемерово, пр-кт Химиков, зд 9",https://oblsud--kmr.sudrf.ru/,oblsud--kmr.sudrf.ru,да,42OS0000
Кемеровская область,Кемерово,Заводский,Заводский районный суд г. Кемерово,районный_городской,"Районный, городской, межрайонный суд","650055, г Кемерово, ул Федоровского, стр 5В",https://zavodskiy--kmr.sudrf.ru/,zavodskiy--kmr.sudrf.ru,да,42RS0005
Кемеровская область,Кемерово,Кемеровский,Кемеровский районный суд Кемеровской области,районный_городской,"Районный, городской, межрайонный суд","650000, г Кемерово, ул Кузбасская, д 28А",https://kemerovsky--kmr.sudrf.ru/,kemerovsky--kmr.sudrf.ru,да,42RS0040
Кемеровская область,Кемерово,Кировский,Кировский районный суд г. Кемерово,районный_городской,"Районный, городской, межрайонный суд","650001, г Кемерово, ул Ушакова, д 4",https://kirovsky--kmr.sudrf.ru/,kirovsky--kmr.sudrf.ru,да,42RS0006
Кемеровская область,Кемерово,Ленинский,Ленинский районный суд г. Кемерово,районный_городской,"Районный, городской, межрайонный суд","650003, г Кемерово, пр-кт Химиков, зд 20",https://leninsky--kmr.sudrf.ru/,leninsky--kmr.sudrf.ru,да,42RS0007
Кемеровская область,Кемерово,Рудничный,Рудничный районный суд г. Кемерово,районный_городской,"Районный, городской, межрайонный суд","650002, г Кемерово, пр-кт Шахтеров, д 33",https://rudnichny--kmr.sudrf.ru/,rudnichny--kmr.sudrf.ru,да,42RS0008
Кемеровская область,Кемерово,Центральный,Центральный районный суд г. Кемерово,районный_городской,"Районный, городской, межрайонный суд","650000, г Кемерово, ул Николая Островского, стр 12",https://centralniy--kmr.sudrf.ru/,centralniy--kmr.sudrf.ru,да,42RS0009
Кемеровская область,Киселевск,,Киселевский городской суд Кемеровской области,районный_городской,"Районный, городской, межрайонный суд","652723, Кемеровская область - Кузбасс, г Киселевск, ул Мира, зд 1",https://kiselevsky--kmr.sudrf.ru/,kiselevsky--kmr.sudrf.ru,да,42RS0010
Кемеровская область,Крапивинский,Крапивинский,Крапивинский районный суд Кемеровской области,районный_городской,"Районный, городской, межрайонный суд","652440, Кемеровская область - Кузбасс, пгт Крапивинский, ул Юбилейная, д 13",https://krapivinsky--kmr.sudrf.ru/,krapivinsky--kmr.sudrf.ru,да,42RS0021
Кемеровская область,Ленинск-Кузнецкий,,Ленинск-Кузнецкий городской суд Кемеровской области,районный_городской,"Районный, городской, межрайонный суд","652500, Кемеровская область - Кузбасс, Ленинск-Кузнецкий р-н, г Ленинск-Кузнецкий, пр-кт Кирова, д 22",https://leninsk-kuznecky--kmr.sudrf.ru/,leninsk-kuznecky--kmr.sudrf.ru,да,42RS0011
Кемеровская область,Мариинск,,Мариинский городской суд Кемеровской области,районный_городской,"Районный, городской, межрайонный суд","652150, Кемеровская область - Кузбасс, г Мариинск, ул Ленина, д 44",https://mariinsky--kmr.sudrf.ru/,mariinsky--kmr.sudrf.ru,да,42RS0012
Кемеровская область,Междуреченск,,Междуреченский городской суд Кемеровской области,районный_городской,"Районный, городской, межрайонный суд","652870, Кемеровская область - Кузбасс, г Междуреченск, ул Чехова, д 11А",https://mezhdurechensky--kmr.sudrf.ru/,mezhdurechensky--kmr.sudrf.ru,да,42RS0013
Кемеровская область,Мыски,,Мысковский городской суд Кемеровской области,районный_городской,"Районный, городской, межрайонный суд","652840, Кемеровская область - Кузбасс, г Мыски, ул Первомайская, д 10",https://myskovsky--kmr.sudrf.ru/,myskovsky--kmr.sudrf.ru,да,42RS0014
Кемеровская область,Новокузнецк,Заводской,Заводской районный суд г. Новокузнецка Кемеровской области,районный_городской,"Районный, городской, межрайонный суд","654038, Кемеровская область - Кузбасс, г Новокузнецк, р-н Заводской, ул Тореза, д 22А",https://zavodskoy--kmr.sudrf.ru/,zavodskoy--kmr.sudrf.ru,да,42RS0015
Кемеровская область,Новокузнецк,Кузнецкий,Кузнецкий районный суд г. Новокузнецка Кемеровской области,районный_городской,"Районный, городской, межрайонный суд","654032, Кемеровская область - Кузбасс, г Новокузнецк, р-н Кузнецкий, ул Смирнова, д 10",https://kuznecky--kmr.sudrf.ru/,kuznecky--kmr.sudrf.ru,да,42RS0017
Кемеровская область,Новокузнецк,Куйбышевский,Куйбышевский районный суд г. Новокузнецка Кемеровской области,районный_городской,"Районный, городской, межрайонный суд","654027, Кемеровская область - Кузбасс, г. Новокузнецк, просп. Курако, д. 37 Б",https://kuybyshevsky--kmr.sudrf.ru/,kuybyshevsky--kmr.sudrf.ru,да,42RS0016
Кемеровская область,Новокузнецк,Новоильинский,Новоильинский районный суд г. Новокузнецка Кемеровской области,районный_городской,"Районный, городской, межрайонный суд","654044, Кемеровская область - Кузбасс, г Новокузнецк, р-н Новоильинский, пр-кт Архитекторов, д 28",https://novoilinsky--kmr.sudrf.ru/,novoilinsky--kmr.sudrf.ru,да,42RS0042
Кемеровская область,Новокузнецк,Новокузнецкий,Новокузнецкий районный суд Кемеровской области,районный_городской,"Районный, городской, межрайонный суд","654007, Кемеровская область - Кузбасс, г Новокузнецк, р-н Центральный, пр-кт Пионерский, д 23",https://novokuznecky--kmr.sudrf.ru/,novokuznecky--kmr.sudrf.ru,да,42RS0023
Кемеровская область,Новокузнецк,Орджоникидзевский,Орджоникидзевский районный суд г. Новокузнецка Кемеровской области,районный_городской,"Районный, городской, межрайонный суд","654025, Кемеровская область - Кузбасс, г Новокузнецк, р-н Орджоникидзевский, ул Дузенко, д 16А",https://ordzhonikidzevsky--kmr.sudrf.ru/,ordzhonikidzevsky--kmr.sudrf.ru,да,42RS0018
Кемеровская область,Новокузнецк,Центральный,Центральный районный суд г. Новокузнецка Кемеровской области,районный_городской,"Районный, городской, межрайонный суд","654005, Кемеровская область - Кузбасс, г Новокузнецк, р-н Центральный, ул Орджоникидзе, д 32",https://centralny--kmr.sudrf.ru/,centralny--kmr.sudrf.ru,да,42RS0019
Кемеровская область,Осинники,,Осинниковский городской суд Кемеровской области,районный_городской,"Районный, городской, межрайонный суд","652800, Кемеровская область - Кузбасс, г Осинники, ул Кирова, д 46",https://osinnikovsky--kmr.sudrf.ru/,osinnikovsky--kmr.sudrf.ru,да,42RS0020
Кемеровская область,Прокопьевск,Зенковский,Зенковский районный суд г. Прокопьевска Кемеровской области,районный_городской,"Районный, городской, межрайонный суд","653000, Кемеровская область - Кузбасс, г Прокопьевск, ул Карла Либкнехта, д 9",https://zenkovsky--kmr.sudrf.ru/,zenkovsky--kmr.sudrf.ru,да,42RS0031
Кемеровская область,Прокопьевск,Прокопьевский,Прокопьевский районный суд Кемеровской области,районный_городской,"Районный, городской, межрайонный суд","653039, Кемеровская область - Кузбасс, г Прокопьевск, пр-кт Гагарина, д 1В",https://prokopyevsky--kmr.sudrf.ru/,prokopyevsky--kmr.sudrf.ru,да,42RS0024
Кемеровская область,Прокопьевск,Рудничный,Рудничный районный суд г. Прокопьевска Кемеровской области,районный_городской,"Районный, городской, межрайонный суд","653045, Кемеровская область - Кузбасс, г Прокопьевск, ул Шишкина, д 23",https://rudnichniy--kmr.sudrf.ru/,rudnichniy--kmr.sudrf.ru,да,42RS0032
Кемеровская область,Прокопьевск,Центральный,Центральный районный суд г. Прокопьевска Кемеровской области,районный_городской,"Районный, городской, межрайонный суд","653000, Кемеровская область - Кузбасс, г Прокопьевск, ул Карла Либкнехта, д 9",https://centr--kmr.sudrf.ru/,centr--kmr.sudrf.ru,да,42RS0033
Кемеровская область,Промышленная,Промышленновский,Промышленновский районный суд Кемеровской области,районный_городской,"Районный, городской, межрайонный суд","652380, Кемеровская область - Кузбасс, пгт Промышленная, ул Коммунистическая, д 27",https://promyshlenovsky--kmr.sudrf.ru/,promyshlenovsky--kmr.sudrf.ru,да,42RS0025
Кемеровская область,Тайга,,Тайгинский городской суд Кемеровской области,районный_городской,"Районный, городской, межрайонный суд","652401, Кемеровская область - Кузбасс, г Тайга, пр-кт Кирова, д 23",https://taiginsky--kmr.sudrf.ru/,taiginsky--kmr.sudrf.ru,да,42RS0034
Кемеровская область,Таштагол,,Таштагольский городской суд Кемеровской области,районный_городской,"Районный, городской, межрайонный суд","652992, Кемеровская область - Кузбасс, г Таштагол, ул Поспелова, зд 14",https://tashtagolsky--kmr.sudrf.ru/,tashtagolsky--kmr.sudrf.ru,да,42RS0035
Кемеровская область,Тисуль,Тисульский,Тисульский районный суд Кемеровской области,районный_городской,"Районный, городской, межрайонный суд","652210, Кемеровская область - Кузбасс, Тисульский р-н, пгт Тисуль, ул Пролетарская, д 37",https://tisulsky--kmr.sudrf.ru/,tisulsky--kmr.sudrf.ru,да,42RS0026
Кемеровская область,Топки,,Топкинский городской суд Кемеровской области,районный_городской,"Районный, городской, межрайонный суд","652300, Кемеровская область - Кузбасс, г Топки, ул Революции, д 18",https://topkinsky--kmr.sudrf.ru/,topkinsky--kmr.sudrf.ru,да,42RS0036
Кемеровская область,Тяжинский,Тяжинский,Тяжинский районный суд Кемеровской области,районный_городской,"Районный, городской, межрайонный суд","652240, Кемеровская область - Кузбасс, пгт Тяжинский, ул Ленина, д 7",https://tiazhinsky--kmr.sudrf.ru/,tiazhinsky--kmr.sudrf.ru,да,42RS0027
Кемеровская область,Юрга,,Юргинский городской суд Кемеровской области,районный_городской,"Районный, городской, межрайонный суд","652057, Кемеровская область - Кузбасс, г Юрга, ул Максименко, д 10А",https://yurginsky--kmr.sudrf.ru/,yurginsky--kmr.sudrf.ru,да,42RS0037
Кемеровская область,Яшкино,Яшкинский,Яшкинский районный суд Кемеровской области,районный_городской,"Районный, городской, межрайонный суд","652010, Кемеровская область - Кузбасс, пгт Яшкино, ул Суворова, д 16",https://yashkinsky--kmr.sudrf.ru/,yashkinsky--kmr.sudrf.ru,да,42RS0030
Кемеровская область,Яя,Яйский,Яйский районный суд Кемеровской области,районный_городской,"Районный, городской, межрайонный суд","652100, Кемеровская область - Кузбасс, Яйский р-н, пгт Яя, ул Советская, зд 19",https://yaisky--kmr.sudrf.ru/,yaisky--kmr.sudrf.ru,да,42RS0029
Кировская область,Вятские Поляны,Вятскополянский,Вятскополянский районный суд Кировской области,районный_городской,"Районный, городской, межрайонный суд","612961, Кировская обл, г Вятские Поляны, ул Советская, д 26А",https://vyatskopolyansky--kir.sudrf.ru/,vyatskopolyansky--kir.sudrf.ru,да,43RS0010
Кировская область,Зуевка,Зуевский,Зуевский районный суд Кировской области,районный_городской,"Районный, городской, межрайонный суд","612412, Кировская обл, г Зуевка, ул Восточная, д 9",https://zuevsky--kir.sudrf.ru/,zuevsky--kir.sudrf.ru,да,43RS0013
Кировская область,Киров,,Кировский областной суд,областной,Областной и равный ему суд,"610000, г Киров, ул Спасская, д 63",https://oblsud--kir.sudrf.ru/,oblsud--kir.sudrf.ru,да,43OS0000
Кировская область,Киров,Ленинский,Ленинский районный суд г. Кирова,районный_городской,"Районный, городской, межрайонный суд","610000, г Киров, ул Спасская, д 20",https://leninsky--kir.sudrf.ru/,leninsky--kir.sudrf.ru,да,43RS0001
Кировская область,Киров,Нововятский,Нововятский районный суд г. Кирова,районный_городской,"Районный, городской, межрайонный суд","610008, г Киров, ул Красноармейская (Нововятский), д 10",https://novovyatsky--kir.sudrf.ru/,novovyatsky--kir.sudrf.ru,да,43RS0004
Кировская область,Киров,Октябрьский,Октябрьский районный суд г. Кирова,районный_городской,"Районный, городской, межрайонный суд","610046, г Киров, ул Московская, д 70",https://oktyabrsky--kir.sudrf.ru/,oktyabrsky--kir.sudrf.ru,да,43RS0002
Кировская область,Киров,Первомайский,Первомайский районный суд г. Кирова,районный_городской,"Районный, городской, межрайонный суд","610035, г Киров, ул Калинина, д 57",https://pervomaysky--kir.sudrf.ru/,pervomaysky--kir.sudrf.ru,да,43RS0003
Кировская область,Кирово-Чепецк,Кирово-Чепецкий,Кирово-Чепецкий районный суд Кировской области,районный_городской,"Районный, городской, межрайонный суд","613050, Кировская обл, г Кирово-Чепецк, пр-кт Россия, д 30/2",https://kirovochepetcky--kir.sudrf.ru/,kirovochepetcky--kir.sudrf.ru,да,43RS0017
Кировская область,Кирс,Верхнекамский,Верхнекамский районный суд Кировской области,районный_городской,"Районный, городской, межрайонный суд","612820, Кировская обл, г Кирс, ул Милицейская, д 6",https://verhnekamsky--kir.sudrf.ru/,verhnekamsky--kir.sudrf.ru,да,43RS0011
Кировская область,Котельнич,Котельничский,Котельничский районный суд Кировской области,районный_городской,"Районный, городской, межрайонный суд","612601, Кировская обл, г Котельнич, ул Советская, д 27",https://kotelnichesky--kir.sudrf.ru/,kotelnichesky--kir.sudrf.ru,да,43RS0018
Кировская область,Кумены,Куменский,Куменский районный суд Кировской области,районный_городской,"Районный, городской, межрайонный суд","613400, Кировская обл, пгт Кумены, ул Кирова, д 8",https://kumensky--kir.sudrf.ru/,kumensky--kir.sudrf.ru,да,43RS0016
Кировская область,Ленинское,Шабалинский,Шабалинский районный суд Кировской области,районный_городской,"Районный, городской, межрайонный суд","612020, Кировская обл, пгт Ленинское, ул Гагарина, д 76",https://shabalinsky--kir.sudrf.ru/,shabalinsky--kir.sudrf.ru,да,43RS0041
Кировская область,Луза,Лузский,Лузский районный суд Кировской области,районный_городской,"Районный, городской, межрайонный суд","613980, Кировская обл, г Луза, пер Набережный 1-й, д 22А",https://luzsky--kir.sudrf.ru/,luzsky--kir.sudrf.ru,да,43RS0020
Кировская область,Малмыж,Малмыжский,Малмыжский районный суд Кировской области,районный_городской,"Районный, городской, межрайонный суд","612920, Кировская обл, г Малмыж, ул Комсомольская, д 67",https://malmizhsky--kir.sudrf.ru/,malmizhsky--kir.sudrf.ru,да,43RS0021
Кировская область,Мураши,Мурашинский,Мурашинский районный суд Кировской области,районный_городской,"Районный, городской, межрайонный суд","613710, Кировская обл, г Мураши, ул Кирова, д 31",https://murashinsky--kir.sudrf.ru/,murashinsky--kir.sudrf.ru,да,43RS0022
Кировская область,Нолинск,Нолинский,Нолинский районный суд Кировской области,районный_городской,"Районный, городской, межрайонный суд","613440, Кировская обл, г Нолинск, ул Фрунзе, д 5",https://nolinsky--kir.sudrf.ru/,nolinsky--kir.sudrf.ru,да,43RS0025
Кировская область,Омутнинск,Омутнинский,Омутнинский районный суд Кировской области,районный_городской,"Районный, городской, межрайонный суд","612740, Кировская обл, г Омутнинск, ул Коковихина, д 40",https://omutninsky--kir.sudrf.ru/,omutninsky--kir.sudrf.ru,да,43RS0026
Кировская область,Оричи,Оричевский,Оричевский районный суд Кировской области,районный_городской,"Районный, городской, межрайонный суд","612080, Кировская обл, пгт Оричи, ул Карла Маркса, д 16",https://orichevsky--kir.sudrf.ru/,orichevsky--kir.sudrf.ru,да,43RS0028
Кировская область,Подосиновец,Подосиновский,Подосиновский районный суд Кировской области,районный_городской,"Районный, городской, межрайонный суд","613930, Кировская обл, пгт Подосиновец, ул Полярная, д 2",https://podosinovsky--kir.sudrf.ru/,podosinovsky--kir.sudrf.ru,да,43RS0031
Кировская область,Санчурск,Санчурский,Санчурский районный суд Кировской области,районный_городской,"Районный, городской, межрайонный суд","612370, Кировская обл, пгт Санчурск, ул Ленина, д 1",https://sanchursky--kir.sudrf.ru/,sanchursky--kir.sudrf.ru,да,43RS0032
Кировская область,Слободской,Слободской,Слободской районный суд Кировской области,районный_городской,"Районный, городской, межрайонный суд","613152, Кировская обл, г Слободской, ул Октябрьская, д 1",https://slobodskoy--kir.sudrf.ru/,slobodskoy--kir.sudrf.ru,да,43RS0034
Кировская область,Советск,Советский,Советский районный суд Кировской области,районный_городской,"Районный, городской, межрайонный суд","613340, Кировская обл, г Советск, ул Энгельса, д 50",https://sovetsky--kir.sudrf.ru/,sovetsky--kir.sudrf.ru,да,43RS0035
Кировская область,Уни,Унинский,Унинский районный суд Кировской области,районный_городской,"Районный, городской, межрайонный суд","612540, Кировская обл, пгт Уни, тракт Уни-Порез, д 4",https://uninsky--kir.sudrf.ru/,uninsky--kir.sudrf.ru,да,43RS0038
Кировская область,Уржум,Уржумский,Уржумский районный суд Кировской области,районный_городской,"Районный, городской, межрайонный суд","613530, Кировская обл, г Уржум, ул Советская, д 22",https://urzhumsky--kir.sudrf.ru/,urzhumsky--kir.sudrf.ru,да,43RS0039
Кировская область,Юрья,Юрьянский,Юрьянский районный суд Кировской области,районный_городской,"Районный, городской, межрайонный суд","613600, Кировская обл, пгт Юрья, ул Большевиков, д 41",https://yuryansky--kir.sudrf.ru/,yuryansky--kir.sudrf.ru,да,43RS0042
Кировская область,Яранск,Яранский,Яранский районный суд Кировской области,районный_городской,"Районный, городской, межрайонный суд","612260, Кировская обл, г Яранск, ул Карла Маркса, д 14",https://yaransky--kir.sudrf.ru/,yaransky--kir.sudrf.ru,да,43RS0043
Костромская область,Буй,Буйский,Буйский районный суд Костромской области,районный_городской,"Районный, городской, межрайонный суд","157000, Костромская обл, г Буй, пл Революции, д 13",https://buisky--kst.sudrf.ru/,buisky--kst.sudrf.ru,да,44RS0005
Костромская область,Вохма,Вохомский,Вохомский районный суд Костромской области,районный_городской,"Районный, городской, межрайонный суд","157760, Костромская обл, п Вохма, ул Советская, д 39А",https://vohomsky--kst.sudrf.ru/,vohomsky--kst.sudrf.ru,да,44RS0015
Костромская область,Галич,Галичский,Галичский районный суд Костромской области,районный_городской,"Районный, городской, межрайонный суд","157201, Костромская обл, г Галич, пл Революции, д 27А",https://galichsky--kst.sudrf.ru/,galichsky--kst.sudrf.ru,да,44RS0006
Костромская область,Кологрив,Кологривский,Кологривский районный суд Костромской области,районный_городской,"Районный, городской, межрайонный суд","157440, Костромская обл, г Кологрив, ул Кирова, д 28",https://kologrivsky--kst.sudrf.ru/,kologrivsky--kst.sudrf.ru,да,44RS0024
Костромская область,Кострома,,Костромской областной суд,областной,Областной и равный ему суд,"156029, г Кострома, ул Скворцова, д 3",https://oblsud--kst.sudrf.ru/,oblsud--kst.sudrf.ru,да,44OS0000
Костромская область,Кострома,Димитровский,Димитровский районный суд г. Костромы,районный_городской,"Районный, городской, межрайонный суд","156001, г Кострома, пер Инженерный, д 1А",https://dimitrovsky--kst.sudrf.ru/,dimitrovsky--kst.sudrf.ru,да,44RS0026
Костромская область,Кострома,Костромской,Костромской районный суд Костромской области,районный_городской,"Районный, городской, межрайонный суд","156000, г Кострома, ул Шагова, д 1",https://kostromskoy--kst.sudrf.ru/,kostromskoy--kst.sudrf.ru,да,44RS0028
Костромская область,Кострома,Ленинский,Ленинский районный суд г. Костромы,районный_городской,"Районный, городской, межрайонный суд","156013, г Кострома, пр-кт Мира, д 51",https://leninsky--kst.sudrf.ru/,leninsky--kst.sudrf.ru,да,44RS0002
Костромская область,Кострома,Свердловский,Свердловский районный суд г. Костромы,районный_городской,"Районный, городской, межрайонный суд","156000, г Кострома, ул Долматова, д 14",https://sverdlovsky--kst.sudrf.ru/,sverdlovsky--kst.sudrf.ru,да,44RS0001
Костромская область,Красное-на-Волге,Красносельский,Красносельский районный суд Костромской области,районный_городской,"Районный, городской, межрайонный суд","157940, Костромская обл, пгт Красное-на-Волге, ул Луначарского, д 12",https://krasnoselsky--kst.sudrf.ru/,krasnoselsky--kst.sudrf.ru,да,44RS0013
Костромская область,Макарьев,Макарьевский,Макарьевский районный суд Костромской области,районный_городской,"Районный, городской, межрайонный суд","157460, Костромская обл, г Макарьев, пл Революции, д 3",https://makarievsky--kst.sudrf.ru/,makarievsky--kst.sudrf.ru,да,44RS0023
Костромская область,Мантурово,Мантуровский,Мантуровский районный суд Костромской области,районный_городской,"Районный, городской, межрайонный суд","157300, Костромская обл, г Мантурово, ул Советская, д 27А",https://manturovsky--kst.sudrf.ru/,manturovsky--kst.sudrf.ru,да,44RS0004
Костромская область,Нерехта,Нерехтский,Нерехтский районный суд Костромской области,районный_городской,"Районный, городской, межрайонный суд","157800, Костромская обл, г Нерехта, ул Красноармейская, д 6",https://nerehtsky--kst.sudrf.ru/,nerehtsky--kst.sudrf.ru,да,44RS0027
Костромская область,Нея,Нейский,Нейский районный суд Костромской области,районный_городской,"Районный, городской, межрайонный суд","157330, Костромская обл, г Нея, ул Советская, д 22",https://neisky--kst.sudrf.ru/,neisky--kst.sudrf.ru,да,44RS0011
Костромская область,Островское,Островский,Островский районный суд Костромской области,районный_городской,"Районный, городской, межрайонный суд","157900, Костромская обл, п Островское, ул Советская, д 41",https://ostrovsky--kst.sudrf.ru/,ostrovsky--kst.sudrf.ru,да,44RS0014
Костромская область,Чухлома,Чухломский,Чухломский районный суд Костромской области,районный_городской,"Районный, городской, межрайонный суд","157130, Костромская обл, г Чухлома, ул Ленина, д 1А",https://chuhlomsky--kst.sudrf.ru/,chuhlomsky--kst.sudrf.ru,да,44RS0019
Костромская область,Шарья,Шарьинский,Шарьинский районный суд Костромской области,районный_городской,"Районный, городской, межрайонный суд","157500, Костромская обл, г Шарья, ул Ольги Степановой, д 66",https://sharinsky--kst.sudrf.ru/,sharinsky--kst.sudrf.ru,да,44RS0003
Краснодарский край,Абинск,Абинский,Абинский районный суд Краснодарского края,районный_городской,"Районный, городской, межрайонный суд","353320, Краснодарский край, г Абинск, пр-кт Комсомольский, д 108",https://abinsk--krd.sudrf.ru/,abinsk--krd.sudrf.ru,да,23RS0001
Краснодарский край,Анапа,,Анапский городской суд Краснодарского края,районный_городской,"Районный, городской, межрайонный суд","353440, Краснодарский край, г Анапа, ул Ленина, д 6",https://anapa-gor--krd.sudrf.ru/,anapa-gor--krd.sudrf.ru,да,23RS0003
Краснодарский край,Анапа,Анапский,Анапский районный суд Краснодарского края,районный_городской,"Районный, городской, межрайонный суд","353440, Краснодарский край, г Анапа, ул Шевченко, д 241",https://anapa--krd.sudrf.ru/,anapa--krd.sudrf.ru,да,23RS0004
Краснодарский край,Апшеронск,Апшеронский,Апшеронский районный суд Краснодарского края,районный_городской,"Районный, городской, межрайонный суд","352690, Краснодарский край, г Апшеронск, ул Ленина, д 73",https://apsheronsk--krd.sudrf.ru/,apsheronsk--krd.sudrf.ru,да,23RS0005
Краснодарский край,Армавир,,Армавирский городской суд Краснодарского края,районный_городской,"Районный, городской, межрайонный суд","352901, Краснодарский край, г Армавир, ул Розы Люксембург, д 171, кв 173",https://armavir--krd.sudrf.ru/,armavir--krd.sudrf.ru,да,23RS0006
Краснодарский край,Белая Глина,Белоглинский,Белоглинский районный суд Краснодарского края,районный_городской,"Районный, городской, межрайонный суд","353040, Краснодарский край, с Белая Глина, ул Красная, д 138",https://beloglinsk--krd.sudrf.ru/,beloglinsk--krd.sudrf.ru,да,23RS0007
Краснодарский край,Белореченск,Белореченский,Белореченский районный суд Краснодарского края,районный_городской,"Районный, городской, межрайонный суд","352630, Краснодарский край, г Белореченск, ул Красная, д 63",https://belorechensk--krd.sudrf.ru/,belorechensk--krd.sudrf.ru,да,23RS0008
Краснодарский край,Брюховецкая,Брюховецкий,Брюховецкий районный суд Краснодарского края,районный_городской,"Районный, городской, межрайонный суд","352750, Краснодарский край, ст-ца Брюховецкая, ул Красная, д 189",https://bruxovecky--krd.sudrf.ru/,bruxovecky--krd.sudrf.ru,да,23RS0009
Краснодарский край,Выселки,Выселковский,Выселковский районный суд Краснодарского края,районный_городской,"Районный, городской, межрайонный суд","353100, Краснодарский край, ст-ца Выселки, ул Ленина, д 1",https://viselkovsky--krd.sudrf.ru/,viselkovsky--krd.sudrf.ru,да,23RS0010
Краснодарский край,Геленджик,,Геленджикский городской суд Краснодарского края,районный_городской,"Районный, городской, межрайонный суд","353460, Краснодарский край, г Геленджик, ул Ленина, д 7",https://gelendjik-gor--krd.sudrf.ru/,gelendjik-gor--krd.sudrf.ru,да,23RS0011
Краснодарский край,Горячий Ключ,,Горячеключевской городской суд Краснодарского края,районный_городской,"Районный, городской, межрайонный суд","353292, Краснодарский край, г Горячий Ключ, ул Ленина, д 20",https://gor-kluch--krd.sudrf.ru/,gor-kluch--krd.sudrf.ru,да,23RS0012
Краснодарский край,Гулькевичи,Гулькевичский,Гулькевичский районный суд Краснодарского края,районный_городской,"Районный, городской, межрайонный суд","352190, Краснодарский край, г Гулькевичи, ул Советская, д 11",https://gulkevichi--krd.sudrf.ru/,gulkevichi--krd.sudrf.ru,да,23RS0013
Краснодарский край,Динская,Динской,Динской районный суд Краснодарского края,районный_городской,"Районный, городской, межрайонный суд","353204, Краснодарский край, ст-ца Динская, ул Луначарского, д 46",https://dinskoy--krd.sudrf.ru/,dinskoy--krd.sudrf.ru,да,23RS0014
Краснодарский край,Ейск,,Ейский городской суд Краснодарского края,районный_городской,"Районный, городской, межрайонный суд","353680, Краснодарский край, г Ейск, ул К.Либкнехта, д 62",https://eisk-gor--krd.sudrf.ru/,eisk-gor--krd.sudrf.ru,да,23RS0015
Краснодарский край,Ейск,Ейский,Ейский районный суд Краснодарского края,районный_городской,"Районный, городской, межрайонный суд","353680, Краснодарский край, г Ейск, ул К.Либкнехта, д 62",https://eisk--krd.sudrf.ru/,eisk--krd.sudrf.ru,да,23RS0016
Краснодарский край,Кавказская,Кавказский,Кавказский районный суд Краснодарского края,районный_городской,"Районный, городской, межрайонный суд","352140, Краснодарский край, ст-ца Кавказская, ул Ленина, д 164",https://kavkazsky--krd.sudrf.ru/,kavkazsky--krd.sudrf.ru,да,23RS0017
Краснодарский край,Калининская,Калининский,Калининский районный суд Краснодарского края,районный_городской,"Районный, городской, межрайонный суд","353780, Краснодарский край, ст-ца Калининская, ул Советская, д 39",https://kalininsk--krd.sudrf.ru/,kalininsk--krd.sudrf.ru,да,23RS0018
Краснодарский край,Каневская,Каневской,Каневской районный суд Краснодарского края,районный_городской,"Районный, городской, межрайонный суд","353730, Краснодарский край, ст-ца Каневская, ул Горького, д 51",https://kanevskay--krd.sudrf.ru/,kanevskay--krd.sudrf.ru,да,23RS0019
Краснодарский край,Кореновск,Кореновский,Кореновский районный суд Краснодарского края,районный_городской,"Районный, городской, межрайонный суд","353180, Краснодарский край, г Кореновск, ул Красная, д 100",https://korenovsk--krd.sudrf.ru/,korenovsk--krd.sudrf.ru,да,23RS0020
Краснодарский край,Краснодар,,Четвертый кассационный суд общей юрисдикции,кассация,Кассационный суд общей юрисдикции,"350906, г Краснодар, ул Морская, д 3",https://4kas.sudrf.ru/,4kas.sudrf.ru,да,23KJ0004
Краснодарский край,Краснодар,,Краснодарский краевой суд,областной,Областной и равный ему суд,"350063, г Краснодар, ул Красная, д 10",https://kraevoi--krd.sudrf.ru/,kraevoi--krd.sudrf.ru,да,23OS0000
Краснодарский край,Краснодар,Ленинский,Ленинский районный суд г. Краснодара,районный_городской,"Районный, городской, межрайонный суд","350051, г Краснодар, ул им. Федора Лузана, д 38",https://krasnodar-leninsky--krd.sudrf.ru/,krasnodar-leninsky--krd.sudrf.ru,да,23RS0031
Краснодарский край,Краснодар,Октябрьский,Октябрьский районный суд г. Краснодара,районный_городской,"Районный, городской, межрайонный суд","350001, г Краснодар, ул Ставропольская, д 75/1",https://krasnodar-oktybrsky--krd.sudrf.ru/,krasnodar-oktybrsky--krd.sudrf.ru,да,23RS0036
Краснодарский край,Краснодар,Первомайский,Первомайский районный суд г. Краснодара,районный_городской,"Районный, городской, межрайонный суд","350010, г Краснодар, ул Колхозная, д 92",https://pervomaisky--krd.sudrf.ru/,pervomaisky--krd.sudrf.ru,да,23RS0040
Краснодарский край,Краснодар,Прикубанский,Прикубанский районный суд г. Краснодара,районный_городской,"Районный, городской, межрайонный суд","350049, г Краснодар, ул им. Тургенева, д 111",https://krasnodar-prikubansky--krd.sudrf.ru/,krasnodar-prikubansky--krd.sudrf.ru,да,23RS0041
Краснодарский край,Краснодар,Советский,Советский районный суд г. Краснодара,районный_городской,"Районный, городской, межрайонный суд","350058, г Краснодар, ул Ставропольская, д 207",https://krasnodar-sovetsky--krd.sudrf.ru/,krasnodar-sovetsky--krd.sudrf.ru,да,23RS0047
Краснодарский край,Кропоткин,,Кропоткинский городской суд Краснодарского края,районный_городской,"Районный, городской, межрайонный суд","352395, Краснодарский край, Кавказский р-н, г Кропоткин, ул Красная, д 147",https://kropotkin-gor--krd.sudrf.ru/,kropotkin-gor--krd.sudrf.ru,да,23RS0022
Краснодарский край,Крыловская,Крыловской,Крыловской районный суд Краснодарского края,районный_городской,"Районный, городской, межрайонный суд","352080, Краснодарский край, ст-ца Крыловская, ул 151 Стрелковой дивизии, д 9",https://krilovskoy--krd.sudrf.ru/,krilovskoy--krd.sudrf.ru,да,23RS0023
Краснодарский край,Крымск,Крымский,Крымский районный суд Краснодарского края,районный_городской,"Районный, городской, межрайонный суд","353380, Краснодарский край, г Крымск, ул Коммунистическая, д 32",https://krimsk--krd.sudrf.ru/,krimsk--krd.sudrf.ru,да,23RS0024
Краснодарский край,Курганинск,Курганинский,Курганинский районный суд Краснодарского края,районный_городской,"Районный, городской, межрайонный суд","352430, Краснодарский край, г Курганинск, ул Первомайская, д 18",https://kurganinsk--krd.sudrf.ru/,kurganinsk--krd.sudrf.ru,да,23RS0025
Краснодарский край,Кущевская,Кущевский,Кущевский районный суд Краснодарского края,районный_городской,"Районный, городской, межрайонный суд","352030, Краснодарский край, ст-ца Кущевская, пер Первомайский, д 78",https://kushevskoy--krd.sudrf.ru/,kushevskoy--krd.sudrf.ru,да,23RS0026
Краснодарский край,Лабинск,,Лабинский городской суд Краснодарского края,районный_городской,"Районный, городской, межрайонный суд","352500, Краснодарский край, г Лабинск, ул Красная, д 19",https://labins-gor--krd.sudrf.ru/,labins-gor--krd.sudrf.ru,да,23RS0027
Краснодарский край,Лабинск,Лабинский,Лабинский районный суд Краснодарского края,районный_городской,"Районный, городской, межрайонный суд","352500, Краснодарский край, г Лабинск, ул Красная, д 40",https://labinsk--krd.sudrf.ru/,labinsk--krd.sudrf.ru,да,23RS0028
Краснодарский край,Ленинградская,Ленинградский,Ленинградский районный суд Краснодарского края,районный_городской,"Районный, городской, межрайонный суд","353740, Краснодарский край, ст-ца Ленинградская, ул Советов, д 32 к а",https://leningradskay--krd.sudrf.ru/,leningradskay--krd.sudrf.ru,да,23RS0030
Краснодарский край,Мостовской,Мостовской,Мостовской районный суд Краснодарского края,районный_городской,"Районный, городской, межрайонный суд","352570, Краснодарский край, пгт Мостовской, ул Калинина, д 70",https://mostovskay--krd.sudrf.ru/,mostovskay--krd.sudrf.ru,да,23RS0033
Краснодарский край,Новокубанск,Новокубанский,Новокубанский районный суд Краснодарского края,районный_городской,"Районный, городской, межрайонный суд","352240, Краснодарский край, г Новокубанск, ул Гагарина, д 65",https://novokubansk--krd.sudrf.ru/,novokubansk--krd.sudrf.ru,да,23RS0034
Краснодарский край,Новопокровская,Новопокровский,Новопокровский районный суд Краснодарского края,районный_городской,"Районный, городской, межрайонный суд","353020, Краснодарский край, ст-ца Новопокровская, ул Ленина, д 89",https://novopokrovsky--krd.sudrf.ru/,novopokrovsky--krd.sudrf.ru,да,23RS0035
Краснодарский край,Новороссийск,Ленинский,Ленинский районный суд г. Новороссийска Краснодарского края,районный_городской,"Районный, городской, межрайонный суд","353900, Краснодарский край, г Новороссийск, ул Жуковского, д 21",https://novorossisk-leninsky--krd.sudrf.ru/,novorossisk-leninsky--krd.sudrf.ru,да,23RS0032
Краснодарский край,Новороссийск,Октябрьский,Октябрьский районный суд г. Новороссийска Краснодарского края,районный_городской,"Районный, городской, межрайонный суд","353900, Краснодарский край, г Новороссийск, ул Толстого, д 2А",https://novorossisk-oktybrsky--krd.sudrf.ru/,novorossisk-oktybrsky--krd.sudrf.ru,да,23RS0037
Краснодарский край,Новороссийск,Приморский,Приморский районный суд г. Новороссийска Краснодарского края,районный_городской,"Районный, городской, межрайонный суд","353900, Краснодарский край, г Новороссийск, ул Индустриальная, д 3А",https://novorossisk-primorsky--krd.sudrf.ru/,novorossisk-primorsky--krd.sudrf.ru,да,23RS0042
Краснодарский край,Отрадная,Отрадненский,Отрадненский районный суд Краснодарского края,районный_городской,"Районный, городской, межрайонный суд","352290, Краснодарский край, ст-ца Отрадная, ул Красная, д 67/5",https://otradnensky--krd.sudrf.ru/,otradnensky--krd.sudrf.ru,да,23RS0038
Краснодарский край,Павловская,Павловский,Павловский районный суд Краснодарского края,районный_городской,"Районный, городской, межрайонный суд","352040, Краснодарский край, ст-ца Павловская, ул Ленина, д 23",https://pavlovsky--krd.sudrf.ru/,pavlovsky--krd.sudrf.ru,да,23RS0039
Краснодарский край,Полтавская,Красноармейский,Красноармейский районный суд Краснодарского края,районный_городской,"Районный, городской, межрайонный суд","353800, Краснодарский край, ст-ца Полтавская, ул Коммунистическая, д 197",https://krasnoarmeisk--krd.sudrf.ru/,krasnoarmeisk--krd.sudrf.ru,да,23RS0021
Краснодарский край,Приморско-Ахтарск,Приморско-Ахтарский,Приморско-Ахтарский районный суд Краснодарского края,районный_городской,"Районный, городской, межрайонный суд","353860, Краснодарский край, г Приморско-Ахтарск, ул Ленина, д 87",https://primorsko-axtarsky--krd.sudrf.ru/,primorsko-axtarsky--krd.sudrf.ru,да,23RS0043
Краснодарский край,Северская,Северский,Северский районный суд Краснодарского края,районный_городской,"Районный, городской, межрайонный суд","353240, Краснодарский край, ст-ца Северская, ул Ленина, д 133",https://seversky--krd.sudrf.ru/,seversky--krd.sudrf.ru,да,23RS0044
Краснодарский край,Славянск-на-Кубани,,Славянский городской суд Краснодарского края,районный_городской,"Районный, городской, межрайонный суд","353560, Краснодарский край, г Славянск-на-Кубани, ул Красная, д 32",https://slavynsk-gor--krd.sudrf.ru/,slavynsk-gor--krd.sudrf.ru,да,23RS0045
Краснодарский край,Славянск-на-Кубани,Славянский,Славянский районный суд Краснодарского края,районный_городской,"Районный, городской, межрайонный суд","353560, Краснодарский край, г Славянск-на-Кубани, ул Красная, д 32",,,нет,23RS0046
Краснодарский край,Сочи,,Третий апелляционный суд общей юрисдикции,апелляция,Апелляционный суд общей юрисдикции,"354061, Краснодарский край, г Сочи, ул Советская, д 26А",https://3ap.sudrf.ru/,3ap.sudrf.ru,да,23AJ0003
Краснодарский край,Сочи,Адлерский,Адлерский районный суд г. Сочи Краснодарского края,районный_городской,"Районный, городской, межрайонный суд","354340, Краснодарский край, г Сочи, р-н Адлерский внутригородской, ул Кирпичная, д 1А",https://sochi-adler--krd.sudrf.ru/,sochi-adler--krd.sudrf.ru,да,23RS0002
Краснодарский край,Сочи,Лазаревский,Лазаревский районный суд г. Сочи Краснодарского края,районный_городской,"Районный, городской, межрайонный суд","354200, Краснодарский край, г Сочи, р-н Лазаревский внутригородской, ул Победы, д 69",https://sochi-lazarevsky--krd.sudrf.ru/,sochi-lazarevsky--krd.sudrf.ru,да,23RS0029
Краснодарский край,Сочи,Хостинский,Хостинский районный суд г. Сочи Краснодарского края,районный_городской,"Районный, городской, межрайонный суд","354002, Краснодарский край, г Сочи, пр-кт Курортный, д 106",https://sochi-xostinsky--krd.sudrf.ru/,sochi-xostinsky--krd.sudrf.ru,да,23RS0058
Краснодарский край,Сочи,Центральный,Центральный районный суд г. Сочи Краснодарского края,районный_городской,"Районный, городской, межрайонный суд","354000, Краснодарский край, г Сочи, ул Горького, д 20",https://sochi-centralny--krd.sudrf.ru/,sochi-centralny--krd.sudrf.ru,да,23RS0059
Краснодарский край,Староминская,Староминской,Староминской районный суд Краснодарского края,районный_городской,"Районный, городской, межрайонный суд","353600, Краснодарский край, ст-ца Староминская, ул В.Петренко, д 6",https://starominskay--krd.sudrf.ru/,starominskay--krd.sudrf.ru,да,23RS0048
Краснодарский край,Старощербиновская,Щербиновский,Щербиновский районный суд Краснодарского края,районный_городской,"Районный, городской, межрайонный суд","353620, Краснодарский край, ст-ца Старощербиновская, ул Промышленная, д 8",https://sherbinovsky--krd.sudrf.ru/,sherbinovsky--krd.sudrf.ru,да,23RS0060
Краснодарский край,Тбилисская,Тбилисский,Тбилисский районный суд Краснодарского края,районный_городской,"Районный, городской, межрайонный суд","352360, Краснодарский край, ст-ца Тбилисская, ул Октябрьская, д 186",https://tbilissky--krd.sudrf.ru/,tbilissky--krd.sudrf.ru,да,23RS0049
Краснодарский край,Темрюк,Темрюкский,Темрюкский районный суд Краснодарского края,районный_городской,"Районный, городской, межрайонный суд","353500, Краснодарский край, г Темрюк, ул Таманская, д 25",https://temruksky--krd.sudrf.ru/,temruksky--krd.sudrf.ru,да,23RS0050
Краснодарский край,Тимашевск,Тимашевский,Тимашевский районный суд Краснодарского края,районный_городской,"Районный, городской, межрайонный суд","352700, Краснодарский край, г Тимашевск, ул Красная, д 101",https://timashevsky--krd.sudrf.ru/,timashevsky--krd.sudrf.ru,да,23RS0051
Краснодарский край,Тихорецк,,Тихорецкий городской суд Краснодарского края,районный_городской,"Районный, городской, межрайонный суд","352120, Краснодарский край, г Тихорецк, ул Октябрьская, д 23",https://tixoreck-gor--krd.sudrf.ru/,tixoreck-gor--krd.sudrf.ru,да,23RS0052
Краснодарский край,Тихорецк,Тихорецкий,Тихорецкий районный суд Краснодарского края,районный_городской,"Районный, городской, межрайонный суд","352120, Краснодарский край, г Тихорецк, ул Октябрьская, д 23",https://tixoreck--krd.sudrf.ru/,tixoreck--krd.sudrf.ru,да,23RS0053
Краснодарский край,Туапсе,,Туапсинский городской суд Краснодарского края,районный_городской,"Районный, городской, межрайонный суд","352800, Краснодарский край, г Туапсе, ул Победы, д 22",https://tuapse-gor--krd.sudrf.ru/,tuapse-gor--krd.sudrf.ru,да,23RS0054
Краснодарский край,Туапсе,Туапсинский,Туапсинский районный суд Краснодарского края,районный_городской,"Районный, городской, межрайонный суд","352800, Краснодарский край, г Туапсе, ул Победы, д 22",https://tuapse--krd.sudrf.ru/,tuapse--krd.sudrf.ru,да,23RS0055
Краснодарский край,Успенское,Успенский,Успенский районный суд Краснодарского края,районный_городской,"Районный, городской, межрайонный суд","352450, Краснодарский край, с Успенское, ул Ноздрачева, д 90",https://uspensky--krd.sudrf.ru/,uspensky--krd.sudrf.ru,да,23RS0056
Краснодарский край,Усть-Лабинск,Усть-Лабинский,Усть-Лабинский районный суд Краснодарского края,районный_городской,"Районный, городской, межрайонный суд","352330, Краснодарский край, г Усть-Лабинск, ул Коммунистическая, д 317",https://ust-labinsky--krd.sudrf.ru/,ust-labinsky--krd.sudrf.ru,да,23RS0057
Красноярский край,,Балахтинский,Балахтинский районный суд Красноярского края,районный_городской,"Районный, городской, межрайонный суд","662340, Красноярский край, гп Балахта, ул Комсомольская, зд 28",https://balahta--krk.sudrf.ru/,balahta--krk.sudrf.ru,да,24RS0003
Красноярский край,,Большемуртинский,Большемуртинский районный суд Красноярского края,районный_городской,"Районный, городской, межрайонный суд","663060, Красноярский край, гп Большая Мурта, ул Партизанская, д 96",https://murta--krk.sudrf.ru/,murta--krk.sudrf.ru,да,24RS0008
Красноярский край,,Диксонский,Диксонский районный суд Красноярского края,районный_городской,"Районный, городской, межрайонный суд","647340, Красноярский край, Таймырский Долгано-Ненецкий р-н, гп Диксон, ул Воронина, д 2А",https://dikson--dud.sudrf.ru/,dikson--dud.sudrf.ru,да,84RS0004
Красноярский край,,Емельяновский,Емельяновский районный суд Красноярского края,районный_городской,"Районный, городской, межрайонный суд","663012, Красноярский край, гп Емельяново, ул Московская, зд 170",https://emel--krk.sudrf.ru/,emel--krk.sudrf.ru,да,24RS0013
Красноярский край,,Козульский,Козульский районный суд Красноярского края,районный_городской,"Районный, городской, межрайонный суд","662050, Красноярский край, гп Козулька, ул Пролетарская, д 34, помещ 4",https://kozul--krk.sudrf.ru/,kozul--krk.sudrf.ru,да,24RS0029
Красноярский край,,Курагинский,Курагинский районный суд Красноярского края,районный_городской,"Районный, городской, межрайонный суд","662910, Красноярский край, гп Курагино, ул Советская, д 8",https://kuragino--krk.sudrf.ru/,kuragino--krk.sudrf.ru,да,24RS0031
Красноярский край,,Мотыгинский,Мотыгинский районный суд Красноярского края,районный_городской,"Районный, городской, межрайонный суд","663400, Красноярский край, гп Мотыгино, ул Дачная, д 14А",https://motig--krk.sudrf.ru/,motig--krk.sudrf.ru,да,24RS0036
Красноярский край,,Нижнеингашский,Нижнеингашский районный суд Красноярского края,районный_городской,"Районный, городской, межрайонный суд","663850, Красноярский край, гп Нижний Ингаш, ул Ленина, д 218",https://ingash--krk.sudrf.ru/,ingash--krk.sudrf.ru,да,24RS0038
Красноярский край,,Северо-Енисейский,Северо-Енисейский районный суд Красноярского края,районный_городской,"Районный, городской, межрайонный суд","663282, Красноярский край, гп Северо-Енисейский, ул Маяковского, зд 14",https://sev-enis--krk.sudrf.ru/,sev-enis--krk.sudrf.ru,да,24RS0047
Красноярский край,,Хатангский,Хатангский районный суд Красноярского края,районный_городской,"Районный, городской, межрайонный суд","647460, Красноярский край, сп. Хатанга, ул. Советская, д. 23",https://hatanga--dud.sudrf.ru/,hatanga--dud.sudrf.ru,да,84RS0003
Красноярский край,,Шушенский,Шушенский районный суд Красноярского края,районный_городской,"Районный, городской, межрайонный суд","662710, Красноярский край, гп Шушенское, ул Вокзальная, зд 1",https://shush--krk.sudrf.ru/,shush--krk.sudrf.ru,да,24RS0059
Красноярский край,Абан,Абанский,Абанский районный суд Красноярского края,районный_городской,"Районный, городской, межрайонный суд","663740, Красноярский край, п Абан, ул Советская, д 60",https://aban--krk.sudrf.ru/,aban--krk.sudrf.ru,да,24RS0001
Красноярский край,Агинское,Саянский,Саянский районный суд Красноярского края,районный_городской,"Районный, городской, межрайонный суд","663580, Красноярский край, с Агинское, ул Советская, зд 106",https://sayansk--krk.sudrf.ru/,sayansk--krk.sudrf.ru,да,24RS0045
Красноярский край,Ачинск,,Ачинский городской суд Красноярского края,районный_городской,"Районный, городской, межрайонный суд","662150, Красноярский край, Ачинский р-н, г Ачинск, ул Назарова, зд 28Б",https://achinsk--krk.sudrf.ru/,achinsk--krk.sudrf.ru,да,24RS0002
Красноярский край,Байкит,Байкитский,Байкитский районный суд Красноярского края,районный_городской,"Районный, городской, межрайонный суд","648360, Красноярский край, Эвенкийский р-н, с Байкит, ул Бояки, зд 36",https://baykitsky--tur.sudrf.ru/,baykitsky--tur.sudrf.ru,да,88RS0002
Красноярский край,Боготол,Боготольский,Боготольский районный суд Красноярского края,районный_городской,"Районный, городской, межрайонный суд","662060, Красноярский край, Боготольский р-н, г Боготол, ул Шикунова, д 1",https://bogotol--krk.sudrf.ru/,bogotol--krk.sudrf.ru,да,24RS0006
Красноярский край,Богучаны,Богучанский,Богучанский районный суд Красноярского края,районный_городской,"Районный, городской, межрайонный суд","663431, Красноярский край, с Богучаны, ул Партизанская, д 113",https://boguchan--krk.sudrf.ru/,boguchan--krk.sudrf.ru,да,24RS0007
Красноярский край,Большой Улуй,Большеулуйский,Большеулуйский районный суд Красноярского края,районный_городской,"Районный, городской, межрайонный суд","662110, Красноярский край, с Большой Улуй, ул Революции, д 11",https://uluy--krk.sudrf.ru/,uluy--krk.sudrf.ru,да,24RS0009
Красноярский край,Бородино,,Бородинский городской суд Красноярского края,районный_городской,"Районный, городской, межрайонный суд","663981, Красноярский край, Рыбинский р-н, г Бородино, ул Ленина, д 6",https://borodino--krk.sudrf.ru/,borodino--krk.sudrf.ru,да,24RS0060
Красноярский край,Ванавара,Тунгусско-Чунский,Тунгусско-Чунский районный суд Красноярского края,районный_городской,"Районный, городской, межрайонный суд","648490, Красноярский край, Эвенкийский р-н, с Ванавара, ул Советская, д 49",https://tungusso-chunsky--tur.sudrf.ru/,tungusso-chunsky--tur.sudrf.ru,да,88RS0003
Красноярский край,Дзержинское,Дзержинский,Дзержинский районный суд Красноярского края,районный_городской,"Районный, городской, межрайонный суд","663700, Красноярский край, с Дзержинское, ул Кирова, зд 3А",https://dzerjinsk--krk.sudrf.ru/,dzerjinsk--krk.sudrf.ru,да,24RS0011
Красноярский край,Дивногорск,,Дивногорский городской суд Красноярского края,районный_городской,"Районный, городской, межрайонный суд","663090, Красноярский край, г Дивногорск, ул Комсомольская, зд 2",https://divnogorsk--krk.sudrf.ru/,divnogorsk--krk.sudrf.ru,да,24RS0012
Красноярский край,Дудинка,Дудинский,Дудинский районный суд Красноярского края,районный_городской,"Районный, городской, межрайонный суд","647000, Красноярский край, г Дудинка, ул Матросова, зд 7Б",https://dudinsky--dud.sudrf.ru/,dudinsky--dud.sudrf.ru,да,84RS0001
Красноярский край,Енисейск,Енисейский,Енисейский районный суд Красноярского края,районный_городской,"Районный, городской, межрайонный суд","663180, Красноярский край, Енисейский р-н, г Енисейск, ул Худзинского, д 10",https://eniseysk--krk.sudrf.ru/,eniseysk--krk.sudrf.ru,да,24RS0014
Красноярский край,Ермаковское,Ермаковский,Ермаковский районный суд Красноярского края,районный_городской,"Районный, городской, межрайонный суд","662820, Красноярский край, с Ермаковское, ул Карла Маркса, д 120",https://ermak--krk.sudrf.ru/,ermak--krk.sudrf.ru,да,24RS0015
Красноярский край,Железногорск,,Железногорский городской суд Красноярского края,районный_городской,"Районный, городской, межрайонный суд","662971, Красноярский край, г Железногорск, ул Свердлова, зд 9, помещ 1",https://gelgor--krk.sudrf.ru/,gelgor--krk.sudrf.ru,да,24RS0016
Красноярский край,Заозерный,Рыбинский,Рыбинский районный суд Красноярского края,районный_городской,"Районный, городской, межрайонный суд","663960, Красноярский край, Рыбинский р-н, г Заозерный, ул 40 лет Октября, д 44",https://ribinsk--krk.sudrf.ru/,ribinsk--krk.sudrf.ru,да,24RS0044
Красноярский край,Зеленогорск,,Зеленогорский городской суд Красноярского края,районный_городской,"Районный, городской, межрайонный суд","663690, Красноярский край, г Зеленогорск, ул Бортникова, д 24",https://zelen--krk.sudrf.ru/,zelen--krk.sudrf.ru,да,24RS0018
Красноярский край,Игарка,,Игарский городской суд Красноярского края,районный_городской,"Районный, городской, межрайонный суд","663200, Красноярский край, Туруханский р-н, г Игарка, мкр 2-й, д 3А",https://igarka--krk.sudrf.ru/,igarka--krk.sudrf.ru,да,24RS0019
Красноярский край,Идринское,Идринский,Идринский районный суд Красноярского края,районный_городской,"Районный, городской, межрайонный суд","662680, Красноярский край, с Идринское, ул Мира, д 14",https://idra--krk.sudrf.ru/,idra--krk.sudrf.ru,да,24RS0020
Красноярский край,Иланский,Иланский,Иланский районный суд Красноярского края,районный_городской,"Районный, городской, межрайонный суд","663800, Красноярский край, г Иланский, ул Красная, д 25",https://ilansk--krk.sudrf.ru/,ilansk--krk.sudrf.ru,да,24RS0021
Красноярский край,Ирбейское,Ирбейский,Ирбейский районный суд Красноярского края,районный_городской,"Районный, городской, межрайонный суд","663650, Красноярский край, с Ирбейское, ул Ленина, д 73",https://irbey--krk.sudrf.ru/,irbey--krk.sudrf.ru,да,24RS0022
Красноярский край,Казачинское,Казачинский,Казачинский районный суд Красноярского края,районный_городской,"Районный, городской, межрайонный суд","663100, Красноярский край, с Казачинское, ул Советская, зд 97",https://kazach--krk.sudrf.ru/,kazach--krk.sudrf.ru,да,24RS0023
Красноярский край,Канск,,Канский городской суд Красноярского края,районный_городской,"Районный, городской, межрайонный суд","663600, Красноярский край, Канский р-н, г Канск, ул 30 лет ВЛКСМ, д 11",https://kanskgor--krk.sudrf.ru/,kanskgor--krk.sudrf.ru,да,24RS0024
Красноярский край,Канск,Канский,Канский районный суд Красноярского края,районный_городской,"Районный, городской, межрайонный суд","663600, Красноярский край, Канский р-н, г Канск, ул Коростелева, д 36",https://kanskray--krk.sudrf.ru/,kanskray--krk.sudrf.ru,да,24RS0025
Красноярский край,Каратузское,Каратузский,Каратузский районный суд Красноярского края,районный_городской,"Районный, городской, межрайонный суд","662850, Красноярский край, с Каратузское, ул Ленина, зд 11",https://karatuz--krk.sudrf.ru/,karatuz--krk.sudrf.ru,да,24RS0026
Красноярский край,Караул,Усть-Енисейский,Усть-Енисейский районный суд Красноярского края,районный_городской,"Районный, городской, межрайонный суд","647220, Красноярский край, Таймырский Долгано-Ненецкий р-н, с Караул, ул Советская, стр 12",https://karaul--dud.sudrf.ru/,karaul--dud.sudrf.ru,да,84RS0002
Красноярский край,Кодинск,Кежемский,Кежемский районный суд Красноярского края,районный_городской,"Районный, городской, межрайонный суд","663491, Красноярский край, г Кодинск, ул Михайлова, д 1",https://kegma--krk.sudrf.ru/,kegma--krk.sudrf.ru,да,24RS0027
Красноярский край,Краснотуранск,Краснотуранский,Краснотуранский районный суд Красноярского края,районный_городской,"Районный, городской, межрайонный суд","662660, Красноярский край, Краснотуранский р-н, с Краснотуранск, ул Ленина, д 57",https://krastur--krk.sudrf.ru/,krastur--krk.sudrf.ru,да,24RS0030
Красноярский край,Красноярск,,Красноярский краевой суд,областной,Областной и равный ему суд,"660049, г Красноярск, пр-кт Мира, д 17",https://kraevoy--krk.sudrf.ru/,kraevoy--krk.sudrf.ru,да,24OS0000
Красноярский край,Красноярск,Березовский,Березовский районный суд Красноярского края,районный_городской,"Районный, городской, межрайонный суд","662520, Красноярский край, г Красноярск, гп Березовка, ул Центральная, д 60",https://berez--krk.sudrf.ru/,berez--krk.sudrf.ru,да,24RS0004
Красноярский край,Красноярск,Железнодорожный,Железнодорожный районный суд г. Красноярска,районный_городской,"Районный, городской, межрайонный суд","660021, г Красноярск, ул Ленина, д 158",https://geldor--krk.sudrf.ru/,geldor--krk.sudrf.ru,да,24RS0017
Красноярский край,Красноярск,Кировский,Кировский районный суд г. Красноярска,районный_городской,"Районный, городской, межрайонный суд","660025, г Красноярск, ул Академика Вавилова, д 43Б",https://kirovsk--krk.sudrf.ru/,kirovsk--krk.sudrf.ru,да,24RS0028
Красноярский край,Красноярск,Ленинский,Ленинский районный суд г. Красноярска,районный_городской,"Районный, городской, межрайонный суд","660037, г Красноярск, ул Коломенская, зд 4А",https://lenins--krk.sudrf.ru/,lenins--krk.sudrf.ru,да,24RS0032
Красноярский край,Красноярск,Октябрьский,Октябрьский районный суд г. Красноярска,районный_городской,"Районный, городской, межрайонный суд","660062, г Красноярск, ул Высотная, зд 2Г",https://oktyabr--krk.sudrf.ru/,oktyabr--krk.sudrf.ru,да,24RS0041
Красноярский край,Красноярск,Свердловский,Свердловский районный суд г. Красноярска,районный_городской,"Районный, городской, межрайонный суд","660064, г Красноярск, пр-кт им.газеты ""Красноярский рабочий"", д 183Б",https://sverdl--krk.sudrf.ru/,sverdl--krk.sudrf.ru,да,24RS0046
Красноярский край,Красноярск,Советский,Советский районный суд г. Красноярска,районный_городской,"Районный, городской, межрайонный суд","660111, г Красноярск, пр-кт Ульяновский, д 4И",https://sovet--krk.sudrf.ru/,sovet--krk.sudrf.ru,да,24RS0048
Красноярский край,Красноярск,Центральный,Центральный районный суд г. Красноярска,районный_городской,"Районный, городской, межрайонный суд","660049, г Красноярск, ул Коммунистическая, зд 1",https://centr--krk.sudrf.ru/,centr--krk.sudrf.ru,да,24RS0056
Красноярский край,Лесосибирск,,Лесосибирский городской суд Красноярского края,районный_городской,"Районный, городской, межрайонный суд","662547, Красноярский край, Енисейский р-н, г Лесосибирск, ул Горького, д 114",https://lesosib--krk.sudrf.ru/,lesosib--krk.sudrf.ru,да,24RS0033
Красноярский край,Минусинск,,Минусинский городской суд Красноярского края,районный_городской,"Районный, городской, межрайонный суд","662608, Красноярский край, Минусинский р-н, г Минусинск, ул Гоголя, д 66А",https://minusa--krk.sudrf.ru/,minusa--krk.sudrf.ru,да,24RS0035
Красноярский край,Назарово,,Назаровский городской суд Красноярского края,районный_городской,"Районный, городской, межрайонный суд","662200, Красноярский край, Назаровский р-н, г Назарово, ул Арбузова, д 112",https://nazarovo--krk.sudrf.ru/,nazarovo--krk.sudrf.ru,да,24RS0037
Красноярский край,Новобирилюссы,Бирилюсский,Бирилюсский районный суд Красноярского края,районный_городской,"Районный, городской, межрайонный суд","662120, Красноярский край, с Новобирилюссы, ул Советская, стр 149",https://birilus--krk.sudrf.ru/,birilus--krk.sudrf.ru,да,24RS0005
Красноярский край,Новоселово,Новоселовский,Новоселовский районный суд Красноярского края,районный_городской,"Районный, городской, межрайонный суд","662430, Красноярский край, с Новоселово, ул Ленина, зд 19",https://novosel--krk.sudrf.ru/,novosel--krk.sudrf.ru,да,24RS0039
Красноярский край,Норильск,,Норильский городской суд Красноярского края,районный_городской,"Районный, городской, межрайонный суд","663302, Красноярский край, г Норильск, ул Комсомольская, д 21А",https://norilsk--krk.sudrf.ru/,norilsk--krk.sudrf.ru,да,24RS0040
Красноярский край,Партизанское,Партизанский,Партизанский районный суд Красноярского края,районный_городской,"Районный, городской, межрайонный суд","663540, Красноярский край, с Партизанское, ул Гагарина, д 29",https://partiz--krk.sudrf.ru/,partiz--krk.sudrf.ru,да,24RS0042
Красноярский край,Пировское,Пировский,Пировский районный суд Красноярского края,районный_городской,"Районный, городской, межрайонный суд","663120, Красноярский край, с Пировское, ул Ленина, стр 27",https://pirovsk--krk.sudrf.ru/,pirovsk--krk.sudrf.ru,да,24RS0043
Красноярский край,Сосновоборск,,Сосновоборский городской суд Красноярского края,районный_городской,"Районный, городской, межрайонный суд","662500, Красноярский край, г Сосновоборск, ул Энтузиастов, д 28",https://sosnov--krk.sudrf.ru/,sosnov--krk.sudrf.ru,да,24RS0049
Красноярский край,Сухобузимское,Сухобузимский,Сухобузимский районный суд Красноярского края,районный_городской,"Районный, городской, межрайонный суд","663040, Красноярский край, с Сухобузимское, ул Комсомольская, д 42",https://suhbuz--krk.sudrf.ru/,suhbuz--krk.sudrf.ru,да,24RS0050
Красноярский край,Тасеево,Тасеевский,Тасеевский районный суд Красноярского края,районный_городской,"Районный, городской, межрайонный суд","663770, Красноярский край, с Тасеево, ул Луначарского, зд 35",https://taseevo--krk.sudrf.ru/,taseevo--krk.sudrf.ru,да,24RS0051
Красноярский край,Тура,Илимпийский,Илимпийский районный суд Красноярского края,районный_городской,"Районный, городской, межрайонный суд","648000, Красноярский край, п Тура, ул Смидовича, д 19",https://ilimpiysky--tur.sudrf.ru/,ilimpiysky--tur.sudrf.ru,да,88RS0001
Красноярский край,Туруханск,Туруханский,Туруханский районный суд Красноярского края,районный_городской,"Районный, городской, межрайонный суд","663230, Красноярский край, с Туруханск, ул Спандаряна, зд 32",https://turuh--krk.sudrf.ru/,turuh--krk.sudrf.ru,да,24RS0052
Красноярский край,Тюхтет,Тюхтетский,Тюхтетский районный суд Красноярского края,районный_городской,"Районный, городской, межрайонный суд","662010, Красноярский край, с Тюхтет, ул Кирова, д 53",https://tuhtet--krk.sudrf.ru/,tuhtet--krk.sudrf.ru,да,24RS0053
Красноярский край,Ужур,Ужурский,Ужурский районный суд Красноярского края,районный_городской,"Районный, городской, межрайонный суд","662252, Красноярский край, г Ужур, ул Гоголя, д 1",https://ujur--krk.sudrf.ru/,ujur--krk.sudrf.ru,да,24RS0054
Красноярский край,Уяр,Уярский,Уярский районный суд Красноярского края,районный_городской,"Районный, городской, межрайонный суд","663920, Красноярский край, г Уяр, ул Советская, д 82",https://uyar--krk.sudrf.ru/,uyar--krk.sudrf.ru,да,24RS0055
Красноярский край,Шалинское,Манский,Манский районный суд Красноярского края,районный_городской,"Районный, городской, межрайонный суд","663510, Красноярский край, с Шалинское, ул Манская, зд 23",https://mansk--krk.sudrf.ru/,mansk--krk.sudrf.ru,да,24RS0034
Красноярский край,Шарыпово,,Шарыповский городской суд Красноярского края,районный_городской,"Районный, городской, межрайонный суд","662311, Красноярский край, Шарыповский р-н, г Шарыпово, мкр Пионерный, д 11",https://shargor--krk.sudrf.ru/,shargor--krk.sudrf.ru,да,24RS0057
Красноярский край,Шарыпово,Шарыповский,Шарыповский районный суд Красноярского края,районный_городской,"Районный, городской, межрайонный суд","662311, Красноярский край, Шарыповский р-н, г Шарыпово, мкр Пионерный, д 11",https://sharray--krk.sudrf.ru/,sharray--krk.sudrf.ru,да,24RS0058
Курганская область,Альменево,Альменевский,Альменевский районный суд Курганской области,районный_городской,"Районный, городской, межрайонный суд","641130, Курганская обл, с Альменево, ул Советская, д 2",https://almenevsky--krg.sudrf.ru/,almenevsky--krg.sudrf.ru,да,45RS0001
Курганская область,Белозерское,Белозерский,Белозерский районный суд Курганской области,районный_городской,"Районный, городской, межрайонный суд","641360, Курганская обл, с Белозерское, ул Героев, д 17",https://belozersky--krg.sudrf.ru/,belozersky--krg.sudrf.ru,да,45RS0002
Курганская область,Варгаши,Варгашинский,Варгашинский районный суд Курганской области,районный_городской,"Районный, городской, межрайонный суд","641230, Курганская обл, рп Варгаши, ул Культурная, д 3",https://vargashinsky--krg.sudrf.ru/,vargashinsky--krg.sudrf.ru,да,45RS0003
Курганская область,Глядянское,Притобольный,Притобольный районный суд Курганской области,районный_городской,"Районный, городской, межрайонный суд","641400, Курганская обл, с Глядянское, ул Ленина, зд 84А",https://pritobolny--krg.sudrf.ru/,pritobolny--krg.sudrf.ru,да,45RS0014
Курганская область,Далматово,Далматовский,Далматовский районный суд Курганской области,районный_городской,"Районный, городской, межрайонный суд","641730, Курганская обл, г Далматово, ул Ленина, д 62",https://dalmatovsky--krg.sudrf.ru/,dalmatovsky--krg.sudrf.ru,да,45RS0004
Курганская область,Звериноголовское,Звериноголовский,Звериноголовский районный суд Курганской области,районный_городской,"Районный, городской, межрайонный суд","641480, Курганская обл, с Звериноголовское, ул Ленина, д 39",https://zverinogolovsky--krg.sudrf.ru/,zverinogolovsky--krg.sudrf.ru,да,45RS0005
Курганская область,Каргаполье,Каргапольский,Каргапольский районный суд Курганской области,районный_городской,"Районный, городской, межрайонный суд","641920, Курганская обл, Каргапольский р-н, рп Каргаполье, ул Калинина, зд 41",https://kargapolsky--krg.sudrf.ru/,kargapolsky--krg.sudrf.ru,да,45RS0006
Курганская область,Катайск,Катайский,Катайский районный суд Курганской области,районный_городской,"Районный, городской, межрайонный суд","641700, Курганская обл, г Катайск, ул Советская, д 31",https://kataysky--krg.sudrf.ru/,kataysky--krg.sudrf.ru,да,45RS0007
Курганская область,Кетово,Кетовский,Кетовский районный суд Курганской области,районный_городской,"Районный, городской, межрайонный суд","641310, Курганская обл, с Кетово, ул М.Горького, стр 42",https://ketovsky--krg.sudrf.ru/,ketovsky--krg.sudrf.ru,да,45RS0008
Курганская область,Курган,,Курганский областной суд,областной,Областной и равный ему суд,"640002, г Курган, ул М.Горького, д 78",https://oblsud--krg.sudrf.ru/,oblsud--krg.sudrf.ru,да,45OS0000
Курганская область,Курган,,Курганский городской суд Курганской области,районный_городской,"Районный, городской, межрайонный суд","640027, г Курган, ул Дзержинского, д 35",https://kurgansky--krg.sudrf.ru/,kurgansky--krg.sudrf.ru,да,45RS0026
Курганская область,Куртамыш,Куртамышский,Куртамышский районный суд Курганской области,районный_городской,"Районный, городской, межрайонный суд","641430, Курганская обл, г Куртамыш, пр-кт Ленина, д 18",https://kurtamyshsky--krg.sudrf.ru/,kurtamyshsky--krg.sudrf.ru,да,45RS0009
Курганская область,Лебяжье,Лебяжьевский,Лебяжьевский районный суд Курганской области,районный_городской,"Районный, городской, межрайонный суд","641500, Курганская обл, рп Лебяжье, ул Пушкина, д 16",https://lebiazhevsky--krg.sudrf.ru/,lebiazhevsky--krg.sudrf.ru,да,45RS0010
Курганская область,Макушино,Макушинский,Макушинский районный суд Курганской области,районный_городской,"Районный, городской, межрайонный суд","641600, Курганская обл, г Макушино, ул Красная Площадь, д 13А",https://makushinsky--krg.sudrf.ru/,makushinsky--krg.sudrf.ru,да,45RS0011
Курганская область,Мишкино,Мишкинский,Мишкинский районный суд Курганской области,районный_городской,"Районный, городской, межрайонный суд","641040, Курганская обл, рп Мишкино, ул Почтовая, д 8",https://mishkinsky--krg.sudrf.ru/,mishkinsky--krg.sudrf.ru,да,45RS0012
Курганская область,Мокроусово,Мокроусовский,Мокроусовский районный суд Курганской области,районный_городской,"Районный, городской, межрайонный суд","641530, Курганская обл, с Мокроусово, ул Пушкина, д 2",https://mokrousovsky--krg.sudrf.ru/,mokrousovsky--krg.sudrf.ru,да,45RS0013
Курганская область,Петухово,Петуховский,Петуховский районный суд Курганской области,районный_городской,"Районный, городской, межрайонный суд","641640, Курганская обл, г Петухово, ул К.Маркса, д 31",https://petuhovsky--krg.sudrf.ru/,petuhovsky--krg.sudrf.ru,да,45RS0015
Курганская область,Половинное,Половинский,Половинский районный суд Курганской области,районный_городской,"Районный, городской, межрайонный суд","641780, Курганская обл, с Половинное, ул Победы, зд 15",https://polovinsky--krg.sudrf.ru/,polovinsky--krg.sudrf.ru,да,45RS0016
Курганская область,Сафакулево,Сафакулевский,Сафакулевский районный суд Курганской области,районный_городской,"Районный, городской, межрайонный суд","641080, Курганская обл, с Сафакулево, ул Советская, д 2",https://safakulevsky--krg.sudrf.ru/,safakulevsky--krg.sudrf.ru,да,45RS0017
Курганская область,Целинное,Целинный,Целинный районный суд Курганской области,районный_городской,"Районный, городской, межрайонный суд","641150, Курганская обл, с Целинное, ул Советская, зд 63",https://celinny--krg.sudrf.ru/,celinny--krg.sudrf.ru,да,45RS0018
Курганская область,Шадринск,Шадринский,Шадринский районный суд Курганской области,районный_городской,"Районный, городской, межрайонный суд","641870, Курганская обл, г Шадринск, ул Луначарского, д 10",https://shadrinsky--krg.sudrf.ru/,shadrinsky--krg.sudrf.ru,да,45RS0021
Курганская область,Шатрово,Шатровский,Шатровский районный суд Курганской области,районный_городской,"Районный, городской, межрайонный суд","641960, Курганская обл, с Шатрово, ул Мира, д 2",https://shatrovsky--krg.sudrf.ru/,shatrovsky--krg.sudrf.ru,да,45RS0022
Курганская область,Шумиха,Шумихинский,Шумихинский районный суд Курганской области,районный_городской,"Районный, городской, межрайонный суд","641100, Курганская обл, г Шумиха, ул Гагарина, д 8",https://shumihinsky--krg.sudrf.ru/,shumihinsky--krg.sudrf.ru,да,45RS0023
Курганская область,Щучье,Щучанский,Щучанский районный суд Курганской области,районный_городской,"Районный, городской, межрайонный суд","641010, Курганская обл, г Щучье, ул Советская, д 11",https://schuchansky--krg.sudrf.ru/,schuchansky--krg.sudrf.ru,да,45RS0024
Курганская область,Юргамыш,Юргамышский,Юргамышский районный суд Курганской области,районный_городской,"Районный, городской, межрайонный суд","641200, Курганская обл, рп Юргамыш, ул Ленина, д 39",https://yurgamyshsky--krg.sudrf.ru/,yurgamyshsky--krg.sudrf.ru,да,45RS0025
Курская область,Горшечное,Горшеченский,Горшеченский районный суд Курской области,районный_городской,"Районный, городской, межрайонный суд","306710, Курская обл, рп Горшечное, ул Кирова, д 38",https://gorshechensky--krs.sudrf.ru/,gorshechensky--krs.sudrf.ru,да,46RS0004
Курская область,Дмитриев,Дмитриевский,Дмитриевский районный суд Курской области,районный_городской,"Районный, городской, межрайонный суд","307500, Курская обл, Дмитриевский р-н, г Дмитриев, ул Ленина, д 54",https://dmitrievsky--krs.sudrf.ru/,dmitrievsky--krs.sudrf.ru,да,46RS0005
Курская область,Железногорск,,Железногорский городской суд Курской области,районный_городской,"Районный, городской, межрайонный суд","307170, Курская обл, г Железногорск, ул Ленина, д 52",https://zheleznogorsky--krs.sudrf.ru/,zheleznogorsky--krs.sudrf.ru,да,46RS0006
Курская область,Золотухино,Золотухинский,Золотухинский районный суд Курской области,районный_городской,"Районный, городской, межрайонный суд","306020, Курская обл, рп Золотухино, ул Железнодорожная, д 84",https://zolotuhinsky--krs.sudrf.ru/,zolotuhinsky--krs.sudrf.ru,да,46RS0007
Курская область,Касторное,Касторенский,Касторенский районный суд Курской области,районный_городской,"Районный, городской, межрайонный суд","306700, Курская обл, рп Касторное, ул 50 лет Октября, д 15",https://kastorensky--krs.sudrf.ru/,kastorensky--krs.sudrf.ru,да,46RS0008
Курская область,Конышевка,Конышевский,Конышевский районный суд Курской области,районный_городской,"Районный, городской, межрайонный суд","307620, Курская обл, рп Конышевка, ул 50 лет Советской Власти, д 4",https://konyshevsky--krs.sudrf.ru/,konyshevsky--krs.sudrf.ru,да,46RS0009
Курская область,Курск,,Курский областной суд,областной,Областной и равный ему суд,"305000, г Курск, ул Марата, зд 27",https://oblsud--krs.sudrf.ru/,oblsud--krs.sudrf.ru,да,46OS0000
Курская область,Курск,Беловский,Беловский районный суд Курской области,районный_городской,"Районный, городской, межрайонный суд","305022, г Курск, ул 2-я Агрегатная, д 3А",https://belovsky--krs.sudrf.ru/,belovsky--krs.sudrf.ru,да,46RS0001
Курская область,Курск,Большесолдатский,Большесолдатский районный суд Курской области,районный_городской,"Районный, городской, межрайонный суд","305000, г Курск, ул Горького, зд 55А",https://bolshesoldatsky--krs.sudrf.ru/,bolshesoldatsky--krs.sudrf.ru,да,46RS0002
Курская область,Курск,Глушковский,Глушковский районный суд Курской области,районный_городской,"Районный, городской, межрайонный суд","305022, г Курск, ул 2-я Агрегатная, д 3А",https://glushkovsky--krs.sudrf.ru/,glushkovsky--krs.sudrf.ru,да,46RS0003
Курская область,Курск,Кореневский,Кореневский районный суд Курской области,районный_городской,"Районный, городской, межрайонный суд","305018, г Курск, ул Энергетиков 2, д 19",https://korenevsky--krs.sudrf.ru/,korenevsky--krs.sudrf.ru,да,46RS0010
Курская область,Курск,Курский,Курский районный суд Курской области,районный_городской,"Районный, городской, межрайонный суд","305000, г Курск, ул Горького, зд 55А",https://kursky--krs.sudrf.ru/,kursky--krs.sudrf.ru,да,46RS0011
Курская область,Курск,Ленинский,Ленинский районный суд г. Курска,районный_городской,"Районный, городской, межрайонный суд","305001, г Курск, ул Александра Невского, зд 7А",https://lensud--krs.sudrf.ru/,lensud--krs.sudrf.ru,да,46RS0030
Курская область,Курск,Промышленный,Промышленный районный суд г. Курска,районный_городской,"Районный, городской, межрайонный суд","305018, г Курск, ул Энергетиков 2, д 19",https://promyshleny--krs.sudrf.ru/,promyshleny--krs.sudrf.ru,да,46RS0031
Курская область,Курск,Рыльский,Рыльский районный суд Курской области,районный_городской,"Районный, городской, межрайонный суд","305022, г Курск, ул 2-я Агрегатная, д 3А",https://rylsky--krs.sudrf.ru/,rylsky--krs.sudrf.ru,да,46RS0020
Курская область,Курск,Суджанский,Суджанский районный суд Курской области,районный_городской,"Районный, городской, межрайонный суд","305022, г Курск, ул 2-я Агрегатная, д 3А",https://sudzhansky--krs.sudrf.ru/,sudzhansky--krs.sudrf.ru,да,46RS0023
Курская область,Курск,Хомутовский,Хомутовский районный суд Курской области,районный_городской,"Районный, городской, межрайонный суд","305018, г Курск, ул Энергетиков 2, д 19",https://homutovsky--krs.sudrf.ru/,homutovsky--krs.sudrf.ru,да,46RS0026
Курская область,Курчатов,,Курчатовский городской суд Курской области,районный_городской,"Районный, городской, межрайонный суд","307251, Курская обл, г Курчатов, ул Космонавтов, зд 1",https://kurchatovsky--krs.sudrf.ru/,kurchatovsky--krs.sudrf.ru,да,46RS0012
Курская область,Кшенский,Советский,Советский районный суд Курской области,районный_городской,"Районный, городской, межрайонный суд","306600, Курская обл, рп Кшенский, ул Чапаева, д 5",https://sovetsky--krs.sudrf.ru/,sovetsky--krs.sudrf.ru,да,46RS0021
Курская область,Льгов,Льговский,Льговский районный суд Курской области,районный_городской,"Районный, городской, межрайонный суд","307750, Курская обл, г Льгов, ул Кирова, д 48",https://lgovsky--krs.sudrf.ru/,lgovsky--krs.sudrf.ru,да,46RS0013
Курская область,Мантурово,Мантуровский,Мантуровский районный суд Курской области,районный_городской,"Районный, городской, межрайонный суд","307000, Курская обл, с Мантурово, ул Ленина, д 23",https://manturovsky--krs.sudrf.ru/,manturovsky--krs.sudrf.ru,да,46RS0014
Курская область,Медвенка,Медвенский,Медвенский районный суд Курской области,районный_городской,"Районный, городской, межрайонный суд","307030, Курская обл, пгт Медвенка, ул Советская, д 36",https://medvensky--krs.sudrf.ru/,medvensky--krs.sudrf.ru,да,46RS0015
Курская область,Обоянь,Обоянский,Обоянский районный суд Курской области,районный_городской,"Районный, городской, межрайонный суд","306230, Курская обл, г Обоянь, ул Шмидта, д 23",https://oboyansky--krs.sudrf.ru/,oboyansky--krs.sudrf.ru,да,46RS0016
Курская область,Поныри,Поныровский,Поныровский районный суд Курской области,районный_городской,"Районный, городской, межрайонный суд","306000, Курская обл, рп Поныри, ул Веселая, влд 1",https://ponyrovsky--krs.sudrf.ru/,ponyrovsky--krs.sudrf.ru,да,46RS0018
Курская область,Пристень,Пристенский,Пристенский районный суд Курской области,районный_городской,"Районный, городской, межрайонный суд","306200, Курская обл, рп Пристень, ул Советская, зд 61А",https://pristensky--krs.sudrf.ru/,pristensky--krs.sudrf.ru,да,46RS0019
Курская область,Прямицыно,Октябрьский,Октябрьский районный суд Курской области,районный_городской,"Районный, городской, межрайонный суд","307200, Курская обл, пгт Прямицыно, ул Сеймская, влд 56",https://oktiabrsky--krs.sudrf.ru/,oktiabrsky--krs.sudrf.ru,да,46RS0017
Курская область,Солнцево,Солнцевский,Солнцевский районный суд Курской области,районный_городской,"Районный, городской, межрайонный суд","306120, Курская обл, рп Солнцево, ул Ленина, д 25",https://solncevsky--krs.sudrf.ru/,solncevsky--krs.sudrf.ru,да,46RS0022
Курская область,Тим,Тимский,Тимский районный суд Курской области,районный_городской,"Районный, городской, межрайонный суд","307060, Курская обл, рп Тим, ул Кирова, д 55",https://timsky--krs.sudrf.ru/,timsky--krs.sudrf.ru,да,46RS0024
Курская область,Фатеж,Фатежский,Фатежский районный суд Курской области,районный_городской,"Районный, городской, межрайонный суд","307100, Курская обл, г Фатеж, ул Веселая, влд 22",https://fatezhsky--krs.sudrf.ru/,fatezhsky--krs.sudrf.ru,да,46RS0025
Курская область,Черемисиново,Черемисиновский,Черемисиновский районный суд Курской области,районный_городской,"Районный, городской, межрайонный суд","306440, Курская обл, пгт Черемисиново, ул Вокзальная, д 27",https://cheremisinovsky--krs.sudrf.ru/,cheremisinovsky--krs.sudrf.ru,да,46RS0027
Курская область,Щигры,Щигровский,Щигровский районный суд Курской области,районный_городской,"Районный, городской, межрайонный суд","306530, Курская обл, г Щигры, ул Черняховского, д 3",https://shigrovsky--krs.sudrf.ru/,shigrovsky--krs.sudrf.ru,да,46RS0028
Ленинградская область,Бокситогорск,,Бокситогорский городской суд Ленинградской области,районный_городской,"Районный, городской, межрайонный суд","187650, Ленинградская обл, г Бокситогорск, ул Воронина, д 2",https://boksiti--lo.sudrf.ru/,boksiti--lo.sudrf.ru,да,47RS0001
Ленинградская область,Волосово,Волосовский,Волосовский районный суд Ленинградской области,районный_городской,"Районный, городской, межрайонный суд","188410, Ленинградская обл, г Волосово, пр-кт Вингиссара, д 74",https://volosov--lo.sudrf.ru/,volosov--lo.sudrf.ru,да,47RS0002
Ленинградская область,Волхов,,Волховский городской суд Ленинградской области,районный_городской,"Районный, городской, межрайонный суд","187401, Ленинградская обл, г Волхов, пр-кт Державина, д 56",https://volhovsky--lo.sudrf.ru/,volhovsky--lo.sudrf.ru,да,47RS0003
Ленинградская область,Всеволожск,,Всеволожский городской суд Ленинградской области,районный_городской,"Районный, городской, межрайонный суд","188640, Ленинградская обл, г Всеволожск, пер Вахрушева, д 8",https://vsevgorsud--lo.sudrf.ru/,vsevgorsud--lo.sudrf.ru,да,47RS0004
Ленинградская область,Выборг,,Выборгский городской суд Ленинградской области,районный_городской,"Районный, городской, межрайонный суд","188800, Ленинградская обл, г Выборг, ул Пионерская, д 4",https://vyborgsky--lo.sudrf.ru/,vyborgsky--lo.sudrf.ru,да,47RS0005
Ленинградская область,Гатчина,,Гатчинский городской суд Ленинградской области,районный_городской,"Районный, городской, межрайонный суд","188300, Ленинградская обл, г Гатчина, ул Горького, д 8",https://gatchinsky--lo.sudrf.ru/,gatchinsky--lo.sudrf.ru,да,47RS0006
Ленинградская область,Кингисепп,,Кингисеппский городской суд Ленинградской области,районный_городской,"Районный, городской, межрайонный суд","188480, Ленинградская обл, г Кингисепп, пр-кт Карла Маркса, д 2А",https://kingisepp--lo.sudrf.ru/,kingisepp--lo.sudrf.ru,да,47RS0007
Ленинградская область,Кириши,,Киришский городской суд Ленинградской области,районный_городской,"Районный, городской, межрайонный суд","187110, Ленинградская обл, г Кириши, пр-кт Победы, д 10",https://kirishsky--lo.sudrf.ru/,kirishsky--lo.sudrf.ru,да,47RS0008
Ленинградская область,Кировск,,Кировский городской суд Ленинградской области,районный_городской,"Районный, городской, межрайонный суд","187342, Ленинградская обл, г Кировск, ул Ладожская, д 1",https://kirovsky--lo.sudrf.ru/,kirovsky--lo.sudrf.ru,да,47RS0009
Ленинградская область,Лодейное Поле,,Лодейнопольский городской суд Ленинградской области,районный_городской,"Районный, городской, межрайонный суд","187700, Ленинградская обл, г Лодейное Поле, пр-кт Урицкого, д 2",https://lodeynopolsky--lo.sudrf.ru/,lodeynopolsky--lo.sudrf.ru,да,47RS0010
Ленинградская область,Луга,,Лужский городской суд Ленинградской области,районный_городской,"Районный, городской, межрайонный суд","188230, Ленинградская обл, г Луга, пр-кт Кирова, д 105/3 литера б",https://lugasud--lo.sudrf.ru/,lugasud--lo.sudrf.ru,да,47RS0012
Ленинградская область,Подпорожье,,Подпорожский городской суд Ленинградской области,районный_городской,"Районный, городской, межрайонный суд","187780, Ленинградская обл, г Подпорожье, ул Планеристов, д 5",https://podporozhsky--lo.sudrf.ru/,podporozhsky--lo.sudrf.ru,да,47RS0013
Ленинградская область,Приозерск,,Приозерский городской суд Ленинградской области,районный_городской,"Районный, городской, межрайонный суд","188760, Ленинградская обл, г Приозерск, ул Калинина, д 21",https://priozersky--lo.sudrf.ru/,priozersky--lo.sudrf.ru,да,47RS0014
Ленинградская область,Сланцы,,Сланцевский городской суд Ленинградской области,районный_городской,"Районный, городской, межрайонный суд","188560, Ленинградская обл, г Сланцы, ул Кирова, д 23",https://slancevsky--lo.sudrf.ru/,slancevsky--lo.sudrf.ru,да,47RS0015
Ленинградская область,Сосновый Бор,,Сосновоборский городской суд Ленинградской области,районный_городской,"Районный, городской, межрайонный суд","188540, Ленинградская обл, г Сосновый Бор, ул Пионерская, д 6",https://sosnovoborsky--lo.sudrf.ru/,sosnovoborsky--lo.sudrf.ru,да,47RS0016
Ленинградская область,Тихвин,,Тихвинский городской суд Ленинградской области,районный_городской,"Районный, городской, межрайонный суд","187553, Ленинградская обл, г Тихвин, мкр 2, д 17",https://tikhvin--lo.sudrf.ru/,tikhvin--lo.sudrf.ru,да,47RS0017
Ленинградская область,Тосно,,Тосненский городской суд Ленинградской области,районный_городской,"Районный, городской, межрайонный суд","187000, Ленинградская обл, г Тосно, пр-кт Ленина, д 34",https://tosnensky--lo.sudrf.ru/,tosnensky--lo.sudrf.ru,да,47RS0018
Липецкая область,Грязи,,Грязинский городской суд Липецкой области,районный_городской,"Районный, городской, межрайонный суд","399058, Липецкая обл, г Грязи, ул Красная Площадь, д 36",https://grjazsud--lpk.sudrf.ru/,grjazsud--lpk.sudrf.ru,да,48RS0010
Липецкая область,Данков,,Данковский городской суд Липецкой области,районный_городской,"Районный, городской, межрайонный суд","399850, Липецкая обл, г Данков, ул Семеновского, д 12",https://dankovsud--lpk.sudrf.ru/,dankovsud--lpk.sudrf.ru,да,48RS0009
Липецкая область,Добринка,Добринский,Добринский районный суд Липецкой области,районный_городской,"Районный, городской, межрайонный суд","399430, Липецкая обл, п Добринка, ул Октябрьская, д 29",https://dobrinsud--lpk.sudrf.ru/,dobrinsud--lpk.sudrf.ru,да,48RS0008
Липецкая область,Елец,,Елецкий городской суд Липецкой области,районный_городской,"Районный, городской, межрайонный суд","399770, Липецкая обл, г Елец, ул Коммунаров, зд 38А",https://eletsgorsud--lpk.sudrf.ru/,eletsgorsud--lpk.sudrf.ru,да,48RS0021
Липецкая область,Елец,Елецкий,Елецкий районный суд Липецкой области,районный_городской,"Районный, городской, межрайонный суд","399770, Липецкая обл, г Елец, ул 9 Декабря, д 52",https://eletsraisud--lpk.sudrf.ru/,eletsraisud--lpk.sudrf.ru,да,48RS0022
Липецкая область,Задонск,Задонский,Задонский районный суд Липецкой области,районный_городской,"Районный, городской, межрайонный суд","399200, Липецкая обл, г Задонск, ул Советская, д 51",https://zadonsksud--lpk.sudrf.ru/,zadonsksud--lpk.sudrf.ru,да,48RS0023
Липецкая область,Лебедянь,Лебедянский,Лебедянский районный суд Липецкой области,районный_городской,"Районный, городской, межрайонный суд","399610, Липецкая обл, г Лебедянь, ул Победы, д 7А",https://lebedsud--lpk.sudrf.ru/,lebedsud--lpk.sudrf.ru,да,48RS0015
Липецкая область,Липецк,,Липецкий областной суд,областной,Областной и равный ему суд,"398008, г Липецк, пл Петра Великого, д 5",https://oblsud--lpk.sudrf.ru/,oblsud--lpk.sudrf.ru,да,48OS0000
Липецкая область,Липецк,Левобережный,Левобережный районный суд г. Липецка,районный_городской,"Районный, городской, межрайонный суд","398024, г Липецк, ул Механизаторов, д 15",https://levsud--lpk.sudrf.ru/,levsud--lpk.sudrf.ru,да,48RS0004
Липецкая область,Липецк,Липецкий,Липецкий районный суд Липецкой области,районный_городской,"Районный, городской, межрайонный суд","398037, г Липецк, проезд Боевой, д 28А",https://lipraisud--lpk.sudrf.ru/,lipraisud--lpk.sudrf.ru,да,48RS0005
Липецкая область,Липецк,Октябрьский,Октябрьский районный суд г. Липецка,районный_городской,"Районный, городской, межрайонный суд","398032, г Липецк, ул Космонавтов, д 54",https://octsud--lpk.sudrf.ru/,octsud--lpk.sudrf.ru,да,48RS0002
Липецкая область,Липецк,Правобережный,Правобережный районный суд г. Липецка,районный_городской,"Районный, городской, межрайонный суд","398050, г Липецк, ул Плеханова, д 72",https://pravsud--lpk.sudrf.ru/,pravsud--lpk.sudrf.ru,да,48RS0003
Липецкая область,Липецк,Советский,Советский районный суд г. Липецка,районный_городской,"Районный, городской, межрайонный суд","398001, г Липецк, ул Крайняя, стр 6",https://sovetsud--lpk.sudrf.ru/,sovetsud--lpk.sudrf.ru,да,48RS0001
Липецкая область,Становое,Становлянский,Становлянский районный суд Липецкой области,районный_городской,"Районный, городской, межрайонный суд","399710, Липецкая обл, с Становое, ул Советская, д 32",https://stanovlsud--lpk.sudrf.ru/,stanovlsud--lpk.sudrf.ru,да,48RS0016
Липецкая область,Тербуны,Тербунский,Тербунский районный суд Липецкой области,районный_городской,"Районный, городской, межрайонный суд","399540, Липецкая обл, с Тербуны, ул Ленина, д 75",https://terbunsud--lpk.sudrf.ru/,terbunsud--lpk.sudrf.ru,да,48RS0017
Липецкая область,Усмань,Усманский,Усманский районный суд Липецкой области,районный_городской,"Районный, городской, межрайонный суд","399370, Липецкая обл, г Усмань, ул Чернышевского, д 125А",https://usmansud--lpk.sudrf.ru/,usmansud--lpk.sudrf.ru,да,48RS0018
Липецкая область,Чаплыгин,Чаплыгинский,Чаплыгинский районный суд Липецкой области,районный_городской,"Районный, городской, межрайонный суд","399900, Липецкая обл, г Чаплыгин, ул Советская, д 66",https://chapligsud--lpk.sudrf.ru/,chapligsud--lpk.sudrf.ru,да,48RS0012
Луганская Народная Республика,,,Алчевский городской суд Луганской Народной Республики,районный_городской,"Районный, городской, межрайонный суд",,https://alchevskiy--lnr.sudrf.ru/,alchevskiy--lnr.sudrf.ru,да,94RS0005
Луганская Народная Республика,,,Брянковский городской суд Луганской Народной Республики,районный_городской,"Районный, городской, межрайонный суд",,https://bryankovskiy--lnr.sudrf.ru/,bryankovskiy--lnr.sudrf.ru,да,94RS0009
Луганская Народная Республика,,,Кировский городской суд Луганской Народной Республики,районный_городской,"Районный, городской, межрайонный суд",,https://kirovskiy--lnr.sudrf.ru/,kirovskiy--lnr.sudrf.ru,да,94RS0010
Луганская Народная Республика,,,Краснодонский городской суд Луганской Народной Республики,районный_городской,"Районный, городской, межрайонный суд",,https://krasnodonsky--lnr.sudrf.ru/,krasnodonsky--lnr.sudrf.ru,да,94RS0011
Луганская Народная Республика,,,Краснолучский городской суд Луганской Народной Республики,районный_городской,"Районный, городской, межрайонный суд",,https://krasnoluchskiy--lnr.sudrf.ru/,krasnoluchskiy--lnr.sudrf.ru,да,94RS0012
Луганская Народная Республика,,,Лисичанский городской суд Луганской Народной Республики,районный_городской,"Районный, городской, межрайонный суд",,https://lisichanskiy--lnr.sudrf.ru/,lisichanskiy--lnr.sudrf.ru,да,94RS0014
Луганская Народная Республика,,,Первомайский городской суд Луганской Народной Республики,районный_городской,"Районный, городской, межрайонный суд",,https://pervomayskiy--lnr.sudrf.ru/,pervomayskiy--lnr.sudrf.ru,да,94RS0020
Луганская Народная Республика,,,Ровеньковский городской суд Луганской Народной Республики,районный_городской,"Районный, городской, межрайонный суд",,https://rovenkovskiy--lnr.sudrf.ru/,rovenkovskiy--lnr.sudrf.ru,да,94RS0023
Луганская Народная Республика,,,Рубежанский городской суд Луганской Народной Республики,районный_городской,"Районный, городской, межрайонный суд",,https://rubezhanskiy--lnr.sudrf.ru/,rubezhanskiy--lnr.sudrf.ru,да,94RS0024
Луганская Народная Республика,,,Свердловский городской суд Луганской Народной Республики,районный_городской,"Районный, городской, межрайонный суд",,https://sverdlovskiy--lnr.sudrf.ru/,sverdlovskiy--lnr.sudrf.ru,да,94RS0026
Луганская Народная Республика,,,Северодонецкий городской суд Луганской Народной Республики,районный_городской,"Районный, городской, межрайонный суд",,https://severodonetskiy--lnr.sudrf.ru/,severodonetskiy--lnr.sudrf.ru,да,94RS0027
Луганская Народная Республика,,,Стахановский городской суд Луганской Народной Республики,районный_городской,"Районный, городской, межрайонный суд",,https://stakhanovskiy--lnr.sudrf.ru/,stakhanovskiy--lnr.sudrf.ru,да,94RS0031
Луганская Народная Республика,,Беловодский,Беловодский районный суд Луганской Народной Республики,районный_городской,"Районный, городской, межрайонный суд",,https://belovodskiy--lnr.sudrf.ru/,belovodskiy--lnr.sudrf.ru,да,94RS0007
Луганская Народная Республика,,Белокуракинский,Белокуракинский районный суд Луганской Народной Республики,районный_городской,"Районный, городской, межрайонный суд",,https://belokurakinskiy--lnr.sudrf.ru/,belokurakinskiy--lnr.sudrf.ru,да,94RS0008
Луганская Народная Республика,,Кременской,Кременской районный суд Луганской Народной Республики,районный_городской,"Районный, городской, межрайонный суд",,https://kremenskoy--lnr.sudrf.ru/,kremenskoy--lnr.sudrf.ru,да,94RS0013
Луганская Народная Республика,,Лутугинский,Лутугинский районный суд Луганской Народной Республики,районный_городской,"Районный, городской, межрайонный суд",,https://lutuginskiy--lnr.sudrf.ru/,lutuginskiy--lnr.sudrf.ru,да,94RS0015
Луганская Народная Республика,,Меловский,Меловский районный суд Луганской Народной Республики,районный_городской,"Районный, городской, межрайонный суд",,https://melovskiy--lnr.sudrf.ru/,melovskiy--lnr.sudrf.ru,да,94RS0017
Луганская Народная Республика,,Новоайдарский,Новоайдарский районный суд Луганской Народной Республики,районный_городской,"Районный, городской, межрайонный суд",,https://novoaydarskiy--lnr.sudrf.ru/,novoaydarskiy--lnr.sudrf.ru,да,94RS0018
Луганская Народная Республика,,Новопсковский,Новопсковский районный суд Луганской Народной Республики,районный_городской,"Районный, городской, межрайонный суд",,https://novopskovskiy--lnr.sudrf.ru/,novopskovskiy--lnr.sudrf.ru,да,94RS0019
Луганская Народная Республика,,Перевальский,Перевальский районный суд Луганской Народной Республики,районный_городской,"Районный, городской, межрайонный суд",,https://perevalskiy--lnr.sudrf.ru/,perevalskiy--lnr.sudrf.ru,да,94RS0021
Луганская Народная Республика,,Сватовский,Сватовский районный суд Луганской Народной Республики,районный_городской,"Районный, городской, межрайонный суд",,https://svatovskiy--lnr.sudrf.ru/,svatovskiy--lnr.sudrf.ru,да,94RS0025
Луганская Народная Республика,,Славяносербский,Славяносербский районный суд Луганской Народной Республики,районный_городской,"Районный, городской, межрайонный суд",,https://slavyanoserbskiy--lnr.sudrf.ru/,slavyanoserbskiy--lnr.sudrf.ru,да,94RS0028
Луганская Народная Республика,,Станично-Луганский,Станично-Луганский районный суд Луганской Народной Республики,районный_городской,"Районный, городской, межрайонный суд",,https://stanichno-luganskiy--lnr.sudrf.ru/,stanichno-luganskiy--lnr.sudrf.ru,да,94RS0029
Луганская Народная Республика,,Старобельский,Старобельский районный суд Луганской Народной Республики,районный_городской,"Районный, городской, межрайонный суд",,https://starobelskiy--lnr.sudrf.ru/,starobelskiy--lnr.sudrf.ru,да,94RS0030
Луганская Народная Республика,,Троицкий,Троицкий районный суд Луганской Народной Республики,районный_городской,"Районный, городской, межрайонный суд",,https://troitskiy--lnr.sudrf.ru/,troitskiy--lnr.sudrf.ru,да,94RS0032
Луганская Народная Республика,Луганск,Артемовский,Артемовский районный суд города Луганска,районный_городской,"Районный, городской, межрайонный суд",,https://artemovskiy--lnr.sudrf.ru/,artemovskiy--lnr.sudrf.ru,да,94RS0001
Луганская Народная Республика,Луганск,Жовтневый,Жовтневый районный суд города Луганска,районный_городской,"Районный, городской, межрайонный суд",,https://zhovtnevyy--lnr.sudrf.ru/,zhovtnevyy--lnr.sudrf.ru,да,94RS0002
Луганская Народная Республика,Луганск,Каменнобродский,Каменнобродский районный суд города Луганска,районный_городской,"Районный, городской, межрайонный суд",,https://kamennobrodsky--lnr.sudrf.ru/,kamennobrodsky--lnr.sudrf.ru,да,94RS0003
Луганская Народная Республика,Луганск,Ленинский,Ленинский районный суд города Луганска,районный_городской,"Районный, городской, межрайонный суд",,https://leninskiy--lnr.sudrf.ru/,leninskiy--lnr.sudrf.ru,да,94RS0004
Магаданская область,Магадан,,Магаданский областной суд,областной,Областной и равный ему суд,"685000, г Магадан, ул Якутская, д 49",https://oblsud--mag.sudrf.ru/,oblsud--mag.sudrf.ru,да,49OS0000
Магаданская область,Магадан,,Магаданский городской суд Магаданской области,районный_городской,"Районный, городской, межрайонный суд","685000, г Магадан, ул Набережная реки Магаданки, д 11",https://magadansky--mag.sudrf.ru/,magadansky--mag.sudrf.ru,да,49RS0001
Магаданская область,Ола,Ольский,Ольский районный суд Магаданской области,районный_городской,"Районный, городской, межрайонный суд","685910, Магаданская обл, пгт Ола, ул Советская, влд 32",https://olskiy--mag.sudrf.ru/,olskiy--mag.sudrf.ru,да,49RS0002
Магаданская область,Омсукчан,Омсукчанский,Омсукчанский районный суд Магаданской области,районный_городской,"Районный, городской, межрайонный суд","686410, Магаданская обл, пгт Омсукчан, ул Омсукчанская, д 3",https://omsukchansky--mag.sudrf.ru/,omsukchansky--mag.sudrf.ru,да,49RS0003
Магаданская область,Палатка,Хасынский,Хасынский районный суд Магаданской области,районный_городской,"Районный, городской, межрайонный суд","686110, Магаданская обл, пгт Палатка, ул Школьная, зд 5",https://hasinsky--mag.sudrf.ru/,hasinsky--mag.sudrf.ru,да,49RS0008
Магаданская область,Сеймчан,Среднеканский,Среднеканский районный суд Магаданской области,районный_городской,"Районный, городской, межрайонный суд","686160, Магаданская обл, пгт Сеймчан, ул Николаева, д 2",https://srednekansky--mag.sudrf.ru/,srednekansky--mag.sudrf.ru,да,49RS0005
Магаданская область,Сусуман,Сусуманский,Сусуманский районный суд Магаданской области,районный_городской,"Районный, городской, межрайонный суд","686314, Магаданская обл, г Сусуман, ул Набережная, д 3",https://susumansky--mag.sudrf.ru/,susumansky--mag.sudrf.ru,да,49RS0006
Магаданская область,Эвенск,Северо-Эвенский,Северо-Эвенский районный суд Магаданской области,районный_городской,"Районный, городской, межрайонный суд","686430, Магаданская обл, пгт Эвенск, ул Победы, д 19",https://severoevensky--mag.sudrf.ru/,severoevensky--mag.sudrf.ru,да,49RS0004
Магаданская область,Ягодное,Ягоднинский,Ягоднинский районный суд Магаданской области,районный_городской,"Районный, городской, межрайонный суд","686230, Магаданская обл, пгт Ягодное, ул Строителей, влд 8",https://yagodinsky--mag.sudrf.ru/,yagodinsky--mag.sudrf.ru,да,49RS0009
Москва,Москва,,Первый апелляционный суд общей юрисдикции,апелляция,Апелляционный суд общей юрисдикции,"121471, г Москва, пр-кт Генерала Дорохова, д 80",https://1ap.sudrf.ru/,1ap.sudrf.ru,да,77AJ0001
Москва,Москва,,Второй кассационный суд общей юрисдикции,кассация,Кассационный суд общей юрисдикции,"121357, г Москва, ул Верейская, д 29 стр 34",https://2kas.sudrf.ru/,2kas.sudrf.ru,да,77KJ0002
Москва,Москва,,Московский городской суд,областной,Областной и равный ему суд,"107076, г Москва, ул Богородский Вал, д 8",https://mos-gorsud.ru/,mos-gorsud.ru,нет,77OS0000
Москва,Москва,,Верховный Суд Российской Федерации,верховный_суд,Верховный Суд Российской Федерации,"121069, г Москва, ул Поварская, д 13",https://vsrf.ru/,vsrf.ru,нет,00VS0000
Москва,Москва,Бабушкинский,Бабушкинский районный суд города Москвы,районный_городской,"Районный, городской, межрайонный суд","129281, г Москва, ул Лётчика Бабушкина, д 39А",https://mos-gorsud.ru/,mos-gorsud.ru,нет,77RS0001
Москва,Москва,Басманный,Басманный районный суд города Москвы,районный_городской,"Районный, городской, межрайонный суд","107078, г Москва, ул Каланчевская, д 11",https://mos-gorsud.ru/,mos-gorsud.ru,нет,77RS0002
Москва,Москва,Бутырский,Бутырский районный суд города Москвы,районный_городской,"Районный, городской, межрайонный суд","127018, г Москва, ул Образцова, д 26",https://mos-gorsud.ru/,mos-gorsud.ru,нет,77RS0003
Москва,Москва,Гагаринский,Гагаринский районный суд города Москвы,районный_городской,"Районный, городской, межрайонный суд","119049, г Москва, ул Донская, д 11 стр 1",https://mos-gorsud.ru/,mos-gorsud.ru,нет,77RS0004
Москва,Москва,Головинский,Головинский районный суд города Москвы,районный_городской,"Районный, городской, межрайонный суд","125130, г Москва, ул Зои и Александра Космодемьянских, д 31 к 2",https://mos-gorsud.ru/,mos-gorsud.ru,нет,77RS0005
Москва,Москва,Дорогомиловский,Дорогомиловский районный суд города Москвы,районный_городской,"Районный, городской, межрайонный суд","121165, г Москва, ул Студенческая, д 36",https://mos-gorsud.ru/,mos-gorsud.ru,нет,77RS0006
Москва,Москва,Замоскворецкий,Замоскворецкий районный суд города Москвы,районный_городской,"Районный, городской, межрайонный суд","115184, г Москва, ул Татарская, д 1",https://mos-gorsud.ru/,mos-gorsud.ru,нет,77RS0007
Москва,Москва,Зеленоградский,Зеленоградский районный суд города Москвы,районный_городской,"Районный, городской, межрайонный суд","124365, г Москва, г Зеленоград, к 2001",https://mos-gorsud.ru/,mos-gorsud.ru,нет,77RS0008
Москва,Москва,Зюзинский,Зюзинский районный суд города Москвы,районный_городской,"Районный, городской, межрайонный суд","117218, г Москва, ул Кржижановского, д 20/30 к 4",https://mos-gorsud.ru/,mos-gorsud.ru,нет,77RS0009
Москва,Москва,Измайловский,Измайловский районный суд города Москвы,районный_городской,"Районный, городской, межрайонный суд","105037, г Москва, ул Первомайская, д 12",https://mos-gorsud.ru/,mos-gorsud.ru,нет,77RS0010
Москва,Москва,Коптевский,Коптевский районный суд города Москвы,районный_городской,"Районный, городской, межрайонный суд","125130, г Москва, ул Зои и Александра Космодемьянских, д 31 к 2",https://mos-gorsud.ru/,mos-gorsud.ru,нет,77RS0011
Москва,Москва,Кузьминский,Кузьминский районный суд города Москвы,районный_городской,"Районный, городской, межрайонный суд","109377, г Москва, ул Зеленодольская, д 8/13",https://mos-gorsud.ru/,mos-gorsud.ru,нет,77RS0012
Москва,Москва,Кунцевский,Кунцевский районный суд города Москвы,районный_городской,"Районный, городской, межрайонный суд","121351, г Москва, ул Ярцевская, д 12 стр 1",https://mos-gorsud.ru/,mos-gorsud.ru,нет,77RS0013
Москва,Москва,Лефортовский,Лефортовский районный суд города Москвы,районный_городской,"Районный, городской, межрайонный суд","105120, г Москва, пл Андроньевская, д 5/9",https://mos-gorsud.ru/,mos-gorsud.ru,нет,77RS0014
Москва,Москва,Люблинский,Люблинский районный суд города Москвы,районный_городской,"Районный, городской, межрайонный суд","109559, г Москва, ул Марьинский Парк, д 29",https://lublinsky--msk.sudrf.ru/,lublinsky--msk.sudrf.ru,да,77RS0015
Москва,Москва,Мещанский,Мещанский районный суд города Москвы,районный_городской,"Районный, городской, межрайонный суд","129090, г Москва, ул Каланчевская, д 43А",https://mos-gorsud.ru/,mos-gorsud.ru,нет,77RS0016
Москва,Москва,Нагатинский,Нагатинский районный суд города Москвы,районный_городской,"Районный, городской, межрайонный суд","115201, г Москва, проезд Каширский, д 3",https://mos-gorsud.ru/,mos-gorsud.ru,нет,77RS0017
Москва,Москва,Никулинский,Никулинский районный суд города Москвы,районный_городской,"Районный, городской, межрайонный суд","119192, г Москва, пр-кт Мичуринский, д 17 к 1",https://mos-gorsud.ru/,mos-gorsud.ru,нет,77RS0018
Москва,Москва,Останкинский,Останкинский районный суд города Москвы,районный_городской,"Районный, городской, межрайонный суд","129515, г Москва, ул 1-я Останкинская, д 35",https://mos-gorsud.ru/,mos-gorsud.ru,нет,77RS0019
Москва,Москва,Перовский,Перовский районный суд города Москвы,районный_городской,"Районный, городской, межрайонный суд","111398, г Москва, ул Кусковская, д 8 стр 1",https://mos-gorsud.ru/,mos-gorsud.ru,нет,77RS0020
Москва,Москва,Преображенский,Преображенский районный суд города Москвы,районный_городской,"Районный, городской, межрайонный суд","107076, г Москва, ул 2-я Бухвостова, д 4",https://mos-gorsud.ru/,mos-gorsud.ru,нет,77RS0022
Москва,Москва,Пресненский,Пресненский районный суд города Москвы,районный_городской,"Районный, городской, межрайонный суд","123242, г Москва, ул Зоологическая, д 20",https://mos-gorsud.ru/,mos-gorsud.ru,нет,77RS0021
Москва,Москва,Савеловский,Савеловский районный суд города Москвы,районный_городской,"Районный, городской, межрайонный суд","125196, г Москва, ул Бутырский Вал, д 7 стр 1",https://mos-gorsud.ru/,mos-gorsud.ru,нет,77RS0023
Москва,Москва,Симоновский,Симоновский районный суд города Москвы,районный_городской,"Районный, городской, межрайонный суд","115068, г Москва, ул Восточная, д 2 стр 6",https://mos-gorsud.ru/,mos-gorsud.ru,нет,77RS0024
Москва,Москва,Солнцевский,Солнцевский районный суд города Москвы,районный_городской,"Районный, городской, межрайонный суд","119618, г Москва, ул 50 лет Октября, д 6 к 1",https://mos-gorsud.ru/,mos-gorsud.ru,нет,77RS0025
Москва,Москва,Таганский,Таганский районный суд города Москвы,районный_городской,"Районный, городской, межрайонный суд","109147, г Москва, пер Марксистский, д 1/32",https://mos-gorsud.ru/,mos-gorsud.ru,нет,77RS0026
Москва,Москва,Тверской,Тверской районный суд города Москвы,районный_городской,"Районный, городской, межрайонный суд","129090, г Москва, ул Каланчевская, д 43А",https://mos-gorsud.ru/,mos-gorsud.ru,нет,77RS0027
Москва,Москва,Тимирязевский,Тимирязевский районный суд города Москвы,районный_городской,"Районный, городской, межрайонный суд","127238, г Москва, ш Дмитровское, д 65",https://mos-gorsud.ru/,mos-gorsud.ru,нет,77RS0028
Москва,Москва,Троицкий,Троицкий районный суд города Москвы,районный_городской,"Районный, городской, межрайонный суд","108818, г Москва, Троицк р-н, ул Дмитрия Кабалевского, д 6",https://mos-gorsud.ru/,mos-gorsud.ru,нет,77RS0035
Москва,Москва,Тушинский,Тушинский районный суд города Москвы,районный_городской,"Районный, городской, межрайонный суд","125373, г Москва, ул Героев Панфиловцев, д 26 к 1",https://mos-gorsud.ru/,mos-gorsud.ru,нет,77RS0029
Москва,Москва,Хамовнический,Хамовнический районный суд города Москвы,районный_городской,"Районный, городской, межрайонный суд","119121, г Москва, пер 7-й Ростовский, д 21",https://mos-gorsud.ru/,mos-gorsud.ru,нет,77RS0030
Москва,Москва,Хорошевский,Хорошевский районный суд города Москвы,районный_городской,"Районный, городской, межрайонный суд","123154, г Москва, ул Маршала Тухачевского, д 25 стр 1",https://mos-gorsud.ru/,mos-gorsud.ru,нет,77RS0031
Москва,Москва,Черемушкинский,Черемушкинский районный суд города Москвы,районный_городской,"Районный, городской, межрайонный суд","117218, г Москва, ул Кржижановского, д 20/30 к 3",https://mos-gorsud.ru/,mos-gorsud.ru,нет,77RS0032
Москва,Москва,Чертановский,Чертановский районный суд города Москвы,районный_городской,"Районный, городской, межрайонный суд","117556, г Москва, ул Артековская, д 3А",https://mos-gorsud.ru/,mos-gorsud.ru,нет,77RS0033
Москва,Москва,Щербинский,Щербинский районный суд города Москвы,районный_городской,"Районный, городской, межрайонный суд","117148, г Москва, ул Маршала Савицкого, д 2",https://mos-gorsud.ru/,mos-gorsud.ru,нет,77RS0034
Московская область,Балашиха,,Балашихинский городской суд Московской области,районный_городской,"Районный, городской, межрайонный суд","143907, Московская обл, г Балашиха, ш Энтузиастов, д 39А",https://balashihinsky--mo.sudrf.ru/,balashihinsky--mo.sudrf.ru,да,50RS0001
Московская область,Балашиха,,Железнодорожный городской суд Московской области,районный_городской,"Районный, городской, межрайонный суд","143980, Московская обл, г Балашиха, мкр Железнодорожный, ул Октябрьская, д 31",https://zheleznodorojniy--mo.sudrf.ru/,zheleznodorojniy--mo.sudrf.ru,да,50RS0010
Московская область,Видное,,Видновский городской суд Московской области,районный_городской,"Районный, городской, межрайонный суд","142700, Московская обл, г Видное, ул Центральная, д 2",https://vidnoe--mo.sudrf.ru/,vidnoe--mo.sudrf.ru,да,50RS0002
Московская область,Волоколамск,,Волоколамский городской суд Московской области,районный_городской,"Районный, городской, межрайонный суд","143600, Московская обл, г Волоколамск, ул Пролетарская, д 10А",https://volokolamsk--mo.sudrf.ru/,volokolamsk--mo.sudrf.ru,да,50RS0004
Московская область,Воскресенск,,Воскресенский городской суд Московской области,районный_городской,"Районный, городской, межрайонный суд","140200, Московская обл, г Воскресенск, ул Советская, д 3А",https://voskresensk--mo.sudrf.ru/,voskresensk--mo.sudrf.ru,да,50RS0003
Московская область,Дмитров,,Дмитровский городской суд Московской области,районный_городской,"Районный, городской, межрайонный суд","141800, Московская обл, г Дмитров, ул Загорская, д 18",https://dmitrov--mo.sudrf.ru/,dmitrov--mo.sudrf.ru,да,50RS0005
Московская область,Долгопрудный,,Долгопрудненский городской суд Московской области,районный_городской,"Районный, городской, межрайонный суд","141701, Московская обл, г Долгопрудный, ул Первомайская, д 13/3",https://dolgoprudniy--mo.sudrf.ru/,dolgoprudniy--mo.sudrf.ru,да,50RS0006
Московская область,Домодедово,,Домодедовский городской суд Московской области,районный_городской,"Районный, городской, межрайонный суд","142000, Московская обл., г. Домодедово, ул. Советская, д. 26",https://domodedovo--mo.sudrf.ru/,domodedovo--mo.sudrf.ru,да,50RS0007
Московская область,Дубна,,Дубненский городской суд Московской области,районный_городской,"Районный, городской, межрайонный суд","141980, Московская обл, г Дубна, ул Курчатова И.В., д 28",https://dubna--mo.sudrf.ru/,dubna--mo.sudrf.ru,да,50RS0008
Московская область,Егорьевск,,Егорьевский городской суд Московской области,районный_городской,"Районный, городской, межрайонный суд","140301, Московская обл, г Егорьевск, пр-кт Ленина, д 12",https://egorievsk--mo.sudrf.ru/,egorievsk--mo.sudrf.ru,да,50RS0009
Московская область,Жуковский,,Жуковский городской суд Московской области,районный_городской,"Районный, городской, межрайонный суд","140185, Московская обл., г. Жуковский, ул. Ф.Калугина, д. 9",https://zhukovsk--mo.sudrf.ru/,zhukovsk--mo.sudrf.ru,да,50RS0011
Московская область,Зарайск,,Зарайский городской суд Московской области,районный_городской,"Районный, городской, межрайонный суд","140600, Московская обл, г Зарайск, ул Советская, д 23",https://zaraisk--mo.sudrf.ru/,zaraisk--mo.sudrf.ru,да,50RS0012
Московская область,Истра,,Истринский городской суд Московской области,районный_городской,"Районный, городской, межрайонный суд","143500, Московская обл, г Истра, ул Советская, д 11",https://istra--mo.sudrf.ru/,istra--mo.sudrf.ru,да,50RS0015
Московская область,Кашира,,Каширский городской суд Московской области,районный_городской,"Районный, городской, межрайонный суд","142900, Московская обл, г Кашира, ул Советская, д 13",https://kashira--mo.sudrf.ru/,kashira--mo.sudrf.ru,да,50RS0017
Московская область,Клин,,Клинский городской суд Московской области,районный_городской,"Районный, городской, межрайонный суд","141601, Московская обл, г Клин, ул Ленина, д 17",https://klin--mo.sudrf.ru/,klin--mo.sudrf.ru,да,50RS0019
Московская область,Коломна,,Коломенский городской суд Московской области,районный_городской,"Районный, городской, межрайонный суд","140400, Московская обл, г Коломна, ул Гражданская, д 5",https://kolomna--mo.sudrf.ru/,kolomna--mo.sudrf.ru,да,50RS0020
Московская область,Коломна,,Озерский городской суд Московской области,районный_городской,"Районный, городской, межрайонный суд","140560, Московская обл, г Коломна, г Озёры, пл Коммунистическая, д 15",https://ozery--mo.sudrf.ru/,ozery--mo.sudrf.ru,да,50RS0032
Московская область,Королёв,,Королёвский городской суд Московской области,районный_городской,"Районный, городской, межрайонный суд","141070, Московская обл, г Королёв, ул Коминтерна, д 2",https://korolev--mo.sudrf.ru/,korolev--mo.sudrf.ru,да,50RS0016
Московская область,Красногорск,,Московский областной суд,областной,Областной и равный ему суд,"143401, Московская обл, г Красногорск, б-р Строителей, д 4 к 3",https://oblsud--mo.sudrf.ru/,oblsud--mo.sudrf.ru,да,50OS0000
Московская область,Красногорск,,Красногорский городской суд Московской области,районный_городской,"Районный, городской, межрайонный суд","143403, Московская обл, г Красногорск, ул Первомайская, влд 6",https://krasnogorsk--mo.sudrf.ru/,krasnogorsk--mo.sudrf.ru,да,50RS0021
Московская область,Лобня,,Лобненский городской суд Московской области,районный_городской,"Районный, городской, межрайонный суд","141732, Московская обл, г Лобня, ул Мирная, д 15",https://lobnia--mo.sudrf.ru/,lobnia--mo.sudrf.ru,да,50RS0022
Московская область,Луховицы,Луховицкий,Луховицкий районный суд Московской области,районный_городской,"Районный, городской, межрайонный суд","140501, Московская обл, г Луховицы, ул Гагарина, д 10",https://luhovitsy--mo.sudrf.ru/,luhovitsy--mo.sudrf.ru,да,50RS0024
Московская область,Люберцы,,Люберецкий городской суд Московской области,районный_городской,"Районный, городской, межрайонный суд","140005, Московская обл, г Люберцы, ул Калараш, д 19",https://luberetzy--mo.sudrf.ru/,luberetzy--mo.sudrf.ru,да,50RS0026
Московская область,Можайск,,Можайский городской суд Московской области,районный_городской,"Районный, городской, межрайонный суд","143200, Московская обл, г Можайск, ул Герцена, д 9",https://mojaisk--mo.sudrf.ru/,mojaisk--mo.sudrf.ru,да,50RS0027
Московская область,Мытищи,,Мытищинский городской суд Московской области,районный_городской,"Районный, городской, межрайонный суд","141009, Московская обл, г Мытищи, ул Колонцова, д 15",https://mitishy--mo.sudrf.ru/,mitishy--mo.sudrf.ru,да,50RS0028
Московская область,Наро-Фоминск,,Наро-Фоминский городской суд Московской области,районный_городской,"Районный, городской, межрайонный суд","143300, Московская обл., г. Наро-Фоминск, ул. Полубоярова, стр. 8, этажи 4, 5",https://naro-fominsk--mo.sudrf.ru/,naro-fominsk--mo.sudrf.ru,да,50RS0029
Московская область,Ногинск,,Ногинский городской суд Московской области,районный_городской,"Районный, городской, межрайонный суд","142412, Московская обл, г Ногинск, ул Климова, д 53",https://noginsk--mo.sudrf.ru/,noginsk--mo.sudrf.ru,да,50RS0030
Московская область,Одинцово,,Одинцовский городской суд Московской области,районный_городской,"Районный, городской, межрайонный суд","143007, Московская обл, г Одинцово, ул Советская, д 7",https://odintsovo--mo.sudrf.ru/,odintsovo--mo.sudrf.ru,да,50RS0031
Московская область,Орехово-Зуево,,Орехово-Зуевский городской суд Московской области,районный_городской,"Районный, городской, межрайонный суд","142600, Московская обл, г Орехово-Зуево, пл Октябрьская, д 2",https://orehovo-zuevo--mo.sudrf.ru/,orehovo-zuevo--mo.sudrf.ru,да,50RS0033
Московская область,Павловский Посад,,Павлово-Посадский городской суд Московской области,районный_городской,"Районный, городской, межрайонный суд","142500, Московская обл, г Павловский Посад, ул Павловская, д 52",https://pavlov-posad--mo.sudrf.ru/,pavlov-posad--mo.sudrf.ru,да,50RS0034
Московская область,Подольск,,Подольский городской суд Московской области,районный_городской,"Районный, городской, межрайонный суд","142100, Московская обл, г Подольск, пр-кт Революционный, д 57/22",https://podolsky--mo.sudrf.ru/,podolsky--mo.sudrf.ru,да,50RS0035
Московская область,Пушкино,,Ивантеевский городской суд Московской области,районный_городской,"Районный, городской, межрайонный суд","141281, Московская обл, г Пушкино, г Ивантеевка, ул Хлебозаводская, д 22",https://ivanteevka--mo.sudrf.ru/,ivanteevka--mo.sudrf.ru,да,50RS0014
Московская область,Пушкино,,Пушкинский городской суд Московской области,районный_городской,"Районный, городской, межрайонный суд","141240, Московская обл, г Пушкино, мкр Мамонтовка, ул Ленточка, д 20А",https://pushkino--mo.sudrf.ru/,pushkino--mo.sudrf.ru,да,50RS0036
Московская область,Раменское,,Раменский городской суд Московской области,районный_городской,"Районный, городской, межрайонный суд","140100, Московская обл, г Раменское, ул Вокзальная, д 2",https://ramenskoe--mo.sudrf.ru/,ramenskoe--mo.sudrf.ru,да,50RS0039
Московская область,Реутов,,Реутовский городской суд Московской области,районный_городской,"Районный, городской, межрайонный суд","143962, Московская обл, г Реутов, пр-кт Юбилейный, д 56",https://reutov--mo.sudrf.ru/,reutov--mo.sudrf.ru,да,50RS0040
Московская область,Руза,Рузский,Рузский районный суд Московской области,районный_городской,"Районный, городской, межрайонный суд","143103, Московская обл, г Руза, ул Социалистическая, д 25",https://ruza--mo.sudrf.ru/,ruza--mo.sudrf.ru,да,50RS0041
Московская область,Сергиев Посад,,Сергиево-Посадский городской суд Московской области,районный_городской,"Районный, городской, межрайонный суд","141300, Московская обл, г Сергиев Посад, пр-кт Красной Армии, д 205Б",https://sergiev-posad--mo.sudrf.ru/,sergiev-posad--mo.sudrf.ru,да,50RS0042
Московская область,Серпухов,,Серпуховский городской суд Московской области,районный_городской,"Районный, городской, межрайонный суд","142214, Московская обл, г Серпухов, ул Ворошилова, д 186",https://serpuhov--mo.sudrf.ru/,serpuhov--mo.sudrf.ru,да,50RS0044
Московская область,Солнечногорск,,Солнечногорский городской суд Московской области,районный_городской,"Районный, городской, межрайонный суд","141504, Московская обл, г Солнечногорск, ул Маяковского, д 17",https://solnechnogorsk--mo.sudrf.ru/,solnechnogorsk--mo.sudrf.ru,да,50RS0045
Московская область,Ступино,,Ступинский городской суд Московской области,районный_городской,"Районный, городской, межрайонный суд","142802, Московская обл, г Ступино, ул Куйбышева, д 53",https://stupino--mo.sudrf.ru/,stupino--mo.sudrf.ru,да,50RS0046
Московская область,Талдом,Талдомский,Талдомский районный суд Московской области,районный_городской,"Районный, городской, межрайонный суд","141900, Московская обл, г Талдом, ул Красноармейская, д 3",https://taldom--mo.sudrf.ru/,taldom--mo.sudrf.ru,да,50RS0047
Московская область,Химки,,Химкинский городской суд Московской области,районный_городской,"Районный, городской, межрайонный суд","141402, Московская обл, г Химки, ул Ленинградская, д 13Б",https://himki--mo.sudrf.ru/,himki--mo.sudrf.ru,да,50RS0048
Московская область,Чехов,,Чеховский городской суд Московской области,районный_городской,"Районный, городской, межрайонный суд","142306, Московская обл, г Чехов, ул Чехова, д 24",https://chehov--mo.sudrf.ru/,chehov--mo.sudrf.ru,да,50RS0049
Московская область,Шатура,,Шатурский городской суд Московской области,районный_городской,"Районный, городской, межрайонный суд","140700, Московская обл, г Шатура, пл Ленина, д 3",https://shatura--mo.sudrf.ru/,shatura--mo.sudrf.ru,да,50RS0050
Московская область,Щёлково,,Щелковский городской суд Московской области,районный_городской,"Районный, городской, межрайонный суд","141100, Московская обл, г Щёлково, пл Ленина, д 5",https://shelkovo--mo.sudrf.ru/,shelkovo--mo.sudrf.ru,да,50RS0052
Московская область,Электросталь,,Электростальский городской суд Московской области,районный_городской,"Районный, городской, межрайонный суд","144010, Московская обл, г Электросталь, ул Журавлева, д 11 к 4",https://elektrostal--mo.sudrf.ru/,elektrostal--mo.sudrf.ru,да,50RS0053
Мурманская область,Апатиты,,Апатитский городской суд Мурманской области,районный_городской,"Районный, городской, межрайонный суд","184209, Мурманская обл, г Апатиты, ул Ферсмана, влд 44",https://apa--mrm.sudrf.ru/,apa--mrm.sudrf.ru,да,51RS0007
Мурманская область,Заполярный,Печенгский,Печенгский районный суд Мурманской области,районный_городской,"Районный, городской, межрайонный суд","184430, Мурманская обл, Печенгский р-н, г Заполярный, ул Стрельцова, зд 3А",https://pech--mrm.sudrf.ru/,pech--mrm.sudrf.ru,да,51RS0017
Мурманская область,Кандалакша,Кандалакшский,Кандалакшский районный суд Мурманской области,районный_городской,"Районный, городской, межрайонный суд","184042, Мурманская обл, г Кандалакша, ул Курасова, д 8",https://kan--mrm.sudrf.ru/,kan--mrm.sudrf.ru,да,51RS0009
Мурманская область,Кировск,,Кировский городской суд Мурманской области,районный_городской,"Районный, городской, межрайонный суд","184250, Мурманская обл, г Кировск, пр-кт Ленина, д 16 литера а",https://kir--mrm.sudrf.ru/,kir--mrm.sudrf.ru,да,51RS0016
Мурманская область,Ковдор,Ковдорский,Ковдорский районный суд Мурманской области,районный_городской,"Районный, городской, межрайонный суд","184143, Мурманская обл, г Ковдор, ул Баштыркова, д 3 к 4",https://kovd--mrm.sudrf.ru/,kovd--mrm.sudrf.ru,да,51RS0018
Мурманская область,Кола,Кольский,Кольский районный суд Мурманской области,районный_городской,"Районный, городской, межрайонный суд","184381, Мурманская обл, г Кола, пр-кт Миронова, д 30",https://kola--mrm.sudrf.ru/,kola--mrm.sudrf.ru,да,51RS0008
Мурманская область,Ловозеро,Ловозерский,Ловозерский районный суд Мурманской области,районный_городской,"Районный, городской, межрайонный суд","184592, Мурманская обл, с Ловозеро, ул Советская, д 15",https://lov--mrm.sudrf.ru/,lov--mrm.sudrf.ru,да,51RS0015
Мурманская область,Мончегорск,,Мончегорский городской суд Мурманской области,районный_городской,"Районный, городской, межрайонный суд","184511, Мурманская обл, г Мончегорск, наб Комсомольская, д 56",https://mon--mrm.sudrf.ru/,mon--mrm.sudrf.ru,да,51RS0006
Мурманская область,Мурманск,,Мурманский областной суд,областной,Областной и равный ему суд,"183038, г Мурманск, ул Полярные Зори, д 15",https://oblsud--mrm.sudrf.ru/,oblsud--mrm.sudrf.ru,да,51OS0000
Мурманская область,Мурманск,Ленинский,Ленинский районный суд г. Мурманска,районный_городской,"Районный, городской, межрайонный суд","183038, г Мурманск, проезд Ивана Халатина, д 5",https://len--mrm.sudrf.ru/,len--mrm.sudrf.ru,да,51RS0003
Мурманская область,Мурманск,Октябрьский,Октябрьский районный суд г. Мурманска,районный_городской,"Районный, городской, межрайонный суд","183038, г Мурманск, пр-кт Ленина, д 54",https://okt--mrm.sudrf.ru/,okt--mrm.sudrf.ru,да,51RS0001
Мурманская область,Мурманск,Первомайский,Первомайский районный суд г. Мурманска,районный_городской,"Районный, городской, межрайонный суд","183038, г Мурманск, пр-кт Ленина, д 2",https://perv--mrm.sudrf.ru/,perv--mrm.sudrf.ru,да,51RS0002
Мурманская область,Оленегорск,,Оленегорский городской суд Мурманской области,районный_городской,"Районный, городской, межрайонный суд","184536, Мурманская обл, г Оленегорск, ул Нагорная, д 6А",https://ole--mrm.sudrf.ru/,ole--mrm.sudrf.ru,да,51RS0011
Мурманская область,Полярные Зори,Полярнозоринский,Полярнозоринский районный суд Мурманской области,районный_городской,"Районный, городской, межрайонный суд","184230, Мурманская обл, г Полярные Зори, ул Пушкина, д 12А",https://polzori--mrm.sudrf.ru/,polzori--mrm.sudrf.ru,да,51RS0019
Мурманская область,Полярный,Полярный,Полярный районный суд Мурманской области,районный_городской,"Районный, городской, межрайонный суд","184650, Мурманская обл, г Полярный, ул Сивко, д 2",https://pol--mrm.sudrf.ru/,pol--mrm.sudrf.ru,да,51RS0020
Мурманская область,Североморск,Североморский,Североморский районный суд Мурманской области,районный_городской,"Районный, городской, межрайонный суд","184604, Мурманская обл, г Североморск, ул Душенова, д 12А",https://sevrs--mrm.sudrf.ru/,sevrs--mrm.sudrf.ru,да,51RS0021
Ненецкий автономный округ,Нарьян-Мар,,Суд Ненецкого автономного округа,областной,Областной и равный ему суд,"166000, г Нарьян-Мар, ул Смидовича, зд 4",https://sud--nao.sudrf.ru/,sud--nao.sudrf.ru,да,83OS0000
Ненецкий автономный округ,Нарьян-Мар,,Нарьян-Марский городской суд Ненецкого автономного округа,районный_городской,"Районный, городской, межрайонный суд","166000, г Нарьян-Мар, ул Октябрьская, зд 24",https://nariyanmarsky--nao.sudrf.ru/,nariyanmarsky--nao.sudrf.ru,да,83RS0001
Нижегородская область,Ардатов,Ардатовский,Ардатовский районный суд Нижегородской области,районный_городской,"Районный, городской, межрайонный суд","607130, Нижегородская обл, рп Ардатов, ул Ленина, д 36",https://ardatovsky--nnov.sudrf.ru/,ardatovsky--nnov.sudrf.ru,да,52RS0019
Нижегородская область,Арзамас,,Арзамасский городской суд Нижегородской области,районный_городской,"Районный, городской, межрайонный суд","607223, Нижегородская обл, г Арзамас, ул Владимирского, д 14",https://arzamassky--nnov.sudrf.ru/,arzamassky--nnov.sudrf.ru,да,52RS0009
Нижегородская область,Балахна,,Балахнинский городской суд Нижегородской области,районный_городской,"Районный, городской, межрайонный суд","606400, Нижегородская обл, г Балахна, ул Энгельса, д 5А",https://balahninsky--nnov.sudrf.ru/,balahninsky--nnov.sudrf.ru,да,52RS0010
Нижегородская область,Богородск,,Богородский городской суд Нижегородской области,районный_городской,"Районный, городской, межрайонный суд","607603, Нижегородская обл, г Богородск, ул Ванцетти, д 1",https://bogorodsky--nnov.sudrf.ru/,bogorodsky--nnov.sudrf.ru,да,52RS0011
Нижегородская область,Большое Болдино,Большеболдинский,Большеболдинский межрайонный суд Нижегородской области,районный_городской,"Районный, городской, межрайонный суд","607940, Нижегородская обл, с Большое Болдино, ул Красная, влд 2",https://b-boldinsky--nnov.sudrf.ru/,b-boldinsky--nnov.sudrf.ru,да,52RS0020
Нижегородская область,Бор,,Борский городской суд Нижегородской области,районный_городской,"Районный, городской, межрайонный суд","606440, Нижегородская обл, г Бор, ул Профсоюзная, д 3",https://borsky--nnov.sudrf.ru/,borsky--nnov.sudrf.ru,да,52RS0012
Нижегородская область,Варнавино,Варнавинский,Варнавинский районный суд Нижегородской области,районный_городской,"Районный, городской, межрайонный суд","606760, Нижегородская обл, рп Варнавино, ул Комсомольская, д 15",https://varnavinsky--nnov.sudrf.ru/,varnavinsky--nnov.sudrf.ru,да,52RS0024
Нижегородская область,Вача,Вачский,Вачский межрайонный суд Нижегородской области,районный_городской,"Районный, городской, межрайонный суд","606150, Нижегородская обл, рп Вача, ул Ленина, д 13",https://vachsky--nnov.sudrf.ru/,vachsky--nnov.sudrf.ru,да,52RS0025
Нижегородская область,Володарск,Володарский,Володарский районный суд Нижегородской области,районный_городской,"Районный, городской, межрайонный суд","606072, Нижегородская обл, г Володарск, ул Центральная, зд 3",https://volodarsky--nnov.sudrf.ru/,volodarsky--nnov.sudrf.ru,да,52RS0028
Нижегородская область,Воротынец,Воротынский,Воротынский межрайонный суд Нижегородской области,районный_городской,"Районный, городской, межрайонный суд","606260, Нижегородская обл, рп Воротынец, ул Космонавтов, д 6",https://vorotinsky--nnov.sudrf.ru/,vorotinsky--nnov.sudrf.ru,да,52RS0029
Нижегородская область,Выкса,,Выксунский городской суд Нижегородской области,районный_городской,"Районный, городской, межрайонный суд","607060, Нижегородская обл, г Выкса, ул Ленина, стр 4",https://viksunsky--nnov.sudrf.ru/,viksunsky--nnov.sudrf.ru,да,52RS0013
Нижегородская область,Городец,,Городецкий городской суд Нижегородской области,районный_городской,"Районный, городской, межрайонный суд","606502, Нижегородская обл, г Городец, пл Пролетарская, д 21А",https://gorodecsky--nnov.sudrf.ru/,gorodecsky--nnov.sudrf.ru,да,52RS0014
Нижегородская область,Дальнее Константиново,Дальнеконстантиновский,Дальнеконстантиновский районный суд Нижегородской области,районный_городской,"Районный, городской, межрайонный суд","606310, Нижегородская обл, рп Дальнее Константиново, ул Советская, д 103",https://d-konstantinovsky--nnov.sudrf.ru/,d-konstantinovsky--nnov.sudrf.ru,да,52RS0033
Нижегородская область,Дзержинск,,Дзержинский городской суд Нижегородской области,районный_городской,"Районный, городской, межрайонный суд","606023, Нижегородская обл, г Дзержинск, ул Гайдара, д 10",https://dzerginsky--nnov.sudrf.ru/,dzerginsky--nnov.sudrf.ru,да,52RS0015
Нижегородская область,Дивеево,Дивеевский,Дивеевский межрайонный суд Нижегородской области,районный_городской,"Районный, городской, межрайонный суд","607320, Нижегородская обл, с Дивеево, ул Южная, д 16",https://diveevsky--nnov.sudrf.ru/,diveevsky--nnov.sudrf.ru,да,52RS0032
Нижегородская область,Княгинино,Княгининский,Княгининский межрайонный суд Нижегородской области,районный_городской,"Районный, городской, межрайонный суд","606340, Нижегородская обл, г Княгинино, пер Красноармейский, зд 7",https://knyagininsky--nnov.sudrf.ru/,knyagininsky--nnov.sudrf.ru,да,52RS0037
Нижегородская область,Ковернино,Ковернинский,Ковернинский межрайонный суд Нижегородской области,районный_городской,"Районный, городской, межрайонный суд","606570, Нижегородская обл, рп Ковернино, ул Карла Маркса, зд 30",https://koverninsky--nnov.sudrf.ru/,koverninsky--nnov.sudrf.ru,да,52RS0036
Нижегородская область,Красные Баки,Краснобаковский,Краснобаковский межрайонный суд Нижегородской области,районный_городской,"Районный, городской, межрайонный суд","606710, Нижегородская обл, рп Красные Баки, ул Луговая, зд 30",https://kr-bakovsky--nnov.sudrf.ru/,kr-bakovsky--nnov.sudrf.ru,да,52RS0034
Нижегородская область,Кулебаки,,Кулебакский городской суд Нижегородской области,районный_городской,"Районный, городской, межрайонный суд","607010, Нижегородская обл, г Кулебаки, пл Ленина, д 4",https://kulebaksky--nnov.sudrf.ru/,kulebaksky--nnov.sudrf.ru,да,52RS0017
Нижегородская область,Лукоянов,Лукояновский,Лукояновский районный суд Нижегородской области,районный_городской,"Районный, городской, межрайонный суд","607800, Нижегородская обл, г Лукоянов, пл Мира, д 5А",https://lukoyanovsky--nnov.sudrf.ru/,lukoyanovsky--nnov.sudrf.ru,да,52RS0038
Нижегородская область,Лысково,Лысковский,Лысковский районный суд Нижегородской области,районный_городской,"Районный, городской, межрайонный суд","606210, Нижегородская обл, г Лысково, ул Ленина, д 42",https://liskovsky--nnov.sudrf.ru/,liskovsky--nnov.sudrf.ru,да,52RS0039
Нижегородская область,Навашино,Навашинский,Навашинский районный суд Нижегородской области,районный_городской,"Районный, городской, межрайонный суд","607100, Нижегородская обл, г Навашино, ул Трудовая, д 8",https://navashinsky--nnov.sudrf.ru/,navashinsky--nnov.sudrf.ru,да,52RS0040
Нижегородская область,Нижний Новгород,,Четвертый апелляционный суд общей юрисдикции,апелляция,Апелляционный суд общей юрисдикции,"603022, Нижегородская обл, г Нижний Новгород, пр-кт Гагарина, д 17А, помещ П1",https://4ap.sudrf.ru/,4ap.sudrf.ru,да,52AJ0004
Нижегородская область,Нижний Новгород,,Нижегородский областной суд,областной,Областной и равный ему суд,"603022, Нижегородская обл, г Нижний Новгород, ул Студенческая, д 23",https://nnoblsud.ru/,nnoblsud.ru,нет,52OS0000
Нижегородская область,Нижний Новгород,,Кстовский городской суд Нижегородской области,районный_городской,"Районный, городской, межрайонный суд","607650, Нижегородская обл, г Нижний Новгород, г Кстово, пл Ленина, д 8",https://kstovsky--nnov.sudrf.ru/,kstovsky--nnov.sudrf.ru,да,52RS0016
Нижегородская область,Нижний Новгород,Автозаводский,Автозаводский районный суд г. Нижний Новгород,районный_городской,"Районный, городской, межрайонный суд","603043, Нижегородская обл, г Нижний Новгород, пр-кт Октября, д 28",https://avtozavodsky--nnov.sudrf.ru/,avtozavodsky--nnov.sudrf.ru,да,52RS0001
Нижегородская область,Нижний Новгород,Канавинский,Канавинский районный суд г. Нижний Новгород,районный_городской,"Районный, городской, межрайонный суд","603059, Нижегородская обл, г Нижний Новгород, ул Июльских Дней, д 2",https://kanavinsky--nnov.sudrf.ru/,kanavinsky--nnov.sudrf.ru,да,52RS0002
Нижегородская область,Нижний Новгород,Ленинский,Ленинский районный суд г. Нижний Новгород,районный_городской,"Районный, городской, межрайонный суд","603076, Нижегородская обл, г Нижний Новгород, ул Космонавта Комарова, д 10А",https://leninsky--nnov.sudrf.ru/,leninsky--nnov.sudrf.ru,да,52RS0003
Нижегородская область,Нижний Новгород,Московский,Московский районный суд г. Нижний Новгород,районный_городской,"Районный, городской, межрайонный суд","603079, Нижегородская обл, г Нижний Новгород, ш Московское, д 111",https://moskovsky--nnov.sudrf.ru/,moskovsky--nnov.sudrf.ru,да,52RS0004
Нижегородская область,Нижний Новгород,Нижегородский,Нижегородский районный суд г.Нижний Новгород,районный_городской,"Районный, городской, межрайонный суд","603000, Нижегородская обл, г Нижний Новгород, ул Большая Покровская, д 17",https://nizegorodsky--nnov.sudrf.ru/,nizegorodsky--nnov.sudrf.ru,да,52RS0005
Нижегородская область,Нижний Новгород,Приокский,Приокский районный суд г. Нижний Новгород,районный_городской,"Районный, городской, межрайонный суд","603950, Нижегородская обл., г. Нижний Новгород, ГСП-258, пр. Гагарина, д. 158",https://prioksky--nnov.sudrf.ru/,prioksky--nnov.sudrf.ru,да,52RS0008
Нижегородская область,Нижний Новгород,Советский,Советский районный суд г. Нижний Новгород,районный_городской,"Районный, городской, межрайонный суд","603950, Нижегородская обл., г. Нижний Новгород, ГСП-146, ул. Бекетова, д. 75",https://sovetsky--nnov.sudrf.ru/,sovetsky--nnov.sudrf.ru,да,52RS0007
Нижегородская область,Нижний Новгород,Сормовский,Сормовский районный суд г. Нижний Новгород,районный_городской,"Районный, городской, межрайонный суд","603096, Нижегородская обл, г Нижний Новгород, ул Станиславского, д 29",https://sormovsky--nnov.sudrf.ru/,sormovsky--nnov.sudrf.ru,да,52RS0006
Нижегородская область,Павлово,,Павловский городской суд Нижегородской области,районный_городской,"Районный, городской, межрайонный суд","606100, Нижегородская обл, г Павлово, ул Шмидта, д 10",https://pavlovsky--nnov.sudrf.ru/,pavlovsky--nnov.sudrf.ru,да,52RS0018
Нижегородская область,Перевоз,Перевозский,Перевозский межрайонный суд Нижегородской области,районный_городской,"Районный, городской, межрайонный суд","607400, Нижегородская обл, г Перевоз, ул Советская, д 19",https://perevozsky--nnov.sudrf.ru/,perevozsky--nnov.sudrf.ru,да,52RS0041
Нижегородская область,Пильна,Пильнинский,Пильнинский межрайонный суд Нижегородской области,районный_городской,"Районный, городской, межрайонный суд","607490, Нижегородская обл, рп Пильна, ул Урицкого, д 8",https://pilninsky--nnov.sudrf.ru/,pilninsky--nnov.sudrf.ru,да,52RS0043
Нижегородская область,Починки,Починковский,Починковский районный суд Нижегородской области,районный_городской,"Районный, городской, межрайонный суд","607910, Нижегородская обл, с Починки, пл Ленина, д 2",https://pochinkovsky--nnov.sudrf.ru/,pochinkovsky--nnov.sudrf.ru,да,52RS0044
Нижегородская область,Саров,,Саровский городской суд Нижегородской области,районный_городской,"Районный, городской, межрайонный суд","607188, Нижегородская обл, г Саров, пр-кт Мира, д 13",https://sarovsky--nnov.sudrf.ru/,sarovsky--nnov.sudrf.ru,да,52RS0045
Нижегородская область,Семенов,Семеновский,Семеновский районный суд Нижегородской области,районный_городской,"Районный, городской, межрайонный суд","606650, Нижегородская обл, г Семенов, пл Ленина, д 1",https://semenovsky--nnov.sudrf.ru/,semenovsky--nnov.sudrf.ru,да,52RS0047
Нижегородская область,Сергач,Сергачский,Сергачский межрайонный суд Нижегородской области,районный_городской,"Районный, городской, межрайонный суд","607510, Нижегородская обл, г Сергач, ул Гайдара, д 11",https://sergachsky--nnov.sudrf.ru/,sergachsky--nnov.sudrf.ru,да,52RS0048
Нижегородская область,Тоншаево,Тоншаевский,Тоншаевский районный суд Нижегородской области,районный_городской,"Районный, городской, межрайонный суд","606950, Нижегородская обл, рп Тоншаево, пл Мира, д 1",https://tonshaevsky--nnov.sudrf.ru/,tonshaevsky--nnov.sudrf.ru,да,52RS0052
Нижегородская область,Урень,Уренский,Уренский районный суд Нижегородской области,районный_городской,"Районный, городской, межрайонный суд","606800, Нижегородская обл, г Урень, ул Советская, д 29",https://urensky--nnov.sudrf.ru/,urensky--nnov.sudrf.ru,да,52RS0053
Нижегородская область,Чкаловск,Чкаловский,Чкаловский районный суд Нижегородской области,районный_городской,"Районный, городской, межрайонный суд","606540, Нижегородская обл, г Чкаловск, ул Комсомольская, д 23",https://chkalovsky--nnov.sudrf.ru/,chkalovsky--nnov.sudrf.ru,да,52RS0054
Нижегородская область,Шаранга,Шарангский,Шарангский межрайонный суд Нижегородской области,районный_городской,"Районный, городской, межрайонный суд","606840, Нижегородская обл, рп Шаранга, ул Ленина, д 37",https://sharangsky--nnov.sudrf.ru/,sharangsky--nnov.sudrf.ru,да,52RS0057
Нижегородская область,Шатки,Шатковский,Шатковский районный суд Нижегородской области,районный_городской,"Районный, городской, межрайонный суд","607700, Нижегородская обл, рп Шатки, ул Коммунальная, д 1А",https://shatkovsky--nnov.sudrf.ru/,shatkovsky--nnov.sudrf.ru,да,52RS0055
Нижегородская область,Шахунья,Шахунский,Шахунский межрайонный суд Нижегородской области,районный_городской,"Районный, городской, межрайонный суд","606910, Нижегородская обл, г Шахунья, ул Советская, д 8",https://shahunsky--nnov.sudrf.ru/,shahunsky--nnov.sudrf.ru,да,52RS0058
Новгородская область,Боровичи,Боровичский,Боровичский районный суд Новгородской области,районный_городской,"Районный, городской, межрайонный суд","174401, Новгородская обл, г Боровичи, ул Софьи Перовской, д 72А",https://borovichsky--nvg.sudrf.ru/,borovichsky--nvg.sudrf.ru,да,53RS0002
Новгородская область,Валдай,Валдайский,Валдайский районный суд Новгородской области,районный_городской,"Районный, городской, межрайонный суд","175400, Новгородская обл, г Валдай, ул Кирова, д 3А",https://valdaisky--nvg.sudrf.ru/,valdaisky--nvg.sudrf.ru,да,53RS0003
Новгородская область,Великий Новгород,,Новгородский областной суд,областной,Областной и равный ему суд,"173021, г Великий Новгород, ул Нехинская, д 55 стр 1",https://oblsud--nvg.sudrf.ru/,oblsud--nvg.sudrf.ru,да,53OS0000
Новгородская область,Великий Новгород,Новгородский,Новгородский районный суд Новгородской области,районный_городской,"Районный, городской, межрайонный суд","173002, г Великий Новгород, ул Октябрьская, д 15",https://novgorodski--nvg.sudrf.ru/,novgorodski--nvg.sudrf.ru,да,53RS0022
Новгородская область,Окуловка,Окуловский,Окуловский районный суд Новгородской области,районный_городской,"Районный, городской, межрайонный суд","174350, Новгородская обл, г Окуловка, ул Миклухо-Маклая, д 30",https://okulovsky--nvg.sudrf.ru/,okulovsky--nvg.sudrf.ru,да,53RS0011
Новгородская область,Пестово,Пестовский,Пестовский районный суд Новгородской области,районный_городской,"Районный, городской, межрайонный суд","174510, Новгородская обл, г Пестово, ул Советская, д 13",https://pestovsky--nvg.sudrf.ru/,pestovsky--nvg.sudrf.ru,да,53RS0012
Новгородская область,Сольцы,Солецкий,Солецкий районный суд Новгородской области,районный_городской,"Районный, городской, межрайонный суд","175040, Новгородская обл, г Сольцы, ул Почтовая, д 14",https://solecky--nvg.sudrf.ru/,solecky--nvg.sudrf.ru,да,53RS0015
Новгородская область,Старая Русса,Старорусский,Старорусский районный суд Новгородской области,районный_городской,"Районный, городской, межрайонный суд","175202, Новгородская обл, г Старая Русса, ул Трибуны, зд 4",https://starorussky--nvg.sudrf.ru/,starorussky--nvg.sudrf.ru,да,53RS0016
Новгородская область,Чудово,Чудовский,Чудовский районный суд Новгородской области,районный_городской,"Районный, городской, межрайонный суд","174210, Новгородская обл, г Чудово, ул Некрасова, д 32",https://chudovsky--nvg.sudrf.ru/,chudovsky--nvg.sudrf.ru,да,53RS0019
Новосибирская область,Барабинск,Барабинский,Барабинский районный суд Новосибирской области,районный_городской,"Районный, городской, межрайонный суд","632334, Новосибирская обл, Барабинский р-н, г Барабинск, пер Индустриальный, д 7",https://barabinsky--nsk.sudrf.ru/,barabinsky--nsk.sudrf.ru,да,54RS0012
Новосибирская область,Бердск,,Бердский городской суд Новосибирской области,районный_городской,"Районный, городской, межрайонный суд","633010, Новосибирская обл, г Бердск, ул Ленина, д 45",https://berdsky--nsk.sudrf.ru/,berdsky--nsk.sudrf.ru,да,54RS0013
Новосибирская область,Болотное,Болотнинский,Болотнинский районный суд Новосибирской области,районный_городской,"Районный, городской, межрайонный суд","633340, Новосибирская обл, г Болотное, ул Калинина, д 13",https://bolotninsky--nsk.sudrf.ru/,bolotninsky--nsk.sudrf.ru,да,54RS0014
Новосибирская область,Венгерово,Венгеровский,Венгеровский районный суд Новосибирской области,районный_городской,"Районный, городской, межрайонный суд","632241, Новосибирская обл, Венгеровский р-н, с Венгерово, ул Ленина, зд 70",https://vengerovsky--nsk.sudrf.ru/,vengerovsky--nsk.sudrf.ru,да,54RS0015
Новосибирская область,Довольное,Доволенский,Доволенский районный суд Новосибирской области,районный_городской,"Районный, городской, межрайонный суд","632450, Новосибирская обл, Доволенский р-н, с Довольное, ул Мичурина, д 12",https://dovolensky--nsk.sudrf.ru/,dovolensky--nsk.sudrf.ru,да,54RS0016
Новосибирская область,Искитим,Искитимский,Искитимский районный суд Новосибирской области,районный_городской,"Районный, городской, межрайонный суд","633209, Новосибирская обл, г Искитим, ул Советская, д 234",https://iskitimsky--nsk.sudrf.ru/,iskitimsky--nsk.sudrf.ru,да,54RS0018
Новосибирская область,Карасук,Карасукский,Карасукский районный суд Новосибирской области,районный_городской,"Районный, городской, межрайонный суд","632868, Новосибирская обл, г Карасук, ул Октябрьская, зд 12",https://karasuksky--nsk.sudrf.ru/,karasuksky--nsk.sudrf.ru,да,54RS0019
Новосибирская область,Колывань,Колыванский,Колыванский районный суд Новосибирской области,районный_городской,"Районный, городской, межрайонный суд","633162, Новосибирская обл, рп Колывань, ул Московская, д 46",https://kolyvansky--nsk.sudrf.ru/,kolyvansky--nsk.sudrf.ru,да,54RS0021
Новосибирская область,Коченево,Коченевский,Коченевский районный суд Новосибирской области,районный_городской,"Районный, городской, межрайонный суд","632640, Новосибирская обл, рп Коченево, ул Плахотного, зд 38",https://kochenevsky--nsk.sudrf.ru/,kochenevsky--nsk.sudrf.ru,да,54RS0023
Новосибирская область,Краснозерское,Краснозерский,Краснозерский районный суд Новосибирской области,районный_городской,"Районный, городской, межрайонный суд","632902, Новосибирская обл, рп Краснозерское, ул Советская, д 22",https://krasnozersky--nsk.sudrf.ru/,krasnozersky--nsk.sudrf.ru,да,54RS0024
Новосибирская область,Куйбышев,Куйбышевский,Куйбышевский районный суд Новосибирской области,районный_городской,"Районный, городской, межрайонный суд","632387, Новосибирская обл, Куйбышевский р-н, г Куйбышев, ул Куйбышева, д 20",https://kuibyshevsky--nsk.sudrf.ru/,kuibyshevsky--nsk.sudrf.ru,да,54RS0025
Новосибирская область,Купино,Купинский,Купинский районный суд Новосибирской области,районный_городской,"Районный, городской, межрайонный суд","632735, Новосибирская обл, г Купино, ул Советов, д 106",https://kupinsky--nsk.sudrf.ru/,kupinsky--nsk.sudrf.ru,да,54RS0026
Новосибирская область,Мошково,Мошковский,Мошковский районный суд Новосибирской области,районный_городской,"Районный, городской, межрайонный суд","633131, Новосибирская обл, рп Мошково, ул Советская, д 10",https://moshkovsky--nsk.sudrf.ru/,moshkovsky--nsk.sudrf.ru,да,54RS0029
Новосибирская область,Новосибирск,,Пятый апелляционный суд общей юрисдикции,апелляция,Апелляционный суд общей юрисдикции,"630005, г Новосибирск, ул Ломоносова, д 57А",https://5ap.sudrf.ru/,5ap.sudrf.ru,да,54AJ0005
Новосибирская область,Новосибирск,,Новосибирский областной суд,областной,Областной и равный ему суд,"630091, г Новосибирск, ул Писарева, д 35",https://oblsud--nsk.sudrf.ru/,oblsud--nsk.sudrf.ru,да,54OS0000
Новосибирская область,Новосибирск,Дзержинский,Дзержинский районный суд г. Новосибирска,районный_городской,"Районный, городской, межрайонный суд","630015, г Новосибирск, ул Промышленная, д 1",https://dzerzhinsky--nsk.sudrf.ru/,dzerzhinsky--nsk.sudrf.ru,да,54RS0001
Новосибирская область,Новосибирск,Железнодорожный,Железнодорожный районный суд г. Новосибирска,районный_городской,"Районный, городской, межрайонный суд","630132, г Новосибирск, ул Железнодорожная, д 4/1",https://zheleznodorozhny--nsk.sudrf.ru/,zheleznodorozhny--nsk.sudrf.ru,да,54RS0002
Новосибирская область,Новосибирск,Заельцовский,Заельцовский районный суд г. Новосибирска,районный_городской,"Районный, городской, межрайонный суд","630082, г Новосибирск, ул Дачная, д 35А",https://zaelcovsky--nsk.sudrf.ru/,zaelcovsky--nsk.sudrf.ru,да,54RS0003
Новосибирская область,Новосибирск,Калининский,Калининский районный суд г. Новосибирска,районный_городской,"Районный, городской, межрайонный суд","630110, г Новосибирск, ул Учительская, д 40А",https://kalininsky--nsk.sudrf.ru/,kalininsky--nsk.sudrf.ru,да,54RS0004
Новосибирская область,Новосибирск,Кировский,Кировский районный суд г. Новосибирска,районный_городской,"Районный, городской, межрайонный суд","630088, г Новосибирск, ул Сибиряков-Гвардейцев, д 56",https://kirovsky--nsk.sudrf.ru/,kirovsky--nsk.sudrf.ru,да,54RS0005
Новосибирская область,Новосибирск,Ленинский,Ленинский районный суд г. Новосибирска,районный_городской,"Районный, городской, межрайонный суд","630107, г Новосибирск, ул Связистов, д 159",https://leninsky--nsk.sudrf.ru/,leninsky--nsk.sudrf.ru,да,54RS0006
Новосибирская область,Новосибирск,Новосибирский,Новосибирский районный суд Новосибирской области,районный_городской,"Районный, городской, межрайонный суд","630120, г Новосибирск, ул Титова, д 184",https://novosibirsky--nsk.sudrf.ru/,novosibirsky--nsk.sudrf.ru,да,54RS0030
Новосибирская область,Новосибирск,Октябрьский,Октябрьский районный суд г. Новосибирска,районный_городской,"Районный, городской, межрайонный суд","630063, г Новосибирск, ул Тургенева, д 221",https://oktiabrsky--nsk.sudrf.ru/,oktiabrsky--nsk.sudrf.ru,да,54RS0007
Новосибирская область,Новосибирск,Первомайский,Первомайский районный суд г. Новосибирска,районный_городской,"Районный, городской, межрайонный суд","630046, г Новосибирск, ул Маяковского, зд 24/2",https://pervomaisky--nsk.sudrf.ru/,pervomaisky--nsk.sudrf.ru,да,54RS0008
Новосибирская область,Новосибирск,Советский,Советский районный суд г. Новосибирска,районный_городской,"Районный, городской, межрайонный суд","630090, г Новосибирск, ул Кутателадзе, д 16А",https://sovetsky--nsk.sudrf.ru/,sovetsky--nsk.sudrf.ru,да,54RS0009
Новосибирская область,Новосибирск,Центральный,Центральный районный суд г. Новосибирска,районный_городской,"Районный, городской, межрайонный суд","630099, г Новосибирск, ул Максима Горького, д 89",https://centralny--nsk.sudrf.ru/,centralny--nsk.sudrf.ru,да,54RS0010
Новосибирская область,Обь,,Обской городской суд Новосибирской области,районный_городской,"Районный, городской, межрайонный суд","633102, Новосибирская обл, г Обь, ул Геодезическая, д 66А",https://obskoy--nsk.sudrf.ru/,obskoy--nsk.sudrf.ru,да,54RS0031
Новосибирская область,Ордынское,Ордынский,Ордынский районный суд Новосибирской области,районный_городской,"Районный, городской, межрайонный суд","633261, Новосибирская обл, рп Ордынское, пр-кт Революции, д 18",https://ordynsky--nsk.sudrf.ru/,ordynsky--nsk.sudrf.ru,да,54RS0032
Новосибирская область,Сузун,Сузунский,Сузунский районный суд Новосибирской области,районный_городской,"Районный, городской, межрайонный суд","633621, Новосибирская обл, рп Сузун, ул Остальцова, д 25",https://suzunsky--nsk.sudrf.ru/,suzunsky--nsk.sudrf.ru,да,54RS0034
Новосибирская область,Татарск,Татарский,Татарский районный суд Новосибирской области,районный_городской,"Районный, городской, межрайонный суд","632122, Новосибирская обл, Татарский р-н, г Татарск, ул Ленина, д 82",https://tatarsky--nsk.sudrf.ru/,tatarsky--nsk.sudrf.ru,да,54RS0035
Новосибирская область,Тогучин,Тогучинский,Тогучинский районный суд Новосибирской области,районный_городской,"Районный, городской, межрайонный суд","633456, Новосибирская обл, г Тогучин, ул Садовая, д 2",https://toguchinsky--nsk.sudrf.ru/,toguchinsky--nsk.sudrf.ru,да,54RS0036
Новосибирская область,Чаны,Чановский,Чановский районный суд Новосибирской области,районный_городской,"Районный, городской, межрайонный суд","632201, Новосибирская обл, рп Чаны, ул Комсомольская, д 4",https://chanovsky--nsk.sudrf.ru/,chanovsky--nsk.sudrf.ru,да,54RS0039
Новосибирская область,Черепаново,Черепановский,Черепановский районный суд Новосибирской области,районный_городской,"Районный, городской, межрайонный суд","633520, Новосибирская обл, г Черепаново, ул Республиканская, зд 49",https://cherepanovsky--nsk.sudrf.ru/,cherepanovsky--nsk.sudrf.ru,да,54RS0041
Новосибирская область,Чулым,Чулымский,Чулымский районный суд Новосибирской области,районный_городской,"Районный, городской, межрайонный суд","632551, Новосибирская обл, г Чулым, ул Чулымская, д 25",https://chulymsky--nsk.sudrf.ru/,chulymsky--nsk.sudrf.ru,да,54RS0042
Омская область,Азово,Азовский,Азовский районный суд Омской области,районный_городской,"Районный, городской, межрайонный суд","646880, Омская обл, с Азово, ул 40 лет ВЛКСМ, д 39",https://azovocourt--oms.sudrf.ru/,azovocourt--oms.sudrf.ru,да,55RS0008
Омская область,Большеречье,Большереченский,Большереченский районный суд Омской области,районный_городской,"Районный, городской, межрайонный суд","646670, Омская обл, рп Большеречье, ул Советов, д 65",https://bolsherechencourt--oms.sudrf.ru/,bolsherechencourt--oms.sudrf.ru,да,55RS0009
Омская область,Большие Уки,Большеуковский,Большеуковский районный суд Омской области,районный_городской,"Районный, городской, межрайонный суд","646380, Омская обл, с Большие Уки, ул Ленина, д 25",https://bolsheukovcourt--oms.sudrf.ru/,bolsheukovcourt--oms.sudrf.ru,да,55RS0010
Омская область,Горьковское,Горьковский,Горьковский районный суд Омской области,районный_городской,"Районный, городской, межрайонный суд","646600, Омская обл, рп Горьковское, ул Коммунаров, д 20",https://gorkovskcourt--oms.sudrf.ru/,gorkovskcourt--oms.sudrf.ru,да,55RS0011
Омская область,Знаменское,Знаменский,Знаменский районный суд Омской области,районный_городской,"Районный, городской, межрайонный суд","646550, Омская обл, с Знаменское, ул Октябрьская, д 3",https://znamenskcourt--oms.sudrf.ru/,znamenskcourt--oms.sudrf.ru,да,55RS0012
Омская область,Исилькуль,,Исилькульский городской суд Омской области,районный_городской,"Районный, городской, межрайонный суд","646024, Омская обл, г Исилькуль, ул Ленина, д 71",https://isilkulcourt--oms.sudrf.ru/,isilkulcourt--oms.sudrf.ru,да,55RS0013
Омская область,Калачинск,,Калачинский городской суд Омской области,районный_городской,"Районный, городской, межрайонный суд","646900, Омская обл, г Калачинск, ул Пролетарская, д 58",https://kalachinskcourt--oms.sudrf.ru/,kalachinskcourt--oms.sudrf.ru,да,55RS0014
Омская область,Колосовка,Колосовский,Колосовский районный суд Омской области,районный_городской,"Районный, городской, межрайонный суд","646350, Омская обл, с Колосовка, ул Калинина, д 21",https://kolosovcourt--oms.sudrf.ru/,kolosovcourt--oms.sudrf.ru,да,55RS0015
Омская область,Кормиловка,Кормиловский,Кормиловский районный суд Омской области,районный_городской,"Районный, городской, межрайонный суд","646970, Омская обл, рп Кормиловка, ул Ленина, д 1",https://kormilovcourt--oms.sudrf.ru/,kormilovcourt--oms.sudrf.ru,да,55RS0016
Омская область,Крутинка,Крутинский,Крутинский районный суд Омской области,районный_городской,"Районный, городской, межрайонный суд","646130, Омская обл, рп Крутинка, ул Ленина, д 36",https://krutinkacourt--oms.sudrf.ru/,krutinkacourt--oms.sudrf.ru,да,55RS0017
Омская область,Любинский,Любинский,Любинский районный суд Омской области,районный_городской,"Районный, городской, межрайонный суд","646160, Омская обл, рп Любинский, ул Октябрьская, д 85",https://lubinskcourt--oms.sudrf.ru/,lubinskcourt--oms.sudrf.ru,да,55RS0019
Омская область,Марьяновка,Марьяновский,Марьяновский районный суд Омской области,районный_городской,"Районный, городской, межрайонный суд","646040, Омская обл, рп Марьяновка, ул Ленина, д 22",https://marianovcourt--oms.sudrf.ru/,marianovcourt--oms.sudrf.ru,да,55RS0018
Омская область,Москаленки,Москаленский,Москаленский районный суд Омской области,районный_городской,"Районный, городской, межрайонный суд","646070, Омская обл, рп Москаленки, ул Ленина, д 5",https://moskalenkicourt--oms.sudrf.ru/,moskalenkicourt--oms.sudrf.ru,да,55RS0020
Омская область,Муромцево,Муромцевский,Муромцевский районный суд Омской области,районный_городской,"Районный, городской, межрайонный суд","646430, Омская обл, рп Муромцево, ул Красноармейская, д 6",https://muromzevocourt--oms.sudrf.ru/,muromzevocourt--oms.sudrf.ru,да,55RS0021
Омская область,Называевск,,Называевский городской суд Омской области,районный_городской,"Районный, городской, межрайонный суд","646104, Омская обл, г Называевск, ул Красная, д 56",https://nazivaevskcourt--oms.sudrf.ru/,nazivaevskcourt--oms.sudrf.ru,да,55RS0022
Омская область,Нижняя Омка,Нижнеомский,Нижнеомский районный суд Омской области,районный_городской,"Районный, городской, межрайонный суд","646620, Омская обл, с Нижняя Омка, ул Ленина, д 60",https://nizneomskcourt--oms.sudrf.ru/,nizneomskcourt--oms.sudrf.ru,да,55RS0023
Омская область,Нововаршавка,Нововаршавский,Нововаршавский районный суд Омской области,районный_городской,"Районный, городской, межрайонный суд","646830, Омская обл, рп Нововаршавка, ул Кооперативная, д 1",https://novovorshcourt--oms.sudrf.ru/,novovorshcourt--oms.sudrf.ru,да,55RS0024
Омская область,Одесское,Одесский,Одесский районный суд Омской области,районный_городской,"Районный, городской, межрайонный суд","646860, Омская обл, с Одесское, ул Ленина, д 43",https://odesskcourt--oms.sudrf.ru/,odesskcourt--oms.sudrf.ru,да,55RS0025
Омская область,Оконешниково,Оконешниковский,Оконешниковский районный суд Омской области,районный_городской,"Районный, городской, межрайонный суд","646940, Омская обл, рп Оконешниково, ул Пролетарская, д 68",https://okoneshcourt--oms.sudrf.ru/,okoneshcourt--oms.sudrf.ru,да,55RS0027
Омская область,Омск,,Омский областной суд,областной,Областной и равный ему суд,"644112, г Омск, ул Туполева, д 12",https://oblsud--oms.sudrf.ru/,oblsud--oms.sudrf.ru,да,55OS0000
Омская область,Омск,Кировский,Кировский районный суд г. Омска,районный_городской,"Районный, городской, межрайонный суд","644015, г Омск, ул Суворова, д 99",https://kirovcourt--oms.sudrf.ru/,kirovcourt--oms.sudrf.ru,да,55RS0001
Омская область,Омск,Куйбышевский,Куйбышевский районный суд г. Омска,районный_городской,"Районный, городской, межрайонный суд","644070, г Омск, ул Лермонтова, д 61",https://kuybcourt--oms.sudrf.ru/,kuybcourt--oms.sudrf.ru,да,55RS0002
Омская область,Омск,Ленинский,Ленинский районный суд г. Омска,районный_городской,"Районный, городской, межрайонный суд","644121, г Омск, ул Труда, д 29А",https://lenincourt--oms.sudrf.ru/,lenincourt--oms.sudrf.ru,да,55RS0003
Омская область,Омск,Октябрьский,Октябрьский районный суд г. Омска,районный_городской,"Районный, городской, межрайонный суд","644021, г Омск, ул 9-я Линия, д 232",https://octobercourt--oms.sudrf.ru/,octobercourt--oms.sudrf.ru,да,55RS0004
Омская область,Омск,Омский,Омский районный суд Омской области,районный_городской,"Районный, городской, межрайонный суд","644031, г Омск, ул Омская, д 194А",https://omskiycourt--oms.sudrf.ru/,omskiycourt--oms.sudrf.ru,да,55RS0026
Омская область,Омск,Первомайский,Первомайский районный суд г. Омска,районный_городской,"Районный, городской, межрайонный суд","644033, г Омск, ул 9-я Северная, д 99",https://pervomaycourt--oms.sudrf.ru/,pervomaycourt--oms.sudrf.ru,да,55RS0005
Омская область,Омск,Советский,Советский районный суд г. Омска,районный_городской,"Районный, городской, межрайонный суд","644065, г Омск, ул Нефтезаводская, д 32В",https://sovetsky--oms.sudrf.ru/,sovetsky--oms.sudrf.ru,да,55RS0006
Омская область,Омск,Центральный,Центральный районный суд г. Омска,районный_городской,"Районный, городской, межрайонный суд","644099, г Омск, ул Тарская, д 28",https://centralcourt--oms.sudrf.ru/,centralcourt--oms.sudrf.ru,да,55RS0007
Омская область,Павлоградка,Павлоградский,Павлоградский районный суд Омской области,районный_городской,"Районный, городской, межрайонный суд","646760, Омская обл, рп Павлоградка, ул Пролетарская, д 2",https://pavlogrcourt--oms.sudrf.ru/,pavlogrcourt--oms.sudrf.ru,да,55RS0028
Омская область,Полтавка,Полтавский,Полтавский районный суд Омской области,районный_городской,"Районный, городской, межрайонный суд","646740, Омская обл, рп Полтавка, ул Комсомольская, д 11",https://poltavcourt--oms.sudrf.ru/,poltavcourt--oms.sudrf.ru,да,55RS0029
Омская область,Русская Поляна,Русско-Полянский,Русско-Полянский районный суд Омской области,районный_городской,"Районный, городской, межрайонный суд","646780, Омская обл, рп Русская Поляна, ул Кирова, д 62",https://rus-polcourt--oms.sudrf.ru/,rus-polcourt--oms.sudrf.ru,да,55RS0030
Омская область,Саргатское,Саргатский,Саргатский районный суд Омской области,районный_городской,"Районный, городской, межрайонный суд","646400, Омская обл, рп Саргатское, ул Октябрьская, д 26",https://sargatcourt--oms.sudrf.ru/,sargatcourt--oms.sudrf.ru,да,55RS0031
Омская область,Седельниково,Седельниковский,Седельниковский районный суд Омской области,районный_городской,"Районный, городской, межрайонный суд","646480, Омская обл, с Седельниково, ул Тимирязева, д 20",https://sedelncourt--oms.sudrf.ru/,sedelncourt--oms.sudrf.ru,да,55RS0032
Омская область,Таврическое,Таврический,Таврический районный суд Омской области,районный_городской,"Районный, городской, межрайонный суд","646800, Омская обл, рп Таврическое, ул Ленина, д 81",https://tavrichcourt--oms.sudrf.ru/,tavrichcourt--oms.sudrf.ru,да,55RS0033
Омская область,Тара,,Тарский городской суд Омской области,районный_городской,"Районный, городской, межрайонный суд","646530, Омская обл, г Тара, пл Ленина, д 16",https://taracourt--oms.sudrf.ru/,taracourt--oms.sudrf.ru,да,55RS0034
Омская область,Тевриз,Тевризский,Тевризский районный суд Омской области,районный_городской,"Районный, городской, межрайонный суд","646560, Омская обл, рп Тевриз, ул Кирова, д 2",https://tevrizcourt--oms.sudrf.ru/,tevrizcourt--oms.sudrf.ru,да,55RS0035
Омская область,Тюкалинск,,Тюкалинский городской суд Омской области,районный_городской,"Районный, городской, межрайонный суд","646330, Омская обл, г Тюкалинск, ул Ленина, д 44",https://tukalacourt--oms.sudrf.ru/,tukalacourt--oms.sudrf.ru,да,55RS0036
Омская область,Усть-Ишим,Усть-Ишимский,Усть-Ишимский районный суд Омской области,районный_городской,"Районный, городской, межрайонный суд","646580, Омская обл, с Усть-Ишим, ул Школьная, д 6",https://ust-ishimcourt--oms.sudrf.ru/,ust-ishimcourt--oms.sudrf.ru,да,55RS0037
Омская область,Черлак,Черлакский,Черлакский районный суд Омской области,районный_городской,"Районный, городской, межрайонный суд","646250, Омская обл, рп Черлак, ул Ленина, д 120",https://cherlakcourt--oms.sudrf.ru/,cherlakcourt--oms.sudrf.ru,да,55RS0038
Омская область,Шербакуль,Шербакульский,Шербакульский районный суд Омской области,районный_городской,"Районный, городской, межрайонный суд","646700, Омская обл, рп Шербакуль, ул Ленина, д 116",https://sherbcourt--oms.sudrf.ru/,sherbcourt--oms.sudrf.ru,да,55RS0039
Оренбургская область,Абдулино,Абдулинский,Абдулинский районный суд Оренбургской области,районный_городской,"Районный, городской, межрайонный суд","461743, Оренбургская обл, г Абдулино, ул Советская, д 187",https://abdulinsky--orb.sudrf.ru/,abdulinsky--orb.sudrf.ru,да,56RS0005
Оренбургская область,Адамовка,Адамовский,Адамовский районный суд Оренбургской области,районный_городской,"Районный, городской, межрайонный суд","462830, Оренбургская обл, п Адамовка, пер Тупой, д 18",https://adamovsky--orb.sudrf.ru/,adamovsky--orb.sudrf.ru,да,56RS0001
Оренбургская область,Акбулак,Акбулакский,Акбулакский районный суд Оренбургской области,районный_городской,"Районный, городской, межрайонный суд","461550, Оренбургская обл, п Акбулак, ул Юбилейная, зд 1",https://akbulaksky--orb.sudrf.ru/,akbulaksky--orb.sudrf.ru,да,56RS0003
Оренбургская область,Александровка,Александровский,Александровский районный суд Оренбургской области,районный_городской,"Районный, городской, межрайонный суд","461830, Оренбургская обл, с Александровка, ул Мичурина, зд 36",https://aleksandrovsky--orb.sudrf.ru/,aleksandrovsky--orb.sudrf.ru,да,56RS0004
Оренбургская область,Беляевка,Беляевский,Беляевский районный суд Оренбургской области,районный_городской,"Районный, городской, межрайонный суд","461330, Оренбургская обл, с Беляевка, ул Советская, д 61А",https://belyaevsky--orb.sudrf.ru/,belyaevsky--orb.sudrf.ru,да,56RS0006
Оренбургская область,Бугуруслан,Бугурусланский,Бугурусланский районный суд Оренбургской области,районный_городской,"Районный, городской, межрайонный суд","461630, Оренбургская обл, г Бугуруслан, ул Ленинградская, зд 64",https://buguruslansky--orb.sudrf.ru/,buguruslansky--orb.sudrf.ru,да,56RS0007
Оренбургская область,Бузулук,Бузулукский,Бузулукский районный суд Оренбургской области,районный_городской,"Районный, городской, межрайонный суд","461050, Оренбургская обл, г Бузулук, мкр 3-й, д 6А",https://buzuluksky--orb.sudrf.ru/,buzuluksky--orb.sudrf.ru,да,56RS0008
Оренбургская область,Гай,,Гайский городской суд Оренбургской области,районный_городской,"Районный, городской, межрайонный суд","462631, Оренбургская обл, г Гай, ул Ленина, зд 26",https://gaysky--orb.sudrf.ru/,gaysky--orb.sudrf.ru,да,56RS0010
Оренбургская область,Домбаровский,Домбаровский,Домбаровский районный суд Оренбургской области,районный_городской,"Районный, городской, межрайонный суд","462734, Оренбургская обл, п Домбаровский, ул Осипенко, д 14",https://dombarovsky--orb.sudrf.ru/,dombarovsky--orb.sudrf.ru,да,56RS0013
Оренбургская область,Илек,Илекский,Илекский районный суд Оренбургской области,районный_городской,"Районный, городской, межрайонный суд","461350, Оренбургская обл, с Илек, ул Чапаевская, д 53",https://ileksky--orb.sudrf.ru/,ileksky--orb.sudrf.ru,да,56RS0012
Оренбургская область,Кваркено,Кваркенский,Кваркенский районный суд Оренбургской области,районный_городской,"Районный, городской, межрайонный суд","462860, Оренбургская обл, с Кваркено, ул Ленина, д 17",https://kvarkensky--orb.sudrf.ru/,kvarkensky--orb.sudrf.ru,да,56RS0017
Оренбургская область,Кувандык,Кувандыкский,Кувандыкский районный суд Оренбургской области,районный_городской,"Районный, городской, межрайонный суд","462241, Оренбургская обл, г Кувандык, ул Фестивальная, зд 4",https://kuvandyksky--orb.sudrf.ru/,kuvandyksky--orb.sudrf.ru,да,56RS0015
Оренбургская область,Медногорск,,Медногорский городской суд Оренбургской области,районный_городской,"Районный, городской, межрайонный суд","462274, Оренбургская обл, г Медногорск, ул Южная, д 2",https://mednogorsky--orb.sudrf.ru/,mednogorsky--orb.sudrf.ru,да,56RS0021
Оренбургская область,Новоорск,Новоорский,Новоорский районный суд Оренбургской области,районный_городской,"Районный, городской, межрайонный суд","462800, Оренбургская обл, п Новоорск, ул Рабочая, д 18А",https://novoorsky--orb.sudrf.ru/,novoorsky--orb.sudrf.ru,да,56RS0022
Оренбургская область,Новосергиевка,Новосергиевский,Новосергиевский районный суд Оренбургской области,районный_городской,"Районный, городской, межрайонный суд","461200, Оренбургская обл, п Новосергиевка, пр-кт Калинина, д 114",https://novosergievsky--orb.sudrf.ru/,novosergievsky--orb.sudrf.ru,да,56RS0024
Оренбургская область,Новотроицк,,Новотроицкий городской суд Оренбургской области,районный_городской,"Районный, городской, межрайонный суд","462360, Оренбургская обл, г Новотроицк, ул Марии Корецкой, д 31А",https://novotroitsky--orb.sudrf.ru/,novotroitsky--orb.sudrf.ru,да,56RS0023
Оренбургская область,Оренбург,,Оренбургский областной суд,областной,Областной и равный ему суд,"460006, г Оренбург, ул Комсомольская, д 52",https://oblsud--orb.sudrf.ru/,oblsud--orb.sudrf.ru,да,56OS0000
Оренбургская область,Оренбург,Дзержинский,Дзержинский районный суд г. Оренбурга,районный_городской,"Районный, городской, межрайонный суд","460019, г Оренбург, ш Шарлыкское, д 1",https://dzerzhinsky--orb.sudrf.ru/,dzerzhinsky--orb.sudrf.ru,да,56RS0009
Оренбургская область,Оренбург,Ленинский,Ленинский районный суд г. Оренбурга,районный_городской,"Районный, городской, межрайонный суд","460006, г Оренбург, ул Постникова, д 15",https://leninsky--orb.sudrf.ru/,leninsky--orb.sudrf.ru,да,56RS0018
Оренбургская область,Оренбург,Оренбургский,Оренбургский районный суд Оренбургской области,районный_городской,"Районный, городской, межрайонный суд","460037, г Оренбург, ул Путепроводная, зд 11Б",https://orenburgsky--orb.sudrf.ru/,orenburgsky--orb.sudrf.ru,да,56RS0027
Оренбургская область,Оренбург,Промышленный,Промышленный районный суд г. Оренбурга,районный_городской,"Районный, городской, межрайонный суд","460004, г Оренбург, ул Интернациональная, д 1",https://promyshleny--orb.sudrf.ru/,promyshleny--orb.sudrf.ru,да,56RS0030
Оренбургская область,Оренбург,Центральный,Центральный районный суд г. Оренбурга,районный_городской,"Районный, городской, межрайонный суд","460048, г Оренбург, ул Монтажников, д 9",https://centralny--orb.sudrf.ru/,centralny--orb.sudrf.ru,да,56RS0042
Оренбургская область,Орск,Ленинский,Ленинский районный суд г. Орска Оренбургской области,районный_городской,"Районный, городской, межрайонный суд","462403, Оренбургская обл, г Орск, ул Школьная, д 8А",https://leninskyorsk--orb.sudrf.ru/,leninskyorsk--orb.sudrf.ru,да,56RS0019
Оренбургская область,Орск,Октябрьский,Октябрьский районный суд г. Орска Оренбургской области,районный_городской,"Районный, городской, межрайонный суд","462404, Оренбургская обл, г Орск, ул Нефтяников, д 12",https://oktyabrskyorsk--orb.sudrf.ru/,oktyabrskyorsk--orb.sudrf.ru,да,56RS0026
Оренбургская область,Орск,Советский,Советский районный суд г. Орска Оренбургской области,районный_городской,"Районный, городской, межрайонный суд","462408, Оренбургская обл, г Орск, ул Вокзальная, д 30",https://sovetsky--orb.sudrf.ru/,sovetsky--orb.sudrf.ru,да,56RS0033
Оренбургская область,Первомайский,Первомайский,Первомайский районный суд Оренбургской области,районный_городской,"Районный, городской, межрайонный суд","461980, Оренбургская обл, п Первомайский, ул Гагарина, д 3",https://pervomaysky--orb.sudrf.ru/,pervomaysky--orb.sudrf.ru,да,56RS0031
Оренбургская область,Переволоцкий,Переволоцкий,Переволоцкий районный суд Оренбургской области,районный_городской,"Районный, городской, межрайонный суд","461263, Оренбургская обл, п Переволоцкий, ул Ленинская, д 88",https://perevolotsky--orb.sudrf.ru/,perevolotsky--orb.sudrf.ru,да,56RS0028
Оренбургская область,Плешаново,Красногвардейский,Красногвардейский районный суд Оренбургской области,районный_городской,"Районный, городской, межрайонный суд","461150, Оренбургская обл, с Плешаново, ул Советская, д 6",https://krasnogvardeysky--orb.sudrf.ru/,krasnogvardeysky--orb.sudrf.ru,да,56RS0016
Оренбургская область,Пономаревка,Пономаревский,Пономаревский районный суд Оренбургской области,районный_городской,"Районный, городской, межрайонный суд","461780, Оренбургская обл, с Пономаревка, ул Советская, зд 28",https://ponomarevsky--orb.sudrf.ru/,ponomarevsky--orb.sudrf.ru,да,56RS0029
Оренбургская область,Сакмара,Сакмарский,Сакмарский районный суд Оренбургской области,районный_городской,"Районный, городской, межрайонный суд","461420, Оренбургская обл, с Сакмара, ул Советская, д 15",https://sakmarsky--orb.sudrf.ru/,sakmarsky--orb.sudrf.ru,да,56RS0038
Оренбургская область,Саракташ,Саракташский,Саракташский районный суд Оренбургской области,районный_городской,"Районный, городской, межрайонный суд","462100, Оренбургская обл, п Саракташ, ул Мира, д 85",https://saraktashsky--orb.sudrf.ru/,saraktashsky--orb.sudrf.ru,да,56RS0034
Оренбургская область,Соль-Илецк,Соль-Илецкий,Соль-Илецкий районный суд Оренбургской области,районный_городской,"Районный, городской, межрайонный суд","461505, Оренбургская обл, г Соль-Илецк, ул Советская, д 8А",https://sol-iletsky--orb.sudrf.ru/,sol-iletsky--orb.sudrf.ru,да,56RS0032
Оренбургская область,Сорочинск,Сорочинский,Сорочинский районный суд Оренбургской области,районный_городской,"Районный, городской, межрайонный суд","461900, Оренбургская обл, г Сорочинск, ул Чапаева, д 23",https://sorochinsky--orb.sudrf.ru/,sorochinsky--orb.sudrf.ru,да,56RS0035
Оренбургская область,Ташла,Ташлинский,Ташлинский районный суд Оренбургской области,районный_городской,"Районный, городской, межрайонный суд","461170, Оренбургская обл, с Ташла, ул Довженко, д 31",https://tashlinsky--orb.sudrf.ru/,tashlinsky--orb.sudrf.ru,да,56RS0040
Оренбургская область,Тоцкое,Тоцкий,Тоцкий районный суд Оренбургской области,районный_городской,"Районный, городской, межрайонный суд","461131, Оренбургская обл, с Тоцкое, ул Красная Площадь, зд 3",https://totsky--orb.sudrf.ru/,totsky--orb.sudrf.ru,да,56RS0041
Оренбургская область,Тюльган,Тюльганский,Тюльганский районный суд Оренбургской области,районный_городской,"Районный, городской, межрайонный суд","462010, Оренбургская обл, п Тюльган, ул Ленина, зд 43",https://tyulgansky--orb.sudrf.ru/,tyulgansky--orb.sudrf.ru,да,56RS0039
Оренбургская область,Шарлык,Шарлыкский,Шарлыкский районный суд Оренбургской области,районный_городской,"Районный, городской, межрайонный суд","461450, Оренбургская обл, с Шарлык, ул Советская, зд 23А",https://sharlyksky--orb.sudrf.ru/,sharlyksky--orb.sudrf.ru,да,56RS0043
Оренбургская область,Ясный,Ясненский,Ясненский районный суд Оренбургской области,районный_городской,"Районный, городской, межрайонный суд","462781, Оренбургская обл, г Ясный, ул Северная, д 8А",https://yasnensky--orb.sudrf.ru/,yasnensky--orb.sudrf.ru,да,56RS0044
Орловская область,Болхов,Болховский,Болховский районный суд Орловcкой области,районный_городской,"Районный, городской, межрайонный суд","303140, Орловская обл, г Болхов, ул Ленина, влд 55",https://bolhovsky--orl.sudrf.ru/,bolhovsky--orl.sudrf.ru,да,57RS0001
Орловская область,Верховье,Верховский,Верховский районный суд Орловcкой области,районный_городской,"Районный, городской, межрайонный суд","303720, Орловская обл, пгт Верховье, ул 7 Ноября, д 10",https://verhovsky--orl.sudrf.ru/,verhovsky--orl.sudrf.ru,да,57RS0002
Орловская область,Глазуновка,Глазуновский,Глазуновский районный суд Орловcкой области,районный_городской,"Районный, городской, межрайонный суд","303340, Орловская обл, пгт Глазуновка, ул Ленина, д 116",https://glazunovsky--orl.sudrf.ru/,glazunovsky--orl.sudrf.ru,да,57RS0003
Орловская область,Дмитровск,Дмитровский,Дмитровский районный суд Орловcкой области,районный_городской,"Районный, городской, межрайонный суд","303240, Орловская обл, г Дмитровск, ул Советская, влд 61",https://dmitrovsky--orl.sudrf.ru/,dmitrovsky--orl.sudrf.ru,да,57RS0004
Орловская область,Залегощь,Залегощенский,Залегощенский районный суд Орловcкой области,районный_городской,"Районный, городской, межрайонный суд","303560, Орловская обл, пгт Залегощь, ул М.Горького, д 18А",https://zalegoshensky--orl.sudrf.ru/,zalegoshensky--orl.sudrf.ru,да,57RS0006
Орловская область,Змиёвка,Свердловский,Свердловский районный суд Орловcкой области,районный_городской,"Районный, городской, межрайонный суд","303320, Орловская обл, пгт Змиёвка, ул Ленина, д 41",https://sverdlovsky--orl.sudrf.ru/,sverdlovsky--orl.sudrf.ru,да,57RS0017
Орловская область,Колпна,Колпнянский,Колпнянский районный суд Орловcкой области,районный_городской,"Районный, городской, межрайонный суд","303410, Орловская обл, пгт Колпна, ул Луговая, д 3",https://kolpniansky--orl.sudrf.ru/,kolpniansky--orl.sudrf.ru,да,57RS0009
Орловская область,Кромы,Кромской,Кромской районный суд Орловcкой области,районный_городской,"Районный, городской, межрайонный суд","303200, Орловская обл, пгт Кромы, пер Ленинский, влд 10",https://kromskoy--orl.sudrf.ru/,kromskoy--orl.sudrf.ru,да,57RS0010
Орловская область,Ливны,Ливенский,Ливенский районный суд Орловcкой области,районный_городской,"Районный, городской, межрайонный суд","303852, Орловская обл, г Ливны, ул Октябрьская, д 5А",https://livensky--orl.sudrf.ru/,livensky--orl.sudrf.ru,да,57RS0012
Орловская область,Малоархангельск,Малоархангельский,Малоархангельский районный суд Орловcкой области,районный_городской,"Районный, городской, межрайонный суд","303370, Орловская обл, г Малоархангельск, ул Карла Маркса, д 73",https://maloarhangelsky--orl.sudrf.ru/,maloarhangelsky--orl.sudrf.ru,да,57RS0013
Орловская область,Мценск,Мценский,Мценский районный суд Орловcкой области,районный_городской,"Районный, городской, межрайонный суд","303030, Орловская обл, г Мценск, ул Мира, д 21",https://mcensky--orl.sudrf.ru/,mcensky--orl.sudrf.ru,да,57RS0014
Орловская область,Нарышкино,Урицкий,Урицкий районный суд Орловcкой области,районный_городской,"Районный, городской, межрайонный суд","303900, Орловская обл, пгт Нарышкино, ул Ленина, д 98",https://uricky--orl.sudrf.ru/,uricky--orl.sudrf.ru,да,57RS0019
Орловская область,Новосиль,Новосильский,Новосильский районный суд Орловcкой области,районный_городской,"Районный, городской, межрайонный суд","303500, Орловская обл, г Новосиль, ул Карла Маркса, д 26",https://novosilsky--orl.sudrf.ru/,novosilsky--orl.sudrf.ru,да,57RS0025
Орловская область,Орёл,,Орловский областной суд,областной,Областной и равный ему суд,"302040, г Орёл, ул Красноармейская, д 6",https://oblsud--orl.sudrf.ru/,oblsud--orl.sudrf.ru,да,57OS0000
Орловская область,Орёл,Железнодорожный,Железнодорожный районный суд г. Орла,районный_городской,"Районный, городской, межрайонный суд","302030, г Орёл, ул Пушкина, д 54А",https://zheleznodorozhny--orl.sudrf.ru/,zheleznodorozhny--orl.sudrf.ru,да,57RS0024
Орловская область,Орёл,Заводской,Заводской районный суд г. Орла,районный_городской,"Районный, городской, межрайонный суд","302001, г Орёл, ул Карачевская, д 42",https://zavodskoy--orl.sudrf.ru/,zavodskoy--orl.sudrf.ru,да,57RS0022
Орловская область,Орёл,Орловский,Орловский районный суд Орловcкой области,районный_городской,"Районный, городской, межрайонный суд","302040, г Орёл, ул Полярная, д 9",https://orlovsky--orl.sudrf.ru/,orlovsky--orl.sudrf.ru,да,57RS0026
Орловская область,Орёл,Северный,Северный районный суд г. Орла,районный_городской,"Районный, городской, межрайонный суд","302031, г Орёл, ш Новосильское, д 11",https://severny--orl.sudrf.ru/,severny--orl.sudrf.ru,да,57RS0027
Орловская область,Орёл,Советский,Советский районный суд г. Орла,районный_городской,"Районный, городской, межрайонный суд","302040, г Орёл, ул Максима Горького, зд 45А",https://sovetsky--orl.sudrf.ru/,sovetsky--orl.sudrf.ru,да,57RS0023
Орловская область,Покровское,Покровский,Покровский районный суд Орловcкой области,районный_городской,"Районный, городской, межрайонный суд","303170, Орловская обл, пгт Покровское, ул 50 лет Октября, д 4",https://pokrovsky--orl.sudrf.ru/,pokrovsky--orl.sudrf.ru,да,57RS0016
Орловская область,Хомутово,Новодеревеньковский,Новодеревеньковский районный суд Орловcкой области,районный_городской,"Районный, городской, межрайонный суд","303620, Орловская обл, пгт Хомутово, пл Ленина, д 2",https://novoderevenkovsky--orl.sudrf.ru/,novoderevenkovsky--orl.sudrf.ru,да,57RS0015
Орловская область,Хотынец,Хотынецкий,Хотынецкий районный суд Орловcкой области,районный_городской,"Районный, городской, межрайонный суд","303930, Орловская обл, пгт Хотынец, ул Комсомольская, д 6А",https://hotynecky--orl.sudrf.ru/,hotynecky--orl.sudrf.ru,да,57RS0020
Пензенская область,Башмаково,Башмаковский,Башмаковский районный суд Пензенской области,районный_городской,"Районный, городской, межрайонный суд","442060, Пензенская обл, рп Башмаково, ул Плеханова, зд 8",https://bashmakovsky--pnz.sudrf.ru/,bashmakovsky--pnz.sudrf.ru,да,58RS0001
Пензенская область,Беково,Бековский,Бековский районный суд Пензенской области,районный_городской,"Районный, городской, межрайонный суд","442940, Пензенская обл, рп Беково, ул Советская, зд 38А",https://bekovsky--pnz.sudrf.ru/,bekovsky--pnz.sudrf.ru,да,58RS0004
Пензенская область,Белинский,Белинский,Белинский районный суд Пензенской области,районный_городской,"Районный, городской, межрайонный суд","442250, Пензенская обл, г Белинский, ул Белинская, зд 27",https://belinsky--pnz.sudrf.ru/,belinsky--pnz.sudrf.ru,да,58RS0003
Пензенская область,Бессоновка,Бессоновский,Бессоновский районный суд Пензенской области,районный_городской,"Районный, городской, межрайонный суд","442780, Пензенская обл, с Бессоновка, ул Коммунистическая, д 2И",https://bessonsky--pnz.sudrf.ru/,bessonsky--pnz.sudrf.ru,да,58RS0005
Пензенская область,Вадинск,Вадинский,Вадинский районный суд Пензенской области,районный_городской,"Районный, городской, межрайонный суд","442170, Пензенская обл, с Вадинск, ул Комсомольская, д 39",https://vadinsky--pnz.sudrf.ru/,vadinsky--pnz.sudrf.ru,да,58RS0006
Пензенская область,Городище,Городищенский,Городищенский районный суд Пензенской области,районный_городской,"Районный, городской, межрайонный суд","442310, Пензенская обл, г Городище, ул Комсомольская, д 42",https://gorodishensky--pnz.sudrf.ru/,gorodishensky--pnz.sudrf.ru,да,58RS0007
Пензенская область,Заречный,,Зареченский городской суд Пензенской области,районный_городской,"Районный, городской, межрайонный суд","442963, Пензенская обл, г Заречный, ул Зеленая, стр 12",https://zarechensky--pnz.sudrf.ru/,zarechensky--pnz.sudrf.ru,да,58RS0009
Пензенская область,Земетчино,Земетчинский,Земетчинский районный суд Пензенской области,районный_городской,"Районный, городской, межрайонный суд","442000, Пензенская обл, рп Земетчино, ул Кирова, д 71",https://zemetchinsky--pnz.sudrf.ru/,zemetchinsky--pnz.sudrf.ru,да,58RS0010
Пензенская область,Исса,Иссинский,Иссинский районный суд Пензенской области,районный_городской,"Районный, городской, межрайонный суд","442710, Пензенская обл, рп Исса, ул Ленинская, д 21",https://issinsky--pnz.sudrf.ru/,issinsky--pnz.sudrf.ru,да,58RS0011
Пензенская область,Каменка,,Каменский городской суд Пензенской области,районный_городской,"Районный, городской, межрайонный суд","442240, Пензенская обл, г Каменка, ул Центральная, стр 8",https://kamensky--pnz.sudrf.ru/,kamensky--pnz.sudrf.ru,да,58RS0012
Пензенская область,Колышлей,Колышлейский,Колышлейский районный суд Пензенской области,районный_городской,"Районный, городской, межрайонный суд","442830, Пензенская обл, рп Колышлей, ул Советская, стр 46",https://kolishleisky--pnz.sudrf.ru/,kolishleisky--pnz.sudrf.ru,да,58RS0014
Пензенская область,Кузнецк,Кузнецкий,Кузнецкий районный суд Пензенской области,районный_городской,"Районный, городской, межрайонный суд","442530, Пензенская обл, г Кузнецк, ул Рабочая, д 199",https://kuznetsky--pnz.sudrf.ru/,kuznetsky--pnz.sudrf.ru,да,58RS0017
Пензенская область,Лопатино,Лопатинский,Лопатинский районный суд Пензенской области,районный_городской,"Районный, городской, межрайонный суд","442550, Пензенская обл, с Лопатино, пл Гагарина, стр 18",https://lopatinsky--pnz.sudrf.ru/,lopatinsky--pnz.sudrf.ru,да,58RS0019
Пензенская область,Лунино,Лунинский,Лунинский районный суд Пензенской области,районный_городской,"Районный, городской, межрайонный суд","442730, Пензенская обл, рп Лунино, ул Пушкина, д 7",https://luninsky--pnz.sudrf.ru/,luninsky--pnz.sudrf.ru,да,58RS0020
Пензенская область,Малая Сердоба,Малосердобинский,Малосердобинский районный суд Пензенской области,районный_городской,"Районный, городской, межрайонный суд","442800, Пензенская обл, с Малая Сердоба, ул Советская, д 1",https://maloserdobinsky--pnz.sudrf.ru/,maloserdobinsky--pnz.sudrf.ru,да,58RS0021
Пензенская область,Мокшан,Мокшанский,Мокшанский районный суд Пензенской области,районный_городской,"Районный, городской, межрайонный суд","442370, Пензенская обл, рп Мокшан, ул Советская, зд 35",https://mokshansky--pnz.sudrf.ru/,mokshansky--pnz.sudrf.ru,да,58RS0022
Пензенская область,Наровчат,Наровчатский,Наровчатский районный суд Пензенской области,районный_городской,"Районный, городской, межрайонный суд","442630, Пензенская обл, с Наровчат, ул Ленина, д 5",https://narovchatsky--pnz.sudrf.ru/,narovchatsky--pnz.sudrf.ru,да,58RS0023
Пензенская область,Неверкино,Неверкинский,Неверкинский районный суд Пензенской области,районный_городской,"Районный, городской, межрайонный суд","442480, Пензенская обл, с Неверкино, ул Куйбышева, влд 16",https://neverkinsky--pnz.sudrf.ru/,neverkinsky--pnz.sudrf.ru,да,58RS0024
Пензенская область,Нижний Ломов,Нижнеломовский,Нижнеломовский районный суд Пензенской области,районный_городской,"Районный, городской, межрайонный суд","442153, Пензенская обл, г Нижний Ломов, ул Розы Люксембург, д 4",https://nizhnelomovsky--pnz.sudrf.ru/,nizhnelomovsky--pnz.sudrf.ru,да,58RS0025
Пензенская область,Никольск,Никольский,Никольский районный суд Пензенской области,районный_городской,"Районный, городской, межрайонный суд","442680, Пензенская обл, г Никольск, ул Московская, д 11А",https://nikolsky--pnz.sudrf.ru/,nikolsky--pnz.sudrf.ru,да,58RS0026
Пензенская область,Пачелма,Пачелмский,Пачелмский районный суд Пензенской области,районный_городской,"Районный, городской, межрайонный суд","442100, Пензенская обл, рп Пачелма, ул Кирова, д 32",https://pachelmsky--pnz.sudrf.ru/,pachelmsky--pnz.sudrf.ru,да,58RS0029
Пензенская область,Пенза,,Пензенский областной суд,областной,Областной и равный ему суд,"440000, г Пенза, ул Максима Горького, д 40",https://oblsud--pnz.sudrf.ru/,oblsud--pnz.sudrf.ru,да,58OS0000
Пензенская область,Пенза,Железнодорожный,Железнодорожный районный суд г. Пензы,районный_городской,"Районный, городской, межрайонный суд","440026, г Пенза, ул Белинского, стр 2",https://zheleznodorozhnii--pnz.sudrf.ru/,zheleznodorozhnii--pnz.sudrf.ru,да,58RS0008
Пензенская область,Пенза,Ленинский,Ленинский районный суд г. Пензы,районный_городской,"Районный, городской, межрайонный суд","440026, г Пенза, ул Володарского, д 36",https://leninsky--pnz.sudrf.ru/,leninsky--pnz.sudrf.ru,да,58RS0018
Пензенская область,Пенза,Октябрьский,Октябрьский районный суд г. Пензы,районный_городской,"Районный, городской, межрайонный суд","440028, г Пенза, ул Леонова, д 31",https://oktyabrsky--pnz.sudrf.ru/,oktyabrsky--pnz.sudrf.ru,да,58RS0027
Пензенская область,Пенза,Пензенский,Пензенский районный суд Пензенской области,районный_городской,"Районный, городской, межрайонный суд","440056, г Пенза, ул Воронежская, стр 2Б",https://penzensky--pnz.sudrf.ru/,penzensky--pnz.sudrf.ru,да,58RS0028
Пензенская область,Пенза,Первомайский,Первомайский районный суд г. Пензы,районный_городской,"Районный, городской, межрайонный суд","440008, г Пенза, ул Суворова, стр 217",https://pervomaisky--pnz.sudrf.ru/,pervomaisky--pnz.sudrf.ru,да,58RS0030
Пензенская область,Сердобск,,Сердобский городской суд Пензенской области,районный_городской,"Районный, городской, межрайонный суд","442895, Пензенская обл, г Сердобск, ул Пензенская, зд 83",https://serdobinsky--pnz.sudrf.ru/,serdobinsky--pnz.sudrf.ru,да,58RS0031
Пензенская область,Сосновоборск,Сосновоборский,Сосновоборский районный суд Пензенской области,районный_городской,"Районный, городской, межрайонный суд","442570, Пензенская обл, рп Сосновоборск, пер Ленинский, д 6А",https://sosnovoborsky--pnz.sudrf.ru/,sosnovoborsky--pnz.sudrf.ru,да,58RS0032
Пензенская область,Спасск,Спасский,Спасский районный суд Пензенской области,районный_городской,"Районный, городской, межрайонный суд","442600, Пензенская обл, г Спасск, пл Советская, д 6",https://bednodemyanovsky--pnz.sudrf.ru/,bednodemyanovsky--pnz.sudrf.ru,да,58RS0002
Пензенская область,Тамала,Тамалинский,Тамалинский районный суд Пензенской области,районный_городской,"Районный, городской, межрайонный суд","442900, Пензенская обл, рп Тамала, ул Советская, стр 18",https://tamalinsky--pnz.sudrf.ru/,tamalinsky--pnz.sudrf.ru,да,58RS0033
Пензенская область,Шемышейка,Шемышейский,Шемышейский районный суд Пензенской области,районный_городской,"Районный, городской, межрайонный суд","442430, Пензенская обл, рп Шемышейка, ул Ленина, влд 25",https://shemisheisky--pnz.sudrf.ru/,shemisheisky--pnz.sudrf.ru,да,58RS0034
Пермский край,Александровск,,Александровский городской суд Пермского края,районный_городской,"Районный, городской, межрайонный суд","618320, Пермский край, г Александровск, ул Машиностроителей, зд 2",https://aleks--perm.sudrf.ru/,aleks--perm.sudrf.ru,да,59RS0009
Пермский край,Барда,Бардымский,Бардымский районный суд Пермского края,районный_городской,"Районный, городской, межрайонный суд","618150, Пермский край, с Барда, ул Советская, д 12",https://barda--perm.sudrf.ru/,barda--perm.sudrf.ru,да,59RS0010
Пермский край,Березники,,Березниковский городской суд Пермского края,районный_городской,"Районный, городской, межрайонный суд","618419, Пермский край, г Березники, ул Свободы, д 43А",https://berezn--perm.sudrf.ru/,berezn--perm.sudrf.ru,да,59RS0011
Пермский край,Большая Соснова,Большесосновский,Большесосновский районный суд Пермского края,районный_городской,"Районный, городской, межрайонный суд","617080, Пермский край, с Большая Соснова, пер Торговый, зд 2",https://bolshesos--perm.sudrf.ru/,bolshesos--perm.sudrf.ru,да,59RS0013
Пермский край,Верещагино,Верещагинский,Верещагинский районный суд Пермского края,районный_городской,"Районный, городской, межрайонный суд","617120, Пермский край, г Верещагино, ул Фрунзе, д 74",https://veresh--perm.sudrf.ru/,veresh--perm.sudrf.ru,да,59RS0014
Пермский край,Гайны,Гайнский,Гайнский районный суд Пермского края,районный_городской,"Районный, городской, межрайонный суд","619650, Пермский край, п Гайны, ул Кашина, зд 40",https://gaynsky--perm.sudrf.ru/,gaynsky--perm.sudrf.ru,да,81RS0005
Пермский край,Губаха,,Губахинский городской суд Пермского края,районный_городской,"Районный, городской, межрайонный суд","618250, Пермский край, г Губаха, ул Никонова, д 42",https://gubacha--perm.sudrf.ru/,gubacha--perm.sudrf.ru,да,59RS0017
Пермский край,Добрянка,Добрянский,Добрянский районный суд Пермского края,районный_городской,"Районный, городской, межрайонный суд","618740, Пермский край, г Добрянка, ул Советская, д 96/1",https://dobryan--perm.sudrf.ru/,dobryan--perm.sudrf.ru,да,59RS0018
Пермский край,Ильинский,Ильинский,Ильинский районный суд Пермского края,районный_городской,"Районный, городской, межрайонный суд","617020, Пермский край, п Ильинский, ул Комсомольская, д 4",https://ilinsk--perm.sudrf.ru/,ilinsk--perm.sudrf.ru,да,59RS0020
Пермский край,Карагай,Карагайский,Карагайский районный суд Пермского края,районный_городской,"Районный, городской, межрайонный суд","617210, Пермский край, с Карагай, ул Юбилейная, д 1",https://karagai--perm.sudrf.ru/,karagai--perm.sudrf.ru,да,59RS0021
Пермский край,Кизел,,Кизеловский городской суд Пермского края,районный_городской,"Районный, городской, межрайонный суд","618353, Пермский край, г Кизел, ул Луначарского, д 10А",https://kizel--perm.sudrf.ru/,kizel--perm.sudrf.ru,да,59RS0022
Пермский край,Кочево,Кочевский,Кочевский районный суд Пермского края,районный_городской,"Районный, городской, межрайонный суд","619320, Пермский край, с Кочево, ул Калинина, д 10",https://kochevsky--perm.sudrf.ru/,kochevsky--perm.sudrf.ru,да,81RS0002
Пермский край,Красновишерск,Красновишерский,Красновишерский районный суд Пермского края,районный_городской,"Районный, городской, межрайонный суд","618590, Пермский край, г Красновишерск, ул Дзержинского, д 9",https://krasnovish--perm.sudrf.ru/,krasnovish--perm.sudrf.ru,да,59RS0024
Пермский край,Краснокамск,,Краснокамский городской суд Пермского края,районный_городской,"Районный, городской, межрайонный суд","617066, Пермский край, г Краснокамск, ул Калинина, д 5",https://krasnokam--perm.sudrf.ru/,krasnokam--perm.sudrf.ru,да,59RS0025
Пермский край,Кудымкар,,Кудымкарский городской суд Пермского края,районный_городской,"Районный, городской, межрайонный суд","619000, Пермский край, г Кудымкар, ул Леваневского, д 2А",https://kudimkarsky--perm.sudrf.ru/,kudimkarsky--perm.sudrf.ru,да,81RS0006
Пермский край,Куеда,Куединский,Куединский районный суд Пермского края,районный_городской,"Районный, городской, межрайонный суд","617700, Пермский край, п Куеда, ул Ленина, д 2",https://kueda--perm.sudrf.ru/,kueda--perm.sudrf.ru,да,59RS0026
Пермский край,Кунгур,,Кунгурский городской суд Пермского края,районный_городской,"Районный, городской, межрайонный суд","617470, Пермский край, г Кунгур, ул Матросская, д 1",https://kungur--perm.sudrf.ru/,kungur--perm.sudrf.ru,да,59RS0027
Пермский край,Лысьва,,Лысьвенский городской суд Пермского края,районный_городской,"Районный, городской, межрайонный суд","618900, Пермский край, г Лысьва, ул Коммунаров, д 36",https://lysva--perm.sudrf.ru/,lysva--perm.sudrf.ru,да,59RS0028
Пермский край,Нытва,Нытвенский,Нытвенский районный суд Пермского края,районный_городской,"Районный, городской, межрайонный суд","617000, Пермский край, г Нытва, ул Карла Либкнехта, д 4",https://nytva--perm.sudrf.ru/,nytva--perm.sudrf.ru,да,59RS0029
Пермский край,Октябрьский,Октябрьский,Октябрьский районный суд Пермского края,районный_городской,"Районный, городской, межрайонный суд","617860, Пермский край, рп Октябрьский, ул Ленина, д 65",https://oktyabr--perm.sudrf.ru/,oktyabr--perm.sudrf.ru,да,59RS0034
Пермский край,Орда,Ординский,Ординский районный суд Пермского края,районный_городской,"Районный, городской, межрайонный суд","617500, Пермский край, с Орда, ул Советская, д 24",https://orda--perm.sudrf.ru/,orda--perm.sudrf.ru,да,59RS0033
Пермский край,Оса,Осинский,Осинский районный суд Пермского края,районный_городской,"Районный, городской, межрайонный суд","618120, Пермский край, г Оса, ул Ленина, зд 29",https://osa--perm.sudrf.ru/,osa--perm.sudrf.ru,да,59RS0030
Пермский край,Очер,Очерский,Очерский районный суд Пермского края,районный_городской,"Районный, городской, межрайонный суд","617140, Пермский край, г Очер, ул Октябрьская, д 35",https://ocher--perm.sudrf.ru/,ocher--perm.sudrf.ru,да,59RS0032
Пермский край,Пермь,,Пермский краевой суд,областной,Областной и равный ему суд,"614000, г Пермь, ул Екатерининская, д 33",https://oblsud--perm.sudrf.ru/,oblsud--perm.sudrf.ru,да,59OS0000
Пермский край,Пермь,Дзержинский,Дзержинский районный суд г. Перми,районный_городской,"Районный, городской, межрайонный суд","614068, г Пермь, ул Плеханова, д 40",https://dzerjin--perm.sudrf.ru/,dzerjin--perm.sudrf.ru,да,59RS0001
Пермский край,Пермь,Индустриальный,Индустриальный районный суд г. Перми,районный_городской,"Районный, городской, межрайонный суд","614095, г Пермь, ул Мира, д 17",https://industry--perm.sudrf.ru/,industry--perm.sudrf.ru,да,59RS0002
Пермский край,Пермь,Кировский,Кировский районный суд г. Перми,районный_городской,"Районный, городской, межрайонный суд","614042, г Пермь, ул Кировоградская, д 37",https://kirov--perm.sudrf.ru/,kirov--perm.sudrf.ru,да,59RS0003
Пермский край,Пермь,Ленинский,Ленинский районный суд г. Перми,районный_городской,"Районный, городской, межрайонный суд","614000, г Пермь, ул Пермская, стр 11А",https://lenin--perm.sudrf.ru/,lenin--perm.sudrf.ru,да,59RS0004
Пермский край,Пермь,Мотовилихинский,Мотовилихинский районный суд г. Перми,районный_городской,"Районный, городской, межрайонный суд","614014, г Пермь, ул 1905 года, д 5",https://motovil--perm.sudrf.ru/,motovil--perm.sudrf.ru,да,59RS0005
Пермский край,Пермь,Орджоникидзевский,Орджоникидзевский районный суд г. Перми,районный_городской,"Районный, городской, межрайонный суд","614026, г Пермь, ул Кавказская, д 11",https://ordgonik--perm.sudrf.ru/,ordgonik--perm.sudrf.ru,да,59RS0006
Пермский край,Пермь,Пермский,Пермский районный суд Пермского края,районный_городской,"Районный, городской, межрайонный суд","614500, г Пермь, ул 2-я Красавинская, стр 86А",https://permsk--perm.sudrf.ru/,permsk--perm.sudrf.ru,да,59RS0008
Пермский край,Пермь,Свердловский,Свердловский районный суд г. Перми,районный_городской,"Районный, городской, межрайонный суд","614010, г Пермь, ул Куйбышева, д 111В",https://sverdlov--perm.sudrf.ru/,sverdlov--perm.sudrf.ru,да,59RS0007
Пермский край,Соликамск,,Соликамский городской суд Пермского края,районный_городской,"Районный, городской, межрайонный суд","618554, Пермский край, г Соликамск, ул Марины Расковой, д 16",https://solikam--perm.sudrf.ru/,solikam--perm.sudrf.ru,да,59RS0035
Пермский край,Суксун,Суксунский,Суксунский районный суд Пермского края,районный_городской,"Районный, городской, межрайонный суд","617560, Пермский край, рп Суксун, ул Карла Маркса, д 13",https://suksun--perm.sudrf.ru/,suksun--perm.sudrf.ru,да,59RS0037
Пермский край,Чайковский,,Чайковский городской суд Пермского края,районный_городской,"Районный, городской, межрайонный суд","617760, Пермский край, г Чайковский, ул Ленина, д 47/1",https://chaikov--perm.sudrf.ru/,chaikov--perm.sudrf.ru,да,59RS0040
Пермский край,Чердынь,Чердынский,Чердынский районный суд Пермского края,районный_городской,"Районный, городской, межрайонный суд","618601, Пермский край, г Чердынь, мкр Нефтяников, д 5",https://cherdyn--perm.sudrf.ru/,cherdyn--perm.sudrf.ru,да,59RS0043
Пермский край,Чернушка,Чернушинский,Чернушинский районный суд Пермского края,районный_городской,"Районный, городской, межрайонный суд","617830, Пермский край, г Чернушка, пер Банковский, д 6",https://chernush--perm.sudrf.ru/,chernush--perm.sudrf.ru,да,59RS0042
Пермский край,Чусовой,,Чусовской городской суд Пермского края,районный_городской,"Районный, городской, межрайонный суд","618204, Пермский край, г Чусовой, ул 50 лет ВЛКСМ, д 13Б",https://chusovoi--perm.sudrf.ru/,chusovoi--perm.sudrf.ru,да,59RS0044
Приморский край,Арсеньев,,Арсеньевский городской суд Приморского края,районный_городской,"Районный, городской, межрайонный суд","692337, Приморский край, г Арсеньев, ул Ленинская, д 10",https://arsenievsky--prm.sudrf.ru/,arsenievsky--prm.sudrf.ru,да,25RS0006
Приморский край,Артем,,Артемовский городской суд Приморского края,районный_городской,"Районный, городской, межрайонный суд","692760, Приморский край, г Артем, ул Кирова, д 191",https://artemovsky--prm.sudrf.ru/,artemovsky--prm.sudrf.ru,да,25RS0007
Приморский край,Большой Камень,Шкотовский,Шкотовский районный суд Приморского края,районный_городской,"Районный, городской, межрайонный суд","692801, Приморский край, г Большой Камень, ул Горького, д 27",https://shkotovsky--prm.sudrf.ru/,shkotovsky--prm.sudrf.ru,да,25RS0035
Приморский край,Владивосток,,Девятый кассационный суд общей юрисдикции,кассация,Кассационный суд общей юрисдикции,"690091, г Владивосток, ул Светланская, д 54",https://9kas.sudrf.ru/,9kas.sudrf.ru,да,25KJ0009
Приморский край,Владивосток,,Приморский краевой суд,областной,Областной и равный ему суд,"690091, г Владивосток, ул Фонтанная, д 53",https://kraevoy--prm.sudrf.ru/,kraevoy--prm.sudrf.ru,да,25OS0000
Приморский край,Владивосток,Ленинский,Ленинский районный суд г. Владивостока Приморского края,районный_городской,"Районный, городской, межрайонный суд","690001, г Владивосток, ул Пушкинская, д 63",https://leninsky--prm.sudrf.ru/,leninsky--prm.sudrf.ru,да,25RS0001
Приморский край,Владивосток,Первомайский,Первомайский районный суд г. Владивостока Приморского края,районный_городской,"Районный, городской, межрайонный суд","690021, г Владивосток, ул Черемуховая, д 6",https://pervomaysky--prm.sudrf.ru/,pervomaysky--prm.sudrf.ru,да,25RS0005
Приморский край,Владивосток,Первореченский,Первореченский районный суд г. Владивостока Приморского края,районный_городской,"Районный, городской, межрайонный суд","690048, г Владивосток, ул Южно-Уральская, д 4",https://pervorechensky--prm.sudrf.ru/,pervorechensky--prm.sudrf.ru,да,25RS0003
Приморский край,Владивосток,Советский,Советский районный суд г. Владивостока Приморского края,районный_городской,"Районный, городской, межрайонный суд","690069, г Владивосток, пр-кт 100-летия Владивостока, д 92",https://sovetsky--prm.sudrf.ru/,sovetsky--prm.sudrf.ru,да,25RS0004
Приморский край,Владивосток,Фрунзенский,Фрунзенский районный суд г. Владивостока Приморского края,районный_городской,"Районный, городской, межрайонный суд","690091, Приморский край, г. Владивосток, ул. Адм. Фокина, д. 23 А (уг.), ул. Пограничная, д. 6",https://frunzensky--prm.sudrf.ru/,frunzensky--prm.sudrf.ru,да,25RS0002
Приморский край,Владимиро-Александровское,Партизанский,Партизанский районный суд Приморского края,районный_городской,"Районный, городской, межрайонный суд","692962, Приморский край, с Владимиро-Александровское, ул Комсомольская, д 22А",https://partyzansky--prm.sudrf.ru/,partyzansky--prm.sudrf.ru,да,25RS0024
Приморский край,Вольно-Надеждинское,Надеждинский,Надеждинский районный суд Приморского края,районный_городской,"Районный, городской, межрайонный суд","692481, Приморский край, с Вольно-Надеждинское, ул Соснина, зд 2",https://nadezhdinsky--prm.sudrf.ru/,nadezhdinsky--prm.sudrf.ru,да,25RS0039
Приморский край,Дальнегорск,Дальнегорский,Дальнегорский районный суд Приморского края,районный_городской,"Районный, городской, межрайонный суд","692446, Приморский край, г Дальнегорск, пр-кт 50 лет Октября, д 89",https://dalnegorsky--prm.sudrf.ru/,dalnegorsky--prm.sudrf.ru,да,25RS0015
Приморский край,Дальнереченск,Дальнереченский,Дальнереченский районный суд Приморского края,районный_городской,"Районный, городской, межрайонный суд","692132, Приморский край, г Дальнереченск, ул Героев Даманского, зд 30",https://dalnerechensky--prm.sudrf.ru/,dalnerechensky--prm.sudrf.ru,да,25RS0008
Приморский край,Кавалерово,Кавалеровский,Кавалеровский районный суд Приморского края,районный_городской,"Районный, городской, межрайонный суд","692413, Приморский край, пгт Кавалерово, ул Арсеньева, д 100",https://kavalerovsky--prm.sudrf.ru/,kavalerovsky--prm.sudrf.ru,да,25RS0017
Приморский край,Камень-Рыболов,Ханкайский,Ханкайский районный суд Приморского края,районный_городской,"Районный, городской, межрайонный суд","692684, Приморский край, с Камень-Рыболов, ул Октябрьская, д 4",https://hankaisky--prm.sudrf.ru/,hankaisky--prm.sudrf.ru,да,25RS0031
Приморский край,Кировский,Кировский,Кировский районный суд Приморского края,районный_городской,"Районный, городской, межрайонный суд","692091, Приморский край, пгт Кировский, ул Колхозная, д 57",https://kirovsky--prm.sudrf.ru/,kirovsky--prm.sudrf.ru,да,25RS0018
Приморский край,Лесозаводск,Лесозаводский,Лесозаводский районный суд Приморского края,районный_городской,"Районный, городской, межрайонный суд","692042, Приморский край, г Лесозаводск, ул Пушкинская, зд 38А",https://lesozavodsky--prm.sudrf.ru/,lesozavodsky--prm.sudrf.ru,да,25RS0009
Приморский край,Лучегорск,Пожарский,Пожарский районный суд Приморского края,районный_городской,"Районный, городской, межрайонный суд","692001, Приморский край, пгт Лучегорск, мкр 4-й, зд 2",https://pozharsky--prm.sudrf.ru/,pozharsky--prm.sudrf.ru,да,25RS0026
Приморский край,Михайловка,Михайловский,Михайловский районный суд Приморского края,районный_городской,"Районный, городской, межрайонный суд","692651, Приморский край, с Михайловка, ул Новая, зд 1",https://mihaylovsky--prm.sudrf.ru/,mihaylovsky--prm.sudrf.ru,да,25RS0021
Приморский край,Находка,,Находкинский городской суд Приморского края,районный_городской,"Районный, городской, межрайонный суд","692904, Приморский край, г Находка, ул Школьная, д 22",https://nahodkinsky--prm.sudrf.ru/,nahodkinsky--prm.sudrf.ru,да,25RS0010
Приморский край,Новопокровка,Красноармейский,Красноармейский районный суд Приморского края,районный_городской,"Районный, городской, межрайонный суд","692171, Приморский край, с Новопокровка, ул Калинина, д 5 литера а",https://krasnoarmeysky--prm.sudrf.ru/,krasnoarmeysky--prm.sudrf.ru,да,25RS0019
Приморский край,Ольга,Ольгинский,Ольгинский районный суд Приморского края,районный_городской,"Районный, городской, межрайонный суд","692460, Приморский край, пгт Ольга, ул Партизанская, стр 3",https://olginsky--prm.sudrf.ru/,olginsky--prm.sudrf.ru,да,25RS0023
Приморский край,Партизанск,,Партизанский городской суд Приморского края,районный_городской,"Районный, городской, межрайонный суд","692864, Приморский край, г Партизанск, ул Ленинская, зд 26А",https://partizansky--prm.sudrf.ru/,partizansky--prm.sudrf.ru,да,25RS0013
Приморский край,Пограничный,Пограничный,Пограничный районный суд Приморского края,районный_городской,"Районный, городской, межрайонный суд","692582, Приморский край, пгт Пограничный, ул Карла Маркса, зд 19",https://pogranichny--prm.sudrf.ru/,pogranichny--prm.sudrf.ru,да,25RS0025
Приморский край,Покровка,Октябрьский,Октябрьский районный суд Приморского края,районный_городской,"Районный, городской, межрайонный суд","692561, Приморский край, с Покровка, ул Октябрьская, д 26",https://oktiabrsky--prm.sudrf.ru/,oktiabrsky--prm.sudrf.ru,да,25RS0022
Приморский край,Славянка,Хасанский,Хасанский районный суд Приморского края,районный_городской,"Районный, городской, межрайонный суд","692701, Приморский край, пгт Славянка, ул Чкалова, зд 8",https://hasansky--prm.sudrf.ru/,hasansky--prm.sudrf.ru,да,25RS0030
Приморский край,Спасск-Дальний,Спасский,Спасский районный суд Приморского края,районный_городской,"Районный, городской, межрайонный суд","692245, Приморский край, г Спасск-Дальний, ул Советская, д 75",https://spassky--prm.sudrf.ru/,spassky--prm.sudrf.ru,да,25RS0011
Приморский край,Уссурийск,Уссурийский,Уссурийский районный суд Приморского края,районный_городской,"Районный, городской, межрайонный суд","692519, Приморский край, г Уссурийск, ул Фрунзе, зд 95",https://ussuriysky--prm.sudrf.ru/,ussuriysky--prm.sudrf.ru,да,25RS0029
Приморский край,Фокино,,Фокинский городской суд Приморского края,районный_городской,"Районный, городской, межрайонный суд","692880, Приморский край, г Фокино, ул Центральная, д 4",https://fokinsky--prm.sudrf.ru/,fokinsky--prm.sudrf.ru,да,25RS0038
Приморский край,Хороль,Хорольский,Хорольский районный суд Приморского края,районный_городской,"Районный, городской, межрайонный суд","692254, Приморский край, с Хороль, ул Ленинская, д 90",https://horolsky--prm.sudrf.ru/,horolsky--prm.sudrf.ru,да,25RS0032
Приморский край,Черниговка,Черниговский,Черниговский районный суд Приморского края,районный_городской,"Районный, городской, межрайонный суд","692372, Приморский край, с Черниговка, ул Буденного, д 16",https://chernigovsky--prm.sudrf.ru/,chernigovsky--prm.sudrf.ru,да,25RS0033
Приморский край,Чугуевка,Чугуевский,Чугуевский районный суд Приморского края,районный_городской,"Районный, городской, межрайонный суд","692623, Приморский край, с Чугуевка, ул Комсомольская, д 31",https://chuguevsky--prm.sudrf.ru/,chuguevsky--prm.sudrf.ru,да,25RS0034
Псковская область,Бежаницы,Бежаницкий,Бежаницкий районный суд Псковской области,районный_городской,"Районный, городской, межрайонный суд","182840, Псковская обл, рп Бежаницы, ул Березовая, д 2",https://bezhanicky--psk.sudrf.ru/,bezhanicky--psk.sudrf.ru,да,60RS0004
Псковская область,Великие Луки,,Великолукский городской суд Псковской области,районный_городской,"Районный, городской, межрайонный суд","182113, Псковская обл, г Великие Луки, ул Пушкина, д 10/1",https://velikolukskygor--psk.sudrf.ru/,velikolukskygor--psk.sudrf.ru,да,60RS0002
Псковская область,Великие Луки,Великолукский,Великолукский районный суд Псковской области,районный_городской,"Районный, городской, межрайонный суд","182110, Псковская обл, г Великие Луки, ул К.Либкнехта, д 18 к 1",https://velikoluksky--psk.sudrf.ru/,velikoluksky--psk.sudrf.ru,да,60RS0005
Псковская область,Гдов,Гдовский,Гдовский районный суд Псковской области,районный_городской,"Районный, городской, межрайонный суд","181600, Псковская обл, г Гдов, ул К.Маркса, д 29",https://gdovsky--psk.sudrf.ru/,gdovsky--psk.sudrf.ru,да,60RS0006
Псковская область,Дедовичи,Дедовичский,Дедовичский районный суд Псковской области,районный_городской,"Районный, городской, межрайонный суд","182710, Псковская обл, рп Дедовичи, ул Бундзена, д 51",https://dedovichsky--psk.sudrf.ru/,dedovichsky--psk.sudrf.ru,да,60RS0007
Псковская область,Дно,Дновский,Дновский районный суд Псковской области,районный_городской,"Районный, городской, межрайонный суд","182670, Псковская обл, г Дно, ул Калинина, д 1А",https://dnovsky--psk.sudrf.ru/,dnovsky--psk.sudrf.ru,да,60RS0008
Псковская область,Невель,Невельский,Невельский районный суд Псковской области,районный_городской,"Районный, городской, межрайонный суд","182500, Псковская обл, г Невель, ул Кировский тупик, д 1",https://nevelsky--psk.sudrf.ru/,nevelsky--psk.sudrf.ru,да,60RS0012
Псковская область,Новосокольники,Новосокольнический,Новосокольнический районный суд Псковской области,районный_городской,"Районный, городской, межрайонный суд","182200, Псковская обл, г Новосокольники, ул Ленинская, д 52",https://novosokolnichesky--psk.sudrf.ru/,novosokolnichesky--psk.sudrf.ru,да,60RS0014
Псковская область,Опочка,Опочецкий,Опочецкий районный суд Псковской области,районный_городской,"Районный, городской, межрайонный суд","182330, Псковская обл, г Опочка, ул Красногородская, д 12",https://opochecky--psk.sudrf.ru/,opochecky--psk.sudrf.ru,да,60RS0015
Псковская область,Остров,,Островский городской суд Псковской области,районный_городской,"Районный, городской, межрайонный суд","181350, Псковская обл, г Остров, ул Освобождения, д 1",https://ostrovsky--psk.sudrf.ru/,ostrovsky--psk.sudrf.ru,да,60RS0003
Псковская область,Печоры,Печорский,Печорский районный суд Псковской области,районный_городской,"Районный, городской, межрайонный суд","181500, Псковская обл, г Печоры, ул Мира, д 19А",https://pechorsky--psk.sudrf.ru/,pechorsky--psk.sudrf.ru,да,60RS0017
Псковская область,Порхов,Порховский,Порховский районный суд Псковской области,районный_городской,"Районный, городской, межрайонный суд","182620, Псковская обл, г Порхов, ул Пушкина, д 45",https://porhovsky--psk.sudrf.ru/,porhovsky--psk.sudrf.ru,да,60RS0019
Псковская область,Псков,,Псковский областной суд,областной,Областной и равный ему суд,"180007, г Псков, ул Розы Люксембург, д 17/24",https://oblsud--psk.sudrf.ru/,oblsud--psk.sudrf.ru,да,60OS0000
Псковская область,Псков,,Псковский городской суд Псковской области,районный_городской,"Районный, городской, межрайонный суд","180007, г Псков, ул Петровская, д 24",https://pskovskygor--psk.sudrf.ru/,pskovskygor--psk.sudrf.ru,да,60RS0001
Псковская область,Псков,Псковский,Псковский районный суд Псковской области,районный_городской,"Районный, городской, межрайонный суд","180006, г Псков, ул Александра Невского, д 1",https://pskovsky--psk.sudrf.ru/,pskovsky--psk.sudrf.ru,да,60RS0020
Псковская область,Пушкинские Горы,Пушкиногорский,Пушкиногорский районный суд Псковской области,районный_городской,"Районный, городской, межрайонный суд","181370, Псковская обл, рп Пушкинские Горы, ул Пушкинская, д 13",https://pushkinogorsky--psk.sudrf.ru/,pushkinogorsky--psk.sudrf.ru,да,60RS0022
Псковская область,Пыталово,Пыталовский,Пыталовский районный суд Псковской области,районный_городской,"Районный, городской, межрайонный суд","181410, Псковская обл, г Пыталово, ул Красноармейская, д 19",https://pytalovsky--psk.sudrf.ru/,pytalovsky--psk.sudrf.ru,да,60RS0023
Псковская область,Себеж,Себежский,Себежский районный суд Псковской области,районный_городской,"Районный, городской, межрайонный суд","182250, Псковская обл, г Себеж, ул Челюскинцев, д 1",https://sebezhsky--psk.sudrf.ru/,sebezhsky--psk.sudrf.ru,да,60RS0024
Псковская область,Струги Красные,Стругокрасненский,Стругокрасненский районный суд Псковской области,районный_городской,"Районный, городской, межрайонный суд","181110, Псковская обл, рп Струги Красные, ул Советская, д 8",https://strugokrasnensky--psk.sudrf.ru/,strugokrasnensky--psk.sudrf.ru,да,60RS0025
Республика Адыгея,Адыгейск,Теучежский,Теучежский районный суд Республики Адыгея,районный_городской,"Районный, городской, межрайонный суд","385200, Респ Адыгея, г Адыгейск, пр-кт В.И.Ленина, д 17",https://teuchezhsky--adg.sudrf.ru/,teuchezhsky--adg.sudrf.ru,да,01RS0007
Республика Адыгея,Гиагинская,Гиагинский,Гиагинский районный суд Республики Адыгея,районный_городской,"Районный, городской, межрайонный суд","385600, Респ Адыгея, ст-ца Гиагинская, ул Советская, д 35",https://giaginsky--adg.sudrf.ru/,giaginsky--adg.sudrf.ru,да,01RS0001
Республика Адыгея,Кошехабль,Кошехабльский,Кошехабльский районный суд Республики Адыгея,районный_городской,"Районный, городской, межрайонный суд","385400, Респ Адыгея, аул Кошехабль, ул Ленина, д 5А",https://koshehablsky--adg.sudrf.ru/,koshehablsky--adg.sudrf.ru,да,01RS0002
Республика Адыгея,Красногвардейское,Красногвардейский,Красногвардейский районный суд Республики Адыгея,районный_городской,"Районный, городской, межрайонный суд","385300, Респ Адыгея, с Красногвардейское, ул 50 лет Октября, д 22",https://krasnogvardeysky--adg.sudrf.ru/,krasnogvardeysky--adg.sudrf.ru,да,01RS0003
Республика Адыгея,Майкоп,,Верховный Суд Республики Адыгея,областной,Областной и равный ему суд,"385000, г Майкоп, ул Жуковского, д 32",https://vs--adg.sudrf.ru/,vs--adg.sudrf.ru,да,01OS0000
Республика Адыгея,Майкоп,,Майкопский городской суд Республики Адыгея,районный_городской,"Районный, городской, межрайонный суд","385000, г Майкоп, ул Первомайская, д 199",https://maikopsky--adg.sudrf.ru/,maikopsky--adg.sudrf.ru,да,01RS0004
Республика Адыгея,Тахтамукай,Тахтамукайский,Тахтамукайский районный суд Республики Адыгея,районный_городской,"Районный, городской, межрайонный суд","385100, Респ Адыгея, аул Тахтамукай, ул Х.М.Совмена, д 14",https://tahtamukaysky--adg.sudrf.ru/,tahtamukaysky--adg.sudrf.ru,да,01RS0006
Республика Адыгея,Тульский,Майкопский,Майкопский районный суд Республики Адыгея,районный_городской,"Районный, городской, межрайонный суд","385730, Респ Адыгея, п Тульский, ул Ленина, д 47",https://maikopskyr--adg.sudrf.ru/,maikopskyr--adg.sudrf.ru,да,01RS0005
Республика Адыгея,Хакуринохабль,Шовгеновский,Шовгеновский районный суд Республики Адыгея,районный_городской,"Районный, городской, межрайонный суд","385440, Респ Адыгея, аул Хакуринохабль, ул Краснооктябрьская, д 88",https://shovgenovsky--adg.sudrf.ru/,shovgenovsky--adg.sudrf.ru,да,01RS0008
Республика Алтай,Горно-Алтайск,,Верховный Суд Республики Алтай,областной,Областной и равный ему суд,"649000, г Горно-Алтайск, пер Центральный, д 3",https://vs--ralt.sudrf.ru/,vs--ralt.sudrf.ru,да,02OS0000
Республика Алтай,Горно-Алтайск,,Горно-Алтайский городской суд Республики Алтай,районный_городской,"Районный, городской, межрайонный суд","649000, г Горно-Алтайск, ул Эркемена Палкина, д 3",https://gorno-altaisky--ralt.sudrf.ru/,gorno-altaisky--ralt.sudrf.ru,да,02RS0001
Республика Алтай,Кош-Агач,Кош-Агачский,Кош-Агачский районный суд Республики Алтай,районный_городской,"Районный, городской, межрайонный суд","649780, Респ Алтай, с Кош-Агач, ул Пограничная, зд 24",https://kosh-agachsky--ralt.sudrf.ru/,kosh-agachsky--ralt.sudrf.ru,да,02RS0002
Республика Алтай,Майма,Майминский,Майминский районный суд Республики Алтай,районный_городской,"Районный, городской, межрайонный суд","649100, Респ Алтай, с Майма, ул Ленина, д 26",https://maiminsky--ralt.sudrf.ru/,maiminsky--ralt.sudrf.ru,да,02RS0003
Республика Алтай,Онгудай,Онгудайский,Онгудайский районный суд Республики Алтай,районный_городской,"Районный, городской, межрайонный суд","649440, Респ Алтай, с Онгудай, ул Советская, д 115",https://ongudaisky--ralt.sudrf.ru/,ongudaisky--ralt.sudrf.ru,да,02RS0004
Республика Алтай,Турочак,Турочакский,Турочакский районный суд Республики Алтай,районный_городской,"Районный, городской, межрайонный суд","649140, Респ Алтай, с Турочак, ул Советская, д 56",https://turachaksky--ralt.sudrf.ru/,turachaksky--ralt.sudrf.ru,да,02RS0005
Республика Алтай,Улаган,Улаганский,Улаганский районный суд Республики Алтай,районный_городской,"Районный, городской, межрайонный суд","649750, Респ Алтай, с Улаган, ул А.В.Санаа, д 13",https://ulagansky--ralt.sudrf.ru/,ulagansky--ralt.sudrf.ru,да,02RS0006
Республика Алтай,Усть-Кан,Усть-Канский,Усть-Канский районный суд Республики Алтай,районный_городской,"Районный, городской, межрайонный суд","649450, Респ Алтай, с Усть-Кан, ул Кирпичная, д 2",https://ust-kansky--ralt.sudrf.ru/,ust-kansky--ralt.sudrf.ru,да,02RS0007
Республика Алтай,Усть-Кокса,Усть-Коксинский,Усть-Коксинский районный суд Республики Алтай,районный_городской,"Районный, городской, межрайонный суд","649490, Респ Алтай, с Усть-Кокса, ул Набережная, д 57",https://ust-koksinsky--ralt.sudrf.ru/,ust-koksinsky--ralt.sudrf.ru,да,02RS0008
Республика Алтай,Чемал,Чемальский,Чемальский районный суд Республики Алтай,районный_городской,"Районный, городской, межрайонный суд","649240, Респ Алтай, с Чемал, ул Пчелкина, д 97",https://chemalsky--ralt.sudrf.ru/,chemalsky--ralt.sudrf.ru,да,02RS0009
Республика Алтай,Чоя,Чойский,Чойский районный суд Республики Алтай,районный_городской,"Районный, городской, межрайонный суд","649180, Респ Алтай, с Чоя, ул Калинина, зд 16",https://choisky--ralt.sudrf.ru/,choisky--ralt.sudrf.ru,да,02RS0010
Республика Алтай,Шебалино,Шебалинский,Шебалинский районный суд Республики Алтай,районный_городской,"Районный, городской, межрайонный суд","649220, Респ Алтай, с Шебалино, ул Советская, д 57",https://shebalinsky--ralt.sudrf.ru/,shebalinsky--ralt.sudrf.ru,да,02RS0011
Республика Башкортостан,Аскарово,Абзелиловский,Абзелиловский районный суд Республики Башкортостан,районный_городской,"Районный, городской, межрайонный суд","453620, Респ Башкортостан, с Аскарово, ул Коммунистическая, д 16",https://abzelilovsky--bkr.sudrf.ru/,abzelilovsky--bkr.sudrf.ru,да,03RS0019
Республика Башкортостан,Баймак,Баймакский,Баймакский районный суд Республики Башкортостан,районный_городской,"Районный, городской, межрайонный суд","453630, Респ Башкортостан, г Баймак, ул Революционная, д 27",https://baimaksky--bkr.sudrf.ru/,baimaksky--bkr.sudrf.ru,да,03RS0024
Республика Башкортостан,Белебей,,Белебеевский городской суд Республики Башкортостан,районный_городской,"Районный, городской, межрайонный суд","452005, Респ Башкортостан, г Белебей, ул Пионерская, зд 46",https://belebeevsky--bkr.sudrf.ru/,belebeevsky--bkr.sudrf.ru,да,03RS0009
Республика Башкортостан,Белорецк,Белорецкий,Белорецкий межрайонный суд Республики Башкортостан,районный_городской,"Районный, городской, межрайонный суд","453509, Респ Башкортостан, г Белорецк, ул Пушкина, д 61",https://belorecky--bkr.sudrf.ru/,belorecky--bkr.sudrf.ru,да,03RS0010
Республика Башкортостан,Бижбуляк,Бижбулякский,Бижбулякский межрайонный суд Республики Башкортостан,районный_городской,"Районный, городской, межрайонный суд","452040, Респ Башкортостан, с Бижбуляк, ул Советская, д 33",https://bizhbuliaksky--bkr.sudrf.ru/,bizhbuliaksky--bkr.sudrf.ru,да,03RS0030
Республика Башкортостан,Бирск,Бирский,Бирский межрайонный суд Республики Башкортостан,районный_городской,"Районный, городской, межрайонный суд","452450, Респ Башкортостан, г Бирск, ул Коммунистическая, д 29",https://birsky--bkr.sudrf.ru/,birsky--bkr.sudrf.ru,да,03RS0032
Республика Башкортостан,Благовещенск,Благовещенский,Благовещенский районный суд Республики Башкортостан,районный_городской,"Районный, городской, межрайонный суд","453431, Респ Башкортостан, г Благовещенск, ул Комарова, д 21/2",https://blagoveschensky--bkr.sudrf.ru/,blagoveschensky--bkr.sudrf.ru,да,03RS0033
Республика Башкортостан,Верхнеяркеево,Илишевский,Илишевский районный суд Республики Башкортостан,районный_городской,"Районный, городской, межрайонный суд","452260, Респ Башкортостан, с Верхнеяркеево, ул Куйбышева, д 104/3",https://ilishevsky--bkr.sudrf.ru/,ilishevsky--bkr.sudrf.ru,да,03RS0045
Республика Башкортостан,Давлеканово,Давлекановский,Давлекановский районный суд Республики Башкортостан,районный_городской,"Районный, городской, межрайонный суд","453403, Респ Башкортостан, г Давлеканово, ул Садовая, д 19",https://davlekanovsky--bkr.sudrf.ru/,davlekanovsky--bkr.sudrf.ru,да,03RS0038
Республика Башкортостан,Дюртюли,Дюртюлинский,Дюртюлинский районный суд Республики Башкортостан,районный_городской,"Районный, городской, межрайонный суд","452320, Респ Башкортостан, г Дюртюли, ул Седова, зд 22",https://diurtiulinsky--bkr.sudrf.ru/,diurtiulinsky--bkr.sudrf.ru,да,03RS0040
Республика Башкортостан,Зилаир,Зилаирский,Зилаирский межрайонный суд Республики Башкортостан,районный_городской,"Районный, городской, межрайонный суд","453680, Респ Башкортостан, с Зилаир, ул Ленина, д 35",https://zilairsky--bkr.sudrf.ru/,zilairsky--bkr.sudrf.ru,да,03RS0043
Республика Башкортостан,Иглино,Иглинский,Иглинский межрайонный суд Республики Башкортостан,районный_городской,"Районный, городской, межрайонный суд","452410, Респ Башкортостан, с Иглино, ул Ленина, д 97",https://iglinsky--bkr.sudrf.ru/,iglinsky--bkr.sudrf.ru,да,03RS0044
Республика Башкортостан,Ишимбай,,Ишимбайский городской суд Республики Башкортостан,районный_городской,"Районный, городской, межрайонный суд","453205, Респ Башкортостан, г Ишимбай, ул Губкина, д 52А",https://ishimbaisky--bkr.sudrf.ru/,ishimbaisky--bkr.sudrf.ru,да,03RS0011
Республика Башкортостан,Караидель,Караидельский,Караидельский межрайонный суд Республики Башкортостан,районный_городской,"Районный, городской, межрайонный суд","452360, Респ Башкортостан, с Караидель, ул Романова, д 16",https://karaidelsky--bkr.sudrf.ru/,karaidelsky--bkr.sudrf.ru,да,03RS0047
Республика Башкортостан,Кармаскалы,Кармаскалинский,Кармаскалинский межрайонный суд Республики Башкортостан,районный_городской,"Районный, городской, межрайонный суд","453020, Респ Башкортостан, с Кармаскалы, ул Кирова, д 36",https://karmaskalinsky--bkr.sudrf.ru/,karmaskalinsky--bkr.sudrf.ru,да,03RS0048
Республика Башкортостан,Красноусольский,Гафурийский,Гафурийский межрайонный суд Республики Башкортостан,районный_городской,"Районный, городской, межрайонный суд","453050, Респ Башкортостан, с Красноусольский, ул Коммунистическая, д 25",https://gafuriysky--bkr.sudrf.ru/,gafuriysky--bkr.sudrf.ru,да,03RS0037
Республика Башкортостан,Кумертау,Кумертауский,Кумертауский межрайонный суд Республики Башкортостан,районный_городской,"Районный, городской, межрайонный суд","453300, Респ Башкортостан, г Кумертау, ул 40 лет Победы, д 38, кв 1",https://kumertauskiy--bkr.sudrf.ru/,kumertauskiy--bkr.sudrf.ru,да,03RS0012
Республика Башкортостан,Кушнаренково,Кушнаренковский,Кушнаренковский районный суд Республики Башкортостан,районный_городской,"Районный, городской, межрайонный суд","452230, Респ Башкортостан, с Кушнаренково, ул Октябрьская, зд 62",https://kushnarenkovsky--bkr.sudrf.ru/,kushnarenkovsky--bkr.sudrf.ru,да,03RS0053
Республика Башкортостан,Малояз,Салаватский,Салаватский межрайонный суд Республики Башкортостан,районный_городской,"Районный, городской, межрайонный суд","452490, Респ Башкортостан, с Малояз, ул Советская, зд 60",https://salavatskiy--bkr.sudrf.ru/,salavatskiy--bkr.sudrf.ru,да,03RS0059
Республика Башкортостан,Мелеуз,Мелеузовский,Мелеузовский районный суд Республики Башкортостан,районный_городской,"Районный, городской, межрайонный суд","453856, Респ Башкортостан, г Мелеуз, ул Советская, д 3",https://meleuzovsky--bkr.sudrf.ru/,meleuzovsky--bkr.sudrf.ru,да,03RS0054
Республика Башкортостан,Мраково,Кугарчинский,Кугарчинский межрайонный суд Республики Башкортостан,районный_городской,"Районный, городской, межрайонный суд","453330, Респ Башкортостан, с Мраково, ул Ленина, д 9",https://kugarchinsky--bkr.sudrf.ru/,kugarchinsky--bkr.sudrf.ru,да,03RS0051
Республика Башкортостан,Нефтекамск,,Нефтекамский городской суд Республики Башкортостан,районный_городской,"Районный, городской, межрайонный суд","452680, Респ Башкортостан, г Нефтекамск, ул Нефтяников, зд 28",https://neftekamsky--bkr.sudrf.ru/,neftekamsky--bkr.sudrf.ru,да,03RS0013
Республика Башкортостан,Николо-Березовка,Краснокамский,Краснокамский межрайонный суд Республики Башкортостан,районный_городской,"Районный, городской, межрайонный суд","452930, Респ Башкортостан, с Николо-Березовка, ул Карла Маркса, д 8",https://krasnokamsky--bkr.sudrf.ru/,krasnokamsky--bkr.sudrf.ru,да,03RS0049
Республика Башкортостан,Новобелокатай,Белокатайский,Белокатайский межрайонный суд Республики Башкортостан,районный_городской,"Районный, городской, межрайонный суд","452580, Респ Башкортостан, с Новобелокатай, ул Школьная, д 20",https://belokataisky--bkr.sudrf.ru/,belokataisky--bkr.sudrf.ru,да,03RS0028
Республика Башкортостан,Октябрьский,,Октябрьский городской суд Республики Башкортостан,районный_городской,"Районный, городской, межрайонный суд","452607, Респ Башкортостан, г Октябрьский, ул Девонская, д 12",https://oktabrsky--bkr.sudrf.ru/,oktabrsky--bkr.sudrf.ru,да,03RS0014
Республика Башкортостан,Раевский,Альшеевский,Альшеевский районный суд Республики Башкортостан,районный_городской,"Районный, городской, межрайонный суд","452120, Респ Башкортостан, с Раевский, ул Свободы, д 100/2",https://alsheevsky--bkr.sudrf.ru/,alsheevsky--bkr.sudrf.ru,да,03RS0020
Республика Башкортостан,Салават,,Салаватский городской суд Республики Башкортостан,районный_городской,"Районный, городской, межрайонный суд","453265, Респ Башкортостан, г Салават, ул Губкина, д 16",https://salavatsky--bkr.sudrf.ru/,salavatsky--bkr.sudrf.ru,да,03RS0015
Республика Башкортостан,Сибай,,Сибайский городской суд Республики Башкортостан,районный_городской,"Районный, городской, межрайонный суд","453830, Респ Башкортостан, г Сибай, ул Цеткин, зд 1/2",https://sibaisky--bkr.sudrf.ru/,sibaisky--bkr.sudrf.ru,да,03RS0016
Республика Башкортостан,Старобалтачево,Балтачевский,Балтачевский межрайонный суд Республики Башкортостан,районный_городской,"Районный, городской, межрайонный суд","452980, Респ Башкортостан, с Старобалтачево, ул Кирова, зд 3",https://baltachevsky--bkr.sudrf.ru/,baltachevsky--bkr.sudrf.ru,да,03RS0025
Республика Башкортостан,Стерлибашево,Стерлибашевский,Стерлибашевский межрайонный суд Республики Башкортостан,районный_городской,"Районный, городской, межрайонный суд","453180, Респ Башкортостан, с Стерлибашево, ул Ленина, зд 109",https://sterlibashevsky--bkr.sudrf.ru/,sterlibashevsky--bkr.sudrf.ru,да,03RS0060
Республика Башкортостан,Стерлитамак,,Стерлитамакский городской суд Республики Башкортостан,районный_городской,"Районный, городской, межрайонный суд","453126, Респ Башкортостан, г Стерлитамак, ул Вокзальная, д 1А",https://sterlitamaksky--bkr.sudrf.ru/,sterlitamaksky--bkr.sudrf.ru,да,03RS0017
Республика Башкортостан,Туймазы,Туймазинский,Туймазинский межрайонный суд Республики Башкортостан,районный_городской,"Районный, городской, межрайонный суд","452750, Респ Башкортостан, г Туймазы, ул Пугачева, зд 10",https://tuimazinsky--bkr.sudrf.ru/,tuimazinsky--bkr.sudrf.ru,да,03RS0063
Республика Башкортостан,Уфа,,Верховный Суд Республики Башкортостан,областной,Областной и равный ему суд,"450002, г Уфа, ул Пушкина, д 88/1",https://vs--bkr.sudrf.ru/,vs--bkr.sudrf.ru,да,03OS0000
Республика Башкортостан,Уфа,Демский,Демский районный суд г. Уфы Республики Башкортостан,районный_городской,"Районный, городской, межрайонный суд","450024, г Уфа, ул Правды, д 2 к 1",https://demsky--bkr.sudrf.ru/,demsky--bkr.sudrf.ru,да,03RS0001
Республика Башкортостан,Уфа,Калининский,Калининский районный суд г. Уфы Республики Башкортостан,районный_городской,"Районный, городской, межрайонный суд","450043, г Уфа, ул Георгия Мушникова, д 11/1",https://kalininsky--bkr.sudrf.ru/,kalininsky--bkr.sudrf.ru,да,03RS0002
Республика Башкортостан,Уфа,Кировский,Кировский районный суд г. Уфы Республики Башкортостан,районный_городской,"Районный, городской, межрайонный суд","450008, г Уфа, ул Александра Матросова, д 1",https://kirovsky--bkr.sudrf.ru/,kirovsky--bkr.sudrf.ru,да,03RS0003
Республика Башкортостан,Уфа,Ленинский,Ленинский районный суд г. Уфы Республики Башкортостан,районный_городской,"Районный, городской, межрайонный суд","450076, г Уфа, ул Аксакова, д 71",https://leninsky--bkr.sudrf.ru/,leninsky--bkr.sudrf.ru,да,03RS0004
Республика Башкортостан,Уфа,Октябрьский,Октябрьский районный суд г. Уфы Республики Башкортостан,районный_городской,"Районный, городской, межрайонный суд","450096, г Уфа, ул Шафиева, д 27 к 2",https://oktiabrsky--bkr.sudrf.ru/,oktiabrsky--bkr.sudrf.ru,да,03RS0005
Республика Башкортостан,Уфа,Орджоникидзевский,Орджоникидзевский районный суд г. Уфы Республики Башкортостан,районный_городской,"Районный, городской, межрайонный суд","450112, г Уфа, ул Ульяновых, д 51",https://ordjonikidzovsky--bkr.sudrf.ru/,ordjonikidzovsky--bkr.sudrf.ru,да,03RS0006
Республика Башкортостан,Уфа,Советский,Советский районный суд г. Уфы Республики Башкортостан,районный_городской,"Районный, городской, межрайонный суд","450059, г Уфа, ул Большая Гражданская, д 24",https://sovetsky--bkr.sudrf.ru/,sovetsky--bkr.sudrf.ru,да,03RS0007
Республика Башкортостан,Уфа,Уфимский,Уфимский районный суд Республики Башкортостан,районный_городской,"Районный, городской, межрайонный суд","450103, г Уфа, ул Сочинская, д 12",https://ufimsky--bkr.sudrf.ru/,ufimsky--bkr.sudrf.ru,да,03RS0064
Республика Башкортостан,Учалы,Учалинский,Учалинский районный суд Республики Башкортостан,районный_городской,"Районный, городской, межрайонный суд","453700, Респ Башкортостан, г Учалы, ул Ленина, д 12",https://uchalinsky--bkr.sudrf.ru/,uchalinsky--bkr.sudrf.ru,да,03RS0065
Республика Башкортостан,Чекмагуш,Чекмагушевский,Чекмагушевский межрайонный суд Республики Башкортостан,районный_городской,"Районный, городской, межрайонный суд","452200, Респ Башкортостан, с Чекмагуш, ул Салавата, д 1",https://chekmagushevsky--bkr.sudrf.ru/,chekmagushevsky--bkr.sudrf.ru,да,03RS0068
Республика Башкортостан,Чишмы,Чишминский,Чишминский районный суд Республики Башкортостан,районный_городской,"Районный, городской, межрайонный суд","452170, Респ Башкортостан, рп Чишмы, ул Первомайская, д 26",https://chishmilinsky--bkr.sudrf.ru/,chishmilinsky--bkr.sudrf.ru,да,03RS0069
Республика Башкортостан,Языково,Благоварский,Благоварский межрайонный суд Республики Башкортостан,районный_городской,"Районный, городской, межрайонный суд","452740, Респ Башкортостан, с Языково, ул Пушкина, зд 15",https://blagovarsky--bkr.sudrf.ru/,blagovarsky--bkr.sudrf.ru,да,03RS0031
Республика Башкортостан,Янаул,Янаульский,Янаульский районный суд Республики Башкортостан,районный_городской,"Районный, городской, межрайонный суд","452800, Респ Башкортостан, г Янаул, ул Крестьянская, д 18",https://yanaulsky--bkr.sudrf.ru/,yanaulsky--bkr.sudrf.ru,да,03RS0071
Республика Бурятия,Багдарин,Баунтовский,Баунтовский районный суд Республики Бурятия,районный_городской,"Районный, городской, межрайонный суд","671510, Респ Бурятия, с Багдарин, ул Ленина, зд 14",https://bautovsky--bur.sudrf.ru/,bautovsky--bur.sudrf.ru,да,04RS0002
Республика Бурятия,Баргузин,Баргузинский,Баргузинский районный суд Республики Бурятия,районный_городской,"Районный, городской, межрайонный суд","671610, Респ Бурятия, с Баргузин, ул Ленина, зд 24",https://barguzinsky--bur.sudrf.ru/,barguzinsky--bur.sudrf.ru,да,04RS0001
Республика Бурятия,Бичура,Бичурский,Бичурский районный суд Республики Бурятия,районный_городской,"Районный, городской, межрайонный суд","671360, Респ Бурятия, с Бичура, ул Советская, зд 1Б",https://bichursky--bur.sudrf.ru/,bichursky--bur.sudrf.ru,да,04RS0003
Республика Бурятия,Гусиноозерск,,Гусиноозерский городской суд Республики Бурятия,районный_городской,"Районный, городской, межрайонный суд","671160, Респ Бурятия, г Гусиноозерск, мкр 6-й, д 23",https://gusinoozersky--bur.sudrf.ru/,gusinoozersky--bur.sudrf.ru,да,04RS0004
Республика Бурятия,Заиграево,Заиграевский,Заиграевский районный суд Республики Бурятия,районный_городской,"Районный, городской, межрайонный суд","671310, Респ Бурятия, пгт Заиграево, ул Серова, д 11",https://zaigraevsky--bur.sudrf.ru/,zaigraevsky--bur.sudrf.ru,да,04RS0008
Республика Бурятия,Закаменск,Закаменский,Закаменский районный суд Республики Бурятия,районный_городской,"Районный, городской, межрайонный суд","671950, Респ Бурятия, г Закаменск, ул Клубная, д 1",https://zakamensky--bur.sudrf.ru/,zakamensky--bur.sudrf.ru,да,04RS0009
Республика Бурятия,Иволгинск,Иволгинский,Иволгинский районный суд Республики Бурятия,районный_городской,"Районный, городской, межрайонный суд","671050, Респ Бурятия, с Иволгинск, ул Куйбышева, д 2А",https://ivolginsky--bur.sudrf.ru/,ivolginsky--bur.sudrf.ru,да,04RS0010
Республика Бурятия,Кабанск,Кабанский,Кабанский районный суд Республики Бурятия,районный_городской,"Районный, городской, межрайонный суд","671200, Респ Бурятия, с Кабанск, ул Кирова, зд 2",https://kabansky--bur.sudrf.ru/,kabansky--bur.sudrf.ru,да,04RS0011
Республика Бурятия,Кырен,Тункинский,Тункинский районный суд Республики Бурятия,районный_городской,"Районный, городской, межрайонный суд","671010, Респ Бурятия, с Кырен, ул Ленина, д 73",https://tunkinsky--bur.sudrf.ru/,tunkinsky--bur.sudrf.ru,да,04RS0023
Республика Бурятия,Кяхта,Кяхтинский,Кяхтинский районный суд Республики Бурятия,районный_городской,"Районный, городской, межрайонный суд","671840, Респ Бурятия, г Кяхта, ул Рабочая, д 59",https://kyahtinsky--bur.sudrf.ru/,kyahtinsky--bur.sudrf.ru,да,04RS0014
Республика Бурятия,Мухоршибирь,Мухоршибирский,Мухоршибирский районный суд Республики Бурятия,районный_городской,"Районный, городской, межрайонный суд","671340, Респ Бурятия, с Мухоршибирь, ул 30 лет Победы, зд 17",https://muhorshibirsky--bur.sudrf.ru/,muhorshibirsky--bur.sudrf.ru,да,04RS0016
Республика Бурятия,Петропавловка,Джидинский,Джидинский районный суд Республики Бурятия,районный_городской,"Районный, городской, межрайонный суд","671920, Респ Бурятия, с Петропавловка, ул Кирова, д 8",https://dzhidinsky--bur.sudrf.ru/,dzhidinsky--bur.sudrf.ru,да,04RS0005
Республика Бурятия,Северобайкальск,,Северобайкальский городской суд Республики Бурятия,районный_городской,"Районный, городской, межрайонный суд","671700, Респ Бурятия, г Северобайкальск, пер Пролетарский, д 3",https://severobaikalsky--bur.sudrf.ru/,severobaikalsky--bur.sudrf.ru,да,04RS0020
Республика Бурятия,Сосново-Озерское,Еравнинский,Еравнинский районный суд Республики Бурятия,районный_городской,"Районный, городской, межрайонный суд","671430, Респ Бурятия, с Сосново-Озерское, ул Бадеева, д 52",https://eravninsky--bur.sudrf.ru/,eravninsky--bur.sudrf.ru,да,04RS0006
Республика Бурятия,Таксимо,Муйский,Муйский районный суд Республики Бурятия,районный_городской,"Районный, городской, межрайонный суд","671560, Респ Бурятия, п Таксимо, ул 70 лет Октября, д 16",https://muisky--bur.sudrf.ru/,muisky--bur.sudrf.ru,да,04RS0015
Республика Бурятия,Тарбагатай,Тарбагатайский,Тарбагатайский районный суд Республики Бурятия,районный_городской,"Районный, городской, межрайонный суд","671110, Респ Бурятия, с Тарбагатай, ул Ленина, д 8",https://tarbagataisky--bur.sudrf.ru/,tarbagataisky--bur.sudrf.ru,да,04RS0022
Республика Бурятия,Турунтаево,Прибайкальский,Прибайкальский районный суд Республики Бурятия,районный_городской,"Районный, городской, межрайонный суд","671260, Респ Бурятия, Прибайкальский р-н, с Турунтаево, ул Молодежная, д 15",https://pribaikalsky--bur.sudrf.ru/,pribaikalsky--bur.sudrf.ru,да,04RS0019
Республика Бурятия,Улан-Удэ,,Верховный Суд Республики Бурятия,областной,Областной и равный ему суд,"670042, г Улан-Удэ, ул Жердева, зд 91",https://vs--bur.sudrf.ru/,vs--bur.sudrf.ru,да,04OS0000
Республика Бурятия,Улан-Удэ,Железнодорожный,Железнодорожный районный суд г. Улан-Удэ Республики Бурятия,районный_городской,"Районный, городской, межрайонный суд","670045, г Улан-Удэ, ул Ботаническая, д 3Б",https://zheleznodorozhniy--bur.sudrf.ru/,zheleznodorozhniy--bur.sudrf.ru,да,04RS0007
Республика Бурятия,Улан-Удэ,Октябрьский,Октябрьский районный суд г. Улан-Удэ Республики Бурятия,районный_городской,"Районный, городской, межрайонный суд","670031, г Улан-Удэ, ул Геологическая, д 9А",https://oktiabrsky--bur.sudrf.ru/,oktiabrsky--bur.sudrf.ru,да,04RS0018
Республика Бурятия,Улан-Удэ,Советский,Советский районный суд г. Улан-Удэ Республики Бурятия,районный_городской,"Районный, городской, межрайонный суд","670000, г Улан-Удэ, ул Ленина, д 16",https://sovetsky--bur.sudrf.ru/,sovetsky--bur.sudrf.ru,да,04RS0021
Республика Бурятия,Хоринск,Хоринский,Хоринский районный суд Республики Бурятия,районный_городской,"Районный, городской, межрайонный суд","671410, Респ Бурятия, с Хоринск, ул Первомайская, д 36",https://horinsky--bur.sudrf.ru/,horinsky--bur.sudrf.ru,да,04RS0024
Республика Дагестан,Акуша,Акушинский,Акушинский районный суд Республики Дагестан,районный_городской,"Районный, городской, межрайонный суд","368280, Респ Дагестан, с Акуша, ул Алигаджи Акушинского, д 37",https://akushinskiy--dag.sudrf.ru/,akushinskiy--dag.sudrf.ru,да,05RS0002
Республика Дагестан,Арани,Хунзахский,Хунзахский районный суд Республики Дагестан,районный_городской,"Районный, городской, межрайонный суд","368260, Респ Дагестан, Хунзахский р-н, с Арани, ул Магомедсайгида Гаджиева, д 7",https://hunzahskiy--dag.sudrf.ru/,hunzahskiy--dag.sudrf.ru,да,05RS0048
Республика Дагестан,Ахты,Ахтынский,Ахтынский районный суд Республики Дагестан,районный_городской,"Районный, городской, межрайонный суд","368730, Респ Дагестан, с Ахты, ул Перина Перинова, д 1",https://ahtinskiy--dag.sudrf.ru/,ahtinskiy--dag.sudrf.ru,да,05RS0004
Республика Дагестан,Бабаюрт,Бабаюртовский,Бабаюртовский районный суд Республики Дагестан,районный_городской,"Районный, городской, межрайонный суд","368060, Респ Дагестан, с Бабаюрт, ул Карагишиева А., д 13",https://babajurtovskiy--dag.sudrf.ru/,babajurtovskiy--dag.sudrf.ru,да,05RS0008
Республика Дагестан,Ботлих,Ботлихский,Ботлихский районный суд Республики Дагестан,районный_городской,"Районный, городской, межрайонный суд","368970, Респ Дагестан, с Ботлих, ул Заводская, зд 30",https://botlihskiy--dag.sudrf.ru/,botlihskiy--dag.sudrf.ru,да,05RS0007
Республика Дагестан,Буйнакск,,Буйнакский городской суд Республики Дагестан,районный_городской,"Районный, городской, межрайонный суд","368220, Респ Дагестан, г Буйнакск, ул Чкалова, д 61",https://buinakskiy-gs--dag.sudrf.ru/,buinakskiy-gs--dag.sudrf.ru,да,05RS0005
Республика Дагестан,Буйнакск,Буйнакский,Буйнакский районный суд Республики Дагестан,районный_городской,"Районный, городской, межрайонный суд","368220, Респ Дагестан, г Буйнакск, ул Имама Шамиля, д 74А",https://buinakskiy-rs--dag.sudrf.ru/,buinakskiy-rs--dag.sudrf.ru,да,05RS0006
Республика Дагестан,Гергебиль,Гергебильский,Гергебильский районный суд Республики Дагестан,районный_городской,"Районный, городской, межрайонный суд","368250, Респ Дагестан, с Гергебиль, ул Наиба Идриса, д 1",https://gergebilskiy--dag.sudrf.ru/,gergebilskiy--dag.sudrf.ru,да,05RS0010
Республика Дагестан,Гуниб,Гунибский,Гунибский районный суд Республики Дагестан,районный_городской,"Районный, городской, межрайонный суд","368340, Респ Дагестан, с Гуниб, ул Имени Имама Шамиля, д 5",https://gunibskiy--dag.sudrf.ru/,gunibskiy--dag.sudrf.ru,да,05RS0011
Республика Дагестан,Дагестанские Огни,,Городской суд г. Дагестанские Огни Республики Дагестан,районный_городской,"Районный, городской, межрайонный суд","368670, Респ Дагестан, г Дагестанские Огни, ул Владимира Ильича Ленина, д 4",https://dagogni-gs--dag.sudrf.ru/,dagogni-gs--dag.sudrf.ru,да,05RS0016
Республика Дагестан,Дербент,,Дербентский городской суд Республики Дагестан,районный_городской,"Районный, городской, межрайонный суд","368600, Респ Дагестан, г Дербент, ул Гейдара Алиева, д 15",https://derbent-gs--dag.sudrf.ru/,derbent-gs--dag.sudrf.ru,да,05RS0012
Республика Дагестан,Дербент,Дербентский,Дербентский районный суд Республики Дагестан,районный_городской,"Районный, городской, межрайонный суд","368601, Респ Дагестан, г Дербент, ул имени Надира Эмиргамзаева, зд 23",https://derbent-rs--dag.sudrf.ru/,derbent-rs--dag.sudrf.ru,да,05RS0013
Республика Дагестан,Дылым,Казбековский,Казбековский районный суд Республики Дагестан,районный_городской,"Районный, городской, межрайонный суд","368140, Респ Дагестан, с Дылым, ул Абдулгапура Абдулгапурова, д 3",https://kazbekovskiy--dag.sudrf.ru/,kazbekovskiy--dag.sudrf.ru,да,05RS0028
Республика Дагестан,Избербаш,,Избербашский городской суд Республики Дагестан,районный_городской,"Районный, городской, межрайонный суд","368500, Респ Дагестан, г Избербаш, пр-кт Ленина, д 5",https://izberbashskiy--dag.sudrf.ru/,izberbashskiy--dag.sudrf.ru,да,05RS0017
Республика Дагестан,Карабудахкент,Карабудахкентский,Карабудахкентский районный суд Республики Дагестан,районный_городской,"Районный, городской, межрайонный суд","368530, Респ Дагестан, с Карабудахкент, ул Космодемьянской, д 1Б",https://karabudahkentskiy--dag.sudrf.ru/,karabudahkentskiy--dag.sudrf.ru,да,05RS0029
Республика Дагестан,Каспийск,,Каспийский городской суд Республики Дагестан,районный_городской,"Районный, городской, межрайонный суд","368300, Респ Дагестан, г Каспийск, ул Назарова, д 15",https://kaspiyskiy--dag.sudrf.ru/,kaspiyskiy--dag.sudrf.ru,да,05RS0021
Республика Дагестан,Касумкент,Сулейман-Стальский,Сулейман-Стальский районный суд Республики Дагестан,районный_городской,"Районный, городской, межрайонный суд","368760, Респ Дагестан, с Касумкент, ул Ленина, д 26А",https://s-stalskiy--dag.sudrf.ru/,s-stalskiy--dag.sudrf.ru,да,05RS0039
Республика Дагестан,Кизилюрт,,Кизилюртовский городской суд Республики Дагестан,районный_городской,"Районный, городской, межрайонный суд","368121, Респ Дагестан, г Кизилюрт, ул Гагарина, д 24А",https://kiziljurt-gs--dag.sudrf.ru/,kiziljurt-gs--dag.sudrf.ru,да,05RS0022
Республика Дагестан,Кизилюрт,Кизилюртовский,Кизилюртовский районный суд Республики Дагестан,районный_городской,"Районный, городской, межрайонный суд","368121, Респ Дагестан, г Кизилюрт, ул Гагарина, д 22",https://kiziljurt-rs--dag.sudrf.ru/,kiziljurt-rs--dag.sudrf.ru,да,05RS0023
Республика Дагестан,Кизляр,,Кизлярский городской суд Республики Дагестан,районный_городской,"Районный, городской, межрайонный суд","368830, Респ Дагестан, г Кизляр, ул Фрунзе, д 1А",https://kizljar-gs--dag.sudrf.ru/,kizljar-gs--dag.sudrf.ru,да,05RS0019
Республика Дагестан,Коркмаскала,Кумторкалинский,Кумторкалинский районный суд Республики Дагестан,районный_городской,"Районный, городской, межрайонный суд","368080, Респ Дагестан, с Коркмаскала, ул Ленина, д 7",https://kumtorkalinskiy--dag.sudrf.ru/,kumtorkalinskiy--dag.sudrf.ru,да,05RS0030
Республика Дагестан,Кумух,Лакский,Лакский районный суд Республики Дагестан,районный_городской,"Районный, городской, межрайонный суд","368360, Республика Дагестан, Лакский р-н, с. Кумух, ул. Сурхайхана-1, д. 67",https://lakskiy--dag.sudrf.ru/,lakskiy--dag.sudrf.ru,да,05RS0033
Республика Дагестан,Леваши,Левашинский,Левашинский районный суд Республики Дагестан,районный_городской,"Районный, городской, межрайонный суд","368320, Респ Дагестан, с Леваши, ул А.Алиева, д 4",https://levashinskiy--dag.sudrf.ru/,levashinskiy--dag.sudrf.ru,да,05RS0032
Республика Дагестан,Магарамкент,Магарамкентский,Магарамкентский районный суд Республики Дагестан,районный_городской,"Районный, городской, межрайонный суд","368780, Респ Дагестан, с Магарамкент, ул Гагарина, д 4",https://magaramkentskiy--dag.sudrf.ru/,magaramkentskiy--dag.sudrf.ru,да,05RS0034
Республика Дагестан,Маджалис,Кайтагский,Кайтагский районный суд Республики Дагестан,районный_городской,"Районный, городской, межрайонный суд","368590, Респ Дагестан, с Маджалис, ул Алисултанова, зд 58",https://kaitagskiy--dag.sudrf.ru/,kaitagskiy--dag.sudrf.ru,да,05RS0027
Республика Дагестан,Махачкала,,Верховный Суд Республики Дагестан,областной,Областной и равный ему суд,"367000, г Махачкала, ул Даниялова, д 22",https://vs--dag.sudrf.ru/,vs--dag.sudrf.ru,да,05OS0000
Республика Дагестан,Махачкала,Кировский,Кировский районный суд г. Махачкалы Республики Дагестан,районный_городской,"Районный, городской, межрайонный суд","367009, г Махачкала, ул Керимова, д 45А",https://kirovskiy--dag.sudrf.ru/,kirovskiy--dag.sudrf.ru,да,05RS0018
Республика Дагестан,Махачкала,Ленинский,Ленинский районный суд г. Махачкалы Республики Дагестан,районный_городской,"Районный, городской, межрайонный суд","367013, г Махачкала, пр-кт Гамидова, д 9",https://lenynskiy--dag.sudrf.ru/,lenynskiy--dag.sudrf.ru,да,05RS0031
Республика Дагестан,Махачкала,Советский,Советский районный суд города Махачкалы Республики Дагестан,районный_городской,"Районный, городской, межрайонный суд","367000, г Махачкала, ул Рустамова, д 4",https://sovetskiy--dag.sudrf.ru/,sovetskiy--dag.sudrf.ru,да,05RS0038
Республика Дагестан,Новокаякент,Каякентский,Каякентский районный суд Республики Дагестан,районный_городской,"Районный, городской, межрайонный суд","368560, Респ Дагестан, с Новокаякент, ул Умуразият Абдуллаевны Джабраиловой, д 34",https://kajakentskiy--dag.sudrf.ru/,kajakentskiy--dag.sudrf.ru,да,05RS0024
Республика Дагестан,Новолакское,Новолакский,Новолакский районный суд Республики Дагестан,районный_городской,"Районный, городской, межрайонный суд","368160, Респ Дагестан, с Новолакское, ул Айгунова Н., д 98",https://novolakskiy--dag.sudrf.ru/,novolakskiy--dag.sudrf.ru,да,05RS0036
Республика Дагестан,Сергокала,Сергокалинский,Сергокалинский районный суд Республики Дагестан,районный_городской,"Районный, городской, межрайонный суд","368510, Респ Дагестан, с Сергокала, ул 317 Стрелковой Дивизии, зд 30",https://sergokalinskiy--dag.sudrf.ru/,sergokalinskiy--dag.sudrf.ru,да,05RS0040
Республика Дагестан,Тарумовка,Тарумовский,Тарумовский районный суд Республики Дагестан,районный_городской,"Районный, городской, межрайонный суд","368870, Респ Дагестан, с Тарумовка, ул Шамиля Магомедова, д 2",https://tarumovskiy--dag.sudrf.ru/,tarumovskiy--dag.sudrf.ru,да,05RS0043
Республика Дагестан,Терекли-Мектеб,Ногайский,Ногайский районный суд Республики Дагестан,районный_городской,"Районный, городской, межрайонный суд","368850, Респ Дагестан, с Терекли-Мектеб, ул К.Маркса, д 17",https://nogayskiy--dag.sudrf.ru/,nogayskiy--dag.sudrf.ru,да,05RS0035
Республика Дагестан,Тлярата,Тляратинский,Тляратинский районный суд Республики Дагестан,районный_городской,"Районный, городской, межрайонный суд","368420, Респ Дагестан, с Тлярата, ул Победы, д 128",https://tljaratinskiy--dag.sudrf.ru/,tljaratinskiy--dag.sudrf.ru,да,05RS0041
Республика Дагестан,Хасавюрт,,Хасавюртовский городской суд Республики Дагестан,районный_городской,"Районный, городской, межрайонный суд","368009, Респ Дагестан, г Хасавюрт, ул Ирбайхана Акаева, д 29",https://hasavjurt-gs--dag.sudrf.ru/,hasavjurt-gs--dag.sudrf.ru,да,05RS0046
Республика Дагестан,Хасавюрт,Хасавюртовский,Хасавюртовский районный суд Республики Дагестан,районный_городской,"Районный, городской, межрайонный суд","368009, Респ Дагестан, г Хасавюрт, ул Первомайская, д 5",https://hasavjurt-rs--dag.sudrf.ru/,hasavjurt-rs--dag.sudrf.ru,да,05RS0047
Республика Дагестан,Хебда,Шамильский,Шамильский районный суд Республики Дагестан,районный_городской,"Районный, городской, межрайонный суд","368430, Респ Дагестан, с Хебда, ул Имама Шамиля, д 110",https://shamilskiy--dag.sudrf.ru/,shamilskiy--dag.sudrf.ru,да,05RS0052
Республика Дагестан,Хив,Хивский,Хивский районный суд Республики Дагестан,районный_городской,"Районный, городской, межрайонный суд","368680, Респ Дагестан, с Хив, ул Шаумяна, д 32",https://hivskiy--dag.sudrf.ru/,hivskiy--dag.sudrf.ru,да,05RS0045
Республика Дагестан,Хучни,Табасаранский,Табасаранский районный суд Республики Дагестан,районный_городской,"Районный, городской, межрайонный суд","368650, Респ Дагестан, с Хучни, ул Курбанова Сейфуллы Курбановича, д 42А",https://tabasaranskiy--dag.sudrf.ru/,tabasaranskiy--dag.sudrf.ru,да,05RS0042
Республика Дагестан,Шамилькала,Унцукульский,Унцукульский районный суд Республики Дагестан,районный_городской,"Районный, городской, межрайонный суд","368950, Респ Дагестан, Унцукульский р-н, пгт Шамилькала, ул Махача Дахадаева, д 3",https://untsukulskiy--dag.sudrf.ru/,untsukulskiy--dag.sudrf.ru,да,05RS0044
Республика Дагестан,Юбилейное,Кизлярский,Кизлярский районный суд Республики Дагестан,районный_городской,"Районный, городской, межрайонный суд","368819, Респ Дагестан, Кизлярский р-н, с Юбилейное, пер Озерный, д 6",https://kizljar-rs--dag.sudrf.ru/,kizljar-rs--dag.sudrf.ru,да,05RS0020
Республика Донецкая Народная,Дебальцево,,Артемовский городской суд Донецкой Народной Республики,районный_городской,"Районный, городской, межрайонный суд","284701, Респ Донецкая Народная, г Дебальцево, ул Мокиевской, д 80",https://art--dnr.sudrf.ru/,art--dnr.sudrf.ru,да,93RS0013
Республика Донецкая Народная,Донецк,,Верховный Суд Донецкой Народной Республики,областной,Областной и равный ему суд,"283015, Респ Донецкая Народная, г Донецк, ул Челюскинцев, д 163",https://vs--dnr.sudrf.ru/,vs--dnr.sudrf.ru,да,93OS0000
Республика Донецкая Народная,Донецк,,Красноармейский городской суд Донецкой Народной Республики,районный_городской,"Районный, городской, межрайонный суд","283015, Респ Донецкая Народная, г Донецк, ул Любавина, д 4, офис 18",https://krasn--dnr.sudrf.ru/,krasn--dnr.sudrf.ru,да,93RS0026
Республика Донецкая Народная,Донецк,Буденновский,Буденновский межрайонный суд города Донецка,районный_городской,"Районный, городской, межрайонный суд","283058, Респ Донецкая Народная, г Донецк, ул Арктики, д 20",https://bud--dnr.sudrf.ru/,bud--dnr.sudrf.ru,да,93RS0001
Республика Донецкая Народная,Донецк,Ворошиловский,Ворошиловский межрайонный суд города Донецка,районный_городской,"Районный, городской, межрайонный суд","283015, Респ Донецкая Народная, г Донецк, ул Любавина, д 4",https://vr--dnr.sudrf.ru/,vr--dnr.sudrf.ru,да,93RS0002
Республика Донецкая Народная,Ясиноватая,,Ясиноватский городской суд Донецкой Народной Республики,районный_городской,"Районный, городской, межрайонный суд","286006, Респ Донецкая Народная, Ясиноватский р-н, г Ясиноватая, ул Заводская, д 90",https://yasin--dnr.sudrf.ru/,yasin--dnr.sudrf.ru,да,93RS0038
Республика Ингушетия,Джейрах,Джейрахский,Джейрахский районный суд Республики Ингушетия,районный_городской,"Районный, городской, межрайонный суд","386430, Респ Ингушетия, с Джейрах, ул Д.Льянова, д 47",https://djeirah--ing.sudrf.ru/,djeirah--ing.sudrf.ru,да,06RS0004
Республика Ингушетия,Карабулак,Карабулакский,Карабулакский районный суд Республики Ингушетия,районный_городской,"Районный, городской, межрайонный суд","386230, Респ Ингушетия, г Карабулак, ул Лейлы Албогачиевой, зд 10",https://karabulak--ing.sudrf.ru/,karabulak--ing.sudrf.ru,да,06RS0003
Республика Ингушетия,Магас,,Верховный Суд Республики Ингушетия,областной,Областной и равный ему суд,"386001, г Магас, ул К.Кулиева, д 2",https://vs--ing.sudrf.ru/,vs--ing.sudrf.ru,да,06OS0000
Республика Ингушетия,Магас,Магасский,Магасский районный суд Республики Ингушетия,районный_городской,"Районный, городской, межрайонный суд","386001, г Магас, ул М.Б.Базоркина, зд 22",https://magassky--ing.sudrf.ru/,magassky--ing.sudrf.ru,да,06RS0006
Республика Ингушетия,Малгобек,,Малгобекский городской суд Республики Ингушетия,районный_городской,"Районный, городской, межрайонный суд","386302, Респ Ингушетия, г Малгобек, ул Осканова, д 21",https://malgobek--ing.sudrf.ru/,malgobek--ing.sudrf.ru,да,06RS0002
Республика Ингушетия,Назрань,Назрановский,Назрановский районный суд Республики Ингушетия,районный_городской,"Районный, городской, межрайонный суд","386101, Респ Ингушетия, г Назрань, тер Альтиевский административный округ, ул Московская, д 33",https://nazran--ing.sudrf.ru/,nazran--ing.sudrf.ru,да,06RS0001
Республика Ингушетия,Сунжа,Сунженский,Сунженский районный суд Республики Ингушетия,районный_городской,"Районный, городской, межрайонный суд","386203, Респ Ингушетия, г Сунжа, ул Комсомольская, д 79",https://sunja--ing.sudrf.ru/,sunja--ing.sudrf.ru,да,06RS0005
Республика Кабардино-Балкарская,Баксан,Баксанский,Баксанский районный суд Кабардино-Балкарской Республики,районный_городской,"Районный, городской, межрайонный суд","361535, Респ Кабардино-Балкарская, г Баксан, ул Панаиоти, д 120",https://baksanskyray--kbr.sudrf.ru/,baksanskyray--kbr.sudrf.ru,да,07RS0002
Республика Кабардино-Балкарская,Залукокоаже,Зольский,Зольский районный суд Кабардино-Балкарской Республики,районный_городской,"Районный, городской, межрайонный суд","361701, Респ Кабардино-Балкарская, Зольский р-н, п Залукокоаже, ул Комсомольская, д 52",https://zolsky--kbr.sudrf.ru/,zolsky--kbr.sudrf.ru,да,07RS0010
Республика Кабардино-Балкарская,Кашхатау,Черекский,Черекский районный суд Кабардино-Балкарской Республики,районный_городской,"Районный, городской, межрайонный суд","361801, Респ Кабардино-Балкарская, пгт Кашхатау, ул Мечиева, д 98",https://chereksky--kbr.sudrf.ru/,chereksky--kbr.sudrf.ru,да,07RS0007
Республика Кабардино-Балкарская,Майский,Майский,Майский районный суд Кабардино-Балкарской Республики,районный_городской,"Районный, городской, межрайонный суд","361115, Респ Кабардино-Балкарская, г Майский, ул Ленина, зд 20",https://maysky--kbr.sudrf.ru/,maysky--kbr.sudrf.ru,да,07RS0005
Республика Кабардино-Балкарская,Нальчик,,Верховный Суд Кабардино-Балкарской Республики,областной,Областной и равный ему суд,"360051, г Нальчик, ул Пачева, д 12",https://vs--kbr.sudrf.ru/,vs--kbr.sudrf.ru,да,07OS0000
Республика Кабардино-Балкарская,Нальчик,,Нальчикский городской суд Кабардино-Балкарской Республики,районный_городской,"Районный, городской, межрайонный суд","360004, г Нальчик, ул Мечиева, д 176",https://nalchiksky--kbr.sudrf.ru/,nalchiksky--kbr.sudrf.ru,да,07RS0001
Республика Кабардино-Балкарская,Нарткала,Урванский,Урванский районный суд Кабардино-Балкарской Республики,районный_городской,"Районный, городской, межрайонный суд","361335, Респ Кабардино-Балкарская, г Нарткала, ул Красная, д 263",https://urvansky--kbr.sudrf.ru/,urvansky--kbr.sudrf.ru,да,07RS0003
Республика Кабардино-Балкарская,Прохладный,Прохладненский,Прохладненский районный суд Кабардино-Балкарской Республики,районный_городской,"Районный, городской, межрайонный суд","361045, Респ Кабардино-Балкарская, г Прохладный, ул Карла Маркса, д 36",https://prohladnensky--kbr.sudrf.ru/,prohladnensky--kbr.sudrf.ru,да,07RS0006
Республика Кабардино-Балкарская,Терек,Терский,Терский районный суд Кабардино-Балкарской Республики,районный_городской,"Районный, городской, межрайонный суд","361201, Респ Кабардино-Балкарская, г Терек, ул Мамхегова, д 38",https://tersky--kbr.sudrf.ru/,tersky--kbr.sudrf.ru,да,07RS0008
Республика Кабардино-Балкарская,Тырныауз,Эльбрусский,Эльбрусский районный суд Кабардино-Балкарской Республики,районный_городской,"Районный, городской, межрайонный суд","361621, Респ Кабардино-Балкарская, г Тырныауз, ул Энеева, зд 11А",https://elbrussky--kbr.sudrf.ru/,elbrussky--kbr.sudrf.ru,да,07RS0009
Республика Кабардино-Балкарская,Чегем,Чегемский,Чегемский районный суд Кабардино-Балкарской Республики,районный_городской,"Районный, городской, межрайонный суд","361401, Респ Кабардино-Балкарская, г Чегем, ул Героя России Кярова А.С., д 20",https://chegemsky--kbr.sudrf.ru/,chegemsky--kbr.sudrf.ru,да,07RS0004
Республика Калмыкия,Городовиковск,Городовиковский,Городовиковский районный суд Республики Калмыкия,районный_городской,"Районный, городской, межрайонный суд","359050, Респ Калмыкия, г Городовиковск, ул Ленина, зд 27",https://gorodovikovsky--kalm.sudrf.ru/,gorodovikovsky--kalm.sudrf.ru,да,08RS0002
Республика Калмыкия,Комсомольский,Черноземельский,Черноземельский районный суд Республики Калмыкия,районный_городской,"Районный, городской, межрайонный суд","359240, Респ Калмыкия, п Комсомольский, ул Аллея Памяти, д 41А",https://chernozemelsky--kalm.sudrf.ru/,chernozemelsky--kalm.sudrf.ru,да,08RS0011
Республика Калмыкия,Лагань,Лаганский,Лаганский районный суд Республики Калмыкия,районный_городской,"Районный, городской, межрайонный суд","359220, Респ Калмыкия, г Лагань, ул Куйбышева, д 121",https://lagansky--kalm.sudrf.ru/,lagansky--kalm.sudrf.ru,да,08RS0005
Республика Калмыкия,Малые Дербеты,Малодербетовский,Малодербетовский районный суд Республики Калмыкия,районный_городской,"Районный, городской, межрайонный суд","359420, Респ Калмыкия, с Малые Дербеты, ул Советская, д 54",https://maloderbetovsky--kalm.sudrf.ru/,maloderbetovsky--kalm.sudrf.ru,да,08RS0006
Республика Калмыкия,Приютное,Приютненский,Приютненский районный суд Республики Калмыкия,районный_городской,"Районный, городской, межрайонный суд","359030, Респ Калмыкия, с Приютное, ул Московская, д 2",https://priyutninsky--kalm.sudrf.ru/,priyutninsky--kalm.sudrf.ru,да,08RS0008
Республика Калмыкия,Садовое,Сарпинский,Сарпинский районный суд Республики Калмыкия,районный_городской,"Районный, городской, межрайонный суд","359410, Респ Калмыкия, с Садовое, ул Дорожная, д 24",https://sarpinsky--kalm.sudrf.ru/,sarpinsky--kalm.sudrf.ru,да,08RS0009
Республика Калмыкия,Троицкое,Целинный,Целинный районный суд Республики Калмыкия,районный_городской,"Районный, городской, межрайонный суд","359180, Респ Калмыкия, с Троицкое, ул А.С.Пушкина, д 8",https://celinny--kalm.sudrf.ru/,celinny--kalm.sudrf.ru,да,08RS0010
Республика Калмыкия,Цаган Аман,Юстинский,Юстинский районный суд Республики Калмыкия,районный_городской,"Районный, городской, межрайонный суд","359300, Респ Калмыкия, п Цаган Аман, ул Элистинская, д 75",https://yustinsky--kalm.sudrf.ru/,yustinsky--kalm.sudrf.ru,да,08RS0012
Республика Калмыкия,Элиста,,Верховный Суд Республики Калмыкия,областной,Областной и равный ему суд,"358009, г Элиста, ул А.С.Пушкина, д 31",https://vs--kalm.sudrf.ru/,vs--kalm.sudrf.ru,да,08OS0000
Республика Калмыкия,Элиста,,Элистинский городской суд Республики Калмыкия,районный_городской,"Районный, городской, межрайонный суд","358000, г Элиста, ул В.И.Ленина, д 315А",https://elistinsky--kalm.sudrf.ru/,elistinsky--kalm.sudrf.ru,да,08RS0001
Республика Калмыкия,Яшалта,Яшалтинский,Яшалтинский районный суд Республики Калмыкия,районный_городской,"Районный, городской, межрайонный суд","359010, Респ Калмыкия, с Яшалта, пер Ульяновский, д 20",https://yashaltinsky--kalm.sudrf.ru/,yashaltinsky--kalm.sudrf.ru,да,08RS0014
Республика Калмыкия,Яшкуль,Яшкульский,Яшкульский районный суд Республики Калмыкия,районный_городской,"Районный, городской, межрайонный суд","359150, Респ Калмыкия, п Яшкуль, ул Н.К.Лиджиева, д 5",https://yashkulsky--kalm.sudrf.ru/,yashkulsky--kalm.sudrf.ru,да,08RS0013
Республика Карачаево-Черкесская,Адыге-Хабль,Адыге-Хабльский,Адыге-Хабльский районный суд Карачаево-Черкесской Республики,районный_городской,"Районный, городской, межрайонный суд","369330, Респ Карачаево-Черкесская, аул Адыге-Хабль, ул Хусина Гашокова, д 3",https://adige-hablsky--kchr.sudrf.ru/,adige-hablsky--kchr.sudrf.ru,да,09RS0009
Республика Карачаево-Черкесская,Зеленчукская,Зеленчукский,Зеленчукский районный суд Карачаево-Черкесской Республики,районный_городской,"Районный, городской, межрайонный суд","369140, Респ Карачаево-Черкесская, ст-ца Зеленчукская, ул Мира, д 21А",https://zelenchuksky--kchr.sudrf.ru/,zelenchuksky--kchr.sudrf.ru,да,09RS0007
Республика Карачаево-Черкесская,Кавказский,Прикубанский,Прикубанский районный суд Карачаево-Черкесской Республики,районный_городской,"Районный, городской, межрайонный суд","369100, Респ Карачаево-Черкесская, Прикубанский р-н, п Кавказский, пр-кт Ленина, д 6",https://prikubansky--kchr.sudrf.ru/,prikubansky--kchr.sudrf.ru,да,09RS0010
Республика Карачаево-Черкесская,Карачаевск,,Карачаевский городской суд Карачаево-Черкесской Республики,районный_городской,"Районный, городской, межрайонный суд","369200, Респ Карачаево-Черкесская, г Карачаевск, ул Байрамукова, д 1",https://karachaevskygor--kchr.sudrf.ru/,karachaevskygor--kchr.sudrf.ru,да,09RS0003
Республика Карачаево-Черкесская,Карачаевск,Карачаевский,Карачаевский районный суд Карачаево-Черкесской Республики,районный_городской,"Районный, городской, межрайонный суд","369200, Респ Карачаево-Черкесская, г Карачаевск, ул Мира, д 9А",https://karachaevskyrai--kchr.sudrf.ru/,karachaevskyrai--kchr.sudrf.ru,да,09RS0004
Республика Карачаево-Черкесская,Преградная,Урупский,Урупский районный суд Карачаево-Черкесской Республики,районный_городской,"Районный, городской, межрайонный суд","369260, Респ Карачаево-Черкесская, ст-ца Преградная, ул Голоколосовой, д 47",https://urupsky--kchr.sudrf.ru/,urupsky--kchr.sudrf.ru,да,09RS0006
Республика Карачаево-Черкесская,Усть-Джегута,Усть-Джегутинский,Усть-Джегутинский районный суд Карачаево-Черкесской Республики,районный_городской,"Районный, городской, межрайонный суд","369300, Респ Карачаево-Черкесская, г Усть-Джегута, ул Богатырева, д 38",https://ust-djegutinsky--kchr.sudrf.ru/,ust-djegutinsky--kchr.sudrf.ru,да,09RS0002
Республика Карачаево-Черкесская,Учкекен,Малокарачаевский,Малокарачаевский районный суд Карачаево-Черкесской Республики,районный_городской,"Районный, городской, межрайонный суд","369380, Респ Карачаево-Черкесская, с Учкекен, ул Ленина, зд 116",https://malokarachaevsky--kchr.sudrf.ru/,malokarachaevsky--kchr.sudrf.ru,да,09RS0005
Республика Карачаево-Черкесская,Хабез,Хабезский,Хабезский районный суд Карачаево-Черкесской Республики,районный_городской,"Районный, городской, межрайонный суд","369400, Респ Карачаево-Черкесская, аул Хабез, ул У.Хабекова, зд 64",https://xabezsky--kchr.sudrf.ru/,xabezsky--kchr.sudrf.ru,да,09RS0008
Республика Карачаево-Черкесская,Черкесск,,Верховный Суд Карачаево-Черкесской Республики,областной,Областной и равный ему суд,"369000, г Черкесск, ул М.Гаджаева, зд 4",https://vs--kchr.sudrf.ru/,vs--kchr.sudrf.ru,да,09OS0000
Республика Карачаево-Черкесская,Черкесск,,Черкесский городской суд Карачаево-Черкесской Республики,районный_городской,"Районный, городской, межрайонный суд","369000, г Черкесск, ул Им Ворошилова, д 24",https://cherkessky--kchr.sudrf.ru/,cherkessky--kchr.sudrf.ru,да,09RS0001
Республика Карелия,Беломорск,Беломорский,Беломорский районный суд Республики Карелия,районный_городской,"Районный, городской, межрайонный суд","186500, Респ Карелия, г Беломорск, пл Ленина, д 10",https://belomorsky--kar.sudrf.ru/,belomorsky--kar.sudrf.ru,да,10RS0001
Республика Карелия,Кемь,,Кемский городской суд Республики Карелия,районный_городской,"Районный, городской, межрайонный суд","186610, Респ Карелия, Кемский р-н, г Кемь, ул Бланки, д 4",https://kemsky--kar.sudrf.ru/,kemsky--kar.sudrf.ru,да,10RS0003
Республика Карелия,Кондопога,,Кондопожский городской суд Республики Карелия,районный_городской,"Районный, городской, межрайонный суд","186220, Респ Карелия, г Кондопога, ул Комсомольская, д 12",https://kondopozhsky--kar.sudrf.ru/,kondopozhsky--kar.sudrf.ru,да,10RS0004
Республика Карелия,Костомукша,,Костомукшский городской суд Республики Карелия,районный_городской,"Районный, городской, межрайонный суд","186931, Респ Карелия, г Костомукша, ул Ленина, д 9А",https://kostomukshsky--kar.sudrf.ru/,kostomukshsky--kar.sudrf.ru,да,10RS0005
Республика Карелия,Лахденпохья,Лахденпохский,Лахденпохский районный суд Республики Карелия,районный_городской,"Районный, городской, межрайонный суд","186730, Респ Карелия, г Лахденпохья, ул Октябрьская, д 12",https://lahdenpohsky--kar.sudrf.ru/,lahdenpohsky--kar.sudrf.ru,да,10RS0006
Республика Карелия,Лоухи,Лоухский,Лоухский районный суд Республики Карелия,районный_городской,"Районный, городской, межрайонный суд","186660, Респ Карелия, пгт Лоухи, ул Первомайская, зд 3А",https://louhsky--kar.sudrf.ru/,louhsky--kar.sudrf.ru,да,10RS0007
Республика Карелия,Медвежьегорск,Медвежьегорский,Медвежьегорский районный суд Республики Карелия,районный_городской,"Районный, городской, межрайонный суд","186352, Респ Карелия, г Медвежьегорск, ул Заводская, зд 7А",https://medvezhegorsky--kar.sudrf.ru/,medvezhegorsky--kar.sudrf.ru,да,10RS0008
Республика Карелия,Муезерский,Муезерский,Муезерский районный суд Республики Карелия,районный_городской,"Районный, городской, межрайонный суд","186960, Респ Карелия, пгт Муезерский, ул Гагарина, д 29",https://muezersky--kar.sudrf.ru/,muezersky--kar.sudrf.ru,да,10RS0009
Республика Карелия,Олонец,Олонецкий,Олонецкий районный суд Республики Карелия,районный_городской,"Районный, городской, межрайонный суд","186000, Респ Карелия, г Олонец, ул 30-летия Победы, д 10",https://olonecky--kar.sudrf.ru/,olonecky--kar.sudrf.ru,да,10RS0010
Республика Карелия,Петрозаводск,,Верховный Суд Республики Карелия,областной,Областной и равный ему суд,"185035, г Петрозаводск, р-н Центр, ул Кирова, д 27",https://vs--kar.sudrf.ru/,vs--kar.sudrf.ru,да,10OS0000
Республика Карелия,Петрозаводск,,Петрозаводский городской суд Республики Карелия,районный_городской,"Районный, городской, межрайонный суд","185035, г Петрозаводск, р-н Центр, ул Красная, д 33",https://petrozavodsky--kar.sudrf.ru/,petrozavodsky--kar.sudrf.ru,да,10RS0011
Республика Карелия,Петрозаводск,Прионежский,Прионежский районный суд Республики Карелия,районный_городской,"Районный, городской, межрайонный суд","185005, г Петрозаводск, р-н Зарека, ул Правды, д 14",https://prionezhsky--kar.sudrf.ru/,prionezhsky--kar.sudrf.ru,да,10RS0013
Республика Карелия,Питкяранта,,Питкярантский городской суд Республики Карелия,районный_городской,"Районный, городской, межрайонный суд","186810, Респ Карелия, г Питкяранта, ул Привокзальная, д 24А",https://pitkiaransky--kar.sudrf.ru/,pitkiaransky--kar.sudrf.ru,да,10RS0012
Республика Карелия,Пряжа,Пряжинский,Пряжинский районный суд Республики Карелия,районный_городской,"Районный, городской, межрайонный суд","186120, Респ Карелия, пгт Пряжа, ул Советская, д 61",https://priazhsky--kar.sudrf.ru/,priazhsky--kar.sudrf.ru,да,10RS0014
Республика Карелия,Пудож,Пудожский,Пудожский районный суд Республики Карелия,районный_городской,"Районный, городской, межрайонный суд","186150, Респ Карелия, г Пудож, ул Пушкина, д 44",https://pudozhsky--kar.sudrf.ru/,pudozhsky--kar.sudrf.ru,да,10RS0015
Республика Карелия,Сегежа,,Сегежский городской суд Республики Карелия,районный_городской,"Районный, городской, межрайонный суд","186420, Респ Карелия, г Сегежа, ул Гражданская, д 3А",https://segezhsky--kar.sudrf.ru/,segezhsky--kar.sudrf.ru,да,10RS0016
Республика Карелия,Сортавала,,Сортавальский городской суд Республики Карелия,районный_городской,"Районный, городской, межрайонный суд","186790, Респ Карелия, г Сортавала, ул Лесная, д 2",https://sortavalsky--kar.sudrf.ru/,sortavalsky--kar.sudrf.ru,да,10RS0017
Республика Карелия,Суоярви,Суоярвский,Суоярвский районный суд Республики Карелия,районный_городской,"Районный, городской, межрайонный суд","186870, Респ Карелия, г Суоярви, ул Победы, стр 20",https://suoyarvsky--kar.sudrf.ru/,suoyarvsky--kar.sudrf.ru,да,10RS0018
Республика Коми,Айкино,Усть-Вымский,Усть-Вымский районный суд Республики Коми,районный_городской,"Районный, городской, межрайонный суд","169040, Респ Коми, с Айкино, ул Центральная, д 125",https://uwsud--komi.sudrf.ru/,uwsud--komi.sudrf.ru,да,11RS0020
Республика Коми,Визинга,Сысольский,Сысольский районный суд Республики Коми,районный_городской,"Районный, городской, межрайонный суд","168100, Респ Коми, с Визинга, ул Советская, д 33А",https://sysola--komi.sudrf.ru/,sysola--komi.sudrf.ru,да,11RS0017
Республика Коми,Воркута,,Воркутинский городской суд Республики Коми,районный_городской,"Районный, городской, межрайонный суд","169900, Респ Коми, г Воркута, ул Яновского, д 4",https://vktsud--komi.sudrf.ru/,vktsud--komi.sudrf.ru,да,11RS0002
Республика Коми,Вуктыл,,Вуктыльский городской суд Республики Коми,районный_городской,"Районный, городской, межрайонный суд","169570, Респ Коми, г Вуктыл, ул Пионерская, д 16",https://vuktyl--komi.sudrf.ru/,vuktyl--komi.sudrf.ru,да,11RS0007
Республика Коми,Выльгорт,Сыктывдинский,Сыктывдинский районный суд Республики Коми,районный_городской,"Районный, городской, межрайонный суд","168220, Респ Коми, с Выльгорт, ул Домны Каликовой, д 47",https://skdsud--komi.sudrf.ru/,skdsud--komi.sudrf.ru,да,11RS0016
Республика Коми,Емва,Княжпогостский,Княжпогостский районный суд Республики Коми,районный_городской,"Районный, городской, межрайонный суд","169200, Респ Коми, г Емва, ул Дзержинского, д 136А",https://knsud--komi.sudrf.ru/,knsud--komi.sudrf.ru,да,11RS0009
Республика Коми,Ижма,Ижемский,Ижемский районный суд Республики Коми,районный_городской,"Районный, городской, межрайонный суд","169460, Респ Коми, с Ижма, ул Советская, д 63",https://izmasud--komi.sudrf.ru/,izmasud--komi.sudrf.ru,да,11RS0013
Республика Коми,Инта,,Интинский городской суд Республики Коми,районный_городской,"Районный, городской, межрайонный суд","169840, Респ Коми, г Инта, ул Социалистическая, д 4А",https://intasud--komi.sudrf.ru/,intasud--komi.sudrf.ru,да,11RS0003
Республика Коми,Корткерос,Корткеросский,Корткеросский районный суд Республики Коми,районный_городской,"Районный, городской, межрайонный суд","168020, Респ Коми, с Корткерос, ул Советская, д 212",https://kortsud--komi.sudrf.ru/,kortsud--komi.sudrf.ru,да,11RS0014
Республика Коми,Объячево,Прилузский,Прилузский районный суд Республики Коми,районный_городской,"Районный, городской, межрайонный суд","168130, Респ Коми, с Объячево, ул Мира, д 72",https://priluz--komi.sudrf.ru/,priluz--komi.sudrf.ru,да,11RS0012
Республика Коми,Печора,,Печорский городской суд Республики Коми,районный_городской,"Районный, городской, межрайонный суд","169600, Респ Коми, г Печора, ул Спортивная, д 44",https://pechora--komi.sudrf.ru/,pechora--komi.sudrf.ru,да,11RS0004
Республика Коми,Сосногорск,,Сосногорский городской суд Республики Коми,районный_городской,"Районный, городской, межрайонный суд","169501, Респ Коми, г Сосногорск, ул Октябрьская, д 13",https://sosnsud--komi.sudrf.ru/,sosnsud--komi.sudrf.ru,да,11RS0008
Республика Коми,Сыктывкар,,Верховный Суд Республики Коми,областной,Областной и равный ему суд,"167000, г Сыктывкар, ул Домны Каликовой, д 22",https://vs--komi.sudrf.ru/,vs--komi.sudrf.ru,да,11OS0000
Республика Коми,Сыктывкар,,Сыктывкарский городской суд Республики Коми,районный_городской,"Районный, городской, межрайонный суд","167000, г Сыктывкар, ул Пушкина, стр 20",https://syktsud--komi.sudrf.ru/,syktsud--komi.sudrf.ru,да,11RS0001
Республика Коми,Сыктывкар,Эжвинский,Эжвинский районный суд г. Сыктывкара Республики Коми,районный_городской,"Районный, городской, межрайонный суд","167026, г Сыктывкар, ул Калинина, д 14",https://ejvasud--komi.sudrf.ru/,ejvasud--komi.sudrf.ru,да,11RS0010
Республика Коми,Усинск,,Усинский городской суд Республики Коми,районный_городской,"Районный, городской, межрайонный суд","169710, Респ Коми, г Усинск, ул Ленина, д 10",https://usinsksud--komi.sudrf.ru/,usinsksud--komi.sudrf.ru,да,11RS0006
Республика Коми,Усть-Кулом,Усть-Куломский,Усть-Куломский районный суд Республики Коми,районный_городской,"Районный, городской, межрайонный суд","168060, Респ Коми, Усть-Куломский р-н, с Усть-Кулом, ул Советская, д 59А",https://ukolomsud--komi.sudrf.ru/,ukolomsud--komi.sudrf.ru,да,11RS0018
Республика Коми,Ухта,,Ухтинский городской суд Республики Коми,районный_городской,"Районный, городской, межрайонный суд","169300, Респ Коми, г Ухта, ул Бушуева, д 6",https://ukhtasud--komi.sudrf.ru/,ukhtasud--komi.sudrf.ru,да,11RS0005
Республика Крым,Алушта,,Алуштинский городской суд Республики Крым,районный_городской,"Районный, городской, межрайонный суд","298500, Респ Крым, г Алушта, ул Ленина, д 23",https://alushta--krm.sudrf.ru/,alushta--krm.sudrf.ru,да,91RS0004
Республика Крым,Армянск,,Армянский городской суд Республики Крым,районный_городской,"Районный, городской, межрайонный суд","296012, Респ Крым, г Армянск, ул Школьная, д 4",https://armyanskiy--krm.sudrf.ru/,armyanskiy--krm.sudrf.ru,да,91RS0005
Республика Крым,Бахчисарай,Бахчисарайский,Бахчисарайский районный суд Республики Крым,районный_городской,"Районный, городской, межрайонный суд","298400, Респ Крым, Бахчисарайский р-н, г Бахчисарай, ул Кооперативная, д 1",https://bahchisarai--krm.sudrf.ru/,bahchisarai--krm.sudrf.ru,да,91RS0006
Республика Крым,Белогорск,Белогорский,Белогорский районный суд Республики Крым,районный_городской,"Районный, городской, межрайонный суд","297600, Респ Крым, Белогорский р-н, г Белогорск, ул Луначарского, д 39",https://belogorskiy--krm.sudrf.ru/,belogorskiy--krm.sudrf.ru,да,91RS0007
Республика Крым,Джанкой,Джанкойский,Джанкойский районный суд Республики Крым,районный_городской,"Районный, городской, межрайонный суд","296100, Респ Крым, г Джанкой, ул Крымская, д 77А",https://dzhankoi--krm.sudrf.ru/,dzhankoi--krm.sudrf.ru,да,91RS0008
Республика Крым,Евпатория,,Евпаторийский городской суд Республики Крым,районный_городской,"Районный, городской, межрайонный суд","297412, Респ Крым, г Евпатория, пр-кт им.В.И.Ленина, д 30",https://evpatoriya--krm.sudrf.ru/,evpatoriya--krm.sudrf.ru,да,91RS0009
Республика Крым,Керчь,,Керченский городской суд Республики Крым,районный_городской,"Районный, городской, межрайонный суд","298300, Респ Крым, г Керчь, ул Свердлова, д 4",https://kerch--krm.sudrf.ru/,kerch--krm.sudrf.ru,да,91RS0012
Республика Крым,Кировское,Кировский,Кировский районный суд Республики Крым,районный_городской,"Районный, городской, межрайонный суд","297300, Респ Крым, Кировский р-н, пгт Кировское, ул Р.Люксембург, д 25",https://kirovskiy--krm.sudrf.ru/,kirovskiy--krm.sudrf.ru,да,91RS0013
Республика Крым,Красногвардейское,Красногвардейский,Красногвардейский районный суд Республики Крым,районный_городской,"Районный, городской, межрайонный суд","297000, Респ Крым, Красногвардейский р-н, пгт Красногвардейское, ул Чкалова, д 6",https://krasnogvardeiskiy--krm.sudrf.ru/,krasnogvardeiskiy--krm.sudrf.ru,да,91RS0011
Республика Крым,Красноперекопск,Красноперекопский,Красноперекопский районный суд Республики Крым,районный_городской,"Районный, городской, межрайонный суд","296000, Респ Крым, г Красноперекопск, ул Захарова, д 3А",https://krasnoperekopskiy--krm.sudrf.ru/,krasnoperekopskiy--krm.sudrf.ru,да,91RS0010
Республика Крым,Ленино,Ленинский,Ленинский районный суд Республики Крым,районный_городской,"Районный, городской, межрайонный суд","298200, Респ Крым, Ленинский р-н, пгт Ленино, ул Пушкина, д 33",https://leninskiy--krm.sudrf.ru/,leninskiy--krm.sudrf.ru,да,91RS0014
Республика Крым,Нижнегорский,Нижнегорский,Нижнегорский районный суд Республики Крым,районный_городской,"Районный, городской, межрайонный суд","297100, Респ Крым, Нижнегорский р-н, пгт Нижнегорский, ул Фонтанная, д 8",https://nizhnegorskiy--krm.sudrf.ru/,nizhnegorskiy--krm.sudrf.ru,да,91RS0015
Республика Крым,Первомайское,Первомайский,Первомайский районный суд Республики Крым,районный_городской,"Районный, городской, межрайонный суд","296300, Респ Крым, Первомайский р-н, пгт Первомайское, ул Октябрьская, зд 116А",https://pervomaiskiy--krm.sudrf.ru/,pervomaiskiy--krm.sudrf.ru,да,91RS0016
Республика Крым,Раздольное,Раздольненский,Раздольненский районный суд Республики Крым,районный_городской,"Районный, городской, межрайонный суд","296200, Респ Крым, Раздольненский р-н, пгт Раздольное, ул Ленина, д 44",https://razdolnenskiy--krm.sudrf.ru/,razdolnenskiy--krm.sudrf.ru,да,91RS0017
Республика Крым,Саки,Сакский,Сакский районный суд Республики Крым,районный_городской,"Районный, городской, межрайонный суд","296500, Респ Крым, г Саки, ул Ленина, д 19",https://saki--krm.sudrf.ru/,saki--krm.sudrf.ru,да,91RS0018
Республика Крым,Симферополь,,Верховный Суд Республики Крым,областной,Областной и равный ему суд,"295000, Респ Крым, г Симферополь, ул Павленко, зд 2",https://vs--krm.sudrf.ru/,vs--krm.sudrf.ru,да,91OS0000
Республика Крым,Симферополь,Железнодорожный,Железнодорожный районный суд г. Симферополя Республики Крым,районный_городской,"Районный, городской, межрайонный суд","295014, Респ Крым, г Симферополь, ул Хромченко, д 6А",https://zheleznodorozhniy--krm.sudrf.ru/,zheleznodorozhniy--krm.sudrf.ru,да,91RS0001
Республика Крым,Симферополь,Киевский,Киевский районный суд г. Симферополя Республики Крым,районный_городской,"Районный, городской, межрайонный суд","295017, Респ Крым, г Симферополь, ул Воровского, д 16",https://kiev-simph--krm.sudrf.ru/,kiev-simph--krm.sudrf.ru,да,91RS0002
Республика Крым,Симферополь,Симферопольский,Симферопольский районный суд Республики Крым,районный_городской,"Районный, городской, межрайонный суд","295000, Респ Крым, г Симферополь, ул Екатерининская, д 17",https://simpheropolskiy--krm.sudrf.ru/,simpheropolskiy--krm.sudrf.ru,да,91RS0019
Республика Крым,Симферополь,Центральный,Центральный районный суд г. Симферополя Республики Крым,районный_городской,"Районный, городской, межрайонный суд","295011, Респ Крым, г Симферополь, ул Турецкая, д 21/5",https://centr-simph--krm.sudrf.ru/,centr-simph--krm.sudrf.ru,да,91RS0003
Республика Крым,Советский,Советский,Советский районный суд Республики Крым,районный_городской,"Районный, городской, межрайонный суд","297200, Респ Крым, Советский р-н, пгт Советский, ул 30 лет Победы, д 19",https://sovetskiy--krm.sudrf.ru/,sovetskiy--krm.sudrf.ru,да,91RS0020
Республика Крым,Судак,,Судакский городской суд Республики Крым,районный_городской,"Районный, городской, межрайонный суд","298000, Респ Крым, г Судак, ул Ленина, д 71",https://sudak--krm.sudrf.ru/,sudak--krm.sudrf.ru,да,91RS0021
Республика Крым,Феодосия,,Феодосийский городской суд Республики Крым,районный_городской,"Районный, городской, межрайонный суд","298108, Респ Крым, г Феодосия, ул Греческая, зд 3А",https://feodosiya--krm.sudrf.ru/,feodosiya--krm.sudrf.ru,да,91RS0022
Республика Крым,Черноморское,Черноморский,Черноморский районный суд Республики Крым,районный_городской,"Районный, городской, межрайонный суд","296400, Респ Крым, Черноморский р-н, пгт Черноморское, ул Кирова, зд 19",https://chernomorskiy--krm.sudrf.ru/,chernomorskiy--krm.sudrf.ru,да,91RS0023
Республика Крым,Ялта,,Ялтинский городской суд Республики Крым,районный_городской,"Районный, городской, межрайонный суд","298600, Респ Крым, г Ялта, ул Дмитриева, д 4",https://yalta--krm.sudrf.ru/,yalta--krm.sudrf.ru,да,91RS0024
Республика Луганская Народная,Антрацит,,Антрацитовский городской суд Луганской Народной Республики,районный_городской,"Районный, городской, межрайонный суд","294613, Респ Луганская Народная, г Антрацит, ул Менжинского, д 8",https://antratsitovskiy--lnr.sudrf.ru/,antratsitovskiy--lnr.sudrf.ru,да,94RS0006
Республика Луганская Народная,Луганск,,Верховный Суд Луганской Народной Республики,областной,Областной и равный ему суд,"291016, Респ Луганская Народная, г Луганск, ул Коцюбинского, д 4",https://vs--lnr.sudrf.ru/,vs--lnr.sudrf.ru,да,94OS0000
Республика Луганская Народная,Марковка,Марковский,Марковский районный суд Луганской Народной Республики,районный_городской,"Районный, городской, межрайонный суд","292400, Респ Луганская Народная, Марковский р-н, пгт Марковка, пл Октябрьская, д 31",https://markovskiy--lnr.sudrf.ru/,markovskiy--lnr.sudrf.ru,да,94RS0016
Республика Марий Эл,Волжск,,Волжский городской суд Республики Марий Эл,районный_городской,"Районный, городской, межрайонный суд","425000, Респ Марий Эл, г Волжск, ул Гагарина, д 15А",https://volzhkiy--mari.sudrf.ru/,volzhkiy--mari.sudrf.ru,да,12RS0001
Республика Марий Эл,Звенигово,Звениговский,Звениговский районный суд Республики Марий Эл,районный_городской,"Районный, городской, межрайонный суд","425060, Респ Марий Эл, г Звенигово, ул Ленина, д 54",https://zvenigocsky--mari.sudrf.ru/,zvenigocsky--mari.sudrf.ru,да,12RS0002
Республика Марий Эл,Йошкар-Ола,,Верховный Суд Республики Марий Эл,областной,Областной и равный ему суд,"424000, г Йошкар-Ола, ул Кремлёвская, д 13",https://vs--mari.sudrf.ru/,vs--mari.sudrf.ru,да,12OS0000
Республика Марий Эл,Йошкар-Ола,,Йошкар-Олинский городской суд Республики Марий Эл,районный_городской,"Районный, городской, межрайонный суд","424028, г Йошкар-Ола, ул Баумана, д 91А",https://yoshkarolinsky--mari.sudrf.ru/,yoshkarolinsky--mari.sudrf.ru,да,12RS0003
Республика Марий Эл,Козьмодемьянск,Горномарийский,Горномарийский районный суд Республики Марий Эл,районный_городской,"Районный, городской, межрайонный суд","425354, Респ Марий Эл, г Козьмодемьянск, ул Чернышевского, д 32",https://gornomarisky--mari.sudrf.ru/,gornomarisky--mari.sudrf.ru,да,12RS0016
Республика Марий Эл,Медведево,Медведевский,Медведевский районный суд Республики Марий Эл,районный_городской,"Районный, городской, межрайонный суд","425200, Республика Марий Эл, п. Медведево, ул. Медведево, д. 25",https://medvedevsky--mari.sudrf.ru/,medvedevsky--mari.sudrf.ru,да,12RS0008
Республика Марий Эл,Морки,Моркинский,Моркинский районный суд Республики Марий Эл,районный_городской,"Районный, городской, межрайонный суд","425120, Респ Марий Эл, пгт Морки, ул Советская, д 12",https://morkinsky--mari.sudrf.ru/,morkinsky--mari.sudrf.ru,да,12RS0009
Республика Марий Эл,Сернур,Сернурский,Сернурский районный суд Республики Марий Эл,районный_городской,"Районный, городской, межрайонный суд","425450, Респ Марий Эл, пгт Сернур, ул Конакова, д 13",https://sernursky--mari.sudrf.ru/,sernursky--mari.sudrf.ru,да,12RS0013
Республика Марий Эл,Советский,Советский,Советский районный суд Республики Марий Эл,районный_городской,"Районный, городской, межрайонный суд","425400, Респ Марий Эл, пгт Советский, ул Горького, д 40",https://sovetsky--mari.sudrf.ru/,sovetsky--mari.sudrf.ru,да,12RS0014
Республика Мордовия,Ардатов,Ардатовский,Ардатовский районный суд Республики Мордовия,районный_городской,"Районный, городской, межрайонный суд","431860, Респ Мордовия, г Ардатов, пер Луначарского, д 12А",https://ardatovsky--mor.sudrf.ru/,ardatovsky--mor.sudrf.ru,да,13RS0004
Республика Мордовия,Атяшево,Атяшевский,Атяшевский районный суд Республики Мордовия,районный_городской,"Районный, городской, межрайонный суд","431800, Респ Мордовия, рп Атяшево, ул Центральная, д 22",https://atyashevsky--mor.sudrf.ru/,atyashevsky--mor.sudrf.ru,да,13RS0006
Республика Мордовия,Зубова Поляна,Зубово-Полянский,Зубово-Полянский районный суд Республики Мордовия,районный_городской,"Районный, городской, межрайонный суд","431110, Респ Мордовия, рп Зубова Поляна, ул Советская, д 30",https://zubovo-polyansky--mor.sudrf.ru/,zubovo-polyansky--mor.sudrf.ru,да,13RS0011
Республика Мордовия,Инсар,Инсарский,Инсарский районный суд Республики Мордовия,районный_городской,"Районный, городской, межрайонный суд","431430, Респ Мордовия, г Инсар, ул Красноармейская, зд 1",https://insarsky--mor.sudrf.ru/,insarsky--mor.sudrf.ru,да,13RS0012
Республика Мордовия,Кемля,Ичалковский,Ичалковский районный суд Республики Мордовия,районный_городской,"Районный, городской, межрайонный суд","431640, Респ Мордовия, с Кемля, пер Больничный, д 2",https://ichalkovsky--mor.sudrf.ru/,ichalkovsky--mor.sudrf.ru,да,13RS0001
Республика Мордовия,Ковылкино,Ковылкинский,Ковылкинский районный суд Республики Мордовия,районный_городской,"Районный, городской, межрайонный суд","431350, Респ Мордовия, г Ковылкино, ул Первомайская, д 5",https://kovilkinsky--mor.sudrf.ru/,kovilkinsky--mor.sudrf.ru,да,13RS0013
Республика Мордовия,Краснослободск,Краснослободский,Краснослободский районный суд Республики Мордовия,районный_городской,"Районный, городской, межрайонный суд","431260, Респ Мордовия, г Краснослободск, ул Кирова, д 2А",https://krasnoslobodsky--mor.sudrf.ru/,krasnoslobodsky--mor.sudrf.ru,да,13RS0015
Республика Мордовия,Лямбирь,Лямбирский,Лямбирский районный суд Республики Мордовия,районный_городской,"Районный, городской, межрайонный суд","431510, Респ Мордовия, с Лямбирь, ул Ленина, зд 1В",https://lyambirsky--mor.sudrf.ru/,lyambirsky--mor.sudrf.ru,да,13RS0017
Республика Мордовия,Ромоданово,Ромодановский,Ромодановский районный суд Республики Мордовия,районный_городской,"Районный, городской, межрайонный суд","431602, Респ Мордовия, п Ромоданово, ул Кирова, зд 9",https://romodanovsky--mor.sudrf.ru/,romodanovsky--mor.sudrf.ru,да,13RS0018
Республика Мордовия,Рузаевка,Рузаевский,Рузаевский районный суд Республики Мордовия,районный_городской,"Районный, городской, межрайонный суд","431440, Респ Мордовия, г Рузаевка, ул Карла Маркса, д 6",https://ruzaevsky--mor.sudrf.ru/,ruzaevsky--mor.sudrf.ru,да,13RS0019
Республика Мордовия,Саранск,,Верховный Суд Республики Мордовия,областной,Областной и равный ему суд,"430005, г Саранск, ул Л.Толстого, д 21",https://vs--mor.sudrf.ru/,vs--mor.sudrf.ru,да,13OS0000
Республика Мордовия,Саранск,Октябрьский,Октябрьский районный суд г. Саранска Республики Мордовия,районный_городской,"Районный, городской, межрайонный суд","430033, г Саранск, пр-кт 70 лет Октября, д 77",https://oktyabrsky--mor.sudrf.ru/,oktyabrsky--mor.sudrf.ru,да,13RS0025
Республика Мордовия,Саранск,Пролетарский,Пролетарский районный суд г. Саранска Республики Мордовия,районный_городской,"Районный, городской, межрайонный суд","430034, г Саранск, ул Коваленко, д 47А",https://proletarsky--mor.sudrf.ru/,proletarsky--mor.sudrf.ru,да,13RS0024
Республика Мордовия,Темников,Темниковский,Темниковский районный суд Республики Мордовия,районный_городской,"Районный, городской, межрайонный суд","431220, Респ Мордовия, г Темников, ул Бараева, д 3",https://temnikovsky--mor.sudrf.ru/,temnikovsky--mor.sudrf.ru,да,13RS0002
Республика Мордовия,Торбеево,Торбеевский,Торбеевский районный суд Республики Мордовия,районный_городской,"Районный, городской, межрайонный суд","431030, Респ Мордовия, рп Торбеево, ул Водная, д 1Б",https://torbeevsky--mor.sudrf.ru/,torbeevsky--mor.sudrf.ru,да,13RS0022
Республика Мордовия,Чамзинка,Чамзинский,Чамзинский районный суд Республики Мордовия,районный_городской,"Районный, городской, межрайонный суд","431722, Респ Мордовия, рп Чамзинка, ул Республиканская, д 25",https://chamzinsky--mor.sudrf.ru/,chamzinsky--mor.sudrf.ru,да,13RS0003
Республика Саха (Якутия),,Усть-Янский,Усть-Янский районный суд Республики Саха (Якутия),районный_городской,"Районный, городской, межрайонный суд","678540, Респ Саха (Якутия), мкр Арктика (пгт Депутатский), д 32",https://dep--jak.sudrf.ru/,dep--jak.sudrf.ru,да,14RS0031
Республика Саха (Якутия),Алдан,Алданский,Алданский районный суд Республики Саха (Якутия),районный_городской,"Районный, городской, межрайонный суд","678901, Респ Саха (Якутия), г Алдан, ул Пролетарская, д 15",https://aldan--jak.sudrf.ru/,aldan--jak.sudrf.ru,да,14RS0002
Республика Саха (Якутия),Борогонцы,Усть-Алданский,Усть-Алданский районный суд Республики Саха (Якутия),районный_городской,"Районный, городской, межрайонный суд","678350, Респ Саха (Якутия), с Борогонцы, ул Ленина, зд 65",https://bor--jak.sudrf.ru/,bor--jak.sudrf.ru,да,14RS0029
Республика Саха (Якутия),Верхневилюйск,Верхневилюйский,Верхневилюйский районный суд Республики Саха (Якутия),районный_городской,"Районный, городской, межрайонный суд","678230, Респ Саха (Якутия), с Верхневилюйск, ул И.Н.Барахова, зд 9",https://vvilyui--jak.sudrf.ru/,vvilyui--jak.sudrf.ru,да,14RS0007
Республика Саха (Якутия),Вилюйск,Вилюйский,Вилюйский районный суд Республики Саха (Якутия),районный_городской,"Районный, городской, межрайонный суд","678200, Респ Саха (Якутия), г Вилюйск, ул Чиряева, д 19",https://vilyui--jak.sudrf.ru/,vilyui--jak.sudrf.ru,да,14RS0010
Республика Саха (Якутия),Зырянка,Верхнеколымский,Верхнеколымский районный суд Республики Саха (Якутия),районный_городской,"Районный, городской, межрайонный суд","678770, Респ Саха (Якутия), п Зырянка, ул Асямова, д 13",https://vkoliyma--jak.sudrf.ru/,vkoliyma--jak.sudrf.ru,да,14RS0008
Республика Саха (Якутия),Ленск,Ленский,Ленский районный суд Республики Саха (Якутия),районный_городской,"Районный, городской, межрайонный суд","678144, Респ Саха (Якутия), г Ленск, ул Ленина, д 51",https://lensk--jak.sudrf.ru/,lensk--jak.sudrf.ru,да,14RS0014
Республика Саха (Якутия),Майя,Мегино-Кангаласский,Мегино-Кангаласский районный суд Республики Саха (Якутия),районный_городской,"Районный, городской, межрайонный суд","678070, Респ Саха (Якутия), с Майя, ул Алданская, д 7",https://mkang--jak.sudrf.ru/,mkang--jak.sudrf.ru,да,14RS0015
Республика Саха (Якутия),Мирный,Мирнинский,Мирнинский районный суд Республики Саха (Якутия),районный_городской,"Районный, городской, межрайонный суд","678174, Респ Саха (Якутия), г Мирный, ул Тихонова, д 29",https://mirny--jak.sudrf.ru/,mirny--jak.sudrf.ru,да,14RS0016
Республика Саха (Якутия),Намцы,Намский,Намский районный суд Республики Саха (Якутия),районный_городской,"Районный, городской, межрайонный суд","678380, Респ Саха (Якутия), с Намцы, ул С.Платонова, д 4",https://nam--jak.sudrf.ru/,nam--jak.sudrf.ru,да,14RS0018
Республика Саха (Якутия),Нерюнгри,,Нерюнгринский городской суд Республики Саха (Якутия),районный_городской,"Районный, городской, межрайонный суд","678960, Респ Саха (Якутия), Нерюнгринский р-н, г Нерюнгри, пр-кт Ленина, д 23",https://nerungry--jak.sudrf.ru/,nerungry--jak.sudrf.ru,да,14RS0019
Республика Саха (Якутия),Нюрба,Нюрбинский,Нюрбинский районный суд Республики Саха (Якутия),районный_городской,"Районный, городской, межрайонный суд","678450, Респ Саха (Якутия), г Нюрба, ул Ленина, зд 30",https://nyurba--jak.sudrf.ru/,nyurba--jak.sudrf.ru,да,14RS0021
Республика Саха (Якутия),Олекминск,Олёкминский,Олёкминский районный суд Республики Саха (Якутия),районный_городской,"Районный, городской, межрайонный суд","678100, Респ Саха (Якутия), г Олекминск, ул Пионерская, д 2",https://olekma--jak.sudrf.ru/,olekma--jak.sudrf.ru,да,14RS0023
Республика Саха (Якутия),Покровск,Хангаласский,Хангаласский районный суд Республики Саха (Якутия),районный_городской,"Районный, городской, межрайонный суд","678000, Респ Саха (Якутия), г Покровск, ул Орджоникидзе, д 24",https://pokrovsk--jak.sudrf.ru/,pokrovsk--jak.sudrf.ru,да,14RS0032
Республика Саха (Якутия),Сангар,Кобяйский,Кобяйский районный суд Республики Саха (Якутия),районный_городской,"Районный, городской, межрайонный суд","678300, Респ Саха (Якутия), пгт Сангар, ул Ленина, зд 23",https://kob--jak.sudrf.ru/,kob--jak.sudrf.ru,да,14RS0013
Республика Саха (Якутия),Сунтар,Сунтарский,Сунтарский районный суд Республики Саха (Якутия),районный_городской,"Районный, городской, межрайонный суд","678290, Респ Саха (Якутия), с Сунтар, ул Октябрьская, д 90",https://suntar--jak.sudrf.ru/,suntar--jak.sudrf.ru,да,14RS0026
Республика Саха (Якутия),Тикси,Булунский,Булунский районный суд Республики Саха (Якутия),районный_городской,"Районный, городской, межрайонный суд","678400, Респ Саха (Якутия), п Тикси, ул Трусова, д 7",https://bulun--jak.sudrf.ru/,bulun--jak.sudrf.ru,да,14RS0006
Республика Саха (Якутия),Усть-Мая,Усть-Майский,Усть-Майский районный суд Республики Саха (Якутия),районный_городской,"Районный, городской, межрайонный суд","678620, Респ Саха (Якутия), п Усть-Мая, ул Советская, д 6",https://uma--jak.sudrf.ru/,uma--jak.sudrf.ru,да,14RS0030
Республика Саха (Якутия),Усть-Нера,Оймяконский,Оймяконский районный суд Республики Саха (Якутия),районный_городской,"Районный, городской, межрайонный суд","678730, Респ Саха (Якутия), пгт Усть-Нера, ул Мацкепладзе, д 8",https://nera--jak.sudrf.ru/,nera--jak.sudrf.ru,да,14RS0022
Республика Саха (Якутия),Хандыга,Томпонский,Томпонский районный суд Республики Саха (Якутия),районный_городской,"Районный, городской, межрайонный суд","678720, Респ Саха (Якутия), п Хандыга, ул Молодежная, стр 10",https://tompo--jak.sudrf.ru/,tompo--jak.sudrf.ru,да,14RS0028
Республика Саха (Якутия),Чурапча,Чурапчинский,Чурапчинский районный суд Республики Саха (Якутия),районный_городской,"Районный, городской, межрайонный суд","678670, Респ Саха (Якутия), с Чурапча, ул Дзержинского, д 4",https://chur--jak.sudrf.ru/,chur--jak.sudrf.ru,да,14RS0033
Республика Саха (Якутия),Якутск,,Верховный Суд Республики Саха (Якутия),областной,Областной и равный ему суд,"677000, г Якутск, ул Курашова, д 25",https://vs--jak.sudrf.ru/,vs--jak.sudrf.ru,да,14OS0000
Республика Саха (Якутия),Якутск,,Якутский городской суд Республики Саха (Якутия),районный_городской,"Районный, городской, межрайонный суд","677000, г Якутск, ул Ярославского, д 18",https://jakutsky--jak.sudrf.ru/,jakutsky--jak.sudrf.ru,да,14RS0035
Республика Северная Осетия - Алания,Алагир,Алагирский,Алагирский районный суд Республики Северная Осетия - Алания,районный_городской,"Районный, городской, межрайонный суд","363246, Респ Северная Осетия - Алания, г Алагир, ул Ленина, зд 88/8",https://alagirsky--wlk.sudrf.ru/,alagirsky--wlk.sudrf.ru,да,15RS0006
Республика Северная Осетия - Алания,Ардон,Ардонский,Ардонский районный суд Республики Северная Осетия - Алания,районный_городской,"Районный, городской, межрайонный суд","363334, Респ Северная Осетия - Алания, г Ардон, ул Рамонова, д 21",https://ardonsky--wlk.sudrf.ru/,ardonsky--wlk.sudrf.ru,да,15RS0005
Республика Северная Осетия - Алания,Беслан,Правобережный,Правобережный районный суд Республики Северная Осетия - Алания,районный_городской,"Районный, городской, межрайонный суд","363025, Респ Северная Осетия - Алания, г Беслан, ул Нартовская, стр 13",https://pravoberezhni--wlk.sudrf.ru/,pravoberezhni--wlk.sudrf.ru,да,15RS0007
Республика Северная Осетия - Алания,Владикавказ,,Верховный Суд Республики Северная Осетия - Алания,областной,Областной и равный ему суд,"362040, г Владикавказ, пр-кт Мира, д 1",https://vs--wlk.sudrf.ru/,vs--wlk.sudrf.ru,да,15OS0000
Республика Северная Осетия - Алания,Владикавказ,Ленинский,Ленинский районный суд г. Владикавказа Республики Северная Осетия - Алания,районный_городской,"Районный, городской, межрайонный суд","362007, г Владикавказ, ул Кутузова, д 104",https://leninsky--wlk.sudrf.ru/,leninsky--wlk.sudrf.ru,да,15RS0009
Республика Северная Осетия - Алания,Дигора,Дигорский,Дигорский межрайонный суд Республики Северная Осетия - Алания,районный_городской,"Районный, городской, межрайонный суд","363410, Респ Северная Осетия - Алания, г Дигора, ул Сталина, д 13",https://digorskymej--wlk.sudrf.ru/,digorskymej--wlk.sudrf.ru,да,15RS0012
Республика Северная Осетия - Алания,Моздок,Моздокский,Моздокский районный суд Республики Северная Осетия - Алания,районный_городской,"Районный, городской, межрайонный суд","363760, Респ Северная Осетия - Алания, г Моздок, ул Орджоникидзе, влд 26",https://mozdoksky--wlk.sudrf.ru/,mozdoksky--wlk.sudrf.ru,да,15RS0001
Республика Северная Осетия - Алания,Октябрьское,Пригородный,Пригородный районный суд Республики Северная Осетия - Алания,районный_городской,"Районный, городской, межрайонный суд","363131, Респ Северная Осетия - Алания, с Октябрьское, ул Павла Тедеева, д 103",https://prigorodni--wlk.sudrf.ru/,prigorodni--wlk.sudrf.ru,да,15RS0003
Республика Северная Осетия - Алания,Эльхотово,Кировский,Кировский районный суд Республики Северная Осетия - Алания,районный_городской,"Районный, городской, межрайонный суд","363600, Респ Северная Осетия - Алания, с Эльхотово, ул Ленина, д 131/1",https://kirovsky--wlk.sudrf.ru/,kirovsky--wlk.sudrf.ru,да,15RS0004
Республика Северная Осетия-Алания,Владикавказ,Промышленный,Промышленный районный суд г. Владикавказа Республики Северная Осетия-Алания,районный_городской,"Районный, городской, межрайонный суд","362002, г Владикавказ, ул Зортова, д 2",https://promishlenni--wlk.sudrf.ru/,promishlenni--wlk.sudrf.ru,да,15RS0010
Республика Северная Осетия-Алания,Владикавказ,Советский,Советский районный суд г. Владикавказа Республики Северная Осетия-Алания,районный_городской,"Районный, городской, межрайонный суд","362031, г Владикавказ, ул Московская, д 4",https://sovetsky--wlk.sudrf.ru/,sovetsky--wlk.sudrf.ru,да,15RS0011
Республика Татарстан,,Высокогорский,Высокогорский районный суд Республики Татарстан,районный_городской,"Районный, городской, межрайонный суд","422700, Респ Татарстан, п ж/д станции Высокая Гора, ул Советская, д 11",https://vysogorsky--tat.sudrf.ru/,vysogorsky--tat.sudrf.ru,да,16RS0013
Республика Татарстан,Агрыз,Агрызский,Агрызский районный суд Республики Татарстан,районный_городской,"Районный, городской, межрайонный суд","422233, Респ Татарстан, г Агрыз, ул Казанская, д 67",https://agryzsky--tat.sudrf.ru/,agryzsky--tat.sudrf.ru,да,16RS0001
Республика Татарстан,Азнакаево,,Азнакаевский городской суд Республики Татарстан,районный_городской,"Районный, городской, межрайонный суд","423330, Респ Татарстан, г Азнакаево, ул Булгар, д 15",https://aznakaevsky--tat.sudrf.ru/,aznakaevsky--tat.sudrf.ru,да,16RS0035
Республика Татарстан,Аксубаево,Аксубаевский,Аксубаевский районный суд Республики Татарстан,районный_городской,"Районный, городской, межрайонный суд","423060, Респ Татарстан, пгт Аксубаево, ул Ленина, зд 10",https://aksubaevsky--tat.sudrf.ru/,aksubaevsky--tat.sudrf.ru,да,16RS0002
Республика Татарстан,Актаныш,Актанышский,Актанышский районный суд Республики Татарстан,районный_городской,"Районный, городской, межрайонный суд","423740, Респ Татарстан, с Актаныш, пр-кт Ленина, д 13",https://aktanyshsky--tat.sudrf.ru/,aktanyshsky--tat.sudrf.ru,да,16RS0003
Республика Татарстан,Алексеевское,Алексеевский,Алексеевский районный суд Республики Татарстан,районный_городской,"Районный, городской, межрайонный суд","422900, Респ Татарстан, пгт Алексеевское, пл Советская, зд 11Б",https://alekseevsky--tat.sudrf.ru/,alekseevsky--tat.sudrf.ru,да,16RS0004
Республика Татарстан,Альметьевск,,Альметьевский городской суд Республики Татарстан,районный_городской,"Районный, городской, межрайонный суд","423455, Респ Татарстан, г Альметьевск, ул Ленина, д 121",https://almetevsky--tat.sudrf.ru/,almetevsky--tat.sudrf.ru,да,16RS0036
Республика Татарстан,Апастово,Апастовский,Апастовский районный суд Республики Татарстан,районный_городской,"Районный, городской, межрайонный суд","422350, Респ Татарстан, пгт Апастово, ул Шоссейная, зд 7",https://apastovsky--tat.sudrf.ru/,apastovsky--tat.sudrf.ru,да,16RS0006
Республика Татарстан,Арск,Арский,Арский районный суд Республики Татарстан,районный_городской,"Районный, городской, межрайонный суд","422000, Респ Татарстан, г Арск, пл Советская, д 9",https://arsky--tat.sudrf.ru/,arsky--tat.sudrf.ru,да,16RS0007
Республика Татарстан,Бавлы,,Бавлинский городской суд Республики Татарстан,районный_городской,"Районный, городской, межрайонный суд","423930, Респ Татарстан, г Бавлы, ул Х.Такташа, д 28",https://bavlinsky--tat.sudrf.ru/,bavlinsky--tat.sudrf.ru,да,16RS0009
Республика Татарстан,Базарные Матаки,Алькеевский,Алькеевский районный суд Республики Татарстан,районный_городской,"Районный, городской, межрайонный суд","422870, Респ Татарстан, с Базарные Матаки, ул Мусы Джалиля, д 21",https://alkeevsky--tat.sudrf.ru/,alkeevsky--tat.sudrf.ru,да,16RS0005
Республика Татарстан,Балтаси,Балтасинский,Балтасинский районный суд Республики Татарстан,районный_городской,"Районный, городской, межрайонный суд","422250, Респ Татарстан, пгт Балтаси, ул В.Булатова, зд 24/4",https://baltasinsky--tat.sudrf.ru/,baltasinsky--tat.sudrf.ru,да,16RS0010
Республика Татарстан,Богатые Сабы,Сабинский,Сабинский районный суд Республики Татарстан,районный_городской,"Районный, городской, межрайонный суд","422060, Респ Татарстан, пгт Богатые Сабы, ул Тукая, зд 12А",https://sabinsky--tat.sudrf.ru/,sabinsky--tat.sudrf.ru,да,16RS0027
Республика Татарстан,Болгар,Спасский,Спасский районный суд Республики Татарстан,районный_городской,"Районный, городской, межрайонный суд","422840, Респ Татарстан, г Болгар, ул Горького, зд 16А",https://spassky--tat.sudrf.ru/,spassky--tat.sudrf.ru,да,16RS0029
Республика Татарстан,Большая Атня,Атнинский,Атнинский районный суд Республики Татарстан,районный_городской,"Районный, городской, межрайонный суд","422750, Респ Татарстан, с Большая Атня, ул Б.Зиганшина, д 10",https://atninsky--tat.sudrf.ru/,atninsky--tat.sudrf.ru,да,16RS0008
Республика Татарстан,Большие Кайбицы,Кайбицкий,Кайбицкий районный суд Республики Татарстан,районный_городской,"Районный, городской, межрайонный суд","422330, Респ Татарстан, с Большие Кайбицы, ул Солнечный бульвар, д 14",https://kaibicky--tat.sudrf.ru/,kaibicky--tat.sudrf.ru,да,16RS0015
Республика Татарстан,Бугульма,,Бугульминский городской суд Республики Татарстан,районный_городской,"Районный, городской, межрайонный суд","423230, Респ Татарстан, г Бугульма, ул Владимира Ленина, д 18",https://bugulminsky--tat.sudrf.ru/,bugulminsky--tat.sudrf.ru,да,16RS0037
Республика Татарстан,Буинск,,Буинский городской суд Республики Татарстан,районный_городской,"Районный, городской, межрайонный суд","422433, Респ Татарстан, г Буинск, ул Ленина, д 45",https://buinsky--tat.sudrf.ru/,buinsky--tat.sudrf.ru,да,16RS0011
Республика Татарстан,Верхний Услон,Верхнеуслонский,Верхнеуслонский районный суд Республики Татарстан,районный_городской,"Районный, городской, межрайонный суд","422570, Респ Татарстан, с Верхний Услон, ул Советская, д 55",https://verhne-uslonsky--tat.sudrf.ru/,verhne-uslonsky--tat.sudrf.ru,да,16RS0012
Республика Татарстан,Елабуга,,Елабужский городской суд Республики Татарстан,районный_городской,"Районный, городской, межрайонный суд","423603, Респ Татарстан, г Елабуга, ул Молодежная, д 18",https://elabuzhsky--tat.sudrf.ru/,elabuzhsky--tat.sudrf.ru,да,16RS0038
Республика Татарстан,Заинск,,Заинский городской суд Республики Татарстан,районный_городской,"Районный, городской, межрайонный суд","423520, Респ Татарстан, г Заинск, пр-кт Нефтяников, д 27А",https://zainsky--tat.sudrf.ru/,zainsky--tat.sudrf.ru,да,16RS0039
Республика Татарстан,Зеленодольск,,Зеленодольский городской суд Республики Татарстан,районный_городской,"Районный, городской, межрайонный суд","422545, Респ Татарстан, г Зеленодольск, ул Сайдашева, д 4",https://zelenodolsky--tat.sudrf.ru/,zelenodolsky--tat.sudrf.ru,да,16RS0040
Республика Татарстан,Казань,,Верховный Суд Республики Татарстан,областной,Областной и равный ему суд,"420015, г Казань, ул Пушкина, д 72/2",https://vs--tat.sudrf.ru/,vs--tat.sudrf.ru,да,16OS0000
Республика Татарстан,Казань,Авиастроительный,Авиастроительный районный суд г. Казани Республики Татарстан,районный_городской,"Районный, городской, межрайонный суд","420127, г Казань, ул Чайковского, д 19",https://aviastroitelny--tat.sudrf.ru/,aviastroitelny--tat.sudrf.ru,да,16RS0045
Республика Татарстан,Казань,Вахитовский,Вахитовский районный суд г. Казани Республики Татарстан,районный_городской,"Районный, городской, межрайонный суд","420043, г Казань, ул Лесгафта, д 33",https://vahitovsky--tat.sudrf.ru/,vahitovsky--tat.sudrf.ru,да,16RS0046
Республика Татарстан,Казань,Кировский,Кировский районный суд г. Казани Республики Татарстан,районный_городской,"Районный, городской, межрайонный суд","420066, г Казань, ул Правосудия, д 4",https://kirovsky--tat.sudrf.ru/,kirovsky--tat.sudrf.ru,да,16RS0047
Республика Татарстан,Казань,Московский,Московский районный суд г. Казани Республики Татарстан,районный_городской,"Районный, городской, межрайонный суд","420034, г Казань, ул Правосудия, д 2",https://moskovsky--tat.sudrf.ru/,moskovsky--tat.sudrf.ru,да,16RS0048
Республика Татарстан,Казань,Ново-Савиновский,Ново-Савиновский районный суд г. Казани Республики Татарстан,районный_городской,"Районный, городской, межрайонный суд","420094, г Казань, ул Короленко, д 58А",https://novo-savinsky--tat.sudrf.ru/,novo-savinsky--tat.sudrf.ru,да,16RS0049
Республика Татарстан,Казань,Приволжский,Приволжский районный суд г. Казани Республики Татарстан,районный_городской,"Районный, городской, межрайонный суд","420101, г Казань, ул Хусаина Мавлютова, д 50",https://privolzhsky--tat.sudrf.ru/,privolzhsky--tat.sudrf.ru,да,16RS0050
Республика Татарстан,Казань,Советский,Советский районный суд г. Казани Республики Татарстан,районный_городской,"Районный, городской, межрайонный суд","420081, г Казань, ул Патриса Лумумбы, зд 48",https://sovetsky--tat.sudrf.ru/,sovetsky--tat.sudrf.ru,да,16RS0051
Республика Татарстан,Камское Устье,Камско-Устьинский,Камско-Устьинский районный суд Республики Татарстан,районный_городской,"Районный, городской, межрайонный суд","422820, Респ Татарстан, пгт Камское Устье, ул Советская, зд 9",https://kamsko-ustinsky--tat.sudrf.ru/,kamsko-ustinsky--tat.sudrf.ru,да,16RS0016
Республика Татарстан,Кукмор,Кукморский,Кукморский районный суд Республики Татарстан,районный_городской,"Районный, городской, межрайонный суд","422110, Респ Татарстан, г Кукмор, ул Октябрьская, д 2",https://kukmorsky--tat.sudrf.ru/,kukmorsky--tat.sudrf.ru,да,16RS0017
Республика Татарстан,Лаишево,Лаишевский,Лаишевский районный суд Республики Татарстан,районный_городской,"Районный, городской, межрайонный суд","422610, Респ Татарстан, г Лаишево, ул Космонавтов, д 5",https://laishevsky--tat.sudrf.ru/,laishevsky--tat.sudrf.ru,да,16RS0018
Республика Татарстан,Лениногорск,,Лениногорский городской суд Республики Татарстан,районный_городской,"Районный, городской, межрайонный суд","423251, Респ Татарстан, г Лениногорск, ул Агадуллина, д 12",https://leninogorsky--tat.sudrf.ru/,leninogorsky--tat.sudrf.ru,да,16RS0041
Республика Татарстан,Мамадыш,Мамадышский,Мамадышский районный суд Республики Татарстан,районный_городской,"Районный, городской, межрайонный суд","422191, Респ Татарстан, г Мамадыш, ул Давыдова, д 38А",https://mamadyshsky--tat.sudrf.ru/,mamadyshsky--tat.sudrf.ru,да,16RS0019
Республика Татарстан,Менделеевск,Менделеевский,Менделеевский районный суд Республики Татарстан,районный_городской,"Районный, городской, межрайонный суд","423650, Респ Татарстан, г Менделеевск, ул Пионерская, д 7",https://mendeleevsky--tat.sudrf.ru/,mendeleevsky--tat.sudrf.ru,да,16RS0020
Республика Татарстан,Мензелинск,Мензелинский,Мензелинский районный суд Республики Татарстан,районный_городской,"Районный, городской, межрайонный суд","423702, Респ Татарстан, г Мензелинск, ул Изыскателей, зд 1/39",https://menzelinsky--tat.sudrf.ru/,menzelinsky--tat.sudrf.ru,да,16RS0021
Республика Татарстан,Муслюмово,Муслюмовский,Муслюмовский районный суд Республики Татарстан,районный_городской,"Районный, городской, межрайонный суд","423970, Респ Татарстан, с Муслюмово, ул Пушкина, зд 28",https://musliumovsky--tat.sudrf.ru/,musliumovsky--tat.sudrf.ru,да,16RS0022
Республика Татарстан,Набережные Челны,,Набережночелнинский городской суд Республики Татарстан,районный_городской,"Районный, городской, межрайонный суд","423827, Респ Татарстан, г Набережные Челны, ул 40 лет Победы, зд 102",https://naberezhno-chelninsky--tat.sudrf.ru/,naberezhno-chelninsky--tat.sudrf.ru,да,16RS0042
Республика Татарстан,Набережные Челны,Тукаевский,Тукаевский районный суд Республики Татарстан,районный_городской,"Районный, городской, межрайонный суд","423800, Респ Татарстан, г Набережные Челны, наб им Габдуллы Тукая, зд 31А",https://tukaevsky--tat.sudrf.ru/,tukaevsky--tat.sudrf.ru,да,16RS0031
Республика Татарстан,Нижнекамск,,Нижнекамский городской суд Республики Татарстан,районный_городской,"Районный, городской, межрайонный суд","423582, Респ Татарстан, г Нижнекамск, пр-кт Вахитова, зд 24",https://nizhnekamsky--tat.sudrf.ru/,nizhnekamsky--tat.sudrf.ru,да,16RS0043
Республика Татарстан,Новошешминск,Новошешминский,Новошешминский районный суд Республики Татарстан,районный_городской,"Районный, городской, межрайонный суд","423190, Респ Татарстан, с Новошешминск, ул Ленина, влд 40",https://novosheshminsky--tat.sudrf.ru/,novosheshminsky--tat.sudrf.ru,да,16RS0023
Республика Татарстан,Нурлат,Нурлатский,Нурлатский районный суд Республики Татарстан,районный_городской,"Районный, городской, межрайонный суд","423040, Респ Татарстан, г Нурлат, ул Г.Кариева, д 1В",https://nurlatsky--tat.sudrf.ru/,nurlatsky--tat.sudrf.ru,да,16RS0024
Республика Татарстан,Пестрецы,Пестречинский,Пестречинский районный суд Республики Татарстан,районный_городской,"Районный, городской, межрайонный суд","422770, Респ Татарстан, с Пестрецы, ул Советская, д 16А",https://pestrechinsky--tat.sudrf.ru/,pestrechinsky--tat.sudrf.ru,да,16RS0025
Республика Татарстан,Рыбная Слобода,Рыбно-Слободский,Рыбно-Слободский районный суд Республики Татарстан,районный_городской,"Районный, городской, межрайонный суд","422650, Респ Татарстан, пгт Рыбная Слобода, ул Советская, зд 64",https://rybno-slobodsky--tat.sudrf.ru/,rybno-slobodsky--tat.sudrf.ru,да,16RS0026
Республика Татарстан,Сарманово,Сармановский,Сармановский районный суд Республики Татарстан,районный_городской,"Районный, городской, межрайонный суд","423350, Респ Татарстан, с Сарманово, ул В.Терешковой, д 6",https://sarmanovsky--tat.sudrf.ru/,sarmanovsky--tat.sudrf.ru,да,16RS0028
Республика Татарстан,Старое Дрожжаное,Дрожжановский,Дрожжановский районный суд Республики Татарстан,районный_городской,"Районный, городской, межрайонный суд","422470, Респ Татарстан, с Старое Дрожжаное, ул С.Нафиева, зд 17",https://drozhanovsky--tat.sudrf.ru/,drozhanovsky--tat.sudrf.ru,да,16RS0014
Республика Татарстан,Тетюши,Тетюшский,Тетюшский районный суд Республики Татарстан,районный_городской,"Районный, городской, межрайонный суд","422370, Респ Татарстан, г Тетюши, ул Некрасова, д 24",https://tetiushsky--tat.sudrf.ru/,tetiushsky--tat.sudrf.ru,да,16RS0030
Республика Татарстан,Тюлячи,Тюлячинский,Тюлячинский районный суд Республики Татарстан,районный_городской,"Районный, городской, межрайонный суд","422080, Респ Татарстан, с Тюлячи, ул Садовая, зд 11",https://tiuliachinsky--tat.sudrf.ru/,tiuliachinsky--tat.sudrf.ru,да,16RS0032
Республика Татарстан,Уруссу,Ютазинский,Ютазинский районный суд Республики Татарстан,районный_городской,"Районный, городской, межрайонный суд","423950, Респ Татарстан, пгт Уруссу, ул Альберта Шамкина, д 47",https://utazinsky--tat.sudrf.ru/,utazinsky--tat.sudrf.ru,да,16RS0034
Республика Татарстан,Черемшан,Черемшанский,Черемшанский районный суд Республики Татарстан,районный_городской,"Районный, городской, межрайонный суд","423100, Респ Татарстан, с Черемшан, ул Советская, д 23",https://cheremshansky--tat.sudrf.ru/,cheremshansky--tat.sudrf.ru,да,16RS0033
Республика Татарстан,Чистополь,,Чистопольский городской суд Республики Татарстан,районный_городской,"Районный, городской, межрайонный суд","422986, Респ Татарстан, г Чистополь, ул Энгельса, д 152Б",https://chistopolsky--tat.sudrf.ru/,chistopolsky--tat.sudrf.ru,да,16RS0044
Республика Тыва,Бай-Хаак,Тандинский,Тандинский районный суд Республики Тыва,районный_городской,"Районный, городской, межрайонный суд","668311, Респ Тыва, с Бай-Хаак, ул Советская, д 85",https://tandinskiy--tva.sudrf.ru/,tandinskiy--tva.sudrf.ru,да,17RS0010
Республика Тыва,Каа-Хем,Кызылский,Кызылский районный суд Республики Тыва,районный_городской,"Районный, городской, межрайонный суд","667901, Респ Тыва, пгт Каа-Хем, ул Кирова, зд 1А",https://kizilskiy-r--tva.sudrf.ru/,kizilskiy-r--tva.sudrf.ru,да,17RS0005
Республика Тыва,Кызыл,,Верховный Суд Республики Тыва,областной,Областной и равный ему суд,"667000, г Кызыл, ул Бай-Хаакская, д 1",https://vs--tva.sudrf.ru/,vs--tva.sudrf.ru,да,17OS0000
Республика Тыва,Кызыл,,Кызылский городской суд Республики Тыва,районный_городской,"Районный, городской, межрайонный суд","667000, г Кызыл, ул Бай-Хаакская, зд 5",https://kizilskiy-g--tva.sudrf.ru/,kizilskiy-g--tva.sudrf.ru,да,17RS0017
Республика Тыва,Кызыл-Мажалык,Барун-Хемчикский,Барун-Хемчикский районный суд Республики Тыва,районный_городской,"Районный, городской, межрайонный суд","668040, Респ Тыва, с Кызыл-Мажалык, ул Буян-Бадыргы ноян, зд 67",https://barun-hemchikskiy--tva.sudrf.ru/,barun-hemchikskiy--tva.sudrf.ru,да,17RS0002
Республика Тыва,Самагалтай,Тес-Хемский,Тес-Хемский районный суд Республики Тыва,районный_городской,"Районный, городской, межрайонный суд","668360, Респ Тыва, с Самагалтай, ул Шумовых, д 32",https://tes-hemskiy--tva.sudrf.ru/,tes-hemskiy--tva.sudrf.ru,да,17RS0011
Республика Тыва,Сарыг-Сеп,Каа-Хемский,Каа-Хемский районный суд Республики Тыва,районный_городской,"Районный, городской, межрайонный суд","668400, Респ Тыва, с Сарыг-Сеп, ул Енисейская, д 153",https://kaa-hemskiy--tva.sudrf.ru/,kaa-hemskiy--tva.sudrf.ru,да,17RS0004
Республика Тыва,Суг-Аксы,Сут-Хольский,Сут-Хольский районный суд Республики Тыва,районный_городской,"Районный, городской, межрайонный суд","668150, Респ Тыва, с Суг-Аксы, ул Алдан-Маадырская, д 36",https://sut-holskiy--tva.sudrf.ru/,sut-holskiy--tva.sudrf.ru,да,17RS0009
Республика Тыва,Туран,Пий-Хемский,Пий-Хемский районный суд Республики Тыва,районный_городской,"Районный, городской, межрайонный суд","668510, Респ Тыва, г Туран, ул Щетинкина, д 47",https://piy-hemskiy--tva.sudrf.ru/,piy-hemskiy--tva.sudrf.ru,да,17RS0008
Республика Тыва,Тээли,Бай-Тайгинский,Бай-Тайгинский районный суд Республики Тыва,районный_городской,"Районный, городской, межрайонный суд","668010, Респ Тыва, с Тээли, ул Комсомольская, д 20",https://bai-taiginskiy--tva.sudrf.ru/,bai-taiginskiy--tva.sudrf.ru,да,17RS0001
Республика Тыва,Хандагайты,Овюрский,Овюрский районный суд Республики Тыва,районный_городской,"Районный, городской, межрайонный суд","668130, Респ Тыва, с Хандагайты, ул Почтовая, д 19",https://ovjurskiy--tva.sudrf.ru/,ovjurskiy--tva.sudrf.ru,да,17RS0007
Республика Тыва,Хову-Аксы,Чеди-Хольский,Чеди-Хольский районный суд Республики Тыва,районный_городской,"Районный, городской, межрайонный суд","668330, Респ Тыва, с Хову-Аксы, ул Гагарина, д 15",https://chedi-holskiy--tva.sudrf.ru/,chedi-holskiy--tva.sudrf.ru,да,17RS0015
Республика Тыва,Чаа-Холь,Чаа-Хольский,Чаа-Хольский районный суд Республики Тыва,районный_городской,"Районный, городской, межрайонный суд","668221, Респ Тыва, с Чаа-Холь, ул Сундуй Андрей, д 2",https://chaa-holskiy--tva.sudrf.ru/,chaa-holskiy--tva.sudrf.ru,да,17RS0014
Республика Тыва,Чадан,Дзун-Хемчикский,Дзун-Хемчикский районный суд Республики Тыва,районный_городской,"Районный, городской, межрайонный суд","668111, Респ Тыва, г Чадан, ул Чурмет-Дажы, д 152",https://dzun-hemchikskiy--tva.sudrf.ru/,dzun-hemchikskiy--tva.sudrf.ru,да,17RS0003
Республика Тыва,Шагонар,Улуг-Хемский,Улуг-Хемский районный суд Республики Тыва,районный_городской,"Районный, городской, межрайонный суд","668210, Респ Тыва, г Шагонар, ул Октябрьская, д 3",https://ulug-hemskiy--tva.sudrf.ru/,ulug-hemskiy--tva.sudrf.ru,да,17RS0013
Республика Тыва,Эрзин,Эрзинский,Эрзинский районный суд Республики Тыва,районный_городской,"Районный, городской, межрайонный суд","668380, Респ Тыва, с Эрзин, ул Комсомольская, д 15",https://erzinskiy--tva.sudrf.ru/,erzinskiy--tva.sudrf.ru,да,17RS0016
Республика Удмуртская,Балезино,Балезинский,Балезинский районный суд Удмуртской Республики,районный_городской,"Районный, городской, межрайонный суд","427552, Респ Удмуртская, Балезинский р-н, п Балезино, ул Красноармейская, стр 9",https://balezinskiy--udm.sudrf.ru/,balezinskiy--udm.sudrf.ru,да,18RS0007
Республика Удмуртская,Воткинск,Воткинский,Воткинский районный суд Удмуртской Республики,районный_городской,"Районный, городской, межрайонный суд","427431, Респ Удмуртская, г Воткинск, ул Советская, д 64",https://votkinskiygor--udm.sudrf.ru/,votkinskiygor--udm.sudrf.ru,да,18RS0009
Республика Удмуртская,Глазов,Глазовский,Глазовский районный суд Удмуртской Республики,районный_городской,"Районный, городской, межрайонный суд","427626, Респ Удмуртская, г Глазов, ул Пряженникова, д 29",https://glazovskiygor--udm.sudrf.ru/,glazovskiygor--udm.sudrf.ru,да,18RS0011
Республика Удмуртская,Завьялово,Завьяловский,Завьяловский районный суд Удмуртской Республики,районный_городской,"Районный, городской, межрайонный суд","427000, Респ Удмуртская, с Завьялово, ул Речная, зд 17",https://zavyalovskiy--udm.sudrf.ru/,zavyalovskiy--udm.sudrf.ru,да,18RS0013
Республика Удмуртская,Игра,Игринский,Игринский районный суд Удмуртской Республики,районный_городской,"Районный, городской, межрайонный суд","427145, Респ Удмуртская, п Игра, ул Советская, зд 39",https://igrinskiy--udm.sudrf.ru/,igrinskiy--udm.sudrf.ru,да,18RS0014
Республика Удмуртская,Ижевск,,Верховный Суд Удмуртской Республики,областной,Областной и равный ему суд,"426008, г Ижевск, ул Пушкинская, д 274",https://vs--udm.sudrf.ru/,vs--udm.sudrf.ru,да,18OS0000
Республика Удмуртская,Ижевск,Индустриальный,Индустриальный районный суд г. Ижевска Удмуртской Республики,районный_городской,"Районный, городской, межрайонный суд","426039, г Ижевск, ш Воткинское, д 140",https://industrialnyy--udm.sudrf.ru/,industrialnyy--udm.sudrf.ru,да,18RS0004
Республика Удмуртская,Ижевск,Ленинский,Ленинский районный суд г. Ижевска Удмуртской Республики,районный_городской,"Районный, городской, межрайонный суд","426021, г Ижевск, ул Городок Машиностроителей, д 116 к 1",https://leninskiy--udm.sudrf.ru/,leninskiy--udm.sudrf.ru,да,18RS0001
Республика Удмуртская,Ижевск,Октябрьский,Октябрьский районный суд г. Ижевска Удмуртской Республики,районный_городской,"Районный, городской, межрайонный суд","426011, г Ижевск, ул Родниковая, д 60",https://oktyabrskiy--udm.sudrf.ru/,oktyabrskiy--udm.sudrf.ru,да,18RS0003
Республика Удмуртская,Ижевск,Первомайский,Первомайский районный суд г. Ижевска Удмуртской Республики,районный_городской,"Районный, городской, межрайонный суд","426004, г Ижевск, ул Ленина, д 37",https://pervomayskiy--udm.sudrf.ru/,pervomayskiy--udm.sudrf.ru,да,18RS0002
Республика Удмуртская,Ижевск,Устиновский,Устиновский районный суд г. Ижевска Удмуртской Республики,районный_городской,"Районный, городской, межрайонный суд","426076, г Ижевск, ул Свободы, д 139",https://ustinovskiy--udm.sudrf.ru/,ustinovskiy--udm.sudrf.ru,да,18RS0005
Республика Удмуртская,Камбарка,Камбарский,Камбарский районный суд Удмуртской Республики,районный_городской,"Районный, городской, межрайонный суд","427950, Респ Удмуртская, г Камбарка, ул Ленина, зд 52",https://kambarskiy--udm.sudrf.ru/,kambarskiy--udm.sudrf.ru,да,18RS0015
Республика Удмуртская,Кез,Кезский,Кезский районный суд Удмуртской Республики,районный_городской,"Районный, городской, межрайонный суд","427580, Респ Удмуртская, Кезский р-н, п Кез, ул Ленина, зд 18",https://kezskiy--udm.sudrf.ru/,kezskiy--udm.sudrf.ru,да,18RS0016
Республика Удмуртская,Кизнер,Кизнерский,Кизнерский районный суд Удмуртской Республики,районный_городской,"Районный, городской, межрайонный суд","427710, Респ Удмуртская, Кизнерский р-н, п Кизнер, ул Красная, зд 18А",https://kiznerskiy--udm.sudrf.ru/,kiznerskiy--udm.sudrf.ru,да,18RS0017
Республика Удмуртская,Малая Пурга,Малопургинский,Малопургинский районный суд Удмуртской Республики,районный_городской,"Районный, городской, межрайонный суд","427820, Респ Удмуртская, с Малая Пурга, ул Садовая, д 12",https://malopurginskiy--udm.sudrf.ru/,malopurginskiy--udm.sudrf.ru,да,18RS0022
Республика Удмуртская,Можга,Можгинский,Можгинский районный суд Удмуртской Республики,районный_городской,"Районный, городской, межрайонный суд","427790, Респ Удмуртская, г Можга, ул Интернациональная, д 71",https://mozhginskiygor--udm.sudrf.ru/,mozhginskiygor--udm.sudrf.ru,да,18RS0021
Республика Удмуртская,Сарапул,,Сарапульский городской суд Удмуртской Республики,районный_городской,"Районный, городской, межрайонный суд","427960, Респ Удмуртская, г Сарапул, ул Красная Площадь, д 6",https://sarapulskiygor--udm.sudrf.ru/,sarapulskiygor--udm.sudrf.ru,да,18RS0023
Республика Удмуртская,Сарапул,Сарапульский,Сарапульский районный суд Удмуртской Республики,районный_городской,"Районный, городской, межрайонный суд","427960, Респ Удмуртская, г Сарапул, ул Горького, д 28",https://sarapulskiy--udm.sudrf.ru/,sarapulskiy--udm.sudrf.ru,да,18RS0024
Республика Удмуртская,Сюмси,Сюмсинский,Сюмсинский районный суд Удмуртской Республики,районный_городской,"Районный, городской, межрайонный суд","427370, Респ Удмуртская, с Сюмси, ул Базарная, стр 7",https://sumsinsky--udm.sudrf.ru/,sumsinsky--udm.sudrf.ru,да,18RS0026
Республика Удмуртская,Ува,Увинский,Увинский районный суд Удмуртской Республики,районный_городской,"Районный, городской, межрайонный суд","427260, Респ Удмуртская, п Ува, ул Энгельса, зд 16",https://uvinskiy--udm.sudrf.ru/,uvinskiy--udm.sudrf.ru,да,18RS0027
Республика Удмуртская,Юкаменское,Юкаменский,Юкаменский районный суд Удмуртской Республики,районный_городской,"Районный, городской, межрайонный суд","427680, Респ Удмуртская, с Юкаменское, ул Первомайская, стр 22",https://yukamenskiy--udm.sudrf.ru/,yukamenskiy--udm.sudrf.ru,да,18RS0029
Республика Удмуртская,Якшур-Бодья,Якшур-Бодьинский,Якшур-Бодьинский районный суд Удмуртской Республики,районный_городской,"Районный, городской, межрайонный суд","427100, Респ Удмуртская, с Якшур-Бодья, ул Центральная, д 7",https://yakshur-bodinskiy--udm.sudrf.ru/,yakshur-bodinskiy--udm.sudrf.ru,да,18RS0031
Республика Хакасия,Абаза,Абазинский,Абазинский районный суд Республики Хакасия,районный_городской,"Районный, городской, межрайонный суд","655750, Респ Хакасия, г Абаза, ул Больничная, д 9А",https://abazinsky--hak.sudrf.ru/,abazinsky--hak.sudrf.ru,да,19RS0012
Республика Хакасия,Абакан,,Верховный Суд Республики Хакасия,областной,Областной и равный ему суд,"655017, г Абакан, ул Крылова, д 66А",https://vs--hak.sudrf.ru/,vs--hak.sudrf.ru,да,19OS0000
Республика Хакасия,Абакан,,Абаканский городской суд Республики Хакасия,районный_городской,"Районный, городской, межрайонный суд","655017, г Абакан, ул Чертыгашева, д 80",https://abakansky--hak.sudrf.ru/,abakansky--hak.sudrf.ru,да,19RS0001
Республика Хакасия,Аскиз,Аскизский,Аскизский районный суд Республики Хакасия,районный_городской,"Районный, городской, межрайонный суд","655700, Респ Хакасия, с Аскиз, ул Советская, зд 11",https://akzisky--hak.sudrf.ru/,akzisky--hak.sudrf.ru,да,19RS0004
Республика Хакасия,Белый Яр,Алтайский,Алтайский районный суд Республики Хакасия,районный_городской,"Районный, городской, межрайонный суд","655650, Респ Хакасия, с Белый Яр, ул Советская, зд 15",https://altaysky--hak.sudrf.ru/,altaysky--hak.sudrf.ru,да,19RS0005
Республика Хакасия,Бея,Бейский,Бейский районный суд Республики Хакасия,районный_городской,"Районный, городской, межрайонный суд","655770, Респ Хакасия, с Бея, ул Лесная, д 3А",https://beysky--hak.sudrf.ru/,beysky--hak.sudrf.ru,да,19RS0006
Республика Хакасия,Боград,Боградский,Боградский районный суд Республики Хакасия,районный_городской,"Районный, городской, межрайонный суд","655340, Респ Хакасия, с Боград, ул Горная, д 2",https://bogradsky--hak.sudrf.ru/,bogradsky--hak.sudrf.ru,да,19RS0007
Республика Хакасия,Копьево,Орджоникидзевский,Орджоникидзевский районный суд Республики Хакасия,районный_городской,"Районный, городской, межрайонный суд","655250, Респ Хакасия, п Копьево, ул Чкалова, д 36",https://ordzhonikidzevsky--hak.sudrf.ru/,ordzhonikidzevsky--hak.sudrf.ru,да,19RS0008
Республика Хакасия,Саяногорск,,Саяногорский городской суд Республики Хакасия,районный_городской,"Районный, городской, межрайонный суд","655603, Респ Хакасия, г Саяногорск, ул Дорожная, стр 7",https://saianogorsky--hak.sudrf.ru/,saianogorsky--hak.sudrf.ru,да,19RS0003
Республика Хакасия,Сорск,Сорский,Сорский районный суд Республики Хакасия,районный_городской,"Районный, городской, межрайонный суд","655111, Респ Хакасия, г Сорск, ул Больничная, д 2",https://sorsky--hak.sudrf.ru/,sorsky--hak.sudrf.ru,да,19RS0013
Республика Хакасия,Таштып,Таштыпский,Таштыпский районный суд Республики Хакасия,районный_городской,"Районный, городской, межрайонный суд","655740, Респ Хакасия, с Таштып, ул Ленина, д 34",https://tashtipsky--hak.sudrf.ru/,tashtipsky--hak.sudrf.ru,да,19RS0009
Республика Хакасия,Усть-Абакан,Усть-Абаканский,Усть-Абаканский районный суд Республики Хакасия,районный_городской,"Районный, городской, межрайонный суд","655100, Респ Хакасия, рп Усть-Абакан, ул Октябрьская, д 16",https://ust-abakansky--hak.sudrf.ru/,ust-abakansky--hak.sudrf.ru,да,19RS0011
Республика Хакасия,Черногорск,,Черногорский городской суд Республики Хакасия,районный_городской,"Районный, городской, межрайонный суд","655154, Респ Хакасия, г Черногорск, ул Советская, д 83А",https://chernogorsky--hak.sudrf.ru/,chernogorsky--hak.sudrf.ru,да,19RS0002
Республика Хакасия,Шира,Ширинский,Ширинский районный суд Республики Хакасия,районный_городской,"Районный, городской, межрайонный суд","655200, Респ Хакасия, с Шира, ул Октябрьская, д 75",https://sharinsky--hak.sudrf.ru/,sharinsky--hak.sudrf.ru,да,19RS0010
Республика Чеченская,Ачхой-Мартан,Ачхой-Мартановский,Ачхой-Мартановский районный суд Чеченской Республики,районный_городской,"Районный, городской, межрайонный суд","366612, Респ Чеченская, г Ачхой-Мартан, ул Х.Нурадилова, д 117",https://achhoy-martanovsky--chn.sudrf.ru/,achhoy-martanovsky--chn.sudrf.ru,да,20RS0013
Республика Чеченская,Ведено,Веденский,Веденский районный суд Чеченской Республики,районный_городской,"Районный, городской, межрайонный суд","366337, Респ Чеченская, с Ведено, ул Орджоникидзе, д 2",https://vedensky--chn.sudrf.ru/,vedensky--chn.sudrf.ru,да,20RS0011
Республика Чеченская,Грозный,,Верховный Суд Чеченской Республики,областной,Областной и равный ему суд,"364024, г Грозный, р-н Ахматовский, ул имени Хусейна Исаева, д 75",https://vs--chn.sudrf.ru/,vs--chn.sudrf.ru,да,20OS0000
Республика Чеченская,Грозный,Ахматовский,Ахматовский районный суд г. Грозного Чеченской Республики,районный_городской,"Районный, городской, межрайонный суд","364068, г Грозный, р-н Путинский, пр-кт Культуры, д 8",https://ahmatovskij--chn.sudrf.ru/,ahmatovskij--chn.sudrf.ru,да,20RS0005
Республика Чеченская,Грозный,Байсангуровский,Байсангуровский районный суд г. Грозного Чеченской Республики,районный_городской,"Районный, городской, межрайонный суд","364024, г Грозный, р-н Ахматовский, ул имени Хусейна Исаева, д 75",https://bajsangurovskij--chn.sudrf.ru/,bajsangurovskij--chn.sudrf.ru,да,20RS0002
Республика Чеченская,Грозный,Висаитовский,Висаитовский районный суд г. Грозного Чеченской Республики,районный_городской,"Районный, городской, межрайонный суд","364052, г Грозный, р-н Висаитовский, ул Л.Е.Цеповой, д 116",https://visaitovskij--chn.sudrf.ru/,visaitovskij--chn.sudrf.ru,да,20RS0001
Республика Чеченская,Грозный,Грозненский,Грозненский районный суд Чеченской Республики,районный_городской,"Районный, городской, межрайонный суд","364052, г Грозный, р-н Висаитовский, ул им. Х.Г. Янгулбаева, д 2",https://groznensky--chn.sudrf.ru/,groznensky--chn.sudrf.ru,да,20RS0004
Республика Чеченская,Грозный,Шейх-Мансуровский,Шейх-Мансуровский районный суд г. Грозного Чеченской Республики,районный_городской,"Районный, городской, межрайонный суд","364068, г Грозный, р-н Путинский, пр-кт Культуры, д 8",https://shejh-mansurovskij--chn.sudrf.ru/,shejh-mansurovskij--chn.sudrf.ru,да,20RS0003
Республика Чеченская,Гудермес,,Гудермесский городской суд Чеченской Республики,районный_городской,"Районный, городской, межрайонный суд","366208, Респ Чеченская, г Гудермес, ул Белореченская, д 34А",https://gudermessky--chn.sudrf.ru/,gudermessky--chn.sudrf.ru,да,20RS0006
Республика Чеченская,Знаменское,Надтеречный,Надтеречный районный суд Чеченской Республики,районный_городской,"Районный, городской, межрайонный суд","366831, Респ Чеченская, Надтеречный р-н, с Знаменское, ул Дзержинского, д 15",https://nadterechny--chn.sudrf.ru/,nadterechny--chn.sudrf.ru,да,20RS0008
Республика Чеченская,Ножай-Юрт,Ножай-Юртовский,Ножай-Юртовский районный суд Чеченской Республики,районный_городской,"Районный, городской, межрайонный суд","366241, Респ Чеченская, с Ножай-Юрт, ул Т.Чермоева, д 20А",https://nozhay-urtovsky--chn.sudrf.ru/,nozhay-urtovsky--chn.sudrf.ru,да,20RS0016
Республика Чеченская,Урус-Мартан,,Урус-Мартановский городской суд Чеченской Республики,районный_городской,"Районный, городской, межрайонный суд","366523, Респ Чеченская, г Урус-Мартан, ул им.Шейха Солса-Хаджи Яндарова, д 38",https://urus-martanovsky--chn.sudrf.ru/,urus-martanovsky--chn.sudrf.ru,да,20RS0009
Республика Чеченская,Шали,,Шалинский городской суд Чеченской Республики,районный_городской,"Районный, городской, межрайонный суд","366324, Респ Чеченская, г Шали, ул Георгия Васильевича Чичерина, д 1А",https://shalinsky--chn.sudrf.ru/,shalinsky--chn.sudrf.ru,да,20RS0010
Республика Чеченская,Шатой,Шатойский,Шатойский районный суд Чеченской Республики,районный_городской,"Районный, городской, межрайонный суд","366405, Респ Чеченская, с Шатой, ул Салаудина Гугаева, д 9",https://shatoisky--chn.sudrf.ru/,shatoisky--chn.sudrf.ru,да,20RS0017
Республика Чеченская,Шелковская,Шелковской,Шелковской районный суд Чеченской Республики,районный_городской,"Районный, городской, межрайонный суд","366108, Респ Чеченская, Шелковской р-н, г Шелковская, ул Советская, д 50",https://shelkovsky--chn.sudrf.ru/,shelkovsky--chn.sudrf.ru,да,20RS0015
Ростовская область,Азов,,Азовский городской суд Ростовской области,районный_городской,"Районный, городской, межрайонный суд","346780, Ростовская обл, г Азов, ул Ленина, д 67",https://azovsky--ros.sudrf.ru/,azovsky--ros.sudrf.ru,да,61RS0009
Ростовская область,Аксай,Аксайский,Аксайский районный суд Ростовской области,районный_городской,"Районный, городской, межрайонный суд","346720, Ростовская обл, г Аксай, пр-кт Ленина, д 16",https://aksajsky--ros.sudrf.ru/,aksajsky--ros.sudrf.ru,да,61RS0024
Ростовская область,Багаевская,Багаевский,Багаевский районный суд Ростовской области,районный_городской,"Районный, городской, межрайонный суд","346611, Ростовская обл, ст-ца Багаевская, ул Комсомольская, д 76",https://bagaevsky--ros.sudrf.ru/,bagaevsky--ros.sudrf.ru,да,61RS0025
Ростовская область,Батайск,,Батайский городской суд Ростовской области,районный_городской,"Районный, городской, межрайонный суд","346880, Ростовская обл, г Батайск, ул Рабочая, зд 110",https://batajsky--ros.sudrf.ru/,batajsky--ros.sudrf.ru,да,61RS0010
Ростовская область,Белая Калитва,,Белокалитвинский городской суд Ростовской области,районный_городской,"Районный, городской, межрайонный суд","347040, Ростовская обл, г Белая Калитва, ул Гагарина, зд 50",https://belokalitvensky--ros.sudrf.ru/,belokalitvensky--ros.sudrf.ru,да,61RS0011
Ростовская область,Вешенская,Шолоховский,Шолоховский районный суд Ростовской области,районный_городской,"Районный, городской, межрайонный суд","346270, Ростовская обл, ст-ца Вешенская, ул Шолохова, зд 2Б",https://sholohonsky--ros.sudrf.ru/,sholohonsky--ros.sudrf.ru,да,61RS0061
Ростовская область,Волгодонск,Волгодонской,Волгодонской районный суд Ростовской области,районный_городской,"Районный, городской, межрайонный суд","347370, Ростовская обл, г Волгодонск, ул Морская, д 108",https://volgodonskoy--ros.sudrf.ru/,volgodonskoy--ros.sudrf.ru,да,61RS0012
Ростовская область,Гуково,,Гуковский городской суд Ростовской области,районный_городской,"Районный, городской, межрайонный суд","347871, Ростовская обл, г Гуково, ул Карла Маркса, д 94",https://gukovsky--ros.sudrf.ru/,gukovsky--ros.sudrf.ru,да,61RS0013
Ростовская область,Донецк,,Донецкий городской суд Ростовской области,районный_городской,"Районный, городской, межрайонный суд","346338, Ростовская обл, г Донецк, пр-кт Ленина, д 22",https://donecky--ros.sudrf.ru/,donecky--ros.sudrf.ru,да,61RS0014
Ростовская область,Егорлыкская,Егорлыкский,Егорлыкский районный суд Ростовской области,районный_городской,"Районный, городской, межрайонный суд","347660, Ростовская обл, ст-ца Егорлыкская, ул Мира, д 86",https://egorlyksky--ros.sudrf.ru/,egorlyksky--ros.sudrf.ru,да,61RS0031
Ростовская область,Зерноград,Зерноградский,Зерноградский районный суд Ростовской области,районный_городской,"Районный, городской, межрайонный суд","347740, Ростовская обл, г Зерноград, ул им Чкалова, д 17А",https://zernogradsky--ros.sudrf.ru/,zernogradsky--ros.sudrf.ru,да,61RS0033
Ростовская область,Зимовники,Зимовниковский,Зимовниковский районный суд Ростовской области,районный_городской,"Районный, городской, межрайонный суд","347461, Ростовская обл, п Зимовники, пер Крестьянский, д 95",https://zimovnikovsky--ros.sudrf.ru/,zimovnikovsky--ros.sudrf.ru,да,61RS0034
Ростовская область,Каменоломни,Октябрьский,Октябрьский районный суд Ростовской области,районный_городской,"Районный, городской, межрайонный суд","346480, Ростовская обл, рп Каменоломни, ул Калинина, д 6",https://oktyabrskys--ros.sudrf.ru/,oktyabrskys--ros.sudrf.ru,да,61RS0047
Ростовская область,Каменск-Шахтинский,Каменский,Каменский районный суд Ростовской области,районный_городской,"Районный, городской, межрайонный суд","347810, Ростовская обл, г Каменск-Шахтинский, пр-кт Карла Маркса, д 63",https://kamensky--ros.sudrf.ru/,kamensky--ros.sudrf.ru,да,61RS0036
Ростовская область,Красный Сулин,Красносулинский,Красносулинский районный суд Ростовской области,районный_городской,"Районный, городской, межрайонный суд","346350, Ростовская обл, г Красный Сулин, ул Ленина, д 14",https://krasnosulinsky--ros.sudrf.ru/,krasnosulinsky--ros.sudrf.ru,да,61RS0017
Ростовская область,Матвеев Курган,Матвеево-Курганский,Матвеево-Курганский районный суд Ростовской области,районный_городской,"Районный, городской, межрайонный суд","346970, Ростовская обл, п Матвеев Курган, ул Комсомольская, зд 91",https://mkurgansky--ros.sudrf.ru/,mkurgansky--ros.sudrf.ru,да,61RS0041
Ростовская область,Миллерово,Миллеровский,Миллеровский районный суд Ростовской области,районный_городской,"Районный, городской, межрайонный суд","346130, Ростовская обл, г Миллерово, ул Пушкина, зд 1",https://millerovsky--ros.sudrf.ru/,millerovsky--ros.sudrf.ru,да,61RS0018
Ростовская область,Морозовск,Морозовский,Морозовский районный суд Ростовской области,районный_городской,"Районный, городской, межрайонный суд","347210, Ростовская обл, г Морозовск, ул Карла Маркса, д 13",https://morozovsky--ros.sudrf.ru/,morozovsky--ros.sudrf.ru,да,61RS0043
Ростовская область,Новочеркасск,,Новочеркасский городской суд Ростовской области,районный_городской,"Районный, городской, межрайонный суд","346421, Ростовская обл, г Новочеркасск, пр-кт Баклановский, д 162",https://novocherkassky--ros.sudrf.ru/,novocherkassky--ros.sudrf.ru,да,61RS0019
Ростовская область,Новошахтинск,Новошахтинский,Новошахтинский районный суд Ростовской области,районный_городской,"Районный, городской, межрайонный суд","346914, Ростовская обл, г Новошахтинск, ул Социалистическая, д 7Б",https://novoshahtinsky--ros.sudrf.ru/,novoshahtinsky--ros.sudrf.ru,да,61RS0020
Ростовская область,Обливская,Обливский,Обливский районный суд Ростовской области,районный_городской,"Районный, городской, межрайонный суд","347140, Ростовская обл, ст-ца Обливская, ул Карла Маркса, д 38",https://oblivsky--ros.sudrf.ru/,oblivsky--ros.sudrf.ru,да,61RS0046
Ростовская область,Покровское,Неклиновский,Неклиновский районный суд Ростовской области,районный_городской,"Районный, городской, межрайонный суд","346830, Ростовская обл, с Покровское, пер Красный, д 39",https://neklinovsky--ros.sudrf.ru/,neklinovsky--ros.sudrf.ru,да,61RS0045
Ростовская область,Пролетарск,Пролетарский,Пролетарский районный суд Ростовской области,районный_городской,"Районный, городской, межрайонный суд","347540, Ростовская обл, г Пролетарск, пр-кт 50 лет Октября, д 26А",https://proletarskys--ros.sudrf.ru/,proletarskys--ros.sudrf.ru,да,61RS0050
Ростовская область,Ремонтное,Ремонтненский,Ремонтненский районный суд Ростовской области,районный_городской,"Районный, городской, межрайонный суд","347480, Ростовская обл, с Ремонтное, ул Дзержинского, зд 84/1",https://remontnensky--ros.sudrf.ru/,remontnensky--ros.sudrf.ru,да,61RS0051
Ростовская область,Ростов-на-Дону,,Ростовский областной суд,областной,Областной и равный ему суд,"344021, г Ростов-на-Дону, ул Социалистическая, д 164/35 литера а",https://oblsud--ros.sudrf.ru/,oblsud--ros.sudrf.ru,да,61OS0000
Ростовская область,Ростов-на-Дону,Ворошиловский,Ворошиловский районный суд г. Ростова-на-Дону,районный_городской,"Районный, городской, межрайонный суд","344068, г Ростов-на-Дону, ул Криворожская, зд 66",https://voroshilovsky--ros.sudrf.ru/,voroshilovsky--ros.sudrf.ru,да,61RS0001
Ростовская область,Ростов-на-Дону,Железнодорожный,Железнодорожный районный суд г. Ростова-на-Дону,районный_городской,"Районный, городской, межрайонный суд","344116, г Ростов-на-Дону, ул Кулагина, д 62",https://zheleznodorozhny--ros.sudrf.ru/,zheleznodorozhny--ros.sudrf.ru,да,61RS0002
Ростовская область,Ростов-на-Дону,Кировский,Кировский районный суд г. Ростова-на-Дону,районный_городской,"Районный, городской, межрайонный суд","344002, г Ростов-на-Дону, пер Газетный, зд 36",https://kirovsky--ros.sudrf.ru/,kirovsky--ros.sudrf.ru,да,61RS0003
Ростовская область,Ростов-на-Дону,Ленинский,Ленинский районный суд г. Ростова-на-Дону,районный_городской,"Районный, городской, межрайонный суд","344082, г Ростов-на-Дону, ул Пушкинская, д 9",https://leninsky--ros.sudrf.ru/,leninsky--ros.sudrf.ru,да,61RS0004
Ростовская область,Ростов-на-Дону,Октябрьский,Октябрьский районный суд г. Ростова-на-Дону,районный_городской,"Районный, городской, межрайонный суд","344038, г Ростов-на-Дону, пр-кт Ленина, д 81А",https://oktyabrsky--ros.sudrf.ru/,oktyabrsky--ros.sudrf.ru,да,61RS0005
Ростовская область,Ростов-на-Дону,Первомайский,Первомайский районный суд г. Ростова-на-Дону,районный_городской,"Районный, городской, межрайонный суд","344029, г Ростов-на-Дону, ул Металлургическая, д 29",https://pervomajsky--ros.sudrf.ru/,pervomajsky--ros.sudrf.ru,да,61RS0006
Ростовская область,Ростов-на-Дону,Пролетарский,Пролетарский районный суд г. Ростова-на-Дону,районный_городской,"Районный, городской, межрайонный суд","344019, г Ростов-на-Дону, пл Карла Маркса, д 10",https://proletarsky--ros.sudrf.ru/,proletarsky--ros.sudrf.ru,да,61RS0007
Ростовская область,Ростов-на-Дону,Советский,Советский районный суд г. Ростова-на-Дону,районный_городской,"Районный, городской, межрайонный суд","344090, г Ростов-на-Дону, пр-кт Стачки, д 200/2",https://sovetsky--ros.sudrf.ru/,sovetsky--ros.sudrf.ru,да,61RS0008
Ростовская область,Сальск,Сальский,Сальский районный суд Ростовской области,районный_городской,"Районный, городской, межрайонный суд","347630, Ростовская обл, г Сальск, ул Кирова, д 36",https://salskiy--ros.sudrf.ru/,salskiy--ros.sudrf.ru,да,61RS0062
Ростовская область,Семикаракорск,Семикаракорский,Семикаракорский районный суд Ростовской области,районный_городской,"Районный, городской, межрайонный суд","346630, Ростовская обл, г Семикаракорск, ул Калинина, зд 5",https://semikarakorsky--ros.sudrf.ru/,semikarakorsky--ros.sudrf.ru,да,61RS0053
Ростовская область,Таганрог,,Таганрогский городской суд Ростовской области,районный_городской,"Районный, городской, межрайонный суд","347939, Ростовская обл, г Таганрог, ул Чучева, д 42 к 2",https://taganrogsky--ros.sudrf.ru/,taganrogsky--ros.sudrf.ru,да,61RS0022
Ростовская область,Усть-Донецкий,Усть-Донецкий,Усть-Донецкий районный суд Ростовской области,районный_городской,"Районный, городской, межрайонный суд","346550, Ростовская обл, рп Усть-Донецкий, ул Строителей, влд 68",https://ustdonetsky--ros.sudrf.ru/,ustdonetsky--ros.sudrf.ru,да,61RS0057
Ростовская область,Цимлянск,Цимлянский,Цимлянский районный суд Ростовской области,районный_городской,"Районный, городской, межрайонный суд","347320, Ростовская обл, г Цимлянск, ул Ленина, зд 23",https://cimlyansky--ros.sudrf.ru/,cimlyansky--ros.sudrf.ru,да,61RS0059
Ростовская область,Чалтырь,Мясниковский,Мясниковский районный суд Ростовской области,районный_городской,"Районный, городской, межрайонный суд","346800, Ростовская обл, с Чалтырь, ул 6-я Линия, зд 8",https://myasnikovsky--ros.sudrf.ru/,myasnikovsky--ros.sudrf.ru,да,61RS0044
Ростовская область,Чертково,Чертковский,Чертковский районный суд Ростовской области,районный_городской,"Районный, городской, межрайонный суд","346000, Ростовская обл, п Чертково, ул Розы Люксембург, зд 106",https://chertkovsky--ros.sudrf.ru/,chertkovsky--ros.sudrf.ru,да,61RS0060
Ростовская область,Шахты,,Шахтинский городской суд Ростовской области,районный_городской,"Районный, городской, межрайонный суд","346500, Ростовская обл, г Шахты, пер Черенкова, д 17А",https://shahtinsky--ros.sudrf.ru/,shahtinsky--ros.sudrf.ru,да,61RS0023
Рязанская область,Кадом,Кадомский,Кадомский районный суд Рязанской области,районный_городской,"Районный, городской, межрайонный суд","391670, Рязанская обл, рп Кадом, ул Советская, зд 19",https://kadomsky--riz.sudrf.ru/,kadomsky--riz.sudrf.ru,да,62RS0008
Рязанская область,Касимов,Касимовский,Касимовский районный суд Рязанской области,районный_городской,"Районный, городской, межрайонный суд","391300, Рязанская обл, г Касимов, ул Спортивная, зд 2",https://kasymovsky--riz.sudrf.ru/,kasymovsky--riz.sudrf.ru,да,62RS0010
Рязанская область,Кораблино,Кораблинский,Кораблинский районный суд Рязанской области,районный_городской,"Районный, городской, межрайонный суд","391200, Рязанская обл, г Кораблино, ул Садовая, д 4",https://korablinsky--riz.sudrf.ru/,korablinsky--riz.sudrf.ru,да,62RS0012
Рязанская область,Михайлов,Михайловский,Михайловский районный суд Рязанской области,районный_городской,"Районный, городской, межрайонный суд","391710, Рязанская обл, г Михайлов, ул Рязанская, зд 18А",https://mihailovsky--riz.sudrf.ru/,mihailovsky--riz.sudrf.ru,да,62RS0014
Рязанская область,Новомичуринск,Пронский,Пронский районный суд Рязанской области,районный_городской,"Районный, городской, межрайонный суд","391160, Рязанская обл, Пронский р-н, г Новомичуринск, ул Комсомольская, д 2",https://pronsky--riz.sudrf.ru/,pronsky--riz.sudrf.ru,да,62RS0017
Рязанская область,Рыбное,Рыбновский,Рыбновский районный суд Рязанской области,районный_городской,"Районный, городской, межрайонный суд","391110, Рязанская обл, г Рыбное, ул Электротяговая, д 14А",https://rybnovsky--riz.sudrf.ru/,rybnovsky--riz.sudrf.ru,да,62RS0019
Рязанская область,Ряжск,Ряжский,Ряжский районный суд Рязанской области,районный_городской,"Районный, городской, межрайонный суд","391964, Рязанская обл, г Ряжск, ул Пушкина, д 4",https://riazhsky--riz.sudrf.ru/,riazhsky--riz.sudrf.ru,да,62RS0020
Рязанская область,Рязань,,Рязанский областной суд,областной,Областной и равный ему суд,"390005, г Рязань, ул Спортивная, стр 25",https://oblsud--riz.sudrf.ru/,oblsud--riz.sudrf.ru,да,62OS0000
Рязанская область,Рязань,Железнодорожный,Железнодорожный районный суд г. Рязани,районный_городской,"Районный, городской, межрайонный суд","390013, г Рязань, проезд Завражнова, д 3",https://zheleznodorozhny--riz.sudrf.ru/,zheleznodorozhny--riz.sudrf.ru,да,62RS0001
Рязанская область,Рязань,Московский,Московский районный суд г. Рязани,районный_городской,"Районный, городской, межрайонный суд","390044, г Рязань, ш Московское, д 14",https://moskovsky--riz.sudrf.ru/,moskovsky--riz.sudrf.ru,да,62RS0002
Рязанская область,Рязань,Октябрьский,Октябрьский районный суд г. Рязани,районный_городской,"Районный, городской, межрайонный суд","390000, г Рязань, ул Ленина, д 61",https://oktiabrsky--riz.sudrf.ru/,oktiabrsky--riz.sudrf.ru,да,62RS0003
Рязанская область,Рязань,Рязанский,Рязанский районный суд Рязанской области,районный_городской,"Районный, городской, межрайонный суд","390047, Рязанская обл., г. Рязань, п. Соколовка, ул. 2-я Прудная, д. 8",https://riazansky--riz.sudrf.ru/,riazansky--riz.sudrf.ru,да,62RS0005
Рязанская область,Рязань,Советский,Советский районный суд г. Рязани,районный_городской,"Районный, городской, межрайонный суд","390000, г Рязань, ул Ленина, д 37",https://sovetsky--riz.sudrf.ru/,sovetsky--riz.sudrf.ru,да,62RS0004
Рязанская область,Сапожок,Сапожковский,Сапожковский районный суд Рязанской области,районный_городской,"Районный, городской, межрайонный суд","391940, Рязанская обл, рп Сапожок, ул Садовая, д 4",https://sapozhkovsky--riz.sudrf.ru/,sapozhkovsky--riz.sudrf.ru,да,62RS0021
Рязанская область,Сараи,Сараевский,Сараевский районный суд Рязанской области,районный_городской,"Районный, городской, межрайонный суд","391870, Рязанская обл, рп Сараи, ул Ленина, зд 109А",https://saraevsky--riz.sudrf.ru/,saraevsky--riz.sudrf.ru,да,62RS0022
Рязанская область,Сасово,Сасовский,Сасовский районный суд Рязанской области,районный_городской,"Районный, городской, межрайонный суд","391434, Рязанская обл, г Сасово, пр-кт Свободы, д 19",https://sasovsky--riz.sudrf.ru/,sasovsky--riz.sudrf.ru,да,62RS0023
Рязанская область,Скопин,Скопинский,Скопинский районный суд Рязанской области,районный_городской,"Районный, городской, межрайонный суд","391800, Рязанская обл, г Скопин, ул К.Маркса, д 87",https://skopinski--riz.sudrf.ru/,skopinski--riz.sudrf.ru,да,62RS0025
Рязанская область,Спас-Клепики,Клепиковский,Клепиковский районный суд Рязанской области,районный_городской,"Районный, городской, межрайонный суд","391030, Рязанская обл, г Спас-Клепики, пл Ленина, зд 59А",https://klepikovsky--riz.sudrf.ru/,klepikovsky--riz.sudrf.ru,да,62RS0011
Рязанская область,Спасск-Рязанский,Спасский,Спасский районный суд Рязанской области,районный_городской,"Районный, городской, межрайонный суд","391050, Рязанская обл, г Спасск-Рязанский, ул Рязанское шоссе, зд 23А",https://spassky--riz.sudrf.ru/,spassky--riz.sudrf.ru,да,62RS0026
Рязанская область,Шацк,Шацкий,Шацкий районный суд Рязанской области,районный_городской,"Районный, городской, межрайонный суд","391550, Рязанская обл, г Шацк, ул Красная площадь, зд 4",https://shacky--riz.sudrf.ru/,shacky--riz.sudrf.ru,да,62RS0030
Рязанская область,Шилово,Шиловский,Шиловский районный суд Рязанской области,районный_городской,"Районный, городской, межрайонный суд","391500, Рязанская обл, рп Шилово, ул Советская, зд 7",https://shilovsky--riz.sudrf.ru/,shilovsky--riz.sudrf.ru,да,62RS0031
Самарская область,,Клявлинский,Клявлинский районный суд Самарской области,районный_городской,"Районный, городской, межрайонный суд","446960, Самарская обл, ж/д_ст Клявлино, пр-кт Ленина, д 5",https://klivliansky--sam.sudrf.ru/,klivliansky--sam.sudrf.ru,да,63RS0016
Самарская область,Безенчук,Безенчукский,Безенчукский районный суд Самарской области,районный_городской,"Районный, городской, межрайонный суд","446250, Самарская обл, пгт Безенчук, ул Советская, д 38",https://bezenchuksky--sam.sudrf.ru/,bezenchuksky--sam.sudrf.ru,да,63RS0004
Самарская область,Богатое,Богатовский,Богатовский районный суд Самарской области,районный_городской,"Районный, городской, межрайонный суд","446630, Самарская обл, с Богатое, ул Чапаева, зд 12",https://bogatovsky--sam.sudrf.ru/,bogatovsky--sam.sudrf.ru,да,63RS0002
Самарская область,Большая Глушица,Большеглушицкий,Большеглушицкий районный суд Самарской области,районный_городской,"Районный, городской, межрайонный суд","446180, Самарская обл., с. Большая Глушица, пл. им. 60-летия Октября, д. 1",https://bolsheglushitsky--sam.sudrf.ru/,bolsheglushitsky--sam.sudrf.ru,да,63RS0005
Самарская область,Жигулевск,,Жигулевский городской суд Самарской области,районный_городской,"Районный, городской, межрайонный суд","445350, Самарская обл, г Жигулевск, ул Интернационалистов, д 21А",https://zhigulevsky--sam.sudrf.ru/,zhigulevsky--sam.sudrf.ru,да,63RS0009
Самарская область,Кинель,Кинельский,Кинельский районный суд Самарской области,районный_городской,"Районный, городской, межрайонный суд","446430, Самарская обл, г Кинель, ул Крымская, д 18",https://kinelsky--sam.sudrf.ru/,kinelsky--sam.sudrf.ru,да,63RS0012
Самарская область,Кинель-Черкассы,Кинель-Черкасский,Кинель-Черкасский районный суд Самарской области,районный_городской,"Районный, городской, межрайонный суд","446350, Самарская обл, с Кинель-Черкассы, ул Красноармейская, д 48",https://kinel-cherkassky--sam.sudrf.ru/,kinel-cherkassky--sam.sudrf.ru,да,63RS0013
Самарская область,Кошки,Кошкинский,Кошкинский районный суд Самарской области,районный_городской,"Районный, городской, межрайонный суд","446800, Самарская обл, с Кошки, ул 60 лет Октября, влд 19",https://koshkinsky--sam.sudrf.ru/,koshkinsky--sam.sudrf.ru,да,63RS0015
Самарская область,Красноармейское,Красноармейский,Красноармейский районный суд Самарской области,районный_городской,"Районный, городской, межрайонный суд","446140, Самарская обл, с Красноармейское, ул Октябрьская, д 1",https://krasnoarmeisky--sam.sudrf.ru/,krasnoarmeisky--sam.sudrf.ru,да,63RS0017
Самарская область,Красный Яр,Красноярский,Красноярский районный суд Самарской области,районный_городской,"Районный, городской, межрайонный суд","446370, Самарская обл, с Красный Яр, ул Кооперативная, зд 107",https://krasnoiarsky--sam.sudrf.ru/,krasnoiarsky--sam.sudrf.ru,да,63RS0014
Самарская область,Нефтегорск,Нефтегорский,Нефтегорский районный суд Самарской области,районный_городской,"Районный, городской, межрайонный суд","446600, Самарская обл, г Нефтегорск, ул Ленина, д 16",https://neftegorsky--sam.sudrf.ru/,neftegorsky--sam.sudrf.ru,да,63RS0019
Самарская область,Новокуйбышевск,,Новокуйбышевский городской суд Самарской области,районный_городской,"Районный, городской, межрайонный суд","446206, Самарская обл, г Новокуйбышевск, ул Сафразьяна, д 7",https://novokuibyshevsky--sam.sudrf.ru/,novokuibyshevsky--sam.sudrf.ru,да,63RS0018
Самарская область,Октябрьск,,Октябрьский городской суд Самарской области,районный_городской,"Районный, городской, межрайонный суд","445240, Самарская обл, г Октябрьск, пер Кирпичный, д 9",https://oktiabrsky--sam.sudrf.ru/,oktiabrsky--sam.sudrf.ru,да,63RS0021
Самарская область,Отрадный,,Отрадненский городской суд Самарской области,районный_городской,"Районный, городской, межрайонный суд","446304, Самарская обл, г Отрадный, ул Советская, д 38",https://otradnensky--sam.sudrf.ru/,otradnensky--sam.sudrf.ru,да,63RS0020
Самарская область,Похвистнево,Похвистневский,Похвистневский районный суд Самарской области,районный_городской,"Районный, городской, межрайонный суд","446450, Самарская обл, г Похвистнево, ул Лермонтова, д 18А",https://pohvestnensky--sam.sudrf.ru/,pohvestnensky--sam.sudrf.ru,да,63RS0022
Самарская область,Приволжье,Приволжский,Приволжский районный суд Самарской области,районный_городской,"Районный, городской, межрайонный суд","445560, Самарская обл, с Приволжье, пер Северный, д 3",https://privolzhsky--sam.sudrf.ru/,privolzhsky--sam.sudrf.ru,да,63RS0024
Самарская область,Самара,,Шестой кассационный суд общей юрисдикции,кассация,Кассационный суд общей юрисдикции,"443126, г Самара, пл Крымская, д 1",https://6kas.sudrf.ru/,6kas.sudrf.ru,да,63KJ0006
Самарская область,Самара,,Самарский областной суд,областной,Областной и равный ему суд,"443099, г Самара, ул Куйбышева, зд 60",https://oblsud--sam.sudrf.ru/,oblsud--sam.sudrf.ru,да,63OS0000
Самарская область,Самара,Волжский,Волжский районный суд Самарской области,районный_городской,"Районный, городской, межрайонный суд","443051, г Самара, ул Путейская, влд 29",https://volzhsky--sam.sudrf.ru/,volzhsky--sam.sudrf.ru,да,63RS0007
Самарская область,Самара,Железнодорожный,Железнодорожный районный суд г. Самары,районный_городской,"Районный, городской, межрайонный суд","443013, г Самара, ул Тухачевского, д 226",https://zheleznodorozhny--sam.sudrf.ru/,zheleznodorozhny--sam.sudrf.ru,да,63RS0044
Самарская область,Самара,Кировский,Кировский районный суд г. Самары,районный_городской,"Районный, городской, межрайонный суд","443035, г Самара, пр-кт Кирова, зд 100",https://kirovsky--sam.sudrf.ru/,kirovsky--sam.sudrf.ru,да,63RS0038
Самарская область,Самара,Красноглинский,Красноглинский районный суд г. Самары,районный_городской,"Районный, городской, межрайонный суд","443026, г Самара, п Управленческий, ш Красноглинское, д 21",https://krasnoglinsky--sam.sudrf.ru/,krasnoglinsky--sam.sudrf.ru,да,63RS0043
Самарская область,Самара,Куйбышевский,Куйбышевский районный суд г. Самары,районный_городской,"Районный, городской, межрайонный суд","443101, г Самара, тракт Пугачевский, д 65",https://kuibyshevsky--sam.sudrf.ru/,kuibyshevsky--sam.sudrf.ru,да,63RS0042
Самарская область,Самара,Ленинский,Ленинский районный суд г. Самары,районный_городской,"Районный, городской, межрайонный суд","443013, г Самара, ул Тухачевского, д 226",https://leninsky--sam.sudrf.ru/,leninsky--sam.sudrf.ru,да,63RS0039
Самарская область,Самара,Октябрьский,Октябрьский районный суд г. Самары,районный_городской,"Районный, городской, межрайонный суд","443056, г Самара, ул Мичурина, д 125А",https://oktyabrsky--sam.sudrf.ru/,oktyabrsky--sam.sudrf.ru,да,63RS0040
Самарская область,Самара,Промышленный,Промышленный районный суд г. Самары,районный_городской,"Районный, городской, межрайонный суд","443111, г Самара, ул Фадеева, д 58А",https://promyshleny--sam.sudrf.ru/,promyshleny--sam.sudrf.ru,да,63RS0045
Самарская область,Самара,Самарский,Самарский районный суд г. Самары,районный_городской,"Районный, городской, межрайонный суд","443041, г Самара, ул Рабочая, д 21",https://samarsky--sam.sudrf.ru/,samarsky--sam.sudrf.ru,да,63RS0037
Самарская область,Самара,Советский,Советский районный суд г. Самары,районный_городской,"Районный, городской, межрайонный суд","443090, г Самара, ул Советской Армии, д 125",https://sovetsky--sam.sudrf.ru/,sovetsky--sam.sudrf.ru,да,63RS0041
Самарская область,Сергиевск,Сергиевский,Сергиевский районный суд Самарской области,районный_городской,"Районный, городской, межрайонный суд","446540, Самарская обл, с Сергиевск, ул Советская, зд 35",https://sergievsky--sam.sudrf.ru/,sergievsky--sam.sudrf.ru,да,63RS0028
Самарская область,Сызрань,,Сызранский городской суд Самарской области,районный_городской,"Районный, городской, межрайонный суд","446001, Самарская обл, г Сызрань, ул Советская, д 41",https://syzransky--sam.sudrf.ru/,syzransky--sam.sudrf.ru,да,63RS0025
Самарская область,Сызрань,Сызранский,Сызранский районный суд Самарской области,районный_городской,"Районный, городской, межрайонный суд","446001, Самарская обл, г Сызрань, ул Ульяновская, д 127",https://sizransky--sam.sudrf.ru/,sizransky--sam.sudrf.ru,да,63RS0026
Самарская область,Тольятти,Автозаводский,Автозаводский районный суд г. Тольятти Самарской области,районный_городской,"Районный, городской, межрайонный суд","445037, Самарская обл, г Тольятти, проезд Новый, влд 4",https://avtozavodsky--sam.sudrf.ru/,avtozavodsky--sam.sudrf.ru,да,63RS0029
Самарская область,Тольятти,Комсомольский,Комсомольский районный суд г. Тольятти Самарской области,районный_городской,"Районный, городской, межрайонный суд","445012, Самарская обл, г Тольятти, ул Коммунистическая, влд 43",https://komsomolsky--sam.sudrf.ru/,komsomolsky--sam.sudrf.ru,да,63RS0030
Самарская область,Тольятти,Ставропольский,Ставропольский районный суд Самарской области,районный_городской,"Районный, городской, межрайонный суд","445011, Самарская обл, г Тольятти, ул Горького, д 1",https://stavropolsky--sam.sudrf.ru/,stavropolsky--sam.sudrf.ru,да,63RS0027
Самарская область,Тольятти,Центральный,Центральный районный суд г. Тольятти Самарской области,районный_городской,"Районный, городской, межрайонный суд","445020, Самарская обл, г Тольятти, ул Белорусская, влд 16",https://centralny--sam.sudrf.ru/,centralny--sam.sudrf.ru,да,63RS0031
Самарская область,Чапаевск,,Чапаевский городской суд Самарской области,районный_городской,"Районный, городской, межрайонный суд","446100, Самарская обл, г Чапаевск, ул Ленина, зд 64А",https://chapaevsky--sam.sudrf.ru/,chapaevsky--sam.sudrf.ru,да,63RS0033
Самарская область,Шентала,Исаклинский,Исаклинский районный суд Самарской области,районный_городской,"Районный, городской, межрайонный суд","446910, Самарская обл., ст. Шентала, ул. Советская, д. 5 А",https://isaklinsky--sam.sudrf.ru/,isaklinsky--sam.sudrf.ru,да,63RS0010
Самарская область,Шигоны,Шигонский,Шигонский районный суд Самарской области,районный_городской,"Районный, городской, межрайонный суд","446720, Самарская обл, Шигонский р-н, с Шигоны, пл Ленина, зд 4",https://shigonsky--sam.sudrf.ru/,shigonsky--sam.sudrf.ru,да,63RS0035
Санкт-Петербург,Санкт-Петербург,,Второй апелляционный суд общей юрисдикции,апелляция,Апелляционный суд общей юрисдикции,"191015, г Санкт-Петербург, пр-кт Суворовский, д 50-52",https://2ap.sudrf.ru/,2ap.sudrf.ru,да,78AJ0002
Санкт-Петербург,Санкт-Петербург,,Третий кассационный суд общей юрисдикции,кассация,Кассационный суд общей юрисдикции,"190195, г Санкт-Петербург, ул Садовая, д 26",https://3kas.sudrf.ru/,3kas.sudrf.ru,да,78KJ0003
Санкт-Петербург,Санкт-Петербург,,Ленинградский областной суд,областной,Областной и равный ему суд,"191187, г Санкт-Петербург, наб Реки Фонтанки, д 6",https://oblsud--lo.sudrf.ru/,oblsud--lo.sudrf.ru,да,47OS0000
Санкт-Петербург,Санкт-Петербург,,Санкт-Петербургский городской суд,областной,Областной и равный ему суд,"196128, г Санкт-Петербург, ул Бассейная, д 6",https://sankt-peterburgsky--spb.sudrf.ru/,sankt-peterburgsky--spb.sudrf.ru,да,78OS0000
Санкт-Петербург,Санкт-Петербург,Василеостровский,Василеостровский районный суд города Санкт-Петербурга,районный_городской,"Районный, городской, межрайонный суд","199178, г Санкт-Петербург, пр-кт Средний В.О., д 55",https://vos--spb.sudrf.ru/,vos--spb.sudrf.ru,да,78RS0001
Санкт-Петербург,Санкт-Петербург,Выборгский,Выборгский районный суд города Санкт-Петербурга,районный_городской,"Районный, городской, межрайонный суд","194291, г Санкт-Петербург, ул Сантьяго-де-Куба, д 3 к 3",https://vbr--spb.sudrf.ru/,vbr--spb.sudrf.ru,да,78RS0002
Санкт-Петербург,Санкт-Петербург,Дзержинский,Дзержинский районный суд города Санкт-Петербурга,районный_городской,"Районный, городской, межрайонный суд","191123, г Санкт-Петербург, ул Восстания, д 38",https://dzr--spb.sudrf.ru/,dzr--spb.sudrf.ru,да,78RS0003
Санкт-Петербург,Санкт-Петербург,Зеленогорский,Зеленогорский районный суд города Санкт-Петербурга,районный_городской,"Районный, городской, межрайонный суд","197720, г Санкт-Петербург, г Зеленогорск, ул Красных Курсантов, д 8",https://zgr--spb.sudrf.ru/,zgr--spb.sudrf.ru,да,78RS0004
Санкт-Петербург,Санкт-Петербург,Калининский,Калининский районный суд города Санкт-Петербурга,районный_городской,"Районный, городской, межрайонный суд","195009, г Санкт-Петербург, ул Бобруйская, д 4",https://kln--spb.sudrf.ru/,kln--spb.sudrf.ru,да,78RS0005
Санкт-Петербург,Санкт-Петербург,Кировский,Кировский районный суд города Санкт-Петербурга,районный_городской,"Районный, городской, межрайонный суд","198095, г Санкт-Петербург, ул Маршала Говорова, д 38",https://krv--spb.sudrf.ru/,krv--spb.sudrf.ru,да,78RS0006
Санкт-Петербург,Санкт-Петербург,Колпинский,Колпинский районный суд города Санкт-Петербурга,районный_городской,"Районный, городской, межрайонный суд","196654, г Санкт-Петербург, г Колпино, ул Культуры, д 17",https://klp--spb.sudrf.ru/,klp--spb.sudrf.ru,да,78RS0007
Санкт-Петербург,Санкт-Петербург,Красногвардейский,Красногвардейский районный суд города Санкт-Петербурга,районный_городской,"Районный, городской, межрайонный суд","195176, г Санкт-Петербург, ул Краснодонская, д 14",https://kgv--spb.sudrf.ru/,kgv--spb.sudrf.ru,да,78RS0008
Санкт-Петербург,Санкт-Петербург,Красносельский,Красносельский районный суд города Санкт-Петербурга,районный_городской,"Районный, городской, межрайонный суд","198320, г Санкт-Петербург, г Красное Село, ул Суворова, д 3",https://ksl--spb.sudrf.ru/,ksl--spb.sudrf.ru,да,78RS0009
Санкт-Петербург,Санкт-Петербург,Кронштадтский,Кронштадтский районный суд города Санкт-Петербурга,районный_городской,"Районный, городской, межрайонный суд","197760, г Санкт-Петербург, г Кронштадт, ул Карла Маркса, д 31",https://krn--spb.sudrf.ru/,krn--spb.sudrf.ru,да,78RS0010
Санкт-Петербург,Санкт-Петербург,Куйбышевский,Куйбышевский районный суд города Санкт-Петербурга,районный_городской,"Районный, городской, межрайонный суд","191023, г Санкт-Петербург, ул Караванная, д 20",https://kbs--spb.sudrf.ru/,kbs--spb.sudrf.ru,да,78RS0011
Санкт-Петербург,Санкт-Петербург,Ленинский,Ленинский районный суд города Санкт-Петербурга,районный_городской,"Районный, городской, межрайонный суд","190005, г Санкт-Петербург, ул 13-я Красноармейская, д 17Б",https://lnn--spb.sudrf.ru/,lnn--spb.sudrf.ru,да,78RS0012
Санкт-Петербург,Санкт-Петербург,Ломоносовский,Ломоносовский районный суд Ленинградской области,районный_городской,"Районный, городской, межрайонный суд","198412, г Санкт-Петербург, г Ломоносов, ул Александровская, д 11",https://lomonosovsky--lo.sudrf.ru/,lomonosovsky--lo.sudrf.ru,да,47RS0011
Санкт-Петербург,Санкт-Петербург,Московский,Московский районный суд города Санкт-Петербурга,районный_городской,"Районный, городской, межрайонный суд","196006, г Санкт-Петербург, пр-кт Московский, д 129",https://msk--spb.sudrf.ru/,msk--spb.sudrf.ru,да,78RS0014
Санкт-Петербург,Санкт-Петербург,Невский,Невский районный суд города Санкт-Петербурга,районный_городской,"Районный, городской, межрайонный суд","192029, г Санкт-Петербург, ул Ольги Берггольц, д 12",https://nvs--spb.sudrf.ru/,nvs--spb.sudrf.ru,да,78RS0015
Санкт-Петербург,Санкт-Петербург,Октябрьский,Октябрьский районный суд города Санкт-Петербурга,районный_городской,"Районный, городской, межрайонный суд","190121, г Санкт-Петербург, ул Почтамтская, д 17",https://oktibrsky--spb.sudrf.ru/,oktibrsky--spb.sudrf.ru,да,78RS0016
Санкт-Петербург,Санкт-Петербург,Петроградский,Петроградский районный суд города Санкт-Петербурга,районный_городской,"Районный, городской, межрайонный суд","197198, г Санкт-Петербург, ул Съезжинская, д 9/6",https://pgr--spb.sudrf.ru/,pgr--spb.sudrf.ru,да,78RS0017
Санкт-Петербург,Санкт-Петербург,Петродворцовый,Петродворцовый районный суд города Санкт-Петербурга,районный_городской,"Районный, городской, межрайонный суд","198510, г Санкт-Петербург, г Петергоф, ул Аврова, д 33 литера д",https://pdv--spb.sudrf.ru/,pdv--spb.sudrf.ru,да,78RS0018
Санкт-Петербург,Санкт-Петербург,Приморский,Приморский районный суд города Санкт-Петербурга,районный_городской,"Районный, городской, межрайонный суд","197374, г Санкт-Петербург, ул Савушкина, д 83",https://primorsky--spb.sudrf.ru/,primorsky--spb.sudrf.ru,да,78RS0019
Санкт-Петербург,Санкт-Петербург,Пушкинский,Пушкинский районный суд города Санкт-Петербурга,районный_городской,"Районный, городской, межрайонный суд","196607, г Санкт-Петербург, г Пушкин, ул Школьная, д 2 к 2",https://psh--spb.sudrf.ru/,psh--spb.sudrf.ru,да,78RS0020
Санкт-Петербург,Санкт-Петербург,Сестрорецкий,Сестрорецкий районный суд города Санкт-Петербурга,районный_городской,"Районный, городской, межрайонный суд","197706, г Санкт-Петербург, г Сестрорецк, ул Володарского, д 41",https://srt--spb.sudrf.ru/,srt--spb.sudrf.ru,да,78RS0021
Санкт-Петербург,Санкт-Петербург,Смольнинский,Смольнинский районный суд города Санкт-Петербурга,районный_городской,"Районный, городской, межрайонный суд","191144, г Санкт-Петербург, ул Моисеенко, д 2А",https://smolninsky--spb.sudrf.ru/,smolninsky--spb.sudrf.ru,да,78RS0022
Санкт-Петербург,Санкт-Петербург,Фрунзенский,Фрунзенский районный суд города Санкт-Петербурга,районный_городской,"Районный, городской, межрайонный суд","192007, г Санкт-Петербург, ул Курская, д 3",https://frn--spb.sudrf.ru/,frn--spb.sudrf.ru,да,78RS0023
Саратовская область,Аркадак,Аркадакский,Аркадакский районный суд Саратовской области,районный_городской,"Районный, городской, межрайонный суд","412210, Саратовская обл, г Аркадак, ул Ленина, д 69",https://arkadaksky--sar.sudrf.ru/,arkadaksky--sar.sudrf.ru,да,64RS0003
Саратовская область,Аткарск,,Аткарский городской суд Саратовской области,районный_городской,"Районный, городской, межрайонный суд","412420, Саратовская обл, г Аткарск, ул Советская, д 94",https://atkarsky--sar.sudrf.ru/,atkarsky--sar.sudrf.ru,да,64RS0002
Саратовская область,Базарный Карабулак,Базарно-Карабулакский,Базарно-Карабулакский районный суд Саратовской области,районный_городской,"Районный, городской, межрайонный суд","412602, Саратовская обл, рп Базарный Карабулак, ул Некрасова, д 33",https://bazarnj-karabulaksky--sar.sudrf.ru/,bazarnj-karabulaksky--sar.sudrf.ru,да,64RS0008
Саратовская область,Балаково,Балаковский,Балаковский районный суд Саратовской области,районный_городской,"Районный, городской, межрайонный суд","413857, Саратовская обл, г Балаково, ул Механизаторов, д 8",https://balakovsky--sar.sudrf.ru/,balakovsky--sar.sudrf.ru,да,64RS0004
Саратовская область,Балашов,Балашовский,Балашовский районный суд Саратовской области,районный_городской,"Районный, городской, межрайонный суд","412309, Саратовская обл, г Балашов, ул Рабочая, д 67",https://balashovsky--sar.sudrf.ru/,balashovsky--sar.sudrf.ru,да,64RS0007
Саратовская область,Вольск,Вольский,Вольский районный суд Саратовской области,районный_городской,"Районный, городской, межрайонный суд","412906, Саратовская обл, г Вольск, ул Чернышевского, д 79",https://volsky--sar.sudrf.ru/,volsky--sar.sudrf.ru,да,64RS0010
Саратовская область,Ершов,Ершовский,Ершовский районный суд Саратовской области,районный_городской,"Районный, городской, межрайонный суд","413503, Саратовская обл., г. Ершов, ул. XXV съезда КПСС, д. 40",https://ershovsky--sar.sudrf.ru/,ershovsky--sar.sudrf.ru,да,64RS0015
Саратовская область,Калининск,Калининский,Калининский районный суд Саратовской области,районный_городской,"Районный, городской, межрайонный суд","412484, Саратовская обл, г Калининск, ул Советская, д 3",https://kalininsky--sar.sudrf.ru/,kalininsky--sar.sudrf.ru,да,64RS0017
Саратовская область,Красноармейск,,Красноармейский городской суд Саратовской области,районный_городской,"Районный, городской, межрайонный суд","412800, Саратовская обл, г Красноармейск, ул Ленина, д 60",https://krasnoarmeisky--sar.sudrf.ru/,krasnoarmeisky--sar.sudrf.ru,да,64RS0019
Саратовская область,Красный Кут,Краснокутский,Краснокутский районный суд Саратовской области,районный_городской,"Районный, городской, межрайонный суд","413235, Саратовская обл, г Красный Кут, ул Московская, д 60",https://krasnokutsky--sar.sudrf.ru/,krasnokutsky--sar.sudrf.ru,да,64RS0018
Саратовская область,Маркс,,Марксовский городской суд Саратовской области,районный_городской,"Районный, городской, межрайонный суд","413090, Саратовская обл, г Маркс, пр-кт Ленина, д 16",https://marksovsky--sar.sudrf.ru/,marksovsky--sar.sudrf.ru,да,64RS0022
Саратовская область,Новоузенск,Новоузенский,Новоузенский районный суд Саратовской области,районный_городской,"Районный, городской, межрайонный суд","413360, Саратовская обл, г Новоузенск, ул Советская, д 3",https://novouzensky--sar.sudrf.ru/,novouzensky--sar.sudrf.ru,да,64RS0023
Саратовская область,Петровск,,Петровский городской суд Саратовской области,районный_городской,"Районный, городской, межрайонный суд","412540, Саратовская обл, г Петровск, пл Ленина, д 5",https://petrovsky--sar.sudrf.ru/,petrovsky--sar.sudrf.ru,да,64RS0027
Саратовская область,Пугачев,Пугачевский,Пугачевский районный суд Саратовской области,районный_городской,"Районный, городской, межрайонный суд","413720, Саратовская обл, г Пугачев, ул Топорковская, д 37",https://pugachevsky--sar.sudrf.ru/,pugachevsky--sar.sudrf.ru,да,64RS0028
Саратовская область,Ртищево,Ртищевский,Ртищевский районный суд Саратовской области,районный_городской,"Районный, городской, межрайонный суд","412031, Саратовская обл, г Ртищево, ул Железнодорожная, д 84А",https://rtishevsky--sar.sudrf.ru/,rtishevsky--sar.sudrf.ru,да,64RS0030
Саратовская область,Саратов,,Первый кассационный суд общей юрисдикции,кассация,Кассационный суд общей юрисдикции,"410031, г Саратов, ул Первомайская, д 74",https://1kas.sudrf.ru/,1kas.sudrf.ru,да,64KJ0001
Саратовская область,Саратов,,Саратовский областной суд,областной,Областной и равный ему суд,"410028, г Саратов, ул им Мичурина И.В., д 85",https://oblsud--sar.sudrf.ru/,oblsud--sar.sudrf.ru,да,64OS0000
Саратовская область,Саратов,Волжский,Волжский районный суд г. Саратова,районный_городской,"Районный, городской, межрайонный суд","410002, г Саратов, ул им Некрасова Н.А., д 17",https://volzhsky--sar.sudrf.ru/,volzhsky--sar.sudrf.ru,да,64RS0043
Саратовская область,Саратов,Заводской,Заводской районный суд г. Саратова,районный_городской,"Районный, городской, межрайонный суд","410015, г Саратов, пр-кт Энтузиастов, д 20А",https://zavodskoi--sar.sudrf.ru/,zavodskoi--sar.sudrf.ru,да,64RS0044
Саратовская область,Саратов,Кировский,Кировский районный суд г. Саратова,районный_городской,"Районный, городской, межрайонный суд","410012, г Саратов, ул Железнодорожная, д 62/66",https://kirovsky--sar.sudrf.ru/,kirovsky--sar.sudrf.ru,да,64RS0045
Саратовская область,Саратов,Ленинский,Ленинский районный суд г. Саратова,районный_городской,"Районный, городской, межрайонный суд","410086, г Саратов, ул им Благодарова К.В., д 7А",https://leninsky--sar.sudrf.ru/,leninsky--sar.sudrf.ru,да,64RS0046
Саратовская область,Саратов,Октябрьский,Октябрьский районный суд г. Саратова,районный_городской,"Районный, городской, межрайонный суд","410056, г Саратов, ул Советская, д 44",https://oktyabrsky--sar.sudrf.ru/,oktyabrsky--sar.sudrf.ru,да,64RS0047
Саратовская область,Саратов,Саратовский,Саратовский районный суд Саратовской области,районный_городской,"Районный, городской, межрайонный суд","410530, г Саратов, п Дубки, ул Центральная, д 12",https://saratovsky--sar.sudrf.ru/,saratovsky--sar.sudrf.ru,да,64RS0034
Саратовская область,Саратов,Фрунзенский,Фрунзенский районный суд г. Саратова,районный_городской,"Районный, городской, межрайонный суд","410012, г Саратов, ул им Дзержинского Ф.Э., д 13/15",https://fr--sar.sudrf.ru/,fr--sar.sudrf.ru,да,64RS0048
Саратовская область,Степное,Советский,Советский районный суд Саратовской области,районный_городской,"Районный, городской, межрайонный суд","413210, Саратовская обл, рп Степное, ул 50 лет Победы, д 45",https://sovetsky--sar.sudrf.ru/,sovetsky--sar.sudrf.ru,да,64RS0035
Саратовская область,Татищево,Татищевский,Татищевский районный суд Саратовской области,районный_городской,"Районный, городской, межрайонный суд","412170, Саратовская обл, рп Татищево, ул Советская, д 10",https://tatishevsky--sar.sudrf.ru/,tatishevsky--sar.sudrf.ru,да,64RS0036
Саратовская область,Энгельс,Энгельсский,Энгельсский районный суд Саратовской области,районный_городской,"Районный, городской, межрайонный суд","413100, Саратовская обл, г Энгельс, ул Максима Горького, д 11",https://engelsky--sar.sudrf.ru/,engelsky--sar.sudrf.ru,да,64RS0042
Сахалинская область,Александровск-Сахалинский,,Александровск-Сахалинский городской суд Сахалинской области,районный_городской,"Районный, городской, межрайонный суд","694420, Сахалинская обл, г Александровск-Сахалинский, ул Советская, д 7А",https://aleksandrovsk--sah.sudrf.ru/,aleksandrovsk--sah.sudrf.ru,да,65RS0002
Сахалинская область,Анива,Анивский,Анивский районный суд Сахалинской области,районный_городской,"Районный, городской, межрайонный суд","694030, Сахалинская обл, г Анива, ул Ленина, д 39",https://anivskiy--sah.sudrf.ru/,anivskiy--sah.sudrf.ru,да,65RS0003
Сахалинская область,Долинск,,Долинский городской суд Сахалинской области,районный_городской,"Районный, городской, межрайонный суд","694051, Сахалинская обл, г Долинск, ул Сахалинская, влд 8",https://dolinskiy--sah.sudrf.ru/,dolinskiy--sah.sudrf.ru,да,65RS0004
Сахалинская область,Корсаков,,Корсаковский городской суд Сахалинской области,районный_городской,"Районный, городской, межрайонный суд","694020, Сахалинская обл., г. Корсаков, ул. Флотская, д. 62 Б, (гражд.), 694020, г. Корсаков, ул. Флотская, д. 19",https://korsakovskiy--sah.sudrf.ru/,korsakovskiy--sah.sudrf.ru,да,65RS0005
Сахалинская область,Курильск,Курильский,Курильский районный суд Сахалинской области,районный_городской,"Районный, городской, межрайонный суд","694530, Сахалинская обл, г Курильск, ул Сахалинская, д 1 к а",https://kurilskiy--sah.sudrf.ru/,kurilskiy--sah.sudrf.ru,да,65RS0006
Сахалинская область,Невельск,,Невельский городской суд Сахалинской области,районный_городской,"Районный, городской, межрайонный суд","694740, Сахалинская обл, г Невельск, ул Ленина, д 9",https://nevelskiy--sah.sudrf.ru/,nevelskiy--sah.sudrf.ru,да,65RS0008
Сахалинская область,Ноглики,Ногликский,Ногликский районный суд Сахалинской области,районный_городской,"Районный, городской, межрайонный суд","694450, Сахалинская обл, пгт Ноглики, ул Пограничная, зд 6",https://noglikskiy--sah.sudrf.ru/,noglikskiy--sah.sudrf.ru,да,65RS0009
Сахалинская область,Оха,,Охинский городской суд Сахалинской области,районный_городской,"Районный, городской, межрайонный суд","694496, Сахалинская обл, г Оха, ул Ленина, д 8",https://ohinskiy--sah.sudrf.ru/,ohinskiy--sah.sudrf.ru,да,65RS0010
Сахалинская область,Поронайск,,Поронайский городской суд Сахалинской области,районный_городской,"Районный, городской, межрайонный суд","694240, Сахалинская обл, г Поронайск, ул Октябрьская, д 66",https://poronaiskiy--sah.sudrf.ru/,poronaiskiy--sah.sudrf.ru,да,65RS0011
Сахалинская область,Северо-Курильск,Северо-Курильский,Северо-Курильский районный суд Сахалинской области,районный_городской,"Районный, городской, межрайонный суд","694550, Сахалинская обл, г Северо-Курильск, ул Вилкова, д 4",https://s-kurilskiy--sah.sudrf.ru/,s-kurilskiy--sah.sudrf.ru,да,65RS0012
Сахалинская область,Смирных,Смирныховский,Смирныховский районный суд Сахалинской области,районный_городской,"Районный, городской, межрайонный суд","694350, Сахалинская обл, пгт Смирных, ул Пирогова, зд 6А",https://smirnihovskiy--sah.sudrf.ru/,smirnihovskiy--sah.sudrf.ru,да,65RS0013
Сахалинская область,Тымовское,Тымовский,Тымовский районный суд Сахалинской области,районный_городской,"Районный, городской, межрайонный суд","694400, Сахалинская обл, пгт Тымовское, ул Кировская, д 88А",https://timovskiy--sah.sudrf.ru/,timovskiy--sah.sudrf.ru,да,65RS0015
Сахалинская область,Углегорск,,Углегорский городской суд Сахалинской области,районный_городской,"Районный, городской, межрайонный суд","694920, Сахалинская обл, г Углегорск, ул Бумажная, д 1",https://uglegorskiy--sah.sudrf.ru/,uglegorskiy--sah.sudrf.ru,да,65RS0016
Сахалинская область,Холмск,,Холмский городской суд Сахалинской области,районный_городской,"Районный, городской, межрайонный суд","694620, Сахалинская обл, г Холмск, ул Советская, д 13",https://holmskiy--sah.sudrf.ru/,holmskiy--sah.sudrf.ru,да,65RS0017
Сахалинская область,Южно-Курильск,Южно-Курильский,Южно-Курильский районный суд Сахалинской области,районный_городской,"Районный, городской, межрайонный суд","694500, Сахалинская обл, пгт Южно-Курильск, кв-л Ильичева, д 7",https://u-kurilskiy--sah.sudrf.ru/,u-kurilskiy--sah.sudrf.ru,да,65RS0018
Сахалинская область,Южно-Сахалинск,,Сахалинский областной суд,областной,Областной и равный ему суд,"693010, г Южно-Сахалинск, пр-кт Коммунистический, д 24",https://oblsud--sah.sudrf.ru/,oblsud--sah.sudrf.ru,да,65OS0000
Сахалинская область,Южно-Сахалинск,,Южно-Сахалинский городской суд Сахалинской области,районный_городской,"Районный, городской, межрайонный суд","693020, г Южно-Сахалинск, ул Бумажная, д 34",https://u-sahalinsky--sah.sudrf.ru/,u-sahalinsky--sah.sudrf.ru,да,65RS0001
Свердловская область,Алапаевск,,Алапаевский городской суд Свердловской области,районный_городской,"Районный, городской, межрайонный суд","624600, Свердловская обл, г Алапаевск, ул Братьев Серебряковых, д 16",https://alapaevsky--svd.sudrf.ru/,alapaevsky--svd.sudrf.ru,да,66RS0014
Свердловская область,Артемовский,,Артемовский городской суд Свердловской области,районный_городской,"Районный, городской, межрайонный суд","623780, Свердловская обл, г Артемовский, ул Гагарина, д 21",https://artemovsky--svd.sudrf.ru/,artemovsky--svd.sudrf.ru,да,66RS0016
Свердловская область,Арти,Артинский,Артинский районный суд Свердловской области,районный_городской,"Районный, городской, межрайонный суд","623340, Свердловская обл, пгт Арти, ул Ленина, стр 98",https://artinsky--svd.sudrf.ru/,artinsky--svd.sudrf.ru,да,66RS0017
Свердловская область,Асбест,,Асбестовский городской суд Свердловской области,районный_городской,"Районный, городской, межрайонный суд","624272, Свердловская обл, г Асбест, ул имени Александра Королева, стр 24",https://asbestovsky--svd.sudrf.ru/,asbestovsky--svd.sudrf.ru,да,66RS0015
Свердловская область,Белоярский,Белоярский,Белоярский районный суд Свердловской области,районный_городской,"Районный, городской, межрайонный суд","624030, Свердловская обл, пгт Белоярский, ул Милицейская, д 14",https://beloyarsky--svd.sudrf.ru/,beloyarsky--svd.sudrf.ru,да,66RS0020
Свердловская область,Березовский,,Березовский городской суд Свердловской области,районный_городской,"Районный, городской, межрайонный суд","623700, Свердловская обл, г Березовский, ул Загвозкина, стр 8",https://berezovsky--svd.sudrf.ru/,berezovsky--svd.sudrf.ru,да,66RS0022
Свердловская область,Богданович,,Богдановичский городской суд Свердловской области,районный_городской,"Районный, городской, межрайонный суд","623530, Свердловская обл, Богдановичский р-н, г Богданович, ул Партизанская, д 15А",https://bogdanovichsky--svd.sudrf.ru/,bogdanovichsky--svd.sudrf.ru,да,66RS0021
Свердловская область,Верхняя Пышма,,Верхнепышминский городской суд Свердловской области,районный_городской,"Районный, городской, межрайонный суд","624096, Свердловская обл, г Верхняя Пышма, пр-кт Успенский, д 50",https://verhnepyshminsky--svd.sudrf.ru/,verhnepyshminsky--svd.sudrf.ru,да,66RS0024
Свердловская область,Верхняя Салда,Верхнесалдинский,Верхнесалдинский районный суд Свердловской области,районный_городской,"Районный, городской, межрайонный суд","624761, Свердловская обл, Верхнесалдинский р-н, г Верхняя Салда, ул Спортивная, д 2 к 4",https://verhnesaldinsky--svd.sudrf.ru/,verhnesaldinsky--svd.sudrf.ru,да,66RS0025
Свердловская область,Верхотурье,Верхотурский,Верхотурский районный суд Свердловской области,районный_городской,"Районный, городской, межрайонный суд","624380, Свердловская обл, г Верхотурье, ул Карла Маркса, д 1",https://verhotursky--svd.sudrf.ru/,verhotursky--svd.sudrf.ru,да,66RS0023
Свердловская область,Екатеринбург,,Свердловский областной суд,областной,Областной и равный ему суд,"620019, г Екатеринбург, ул Московская, стр 120",https://oblsud--svd.sudrf.ru/,oblsud--svd.sudrf.ru,да,66OS0000
Свердловская область,Екатеринбург,Академический,Академический районный суд города Екатеринбурга Свердловской области,районный_городской,"Районный, городской, межрайонный суд","620105, г Екатеринбург, ул Вильгельма де Геннина, д 46/1",https://akademicheskiy--svd.sudrf.ru/,akademicheskiy--svd.sudrf.ru,да,66RS0062
Свердловская область,Екатеринбург,Верх-Исетский,Верх-Исетский районный суд г. Екатеринбурга Свердловской области,районный_городской,"Районный, городской, межрайонный суд","620014, г Екатеринбург, ул Малышева, д 2Б",https://verhisetsky--svd.sudrf.ru/,verhisetsky--svd.sudrf.ru,да,66RS0001
Свердловская область,Екатеринбург,Железнодорожный,Железнодорожный районный суд г. Екатеринбурга Свердловской области,районный_городской,"Районный, городской, межрайонный суд","620141, г Екатеринбург, ул Пехотинцев, д 23",https://zheleznodorozhny--svd.sudrf.ru/,zheleznodorozhny--svd.sudrf.ru,да,66RS0002
Свердловская область,Екатеринбург,Кировский,Кировский районный суд г. Екатеринбурга Свердловской области,районный_городской,"Районный, городской, межрайонный суд","620075, г Екатеринбург, ул Бажова, д 31А",https://kirovsky--svd.sudrf.ru/,kirovsky--svd.sudrf.ru,да,66RS0003
Свердловская область,Екатеринбург,Ленинский,Ленинский районный суд г. Екатеринбурга Свердловской области,районный_городской,"Районный, городской, межрайонный суд","620142, г Екатеринбург, ул Щорса, стр 68",https://leninskyeka--svd.sudrf.ru/,leninskyeka--svd.sudrf.ru,да,66RS0004
Свердловская область,Екатеринбург,Октябрьский,Октябрьский районный суд г. Екатеринбурга Свердловской области,районный_городской,"Районный, городской, межрайонный суд","620026, г Екатеринбург, ул Народной воли, стр 81",https://oktiabrsky--svd.sudrf.ru/,oktiabrsky--svd.sudrf.ru,да,66RS0005
Свердловская область,Екатеринбург,Орджоникидзевский,Орджоникидзевский районный суд г. Екатеринбурга Свердловской области,районный_городской,"Районный, городской, межрайонный суд","620012, г Екатеринбург, пл 1-й Пятилетки, стр 64",https://ordzhonikidzevsky--svd.sudrf.ru/,ordzhonikidzevsky--svd.sudrf.ru,да,66RS0006
Свердловская область,Екатеринбург,Чкаловский,Чкаловский районный суд г. Екатеринбурга Свердловской области,районный_городской,"Районный, городской, межрайонный суд","620130, г Екатеринбург, ул Авиационная, стр 65А",https://chkalovsky--svd.sudrf.ru/,chkalovsky--svd.sudrf.ru,да,66RS0007
Свердловская область,Ивдель,,Ивдельский городской суд Свердловской области,районный_городской,"Районный, городской, межрайонный суд","624590, Свердловская обл, г Ивдель, ул Механошина, д 46",https://ivdelsky--svd.sudrf.ru/,ivdelsky--svd.sudrf.ru,да,66RS0027
Свердловская область,Ирбит,Ирбитский,Ирбитский районный суд Свердловской области,районный_городской,"Районный, городской, межрайонный суд","623856, Свердловская обл, г Ирбит, ул 50 лет Октября, д 27",https://irbitsky--svd.sudrf.ru/,irbitsky--svd.sudrf.ru,да,66RS0028
Свердловская область,Каменск-Уральский,Каменский,Каменский районный суд Свердловской области,районный_городской,"Районный, городской, межрайонный суд","623400, Свердловская обл, г Каменск-Уральский, ул Рябова, д 2",https://kamensky--svd.sudrf.ru/,kamensky--svd.sudrf.ru,да,66RS0013
Свердловская область,Каменск-Уральский,Красногорский,Красногорский районный суд г. Каменск-Уральского Свердловской области,районный_городской,"Районный, городской, межрайонный суд","623400, Свердловская обл, г Каменск-Уральский, ул Тевосяна, зд 3",https://krasnogorsky--svd.sudrf.ru/,krasnogorsky--svd.sudrf.ru,да,66RS0011
Свердловская область,Каменск-Уральский,Синарский,Синарский районный суд г. Каменск-Уральского Свердловской области,районный_городской,"Районный, городской, межрайонный суд","623400, Свердловская обл, г Каменск-Уральский, ул Тевосяна, зд 1",https://sinarsky--svd.sudrf.ru/,sinarsky--svd.sudrf.ru,да,66RS0012
Свердловская область,Камышлов,Камышловский,Камышловский районный суд Свердловской области,районный_городской,"Районный, городской, межрайонный суд","624860, Свердловская обл, г Камышлов, ул Ленина, зд 13",https://kamyshlovsky--svd.sudrf.ru/,kamyshlovsky--svd.sudrf.ru,да,66RS0029
Свердловская область,Карпинск,,Карпинский городской суд Свердловской области,районный_городской,"Районный, городской, межрайонный суд","624930, Свердловская обл, г Карпинск, ул Мира, зд 60",https://karpinsky--svd.sudrf.ru/,karpinsky--svd.sudrf.ru,да,66RS0030
Свердловская область,Качканар,,Качканарский городской суд Свердловской области,районный_городской,"Районный, городской, межрайонный суд","624350, Свердловская обл, г Качканар, ул Октябрьская, д 2В",https://kachkanarsky--svd.sudrf.ru/,kachkanarsky--svd.sudrf.ru,да,66RS0031
Свердловская область,Кировград,,Кировградский городской суд Свердловской области,районный_городской,"Районный, городской, межрайонный суд","624142, Свердловская обл, г Кировград, ул Гагарина, зд 1",https://kirovgradsky--cvd.sudrf.ru/,kirovgradsky--cvd.sudrf.ru,да,66RS0032
Свердловская область,Краснотурьинск,,Краснотурьинский городской суд Свердловской области,районный_городской,"Районный, городской, межрайонный суд","624440, Свердловская обл, г Краснотурьинск, ул Фрунзе, д 51А",https://krasnoturinsky--svd.sudrf.ru/,krasnoturinsky--svd.sudrf.ru,да,66RS0033
Свердловская область,Красноуральск,,Красноуральский городской суд Свердловской области,районный_городской,"Районный, городской, межрайонный суд","624330, Свердловская обл, г Красноуральск, ул Железнодорожная, зд 15",https://krasnouralsky--svd.sudrf.ru/,krasnouralsky--svd.sudrf.ru,да,66RS0034
Свердловская область,Красноуфимск,Красноуфимский,Красноуфимский районный суд Свердловской области,районный_городской,"Районный, городской, межрайонный суд","623300, Свердловская обл, г Красноуфимск, ул Советская, д 24Б",https://krasnoufimsky--svd.sudrf.ru/,krasnoufimsky--svd.sudrf.ru,да,66RS0035
Свердловская область,Кушва,,Кушвинский городской суд Свердловской области,районный_городской,"Районный, городской, межрайонный суд","624300, Свердловская обл, г Кушва, ул Строителей, зд 11",https://kushvinsky--svd.sudrf.ru/,kushvinsky--svd.sudrf.ru,да,66RS0036
Свердловская область,Лесной,,Городской суд г. Лесного Свердловской области,районный_городской,"Районный, городской, межрайонный суд","624200, Свердловская обл, г Лесной, ул Белинского, д 27",https://lesnoy--svd.sudrf.ru/,lesnoy--svd.sudrf.ru,да,66RS0037
Свердловская область,Невьянск,,Невьянский городской суд Свердловской области,районный_городской,"Районный, городской, межрайонный суд","624192, Свердловская обл, г Невьянск, ул Вайнера, д 2А",https://neviansky--svd.sudrf.ru/,neviansky--svd.sudrf.ru,да,66RS0038
Свердловская область,Нижние Серги,Нижнесергинский,Нижнесергинский районный суд Свердловской области,районный_городской,"Районный, городской, межрайонный суд","623090, Свердловская обл, г Нижние Серги, ул Титова, д 81",https://nizhneserginsky--svd.sudrf.ru/,nizhneserginsky--svd.sudrf.ru,да,66RS0039
Свердловская область,Нижний Тагил,Дзержинский,Дзержинский районный суд г. Нижний Тагил Свердловской области,районный_городской,"Районный, городской, межрайонный суд","622018, Свердловская обл, г Нижний Тагил, ул Окунева, д 40",https://dzerzhinsky--svd.sudrf.ru/,dzerzhinsky--svd.sudrf.ru,да,66RS0008
Свердловская область,Нижний Тагил,Ленинский,Ленинский районный суд г. Нижний Тагил Свердловской области,районный_городской,"Районный, городской, межрайонный суд","622001, Свердловская обл, г Нижний Тагил, ул Ломоносова, д 2",https://leninskytag--svd.sudrf.ru/,leninskytag--svd.sudrf.ru,да,66RS0009
Свердловская область,Нижний Тагил,Пригородный,Пригородный районный суд Свердловской области,районный_городской,"Районный, городской, межрайонный суд","622001, Свердловская обл, г Нижний Тагил, ул Карла Маркса, д 3А",https://prigorodny--svd.sudrf.ru/,prigorodny--svd.sudrf.ru,да,66RS0046
Свердловская область,Нижний Тагил,Тагилстроевский,Тагилстроевский районный суд г. Нижний Тагил Свердловской области,районный_городской,"Районный, городской, межрайонный суд","622005, Свердловская обл, г Нижний Тагил, ул Металлургов, д 40",https://tagilstroevsky--svd.sudrf.ru/,tagilstroevsky--svd.sudrf.ru,да,66RS0010
Свердловская область,Нижняя Тура,,Нижнетуринский городской суд Свердловской области,районный_городской,"Районный, городской, межрайонный суд","624223, Свердловская обл, г Нижняя Тура, ул Малышева, д 11",https://nizhneturinsky--svd.sudrf.ru/,nizhneturinsky--svd.sudrf.ru,да,66RS0040
Свердловская область,Новоуральск,,Новоуральский городской суд Свердловской области,районный_городской,"Районный, городской, межрайонный суд","624130, Свердловская обл, г Новоуральск, ул Ленина, зд 39",https://novouralsky--svd.sudrf.ru/,novouralsky--svd.sudrf.ru,да,66RS0043
Свердловская область,Первоуральск,,Первоуральский городской суд Свердловской области,районный_городской,"Районный, городской, межрайонный суд","623101, Свердловская обл, г Первоуральск, ул Ватутина, д 61А",https://pervouralsky--svd.sudrf.ru/,pervouralsky--svd.sudrf.ru,да,66RS0044
Свердловская область,Полевской,,Полевской городской суд Свердловской области,районный_городской,"Районный, городской, межрайонный суд","623384, Свердловская обл, г Полевской, ул Декабристов, стр 24А",https://polevskoy--svd.sudrf.ru/,polevskoy--svd.sudrf.ru,да,66RS0045
Свердловская область,Ревда,,Ревдинский городской суд Свердловской области,районный_городской,"Районный, городской, межрайонный суд","623280, Свердловская обл, г Ревда, ул Мира, зд 48",https://revdinsky--svd.sudrf.ru/,revdinsky--svd.sudrf.ru,да,66RS0048
Свердловская область,Реж,,Режевской городской суд Свердловской области,районный_городской,"Районный, городской, межрайонный суд","623750, Свердловская обл, г Реж, ул Пушкина, д 6",https://rezhevskoy--svd.sudrf.ru/,rezhevskoy--svd.sudrf.ru,да,66RS0049
Свердловская область,Североуральск,,Североуральский городской суд Свердловской области,районный_городской,"Районный, городской, межрайонный суд","624480, Свердловская обл, г Североуральск, ул Каржавина, стр 9",https://severouralsky--svd.sudrf.ru/,severouralsky--svd.sudrf.ru,да,66RS0050
Свердловская область,Серов,Серовский,Серовский районный суд Свердловской области,районный_городской,"Районный, городской, межрайонный суд","624992, Свердловская обл, г Серов, ул Кирова, стр 1",https://serovsky--svd.sudrf.ru/,serovsky--svd.sudrf.ru,да,66RS0051
Свердловская область,Сухой Лог,,Сухоложский городской суд Свердловской области,районный_городской,"Районный, городской, межрайонный суд","624800, Свердловская обл, Сухоложский р-н, г Сухой Лог, ул Победы, д 3",https://suholozhsky--svd.sudrf.ru/,suholozhsky--svd.sudrf.ru,да,66RS0052
Свердловская область,Сысерть,Сысертский,Сысертский районный суд Свердловской области,районный_городской,"Районный, городской, межрайонный суд","624022, Свердловская обл, г Сысерть, ул Карла Маркса, зд 86",https://sysertsky--svd.sudrf.ru/,sysertsky--svd.sudrf.ru,да,66RS0053
Свердловская область,Тавда,Тавдинский,Тавдинский районный суд Свердловской области,районный_городской,"Районный, городской, межрайонный суд","623950, Свердловская обл, Тавдинский р-н, г Тавда, ул Кирова, д 122",https://tavdinsky--svd.sudrf.ru/,tavdinsky--svd.sudrf.ru,да,66RS0056
Свердловская область,Талица,Талицкий,Талицкий районный суд Свердловской области,районный_городской,"Районный, городской, межрайонный суд","623640, Свердловская обл, г Талица, ул Луначарского, д 82",https://talicky--svd.sudrf.ru/,talicky--svd.sudrf.ru,да,66RS0057
Свердловская область,Туринск,Туринский,Туринский районный суд Свердловской области,районный_городской,"Районный, городской, межрайонный суд","623900, Свердловская обл, г Туринск, ул Свердлова, зд 46",https://turinsky--svd.sudrf.ru/,turinsky--svd.sudrf.ru,да,66RS0059
Свердловская область,Шаля,Шалинский,Шалинский районный суд Свердловской области,районный_городской,"Районный, городской, межрайонный суд","623030, Свердловская обл, пгт Шаля, ул Кирова, зд 37А",https://shalinsky--svd.sudrf.ru/,shalinsky--svd.sudrf.ru,да,66RS0060
Севастополь,Севастополь,,Севастопольский городской суд,областной,Областной и равный ему суд,"299011, г Севастополь, ул Суворова, д 20",https://gs--sev.sudrf.ru/,gs--sev.sudrf.ru,да,92OS0000
Севастополь,Севастополь,Балаклавский,Балаклавский районный суд города Севастополя,районный_городской,"Районный, городской, межрайонный суд","299042, г Севастополь, ул Калича, д 25",https://balaklavskiy--sev.sudrf.ru/,balaklavskiy--sev.sudrf.ru,да,92RS0001
Севастополь,Севастополь,Гагаринский,Гагаринский районный суд города Севастополя,районный_городской,"Районный, городской, межрайонный суд","299045, г Севастополь, ул Вакуленчука, д 3",https://gagarinskiy--sev.sudrf.ru/,gagarinskiy--sev.sudrf.ru,да,92RS0002
Севастополь,Севастополь,Ленинский,Ленинский районный суд города Севастополя,районный_городской,"Районный, городской, межрайонный суд","299011, г Севастополь, ул Ленина, д 31",https://leninskiy--sev.sudrf.ru/,leninskiy--sev.sudrf.ru,да,92RS0003
Севастополь,Севастополь,Нахимовский,Нахимовский районный суд города Севастополя,районный_городской,"Районный, городской, межрайонный суд","299004, г Севастополь, ул Адмирала Макарова, зд 9",https://nakhimovskiy--sev.sudrf.ru/,nakhimovskiy--sev.sudrf.ru,да,92RS0004
Смоленская область,Велиж,Велижский,Велижский районный суд Смоленской области,районный_городской,"Районный, городской, межрайонный суд","216290, Смоленская обл, г Велиж, ул Энгельса, д 32",https://velizh--sml.sudrf.ru/,velizh--sml.sudrf.ru,да,67RS0009
Смоленская область,Вязьма,Вяземский,Вяземский районный суд Смоленской области,районный_городской,"Районный, городской, межрайонный суд","215110, Смоленская обл, г Вязьма, ул 1 Мая, д 2",https://vyazma--sml.sudrf.ru/,vyazma--sml.sudrf.ru,да,67RS0004
Смоленская область,Гагарин,Гагаринский,Гагаринский районный суд Смоленской области,районный_городской,"Районный, городской, межрайонный суд","215010, Смоленская обл, г Гагарин, ул Солнцева, д 3",https://gagarin--sml.sudrf.ru/,gagarin--sml.sudrf.ru,да,67RS0005
Смоленская область,Демидов,Демидовский,Демидовский районный суд Смоленской области,районный_городской,"Районный, городской, межрайонный суд","216240, Смоленская обл, г Демидов, ул Коммунистическая, д 15",https://demidov--sml.sudrf.ru/,demidov--sml.sudrf.ru,да,67RS0010
Смоленская область,Десногорск,,Десногорский городской суд Смоленской области,районный_городской,"Районный, городской, межрайонный суд","216400, Смоленская обл, г Десногорск, мкр 3, д 14 общ",https://desnogorsk--sml.sudrf.ru/,desnogorsk--sml.sudrf.ru,да,67RS0029
Смоленская область,Дорогобуж,Дорогобужский,Дорогобужский районный суд Смоленской области,районный_городской,"Районный, городской, межрайонный суд","215710, Смоленская обл, г Дорогобуж, ул Пушкина, д 11",https://dorogobuzh--sml.sudrf.ru/,dorogobuzh--sml.sudrf.ru,да,67RS0011
Смоленская область,Духовщина,Духовщинский,Духовщинский районный суд Смоленской области,районный_городской,"Районный, городской, межрайонный суд","216200, Смоленская обл, г Духовщина, ул Луначарского, д 32",https://duhovschina--sml.sudrf.ru/,duhovschina--sml.sudrf.ru,да,67RS0012
Смоленская область,Ельня,Ельнинский,Ельнинский районный суд Смоленской области,районный_городской,"Районный, городской, межрайонный суд","216330, Смоленская обл, г Ельня, ул Советская, д 48А",https://elnya--sml.sudrf.ru/,elnya--sml.sudrf.ru,да,67RS0013
Смоленская область,Красный,Краснинский,Краснинский районный суд Смоленской области,районный_городской,"Районный, городской, межрайонный суд","216100, Смоленская обл, пгт Красный, ул Карла Маркса, д 27",https://krasny--sml.sudrf.ru/,krasny--sml.sudrf.ru,да,67RS0015
Смоленская область,Монастырщина,Монастырщинский,Монастырщинский районный суд Смоленской области,районный_городской,"Районный, городской, межрайонный суд","216130, Смоленская обл, пгт Монастырщина, пл Комсомольская, д 3",https://monastyrschina--sml.sudrf.ru/,monastyrschina--sml.sudrf.ru,да,67RS0017
Смоленская область,Починок,Починковский,Починковский районный суд Смоленской области,районный_городской,"Районный, городской, межрайонный суд","216450, Смоленская обл, г Починок, ул Советская, д 25",https://pochinok--sml.sudrf.ru/,pochinok--sml.sudrf.ru,да,67RS0019
Смоленская область,Рославль,,Рославльский городской суд Смоленской области,районный_городской,"Районный, городской, межрайонный суд","216500, Смоленская обл, г Рославль, ул Урицкого, д 18",https://roslavl--sml.sudrf.ru/,roslavl--sml.sudrf.ru,да,67RS0006
Смоленская область,Рудня,Руднянский,Руднянский районный суд Смоленской области,районный_городской,"Районный, городской, межрайонный суд","216790, Смоленская обл, г Рудня, ул Киреева, д 81",https://rudnya--sml.sudrf.ru/,rudnya--sml.sudrf.ru,да,67RS0020
Смоленская область,Сафоново,Сафоновский,Сафоновский районный суд Смоленской области,районный_городской,"Районный, городской, межрайонный суд","215500, Смоленская обл, г Сафоново, ул Красногвардейская, д 41",https://safonovo--sml.sudrf.ru/,safonovo--sml.sudrf.ru,да,67RS0007
Смоленская область,Смоленск,,Смоленский областной суд,областной,Областной и равный ему суд,"214001, г Смоленск, пр-кт Гагарина, д 23А",https://oblsud--sml.sudrf.ru/,oblsud--sml.sudrf.ru,да,67OS0000
Смоленская область,Смоленск,Заднепровский,Заднепровский районный суд г. Смоленска,районный_городской,"Районный, городской, межрайонный суд","214018, г Смоленск, пр-кт Гагарина, д 15",https://zadnepr--sml.sudrf.ru/,zadnepr--sml.sudrf.ru,да,67RS0001
Смоленская область,Смоленск,Ленинский,Ленинский районный суд г. Смоленска,районный_городской,"Районный, городской, межрайонный суд","214001, г Смоленск, пр-кт Гагарина, д 46",https://leninsky--sml.sudrf.ru/,leninsky--sml.sudrf.ru,да,67RS0002
Смоленская область,Смоленск,Промышленный,Промышленный районный суд г. Смоленска,районный_городской,"Районный, городской, межрайонный суд","214001, г Смоленск, пр-кт Гагарина, д 46",https://prom--sml.sudrf.ru/,prom--sml.sudrf.ru,да,67RS0003
Смоленская область,Смоленск,Смоленский,Смоленский районный суд Смоленской области,районный_городской,"Районный, городской, межрайонный суд","214001, г Смоленск, пр-кт Гагарина, д 46",https://smol--sml.sudrf.ru/,smol--sml.sudrf.ru,да,67RS0021
Смоленская область,Сычевка,Сычевский,Сычевский районный суд Смоленской области,районный_городской,"Районный, городской, межрайонный суд","215280, Смоленская обл, г Сычевка, ул Карла Маркса, д 7",https://sychevka--sml.sudrf.ru/,sychevka--sml.sudrf.ru,да,67RS0022
Смоленская область,Шумячи,Шумячский,Шумячский районный суд Смоленской области,районный_городской,"Районный, городской, межрайонный суд","216410, Смоленская обл, пгт Шумячи, ул Советская, д 94",https://shumyachi--sml.sudrf.ru/,shumyachi--sml.sudrf.ru,да,67RS0027
Смоленская область,Ярцево,,Ярцевский городской суд Смоленской области,районный_городской,"Районный, городской, межрайонный суд","215800, Смоленская обл, г Ярцево, ул Советская, д 28",https://yarcevo--sml.sudrf.ru/,yarcevo--sml.sudrf.ru,да,67RS0008
Ставропольский край,Александровское,Александровский,Александровский районный суд Ставропольского края,районный_городской,"Районный, городской, межрайонный суд","356300, Ставропольский край, с Александровское, ул Войтика, д 9",https://aleksandrovsky--stv.sudrf.ru/,aleksandrovsky--stv.sudrf.ru,да,26RS0004
Ставропольский край,Арзгир,Арзгирский,Арзгирский районный суд Ставропольского края,районный_городской,"Районный, городской, межрайонный суд","356570, Ставропольский край, с Арзгир, ул Шоссейная, д 9",https://arzgirsky--stv.sudrf.ru/,arzgirsky--stv.sudrf.ru,да,26RS0006
Ставропольский край,Благодарный,Благодарненский,Благодарненский районный суд Ставропольского края,районный_городской,"Районный, городской, межрайонный суд","356420, Ставропольский край, г Благодарный, ул Ленина, д 174",https://blagodarnensky--stv.sudrf.ru/,blagodarnensky--stv.sudrf.ru,да,26RS0009
Ставропольский край,Буденновск,,Буденновский городской суд Ставропольского края,районный_городской,"Районный, городской, межрайонный суд","356809, Ставропольский край, г Буденновск, мкр 8, д 13А",https://budenovsky--stv.sudrf.ru/,budenovsky--stv.sudrf.ru,да,26RS0008
Ставропольский край,Георгиевск,,Георгиевский городской суд Ставропольского края,районный_городской,"Районный, городской, межрайонный суд","357827, Ставропольский край, г Георгиевск, ул Калинина, д 117",https://georgievsky--stv.sudrf.ru/,georgievsky--stv.sudrf.ru,да,26RS0010
Ставропольский край,Грачевка,Грачевский,Грачевский районный суд Ставропольского края,районный_городской,"Районный, городской, межрайонный суд","356250, Ставропольский край, с Грачевка, ул Советская, д 2А",https://grachevsky--stv.sudrf.ru/,grachevsky--stv.sudrf.ru,да,26RS0011
Ставропольский край,Дивное,Апанасенковский,Апанасенковский районный суд Ставропольского края,районный_городской,"Районный, городской, межрайонный суд","356720, Ставропольский край, с Дивное, ул Советская, д 35",https://apanasenkovsky--stv.sudrf.ru/,apanasenkovsky--stv.sudrf.ru,да,26RS0005
Ставропольский край,Донское,Труновский,Труновский районный суд Ставропольского края,районный_городской,"Районный, городской, межрайонный суд","356170, Ставропольский край, с Донское, ул Ленина, д 1",https://trunovsky--stv.sudrf.ru/,trunovsky--stv.sudrf.ru,да,26RS0033
Ставропольский край,Ессентуки,,Ессентукский городской суд Ставропольского края,районный_городской,"Районный, городской, межрайонный суд","357601, Ставропольский край, г Ессентуки, ул Вокзальная, зд 57/1",https://essentuksky--stv.sudrf.ru/,essentuksky--stv.sudrf.ru,да,26RS0012
Ставропольский край,Ессентукская,Предгорный,Предгорный районный суд Ставропольского края,районный_городской,"Районный, городской, межрайонный суд","357350, Ставропольский край, ст-ца Ессентукская, ул Гагарина, д 74",https://predgorny--stv.sudrf.ru/,predgorny--stv.sudrf.ru,да,26RS0030
Ставропольский край,Железноводск,,Железноводский городской суд Ставропольского края,районный_городской,"Районный, городской, межрайонный суд","357400, Ставропольский край, г Железноводск, ул Ленина, д 69",https://zheleznovodsky--stv.sudrf.ru/,zheleznovodsky--stv.sudrf.ru,да,26RS0013
Ставропольский край,Зеленокумск,Советский,Советский районный суд Ставропольского края,районный_городской,"Районный, городской, межрайонный суд","357911, Ставропольский край, г Зеленокумск, ул Советская, д 12А",https://sovetsky--stv.sudrf.ru/,sovetsky--stv.sudrf.ru,да,26RS0031
Ставропольский край,Изобильный,Изобильненский,Изобильненский районный суд Ставропольского края,районный_городской,"Районный, городской, межрайонный суд","356140, Ставропольский край, г Изобильный, ул Ленина, д 3",https://izobylnensky--stv.sudrf.ru/,izobylnensky--stv.sudrf.ru,да,26RS0014
Ставропольский край,Ипатово,Ипатовский,Ипатовский районный суд Ставропольского края,районный_городской,"Районный, городской, межрайонный суд","356630, Ставропольский край, г Ипатово, ул Орджоникидзе, зд 99",https://ipatovsky--stv.sudrf.ru/,ipatovsky--stv.sudrf.ru,да,26RS0015
Ставропольский край,Кисловодск,,Кисловодский городской суд Ставропольского края,районный_городской,"Районный, городской, межрайонный суд","357700, Ставропольский край, г Кисловодск, пр-кт Ленина, д 22",https://kislovodsky--stv.sudrf.ru/,kislovodsky--stv.sudrf.ru,да,26RS0017
Ставропольский край,Кочубеевское,Кочубеевский,Кочубеевский районный суд Ставропольского края,районный_городской,"Районный, городской, межрайонный суд","357000, Ставропольский край, с Кочубеевское, ул Братская, зд 104",https://kochubeevsky--stv.sudrf.ru/,kochubeevsky--stv.sudrf.ru,да,26RS0020
Ставропольский край,Красногвардейское,Красногвардейский,Красногвардейский районный суд Ставропольского края,районный_городской,"Районный, городской, межрайонный суд","356030, Ставропольский край, с Красногвардейское, ул Ленина, д 91",https://krasnogvardeysky--stv.sudrf.ru/,krasnogvardeysky--stv.sudrf.ru,да,26RS0018
Ставропольский край,Курсавка,Андроповский,Андроповский районный суд Ставропольского края,районный_городской,"Районный, городской, межрайонный суд","357070, Ставропольский край, с Курсавка, ул Стратийчука, д 126А",https://andropovsky--stv.sudrf.ru/,andropovsky--stv.sudrf.ru,да,26RS0007
Ставропольский край,Курская,Курский,Курский районный суд Ставропольского края,районный_городской,"Районный, городской, межрайонный суд","357851, Ставропольский край, ст-ца Курская, ул Комарова, д 2А",https://kursky--stv.sudrf.ru/,kursky--stv.sudrf.ru,да,26RS0019
Ставропольский край,Левокумское,Левокумский,Левокумский районный суд Ставропольского края,районный_городской,"Районный, городской, межрайонный суд","357961, Ставропольский край, с Левокумское, ул Молодогвардейская, д 15",https://levokumsky--stv.sudrf.ru/,levokumsky--stv.sudrf.ru,да,26RS0022
Ставропольский край,Лермонтов,,Лермонтовский городской суд Ставропольского края,районный_городской,"Районный, городской, межрайонный суд","357342, Ставропольский край, г Лермонтов, ул Пятигорская, д 11",https://lermontovsky--stv.sudrf.ru/,lermontovsky--stv.sudrf.ru,да,26RS0021
Ставропольский край,Летняя Ставка,Туркменский,Туркменский районный суд Ставропольского края,районный_городской,"Районный, городской, межрайонный суд","356540, Ставропольский край, с Летняя Ставка, ул Советская, д 128А",https://turkmensky--stv.sudrf.ru/,turkmensky--stv.sudrf.ru,да,26RS0034
Ставропольский край,Минеральные Воды,,Минераловодский городской суд Ставропольского края,районный_городской,"Районный, городской, межрайонный суд","357202, Ставропольский край, г Минеральные Воды, пр-кт Карла Маркса, д 58",https://mineralovodsky--stv.sudrf.ru/,mineralovodsky--stv.sudrf.ru,да,26RS0023
Ставропольский край,Михайловск,Шпаковский,Шпаковский районный суд Ставропольского края,районный_городской,"Районный, городской, межрайонный суд","356240, Ставропольский край, г Михайловск, ул Гагарина, д 372",https://shpakovsky--stv.sudrf.ru/,shpakovsky--stv.sudrf.ru,да,26RS0035
Ставропольский край,Невинномысск,,Невинномысский городской суд Ставропольского края,районный_городской,"Районный, городской, межрайонный суд","357100, Ставропольский край, г Невинномысск, ул Степная, д 16Б",https://nevinnomysky--stv.sudrf.ru/,nevinnomysky--stv.sudrf.ru,да,26RS0024
Ставропольский край,Нефтекумск,Нефтекумский,Нефтекумский районный суд Ставропольского края,районный_городской,"Районный, городской, межрайонный суд","356882, Ставропольский край, г Нефтекумск, ул Дзержинского, д 11",https://neftekumsky--stv.sudrf.ru/,neftekumsky--stv.sudrf.ru,да,26RS0026
Ставропольский край,Новоалександровск,Новоалександровский,Новоалександровский районный суд Ставропольского края,районный_городской,"Районный, городской, межрайонный суд","356000, Ставропольский край, г Новоалександровск, ул Ленина, д 123",https://novoaleksandrovsky--stv.sudrf.ru/,novoaleksandrovsky--stv.sudrf.ru,да,26RS0025
Ставропольский край,Новопавловск,Кировский,Кировский районный суд Ставропольского края,районный_городской,"Районный, городской, межрайонный суд","357300, Ставропольский край, г Новопавловск, ул Ставропольская, д 56",https://kirovsky--stv.sudrf.ru/,kirovsky--stv.sudrf.ru,да,26RS0016
Ставропольский край,Новоселицкое,Новоселицкий,Новоселицкий районный суд Ставропольского края,районный_городской,"Районный, городской, межрайонный суд","356350, Ставропольский край, с Новоселицкое, ул Школьная, д 8",https://novoselicky--stv.sudrf.ru/,novoselicky--stv.sudrf.ru,да,26RS0027
Ставропольский край,Пятигорск,,Пятый кассационный суд общей юрисдикции,кассация,Кассационный суд общей юрисдикции,"357503, Ставропольский край, г Пятигорск, ул Октябрьская, зд 15",https://5kas.sudrf.ru/,5kas.sudrf.ru,да,26KJ0005
Ставропольский край,Пятигорск,,Пятигорский городской суд Ставропольского края,районный_городской,"Районный, городской, межрайонный суд","357502, Ставропольский край, г Пятигорск, ул Университетская, д 34А",https://piatigorsky--stv.sudrf.ru/,piatigorsky--stv.sudrf.ru,да,26RS0029
Ставропольский край,Светлоград,Петровский,Петровский районный суд Ставропольского края,районный_городской,"Районный, городской, межрайонный суд","356530, Ставропольский край, г Светлоград, ул Ленина, зд 24",https://petrovsky--stv.sudrf.ru/,petrovsky--stv.sudrf.ru,да,26RS0028
Ставропольский край,Ставрополь,,Ставропольский краевой суд,областной,Областной и равный ему суд,"355035, г Ставрополь, ул Лермонтова, д 183",https://kraevoy--stv.sudrf.ru/,kraevoy--stv.sudrf.ru,да,26OS0000
Ставропольский край,Ставрополь,Ленинский,Ленинский районный суд г. Ставрополя,районный_городской,"Районный, городской, межрайонный суд","355035, г Ставрополь, ул Дзержинского, д 235",https://lenynsky--stv.sudrf.ru/,lenynsky--stv.sudrf.ru,да,26RS0002
Ставропольский край,Ставрополь,Октябрьский,Октябрьский районный суд г. Ставрополя,районный_городской,"Районный, городской, межрайонный суд","355035, г Ставрополь, ул Дзержинского, д 235",https://oktyabrsky--stv.sudrf.ru/,oktyabrsky--stv.sudrf.ru,да,26RS0003
Ставропольский край,Ставрополь,Промышленный,Промышленный районный суд г. Ставрополя,районный_городской,"Районный, городской, межрайонный суд","355035, г Ставрополь, ул Дзержинского, д 235",https://promyshleny--stv.sudrf.ru/,promyshleny--stv.sudrf.ru,да,26RS0001
Ставропольский край,Степное,Степновский,Степновский районный суд Ставропольского края,районный_городской,"Районный, городской, межрайонный суд","357930, Ставропольский край, с Степное, ул П.Явецкого, д 61",https://stepnovsky--stv.sudrf.ru/,stepnovsky--stv.sudrf.ru,да,26RS0032
Тамбовская область,Бондари,Бондарский,Бондарский районный суд Тамбовской области,районный_городской,"Районный, городской, межрайонный суд","393230, Тамбовская обл, с Бондари, ул Советская, д 21",https://bondarsky--tmb.sudrf.ru/,bondarsky--tmb.sudrf.ru,да,68RS0005
Тамбовская область,Гавриловка 2-я,Гавриловский,Гавриловский районный суд Тамбовской области,районный_городской,"Районный, городской, межрайонный суд","393160, Тамбовская обл, с Гавриловка 2-я, ул Мира, д 35",https://gavrilovsky--tmb.sudrf.ru/,gavrilovsky--tmb.sudrf.ru,да,68RS0006
Тамбовская область,Дмитриевка,Никифоровский,Никифоровский районный суд Тамбовской области,районный_городской,"Районный, городской, межрайонный суд","393000, Тамбовская обл, рп Дмитриевка, ул 1-я Дачная, д 24",https://nikiforovsky--tmb.sudrf.ru/,nikiforovsky--tmb.sudrf.ru,да,68RS0017
Тамбовская область,Жердевка,Жердевский,Жердевский районный суд Тамбовской области,районный_городской,"Районный, городской, межрайонный суд","393670, Тамбовская обл, г Жердевка, ул Советская, д 48",https://zherdevsky--tmb.sudrf.ru/,zherdevsky--tmb.sudrf.ru,да,68RS0007
Тамбовская область,Знаменка,Знаменский,Знаменский районный суд Тамбовской области,районный_городской,"Районный, городской, межрайонный суд","393400, Тамбовская обл, рп Знаменка, ул Красная площадь, д 4",https://sud4--tmb.sudrf.ru/,sud4--tmb.sudrf.ru,да,68RS0008
Тамбовская область,Инжавино,Инжавинский,Инжавинский районный суд Тамбовской области,районный_городской,"Районный, городской, межрайонный суд","393310, Тамбовская обл, рп Инжавино, ул Советская, д 44",https://inzhavinsky--tmb.sudrf.ru/,inzhavinsky--tmb.sudrf.ru,да,68RS0009
Тамбовская область,Кирсанов,Кирсановский,Кирсановский районный суд Тамбовской области,районный_городской,"Районный, городской, межрайонный суд","393364, Тамбовская обл, г Кирсанов, ул Интернациональная, д 14",https://kirsanovsky--tmb.sudrf.ru/,kirsanovsky--tmb.sudrf.ru,да,68RS0010
Тамбовская область,Котовск,,Котовский городской суд Тамбовской области,районный_городской,"Районный, городской, межрайонный суд","393190, Тамбовская обл, г Котовск, ул Кирова, д 3",https://kotovsky--tmb.sudrf.ru/,kotovsky--tmb.sudrf.ru,да,68RS0011
Тамбовская область,Мичуринск,,Мичуринский городской суд Тамбовской области,районный_городской,"Районный, городской, межрайонный суд","393761, Тамбовская обл, г Мичуринск, ш Липецкое, д 55",https://michurinskygs--tmb.sudrf.ru/,michurinskygs--tmb.sudrf.ru,да,68RS0013
Тамбовская область,Мичуринск,Мичуринский,Мичуринский районный суд Тамбовской области,районный_городской,"Районный, городской, межрайонный суд","393761, Тамбовская обл, г Мичуринск, ул Красная, д 75",https://michurinskyrs--tmb.sudrf.ru/,michurinskyrs--tmb.sudrf.ru,да,68RS0012
Тамбовская область,Мордово,Мордовский,Мордовский районный суд Тамбовской области,районный_городской,"Районный, городской, межрайонный суд","393600, Тамбовская обл, рп Мордово, ул Коммунальная, д 37",https://mordovsky--tmb.sudrf.ru/,mordovsky--tmb.sudrf.ru,да,68RS0014
Тамбовская область,Моршанск,Моршанский,Моршанский районный суд Тамбовской области,районный_городской,"Районный, городской, межрайонный суд","393950, Тамбовская обл, г Моршанск, ул Ленина, д 44",https://morshansky--tmb.sudrf.ru/,morshansky--tmb.sudrf.ru,да,68RS0015
Тамбовская область,Мучкапский,Мучкапский,Мучкапский районный суд Тамбовской области,районный_городской,"Районный, городской, межрайонный суд","393570, Тамбовская обл, рп Мучкапский, ул Советская, д 6",https://muchkapsky--tmb.sudrf.ru/,muchkapsky--tmb.sudrf.ru,да,68RS0016
Тамбовская область,Первомайский,Первомайский,Первомайский районный суд Тамбовской области,районный_городской,"Районный, городской, межрайонный суд","393700, Тамбовская обл, рп Первомайский, пл Ленина, д 9",https://pervomaisky--tmb.sudrf.ru/,pervomaisky--tmb.sudrf.ru,да,68RS0018
Тамбовская область,Петровское,Петровский,Петровский районный суд Тамбовской области,районный_городской,"Районный, городской, межрайонный суд","393070, Тамбовская обл, с Петровское, ул Интернациональная, д 29",https://petrovsky--tmb.sudrf.ru/,petrovsky--tmb.sudrf.ru,да,68RS0019
Тамбовская область,Пичаево,Пичаевский,Пичаевский районный суд Тамбовской области,районный_городской,"Районный, городской, межрайонный суд","393970, Тамбовская обл, с Пичаево, ул Пролетарская, д 22",https://pichaevsky--tmb.sudrf.ru/,pichaevsky--tmb.sudrf.ru,да,68RS0020
Тамбовская область,Рассказово,Рассказовский,Рассказовский районный суд Тамбовской области,районный_городской,"Районный, городской, межрайонный суд","393250, Тамбовская обл, г Рассказово, ул Куйбышева, д 51",https://sud2468--tmb.sudrf.ru/,sud2468--tmb.sudrf.ru,да,68RS0021
Тамбовская область,Ржакса,Ржаксинский,Ржаксинский районный суд Тамбовской области,районный_городской,"Районный, городской, межрайонный суд","393520, Тамбовская обл, рп Ржакса, ул Коммунальная, д 11",https://rzhaksinsky--tmb.sudrf.ru/,rzhaksinsky--tmb.sudrf.ru,да,68RS0022
Тамбовская область,Сатинка,Сампурский,Сампурский районный суд Тамбовской области,районный_городской,"Районный, городской, межрайонный суд","393430, Тамбовская обл, п Сатинка, ул Советская, д 35",https://sampursky--tmb.sudrf.ru/,sampursky--tmb.sudrf.ru,да,68RS0023
Тамбовская область,Сосновка,Сосновский,Сосновский районный суд Тамбовской области,районный_городской,"Районный, городской, межрайонный суд","393840, Тамбовская обл, рп Сосновка, ул Вокзальная, д 13",https://sud20--tmb.sudrf.ru/,sud20--tmb.sudrf.ru,да,68RS0024
Тамбовская область,Староюрьево,Староюрьевский,Староюрьевский районный суд Тамбовской области,районный_городской,"Районный, городской, межрайонный суд","393800, Тамбовская обл, с Староюрьево, ул Космонавтов, д 5А",https://starourievsky--tmb.sudrf.ru/,starourievsky--tmb.sudrf.ru,да,68RS0025
Тамбовская область,Тамбов,,Тамбовский областной суд,областной,Областной и равный ему суд,"392000, г Тамбов, ул Коммунальная, д 8",https://oblsud--tmb.sudrf.ru/,oblsud--tmb.sudrf.ru,да,68OS0000
Тамбовская область,Тамбов,Ленинский,Ленинский районный суд г. Тамбова,районный_городской,"Районный, городской, межрайонный суд","392036, г Тамбов, ул Интернациональная, д 63",https://sud24--tmb.sudrf.ru/,sud24--tmb.sudrf.ru,да,68RS0002
Тамбовская область,Тамбов,Октябрьский,Октябрьский районный суд г. Тамбова,районный_городской,"Районный, городской, межрайонный суд","392000, г Тамбов, ул Карла Маркса, д 406",https://sud23--tmb.sudrf.ru/,sud23--tmb.sudrf.ru,да,68RS0001
Тамбовская область,Тамбов,Советский,Советский районный суд г. Тамбова,районный_городской,"Районный, городской, межрайонный суд","392036, г Тамбов, ул Интернациональная, д 63",https://sud25--tmb.sudrf.ru/,sud25--tmb.sudrf.ru,да,68RS0003
Тамбовская область,Тамбов,Тамбовский,Тамбовский районный суд Тамбовской области,районный_городской,"Районный, городской, межрайонный суд","392028, г Тамбов, ул Полынковская, д 64А",https://sud22--tmb.sudrf.ru/,sud22--tmb.sudrf.ru,да,68RS0004
Тамбовская область,Токарёвка,Токаревский,Токаревский районный суд Тамбовской области,районный_городской,"Районный, городской, межрайонный суд","393550, Тамбовская обл, рп Токарёвка, ул Маяковского, д 1",https://tokarevsky--tmb.sudrf.ru/,tokarevsky--tmb.sudrf.ru,да,68RS0026
Тамбовская область,Уварово,Уваровский,Уваровский районный суд Тамбовской области,районный_городской,"Районный, городской, межрайонный суд","393460, Тамбовская обл, г Уварово, ул Гагарина, д 3",https://uvarovsky--tmb.sudrf.ru/,uvarovsky--tmb.sudrf.ru,да,68RS0027
Тамбовская область,Умет,Уметский,Уметский районный суд Тамбовской области,районный_городской,"Районный, городской, межрайонный суд","393130, Тамбовская обл, рп Умет, ул Советская, д 76",https://umetsky--tmb.sudrf.ru/,umetsky--tmb.sudrf.ru,да,68RS0028
Тверская область,Бежецк,Бежецкий,Бежецкий межрайонный суд Тверской области,районный_городской,"Районный, городской, межрайонный суд","171980, Тверская обл, г Бежецк, ул Красноармейская, д 12",https://bezhecky--twr.sudrf.ru/,bezhecky--twr.sudrf.ru,да,69RS0002
Тверская область,Бологое,,Бологовский городской суд Тверской области,районный_городской,"Районный, городской, межрайонный суд","171080, Тверская обл, г Бологое, ул Кирова, д 9",https://bologovsky--twr.sudrf.ru/,bologovsky--twr.sudrf.ru,да,69RS0004
Тверская область,Вышний Волочек,Вышневолоцкий,Вышневолоцкий межрайонный суд Тверской области,районный_городской,"Районный, городской, межрайонный суд","171163, Тверская обл, г Вышний Волочек, пр-кт Казанский, д 18",https://vyshnevolocky--twr.sudrf.ru/,vyshnevolocky--twr.sudrf.ru,да,69RS0006
Тверская область,Западная Двина,Западнодвинский,Западнодвинский межрайонный суд Тверской области,районный_городской,"Районный, городской, межрайонный суд","172610, Тверская обл, г Западная Двина, ул Фадеева, зд 16",https://zapadnodvinsky--twr.sudrf.ru/,zapadnodvinsky--twr.sudrf.ru,да,69RS0008
Тверская область,Зубцов,Зубцовский,Зубцовский районный суд Тверской области,районный_городской,"Районный, городской, межрайонный суд","172332, Тверская обл, г Зубцов, ул Победы, д 12А",https://zubcovsky--twr.sudrf.ru/,zubcovsky--twr.sudrf.ru,да,69RS0009
Тверская область,Калязин,Калязинский,Калязинский районный суд Тверской области,районный_городской,"Районный, городской, межрайонный суд","171573, Тверская обл, г Калязин, ул Красноармейская, зд 1/23",https://kaliazinsky--twr.sudrf.ru/,kaliazinsky--twr.sudrf.ru,да,69RS0010
Тверская область,Кашин,Кашинский,Кашинский межрайонный суд Тверской области,районный_городской,"Районный, городской, межрайонный суд","171640, Тверская обл, г Кашин, наб Судейская, д 1/2",https://kashinsky--twr.sudrf.ru/,kashinsky--twr.sudrf.ru,да,69RS0011
Тверская область,Кимры,,Кимрский городской суд Тверской области,районный_городской,"Районный, городской, межрайонный суд","171501, Тверская обл, г Кимры, ул Володарского, д 102А",https://kimrsky--twr.sudrf.ru/,kimrsky--twr.sudrf.ru,да,69RS0013
Тверская область,Конаково,,Конаковский городской суд Тверской области,районный_городской,"Районный, городской, межрайонный суд","171255, Тверская обл, г Конаково, ул Васильковского, д 13",https://konakovsky--twr.sudrf.ru/,konakovsky--twr.sudrf.ru,да,69RS0014
Тверская область,Лихославль,Лихославльский,Лихославльский районный суд Тверской области,районный_городской,"Районный, городской, межрайонный суд","171210, Тверская обл, г Лихославль, ул Гагарина, д 51",https://lihoslavlsky--twr.sudrf.ru/,lihoslavlsky--twr.sudrf.ru,да,69RS0018
Тверская область,Максатиха,Максатихинский,Максатихинский межрайонный суд Тверской области,районный_городской,"Районный, городской, межрайонный суд","171900, Тверская обл, пгт Максатиха, ул имени Василенкова, д 20",https://maksatihinsky--twr.sudrf.ru/,maksatihinsky--twr.sudrf.ru,да,69RS0019
Тверская область,Нелидово,Нелидовский,Нелидовский межрайонный суд Тверской области,районный_городской,"Районный, городской, межрайонный суд","172521, Тверская обл, г Нелидово, ул Советская, д 21",https://nelidovsky--twr.sudrf.ru/,nelidovsky--twr.sudrf.ru,да,69RS0021
Тверская область,Осташков,Осташковский,Осташковский межрайонный суд Тверской области,районный_городской,"Районный, городской, межрайонный суд","172735, Тверская обл, г Осташков, ул Тимофеевская, д 58",https://ostashkovsky--twr.sudrf.ru/,ostashkovsky--twr.sudrf.ru,да,69RS0023
Тверская область,Рамешки,Рамешковский,Рамешковский районный суд Тверской области,районный_городской,"Районный, городской, межрайонный суд","171400, Тверская обл, пгт Рамешки, ул Советская, д 22",https://rameshkovsky--twr.sudrf.ru/,rameshkovsky--twr.sudrf.ru,да,69RS0025
Тверская область,Ржев,,Ржевский городской суд Тверской области,районный_городской,"Районный, городской, межрайонный суд","172390, Тверская обл, г Ржев, ул Кирова, д 2",https://rzhevsky--twr.sudrf.ru/,rzhevsky--twr.sudrf.ru,да,69RS0026
Тверская область,Старица,Старицкий,Старицкий районный суд Тверской области,районный_городской,"Районный, городской, межрайонный суд","171360, Тверская обл, г Старица, ул Советская, д 4",https://staricky--twr.sudrf.ru/,staricky--twr.sudrf.ru,да,69RS0031
Тверская область,Тверь,,Тверской областной суд,областной,Областной и равный ему суд,"170006, г Тверь, ул Брагина, д 1",https://oblsud--twr.sudrf.ru/,oblsud--twr.sudrf.ru,да,69OS0000
Тверская область,Тверь,Заволжский,Заволжский районный суд г. Твери,районный_городской,"Районный, городской, межрайонный суд","170100, г Тверь, ул Московская, д 115",https://zavolzhsky--twr.sudrf.ru/,zavolzhsky--twr.sudrf.ru,да,69RS0036
Тверская область,Тверь,Калининский,Калининский районный суд Тверской области,районный_городской,"Районный, городской, межрайонный суд","170100, г Тверь, наб Реки Лазури, д 5",https://kalininsky--twr.sudrf.ru/,kalininsky--twr.sudrf.ru,да,69RS0037
Тверская область,Тверь,Московский,Московский районный суд г. Твери,районный_городской,"Районный, городской, межрайонный суд","170100, г Тверь, ул Московская, д 115",https://moskovsky--twr.sudrf.ru/,moskovsky--twr.sudrf.ru,да,69RS0038
Тверская область,Тверь,Пролетарский,Пролетарский районный суд г. Твери,районный_городской,"Районный, городской, межрайонный суд","170001, г Тверь, пр-кт Калинина, д 16",https://proletarsky--twr.sudrf.ru/,proletarsky--twr.sudrf.ru,да,69RS0039
Тверская область,Тверь,Центральный,Центральный районный суд г. Твери,районный_городской,"Районный, городской, межрайонный суд","170033, г Тверь, пр-кт Волоколамский, д 31",https://centralny--twr.sudrf.ru/,centralny--twr.sudrf.ru,да,69RS0040
Тверская область,Торжок,Торжокский,Торжокский межрайонный суд Тверской области,районный_городской,"Районный, городской, межрайонный суд","172008, Тверская обл, г Торжок, ул Дзержинского, д 42",https://torzhoksky--twr.sudrf.ru/,torzhoksky--twr.sudrf.ru,да,69RS0032
Тверская область,Торопец,Торопецкий,Торопецкий районный суд Тверской области,районный_городской,"Районный, городской, межрайонный суд","172840, Тверская обл, г Торопец, ул Советская, д 33",https://toropecky--twr.sudrf.ru/,toropecky--twr.sudrf.ru,да,69RS0033
Тверская область,Удомля,,Удомельский городской суд Тверской области,районный_городской,"Районный, городской, межрайонный суд","171841, Тверская обл, г Удомля, пр-кт Курчатова, д 20",https://udomelsky--twr.sudrf.ru/,udomelsky--twr.sudrf.ru,да,69RS0034
Томская область,Александровское,Александровский,Александровский районный суд Томской области,районный_городской,"Районный, городской, межрайонный суд","636760, Томская обл, с Александровское, ул Мира, д 2В",https://aleksandrovsky--tms.sudrf.ru/,aleksandrovsky--tms.sudrf.ru,да,70RS0011
Томская область,Асино,,Асиновский городской суд Томской области,районный_городской,"Районный, городской, межрайонный суд","636840, Томская обл, г Асино, ул Советская, д 54",https://asinovsky--tms.sudrf.ru/,asinovsky--tms.sudrf.ru,да,70RS0006
Томская область,Бакчар,Бакчарский,Бакчарский районный суд Томской области,районный_городской,"Районный, городской, межрайонный суд","636200, Томская обл, с Бакчар, ул Ленина, д 52",https://bakcharsky--tms.sudrf.ru/,bakcharsky--tms.sudrf.ru,да,70RS0012
Томская область,Белый Яр,Верхнекетский,Верхнекетский районный суд Томской области,районный_городской,"Районный, городской, межрайонный суд","636500, Томская обл, рп Белый Яр, ул Гагарина, д 51",https://verhneketsky--tms.sudrf.ru/,verhneketsky--tms.sudrf.ru,да,70RS0013
Томская область,Зырянское,Зырянский,Зырянский районный суд Томской области,районный_городской,"Районный, городской, межрайонный суд","636850, Томская обл, с Зырянское, ул Советская, д 9",https://zyriansky--tms.sudrf.ru/,zyriansky--tms.sudrf.ru,да,70RS0014
Томская область,Каргасок,Каргасокский,Каргасокский районный суд Томской области,районный_городской,"Районный, городской, межрайонный суд","636700, Томская обл, с Каргасок, ул Голещихина, зд 32",https://kargosoksky--tms.sudrf.ru/,kargosoksky--tms.sudrf.ru,да,70RS0016
Томская область,Кедровый,,Кедровский городской суд Томской области,районный_городской,"Районный, городской, межрайонный суд","636615, Томская обл, г Кедровый, мкр 1-й, д 29",https://kedrovsky--tms.sudrf.ru/,kedrovsky--tms.sudrf.ru,да,70RS0007
Томская область,Кожевниково,Кожевниковский,Кожевниковский районный суд Томской области,районный_городской,"Районный, городской, межрайонный суд","636160, Томская обл, с Кожевниково, пер Северный, зд 1",https://kozhevnikovsky--tms.sudrf.ru/,kozhevnikovsky--tms.sudrf.ru,да,70RS0015
Томская область,Колпашево,,Колпашевский городской суд Томской области,районный_городской,"Районный, городской, межрайонный суд","636460, Томская обл, г Колпашево, ул Коммунистическая, д 5",https://kolpashevsky--tms.sudrf.ru/,kolpashevsky--tms.sudrf.ru,да,70RS0008
Томская область,Кривошеино,Кривошеинский,Кривошеинский районный суд Томской области,районный_городской,"Районный, городской, межрайонный суд","636300, Томская обл, с Кривошеино, пер Кооперативный, д 12",https://krivosheinsky--tms.sudrf.ru/,krivosheinsky--tms.sudrf.ru,да,70RS0017
Томская область,Мельниково,Шегарский,Шегарский районный суд Томской области,районный_городской,"Районный, городской, межрайонный суд","636130, Томская обл, с Мельниково, ул Коммунистическая, д 6",https://shegarsky--tms.sudrf.ru/,shegarsky--tms.sudrf.ru,да,70RS0023
Томская область,Молчаново,Молчановский,Молчановский районный суд Томской области,районный_городской,"Районный, городской, межрайонный суд","636330, Томская обл, с Молчаново, ул Димитрова, д 55",https://molchanovsky--tms.sudrf.ru/,molchanovsky--tms.sudrf.ru,да,70RS0018
Томская область,Парабель,Парабельский,Парабельский районный суд Томской области,районный_городской,"Районный, городской, межрайонный суд","636600, Томская обл, с Парабель, ул Советская, д 26",https://parabelsky--tms.sudrf.ru/,parabelsky--tms.sudrf.ru,да,70RS0019
Томская область,Первомайское,Первомайский,Первомайский районный суд Томской области,районный_городской,"Районный, городской, межрайонный суд","636930, Томская обл, с Первомайское, пер Молодежный, д 9",https://pervomaysky--tms.sudrf.ru/,pervomaysky--tms.sudrf.ru,да,70RS0020
Томская область,Подгорное,Чаинский,Чаинский районный суд Томской области,районный_городской,"Районный, городской, межрайонный суд","636400, Томская обл, с Подгорное, ул Трактовая, д 4",https://chainsky--tms.sudrf.ru/,chainsky--tms.sudrf.ru,да,70RS0022
Томская область,Северск,,Северский городской суд Томской области,районный_городской,"Районный, городской, межрайонный суд","636000, Томская обл, г Северск, ул Комсомольская, д 2",https://seversky--tms.sudrf.ru/,seversky--tms.sudrf.ru,да,70RS0009
Томская область,Стрежевой,,Стрежевской городской суд Томской области,районный_городской,"Районный, городской, межрайонный суд","636785, Томская обл, г Стрежевой, мкр 4-й, д 430",https://strezhevskoy--tms.sudrf.ru/,strezhevskoy--tms.sudrf.ru,да,70RS0010
Томская область,Тегульдет,Тегульдетский,Тегульдетский районный суд Томской области,районный_городской,"Районный, городской, межрайонный суд","636900, Томская обл, с Тегульдет, ул Парковая, д 11",https://teguldetsky--tms.sudrf.ru/,teguldetsky--tms.sudrf.ru,да,70RS0021
Томская область,Томск,,Томский областной суд,областной,Областной и равный ему суд,"634003, г Томск, пер Макушина, д 8",https://oblsud--tms.sudrf.ru/,oblsud--tms.sudrf.ru,да,70OS0000
Томская область,Томск,Кировский,Кировский районный суд г. Томска,районный_городской,"Районный, городской, межрайонный суд","634041, г Томск, ул Дзержинского, д 58",https://kirovsky--tms.sudrf.ru/,kirovsky--tms.sudrf.ru,да,70RS0001
Томская область,Томск,Ленинский,Ленинский районный суд г. Томска,районный_городской,"Районный, городской, межрайонный суд","634050, г Томск, пер Батенькова, д 6",https://leninsky--tms.sudrf.ru/,leninsky--tms.sudrf.ru,да,70RS0002
Томская область,Томск,Октябрьский,Октябрьский районный суд г. Томска,районный_городской,"Районный, городской, межрайонный суд","634034, г Томск, пр-кт Ленина, д 21",https://oktiabrsky--tms.sudrf.ru/,oktiabrsky--tms.sudrf.ru,да,70RS0003
Томская область,Томск,Советский,Советский районный суд г. Томска,районный_городской,"Районный, городской, межрайонный суд","634050, г Томск, ул Карташова, д 45",https://sovetsky--tms.sudrf.ru/,sovetsky--tms.sudrf.ru,да,70RS0004
Томская область,Томск,Томский,Томский районный суд Томской области,районный_городской,"Районный, городской, межрайонный суд","634050, г Томск, ул Обруб, д 8",https://tomsky--tms.sudrf.ru/,tomsky--tms.sudrf.ru,да,70RS0005
Тульская область,,Ленинский,Ленинский районный суд Тульской области,районный_городской,"Районный, городской, межрайонный суд","301130, Тульская обл, сп Ленинский, ул Ленина, зд 9А",https://leninsky--tula.sudrf.ru/,leninsky--tula.sudrf.ru,да,71RS0015
Тульская область,Алексин,Алексинский,Алексинский межрайонный суд Тульской области,районный_городской,"Районный, городской, межрайонный суд","301360, Тульская обл, г Алексин, ул В.Смирнова, д 35В",https://aleksinsky--tula.sudrf.ru/,aleksinsky--tula.sudrf.ru,да,71RS0001
Тульская область,Богородицк,Богородицкий,Богородицкий межрайонный суд Тульской области,районный_городской,"Районный, городской, межрайонный суд","301835, Тульская обл, г Богородицк, ул Володарского, д 10",https://bogorodicky--tula.sudrf.ru/,bogorodicky--tula.sudrf.ru,да,71RS0004
Тульская область,Венев,Веневский,Веневский районный суд Тульской области,районный_городской,"Районный, городской, межрайонный суд","301320, Тульская обл, г Венев, пл Ильича, д 4А",https://venevsky--tula.sudrf.ru/,venevsky--tula.sudrf.ru,да,71RS0005
Тульская область,Донской,,Донской городской суд Тульской области,районный_городской,"Районный, городской, межрайонный суд","301760, Тульская обл, г Донской, мкр Центральный, ул Октябрьская, д 15",https://donskoy--tula.sudrf.ru/,donskoy--tula.sudrf.ru,да,71RS0007
Тульская область,Ефремов,Ефремовский,Ефремовский межрайонный суд Тульской области,районный_городской,"Районный, городской, межрайонный суд","301840, Тульская обл, г Ефремов, ул Свердлова, д 99",https://efremovsky--tula.sudrf.ru/,efremovsky--tula.sudrf.ru,да,71RS0009
Тульская область,Кимовск,Кимовский,Кимовский районный суд Тульской области,районный_городской,"Районный, городской, межрайонный суд","301720, Тульская обл, г Кимовск, ул Бессолова, д 8",https://kimovsky--tula.sudrf.ru/,kimovsky--tula.sudrf.ru,да,71RS0012
Тульская область,Киреевск,Киреевский,Киреевский районный суд Тульской области,районный_городской,"Районный, городской, межрайонный суд","301260, Тульская обл, г Киреевск, ул Школьная, д 10",https://kireevsky--tula.sudrf.ru/,kireevsky--tula.sudrf.ru,да,71RS0013
Тульская область,Новомосковск,Новомосковский,Новомосковский районный суд Тульской области,районный_городской,"Районный, городской, межрайонный суд","301650, Тульская обл, г Новомосковск, ул Трудовые Резервы, д 40",https://novomoskovsky--tula.sudrf.ru/,novomoskovsky--tula.sudrf.ru,да,71RS0016
Тульская область,Одоев,Одоевский,Одоевский межрайонный суд Тульской области,районный_городской,"Районный, городской, межрайонный суд","301440, Тульская обл, рп Одоев, ул Льва Толстого, д 26А",https://odoevsky--tula.sudrf.ru/,odoevsky--tula.sudrf.ru,да,71RS0017
Тульская область,Плавск,Плавский,Плавский межрайонный суд Тульской области,районный_городской,"Районный, городской, межрайонный суд","301470, Тульская обл, г Плавск, пл Свободы, д 14/1",https://plavsky--tula.sudrf.ru/,plavsky--tula.sudrf.ru,да,71RS0018
Тульская область,Суворов,Суворовский,Суворовский межрайонный суд Тульской области,районный_городской,"Районный, городской, межрайонный суд","301430, Тульская обл, г Суворов, ул Энергетиков, д 1А",https://suvorovsky--tula.sudrf.ru/,suvorovsky--tula.sudrf.ru,да,71RS0019
Тульская область,Тула,,Тульский областной суд,областной,Областной и равный ему суд,"300041, г Тула, пр-кт Ленина, д 45",https://oblsud--tula.sudrf.ru/,oblsud--tula.sudrf.ru,да,71OS0000
Тульская область,Тула,Зареченский,Зареченский районный суд г.Тулы,районный_городской,"Районный, городской, межрайонный суд","300002, г Тула, ул Литейная, д 8",https://zarechensky--tula.sudrf.ru/,zarechensky--tula.sudrf.ru,да,71RS0025
Тульская область,Тула,Привокзальный,Привокзальный районный суд г.Тулы,районный_городской,"Районный, городской, межрайонный суд","300013, г Тула, ул Болдина, д 50",https://privokzalny--tula.sudrf.ru/,privokzalny--tula.sudrf.ru,да,71RS0026
Тульская область,Тула,Пролетарский,Пролетарский районный суд г.Тулы,районный_городской,"Районный, городской, межрайонный суд","300004, г Тула, ул Марата, д 162А",https://proletarsky--tula.sudrf.ru/,proletarsky--tula.sudrf.ru,да,71RS0027
Тульская область,Тула,Советский,Советский районный суд г. Тулы,районный_городской,"Районный, городской, межрайонный суд","300034, г Тула, ул Демонстрации, д 25",https://sovetsky--tula.sudrf.ru/,sovetsky--tula.sudrf.ru,да,71RS0028
Тульская область,Тула,Центральный,Центральный районный суд г.Тулы,районный_городской,"Районный, городской, межрайонный суд","300002, г Тула, ул Луначарского, д 76",https://centralny--tula.sudrf.ru/,centralny--tula.sudrf.ru,да,71RS0029
Тульская область,Узловая,Узловский,Узловский районный суд Тульской области,районный_городской,"Районный, городской, межрайонный суд","301600, Тульская обл, г Узловая, ул Гагарина, д 26",https://uzlovsky--tula.sudrf.ru/,uzlovsky--tula.sudrf.ru,да,71RS0021
Тульская область,Щекино,Щекинский,Щекинский межрайонный суд Тульской области,районный_городской,"Районный, городской, межрайонный суд","301241, Тульская обл, г Щекино, ул Южная, д 6",https://schekinsky--tula.sudrf.ru/,schekinsky--tula.sudrf.ru,да,71RS0023
Тульская область,Ясногорск,Ясногорский,Ясногорский районный суд Тульской области,районный_городской,"Районный, городской, межрайонный суд","301030, Тульская обл, г Ясногорск, ул Комсомольская, зд 5",https://yazsnogorsky--tula.sudrf.ru/,yazsnogorsky--tula.sudrf.ru,да,71RS0024
Тюменская область,Абатское,Абатский,Абатский районный суд Тюменской области,районный_городской,"Районный, городской, межрайонный суд","627540, Тюменская обл, с Абатское, ул 1 Мая, зд 5",https://abatsky--tum.sudrf.ru/,abatsky--tum.sudrf.ru,да,72RS0001
Тюменская область,Армизонское,Армизонский,Армизонский районный суд Тюменской области,районный_городской,"Районный, городской, межрайонный суд","627220, Тюменская обл, с Армизонское, ул Дзержинского, зд 3",https://armizonsky--tum.sudrf.ru/,armizonsky--tum.sudrf.ru,да,72RS0002
Тюменская область,Бердюжье,Бердюжский,Бердюжский районный суд Тюменской области,районный_городской,"Районный, городской, межрайонный суд","627440, Тюменская обл, с Бердюжье, ул Ленина, д 37",https://berduzhsky--tum.sudrf.ru/,berduzhsky--tum.sudrf.ru,да,72RS0004
Тюменская область,Большое Сорокино,Сорокинский,Сорокинский районный суд Тюменской области,районный_городской,"Районный, городской, межрайонный суд","627500, Тюменская обл, с Большое Сорокино, ул 40 лет Октября, зд 10",https://sorokinsky--tum.sudrf.ru/,sorokinsky--tum.sudrf.ru,да,72RS0018
Тюменская область,Вагай,Вагайский,Вагайский районный суд Тюменской области,районный_городской,"Районный, городской, межрайонный суд","626240, Тюменская обл, с Вагай, ул Семакова, зд 21",https://vagaysky--tum.sudrf.ru/,vagaysky--tum.sudrf.ru,да,72RS0005
Тюменская область,Викулово,Викуловский,Викуловский районный суд Тюменской области,районный_городской,"Районный, городской, межрайонный суд","627570, Тюменская обл, с Викулово, ул Ленина, д 13",https://vikulovsky--tum.sudrf.ru/,vikulovsky--tum.sudrf.ru,да,72RS0006
Тюменская область,Голышманово,Голышмановский,Голышмановский районный суд Тюменской области,районный_городской,"Районный, городской, межрайонный суд","627300, Тюменская обл, рп Голышманово, ул Садовая, зд 84",https://golyshmanovsky--tum.sudrf.ru/,golyshmanovsky--tum.sudrf.ru,да,72RS0007
Тюменская область,Заводоуковск,Заводоуковский,Заводоуковский районный суд Тюменской области,районный_городской,"Районный, городской, межрайонный суд","627140, Тюменская обл, г Заводоуковск, ул Маяковского, д 2",https://zavodoukovsky--tum.sudrf.ru/,zavodoukovsky--tum.sudrf.ru,да,72RS0008
Тюменская область,Исетское,Исетский,Исетский районный суд Тюменской области,районный_городской,"Районный, городской, межрайонный суд","626380, Тюменская обл, с Исетское, ул Горького, зд 8, помещ 3",https://isetsky--tum.sudrf.ru/,isetsky--tum.sudrf.ru,да,72RS0009
Тюменская область,Ишим,,Ишимский городской суд Тюменской области,районный_городской,"Районный, городской, межрайонный суд","627750, Тюменская обл, г Ишим, ул Приозерная, д 84",https://ishimskygor--tum.sudrf.ru/,ishimskygor--tum.sudrf.ru,да,72RS0010
Тюменская область,Ишим,Ишимский,Ишимский районный суд Тюменской области,районный_городской,"Районный, городской, межрайонный суд","627750, Тюменская обл, г Ишим, ул Приозерная, д 84",https://ishimsky--tum.sudrf.ru/,ishimsky--tum.sudrf.ru,да,72RS0011
Тюменская область,Казанское,Казанский,Казанский районный суд Тюменской области,районный_городской,"Районный, городской, межрайонный суд","627420, Тюменская обл, с Казанское, ул Ленина, д 4",https://kazansky--tum.sudrf.ru/,kazansky--tum.sudrf.ru,да,72RS0012
Тюменская область,Нижняя Тавда,Нижнетавдинский,Нижнетавдинский районный суд Тюменской области,районный_городской,"Районный, городской, межрайонный суд","626020, Тюменская обл, с Нижняя Тавда, ул Ульянова, зд 8",https://nizhnetavdinsky--tum.sudrf.ru/,nizhnetavdinsky--tum.sudrf.ru,да,72RS0015
Тюменская область,Омутинское,Омутинский,Омутинский районный суд Тюменской области,районный_городской,"Районный, городской, межрайонный суд","627070, Тюменская обл, с Омутинское, ул Первомайская, зд 78",https://omutinsky--tum.sudrf.ru/,omutinsky--tum.sudrf.ru,да,72RS0016
Тюменская область,Сладково,Сладковский,Сладковский районный суд Тюменской области,районный_городской,"Районный, городской, межрайонный суд","627610, Тюменская обл, с Сладково, ул Рабочая, зд 17",https://sladkovsky--tum.sudrf.ru/,sladkovsky--tum.sudrf.ru,да,72RS0017
Тюменская область,Тобольск,,Тобольский городской суд Тюменской области,районный_городской,"Районный, городской, межрайонный суд","626150, Тюменская обл, г Тобольск, мкр 6, д 120А",https://tobolskygor--tum.sudrf.ru/,tobolskygor--tum.sudrf.ru,да,72RS0019
Тюменская область,Тобольск,Тобольский,Тобольский районный суд Тюменской области,районный_городской,"Районный, городской, межрайонный суд","626150, Тюменская обл, г Тобольск, мкр 6, д 120А",https://tobolsky--tum.sudrf.ru/,tobolsky--tum.sudrf.ru,да,72RS0020
Тюменская область,Тюмень,,Тюменский областной суд,областной,Областной и равный ему суд,"625000, г Тюмень, ул 8 Марта, д 1",https://oblsud--tum.sudrf.ru/,oblsud--tum.sudrf.ru,да,72OS0000
Тюменская область,Тюмень,Калининский,Калининский районный суд г. Тюмени,районный_городской,"Районный, городской, межрайонный суд","625000, г Тюмень, ул 8 Марта, д 1",https://kalininsky--tum.sudrf.ru/,kalininsky--tum.sudrf.ru,да,72RS0013
Тюменская область,Тюмень,Ленинский,Ленинский районный суд г. Тюмени,районный_городской,"Районный, городской, межрайонный суд","625048, г Тюмень, ул 50 лет Октября, д 12 к 1",https://leninsky--tum.sudrf.ru/,leninsky--tum.sudrf.ru,да,72RS0014
Тюменская область,Тюмень,Тюменский,Тюменский районный суд Тюменской области,районный_городской,"Районный, городской, межрайонный суд","625018, г Тюмень, ул Московский тракт, д 175 к 1",https://tumensky--tum.sudrf.ru/,tumensky--tum.sudrf.ru,да,72RS0021
Тюменская область,Тюмень,Центральный,Центральный районный суд г. Тюмени,районный_городской,"Районный, городской, межрайонный суд","625000, г Тюмень, ул 8 Марта, д 1",https://centralny--tum.sudrf.ru/,centralny--tum.sudrf.ru,да,72RS0025
Тюменская область,Уват,Уватский,Уватский районный суд Тюменской области,районный_городской,"Районный, городской, межрайонный суд","626170, Тюменская обл, с Уват, ул Ленина, д 3",https://uvatsky--tum.sudrf.ru/,uvatsky--tum.sudrf.ru,да,72RS0022
Тюменская область,Ялуторовск,Ялуторовский,Ялуторовский районный суд Тюменской области,районный_городской,"Районный, городской, межрайонный суд","627010, Тюменская обл, г Ялуторовск, ул Революции, д 67",https://yalutorovsky--tum.sudrf.ru/,yalutorovsky--tum.sudrf.ru,да,72RS0028
Тюменская область,Ярково,Ярковский,Ярковский районный суд Тюменской области,районный_городской,"Районный, городской, межрайонный суд","626050, Тюменская обл, с Ярково, ул Пионерская, д 92А",https://yarkovsky--tum.sudrf.ru/,yarkovsky--tum.sudrf.ru,да,72RS0026
Ульяновская область,Барыш,,Барышский городской суд Ульяновской области,районный_городской,"Районный, городской, межрайонный суд","433750, Ульяновская обл, Барышский р-н, г Барыш, ул Пушкина, д 2",https://barishinskiy--uln.sudrf.ru/,barishinskiy--uln.sudrf.ru,да,73RS0006
Ульяновская область,Димитровград,,Димитровградский городской суд Ульяновской области,районный_городской,"Районный, городской, межрайонный суд","433513, Ульяновская обл, г Димитровград, пр-кт Автостроителей, зд 51А",https://dimitrovgradskiy--uln.sudrf.ru/,dimitrovgradskiy--uln.sudrf.ru,да,73RS0013
Ульяновская область,Димитровград,Мелекесский,Мелекесский районный суд Ульяновской области,районный_городской,"Районный, городской, межрайонный суд","433512, Ульяновская обл, г Димитровград, пр-кт Димитрова, зд 39А",https://melekesskiy--uln.sudrf.ru/,melekesskiy--uln.sudrf.ru,да,73RS0012
Ульяновская область,Инза,Инзенский,Инзенский районный суд Ульяновской области,районный_городской,"Районный, городской, межрайонный суд","433030, Ульяновская обл, г Инза, ул Заводская, д 18",https://inzenskiy--uln.sudrf.ru/,inzenskiy--uln.sudrf.ru,да,73RS0008
Ульяновская область,Ишеевка,Ульяновский,Ульяновский районный суд Ульяновской области,районный_городской,"Районный, городской, межрайонный суд","433310, Ульяновская обл, Ульяновский р-н, рп Ишеевка, ул Ленина, д 57",https://uljanovskiy--uln.sudrf.ru/,uljanovskiy--uln.sudrf.ru,да,73RS0024
Ульяновская область,Карсун,Карсунский,Карсунский районный суд Ульяновской области,районный_городской,"Районный, городской, межрайонный суд","433210, Ульяновская обл, рп Карсун, ул Октябрьская, д 2",https://karsunskiy--uln.sudrf.ru/,karsunskiy--uln.sudrf.ru,да,73RS0009
Ульяновская область,Майна,Майнский,Майнский районный суд Ульяновской области,районный_городской,"Районный, городской, межрайонный суд","433130, Ульяновская обл, рп Майна, ул Советская, д 16",https://mainskiy--uln.sudrf.ru/,mainskiy--uln.sudrf.ru,да,73RS0011
Ульяновская область,Николаевка,Николаевский,Николаевский районный суд Ульяновской области,районный_городской,"Районный, городской, межрайонный суд","433810, Ульяновская обл, рп Николаевка, ул Советская, д 63",https://nikolaevskiy--uln.sudrf.ru/,nikolaevskiy--uln.sudrf.ru,да,73RS0014
Ульяновская область,Новоспасское,Новоспасский,Новоспасский районный суд Ульяновской области,районный_городской,"Районный, городской, межрайонный суд","433870, Ульяновская обл, рп Новоспасское, ул Калинина, д 25",https://novospasskiy--uln.sudrf.ru/,novospasskiy--uln.sudrf.ru,да,73RS0015
Ульяновская область,Радищево,Радищевский,Радищевский районный суд Ульяновской области,районный_городской,"Районный, городской, межрайонный суд","433910, Ульяновская обл, рп Радищево, ул Советская, д 23",https://radishevskiy--uln.sudrf.ru/,radishevskiy--uln.sudrf.ru,да,73RS0018
Ульяновская область,Сенгилей,Сенгилеевский,Сенгилеевский районный суд Ульяновской области,районный_городской,"Районный, городской, межрайонный суд","433380, Ульяновская обл, г Сенгилей, пл 1 Мая, зд 4",https://sengileevskiy--uln.sudrf.ru/,sengileevskiy--uln.sudrf.ru,да,73RS0021
Ульяновская область,Ульяновск,,Ульяновский областной суд,областной,Областной и равный ему суд,"432017, г Ульяновск, ул Железной Дивизии, зд 21А/12",https://oblsud--uln.sudrf.ru/,oblsud--uln.sudrf.ru,да,73OS0000
Ульяновская область,Ульяновск,Железнодорожный,Железнодорожный районный суд г. Ульяновска,районный_городской,"Районный, городской, межрайонный суд","432012, г Ульяновск, ул Инзенская, д 4",https://zjeleznodorogniy--uln.sudrf.ru/,zjeleznodorogniy--uln.sudrf.ru,да,73RS0003
Ульяновская область,Ульяновск,Заволжский,Заволжский районный суд г. Ульяновска,районный_городской,"Районный, городской, межрайонный суд","432046, г Ульяновск, ул Мелекесская, д 4",https://zavolgskiy--uln.sudrf.ru/,zavolgskiy--uln.sudrf.ru,да,73RS0004
Ульяновская область,Ульяновск,Засвияжский,Засвияжский районный суд г. Ульяновска,районный_городской,"Районный, городской, межрайонный суд","432028, г Ульяновск, пр-кт 50-летия ВЛКСМ, д 23Б",https://zasvijajskiy--uln.sudrf.ru/,zasvijajskiy--uln.sudrf.ru,да,73RS0002
Ульяновская область,Ульяновск,Ленинский,Ленинский районный суд г. Ульяновска,районный_городской,"Районный, городской, межрайонный суд","432001, г Ульяновск, ул Карла Маркса, д 32",https://leninskiy--uln.sudrf.ru/,leninskiy--uln.sudrf.ru,да,73RS0001
Ульяновская область,Чердаклы,Чердаклинский,Чердаклинский районный суд Ульяновской области,районный_городской,"Районный, городской, межрайонный суд","433400, Ульяновская обл, рп Чердаклы, ул Советская, зд 8",https://cherdaklinskiy--uln.sudrf.ru/,cherdaklinskiy--uln.sudrf.ru,да,73RS0025
ХЕРСОНСКАЯ ОБЛАСТЬ,ГЕНИЧЕСК,,Херсонский областной суд,областной,Областной и равный ему суд,"275500, ХЕРСОНСКАЯ ОБЛАСТЬ, М.О. ГЕНИЧЕСКИЙ, Г. ГЕНИЧЕСК, УЛ. БРАТЬЕВ КОВАЛЕНКО, Д. 66",https://oblsud--hrs.sudrf.ru/,oblsud--hrs.sudrf.ru,да,96OS0000
Хабаровский край,Амурск,,Амурский городской суд Хабаровского края,районный_городской,"Районный, городской, межрайонный суд","682645, Хабаровский край, г Амурск, пр-кт Комсомольский, д 61",https://amursky--hbr.sudrf.ru/,amursky--hbr.sudrf.ru,да,27RS0013
Хабаровский край,Бикин,,Бикинский городской суд Хабаровского края,районный_городской,"Районный, городской, межрайонный суд","682970, Хабаровский край, г Бикин, ул Бонивура, д 136",https://bikinsky--hbr.sudrf.ru/,bikinsky--hbr.sudrf.ru,да,27RS0011
Хабаровский край,Богородское,Ульчский,Ульчский районный суд Хабаровского края,районный_городской,"Районный, городской, межрайонный суд","682400, Хабаровский край, с Богородское, ул Ленина, д 56",https://ulchsky--hbr.sudrf.ru/,ulchsky--hbr.sudrf.ru,да,27RS0022
Хабаровский край,Ванино,Ванинский,Ванинский районный суд Хабаровского края,районный_городской,"Районный, городской, межрайонный суд","682860, Хабаровский край, рп Ванино, ул Железнодорожная, д 41",https://vaninsky--hbr.sudrf.ru/,vaninsky--hbr.sudrf.ru,да,27RS0015
Хабаровский край,Вяземский,Вяземский,Вяземский районный суд Хабаровского края,районный_городской,"Районный, городской, межрайонный суд","682950, Хабаровский край, г Вяземский, ул Козюкова, д 4",https://vyazemsky--hbr.sudrf.ru/,vyazemsky--hbr.sudrf.ru,да,27RS0016
Хабаровский край,Комсомольск-на-Амуре,Комсомольский,Комсомольский районный суд Хабаровского края,районный_городской,"Районный, городской, межрайонный суд","681032, Хабаровский край, г Комсомольск-на-Амуре, пр-кт Ленина, д 1",https://komsomolsky--hbr.sudrf.ru/,komsomolsky--hbr.sudrf.ru,да,27RS0009
Хабаровский край,Комсомольск-на-Амуре,Ленинский,Ленинский районный суд г. Комсомольска-на-Амуре Хабаровского края,районный_городской,"Районный, городской, межрайонный суд","681029, Хабаровский край, г Комсомольск-на-Амуре, ул Советская, д 29 к 2",https://leninsky--hbr.sudrf.ru/,leninsky--hbr.sudrf.ru,да,27RS0008
Хабаровский край,Комсомольск-на-Амуре,Центральный,Центральный районный суд г. Комсомольска-на-Амуре Хабаровского края,районный_городской,"Районный, городской, межрайонный суд","681032, Хабаровский край, г Комсомольск-на-Амуре, пр-кт Ленина, д 1",https://centralny--hbr.sudrf.ru/,centralny--hbr.sudrf.ru,да,27RS0007
Хабаровский край,Николаевск-на-Амуре,,Николаевский-на-Амуре городской суд Хабаровского края,районный_городской,"Районный, городской, межрайонный суд","682469, Хабаровский край, г Николаевск-на-Амуре, ул М.Горького, д 99",https://nikolaevsky--hbr.sudrf.ru/,nikolaevsky--hbr.sudrf.ru,да,27RS0020
Хабаровский край,Переяславка,,Суд района имени Лазо Хабаровского края,районный_городской,"Районный, городской, межрайонный суд","682910, Хабаровский край, рп Переяславка, ул Ленина, д 30",https://lazo--hbr.sudrf.ru/,lazo--hbr.sudrf.ru,да,27RS0021
Хабаровский край,Советская Гавань,,Советско-Гаванский городской суд Хабаровского края,районный_городской,"Районный, городской, межрайонный суд","682800, Хабаровский край, г Советская Гавань, ул Советская, д 21",https://s-gavansky--hbr.sudrf.ru/,s-gavansky--hbr.sudrf.ru,да,27RS0014
Хабаровский край,Солнечный,Солнечный,Солнечный районный суд Хабаровского края,районный_городской,"Районный, городской, межрайонный суд","682711, Хабаровский край, рп Солнечный, ул Ленина, д 29",https://solnechniy--hbr.sudrf.ru/,solnechniy--hbr.sudrf.ru,да,27RS0010
Хабаровский край,Троицкое,Нанайский,Нанайский районный суд Хабаровского края,районный_городской,"Районный, городской, межрайонный суд","682350, Хабаровский край, с Троицкое, ул 40 лет Победы, д 11",https://nanaysky--hbr.sudrf.ru/,nanaysky--hbr.sudrf.ru,да,27RS0017
Хабаровский край,Хабаровск,,Хабаровский краевой суд,областной,Областной и равный ему суд,"680042, г Хабаровск, ул Тихоокеанская, д 155",https://kraevoy--hbr.sudrf.ru/,kraevoy--hbr.sudrf.ru,да,27OS0000
Хабаровский край,Хабаровск,Железнодорожный,Железнодорожный районный суд г. Хабаровска,районный_городской,"Районный, городской, межрайонный суд","680015, г Хабаровск, ул Суворова, д 73",https://zheleznodorozhny--hbr.sudrf.ru/,zheleznodorozhny--hbr.sudrf.ru,да,27RS0003
Хабаровский край,Хабаровск,Индустриальный,Индустриальный районный суд г. Хабаровска,районный_городской,"Районный, городской, межрайонный суд","680003, г Хабаровск, ул Союзная, д 23",https://industrialny--hbr.sudrf.ru/,industrialny--hbr.sudrf.ru,да,27RS0004
Хабаровский край,Хабаровск,Кировский,Кировский районный суд г. Хабаровска,районный_городской,"Районный, городской, межрайонный суд","680011, г Хабаровск, ул Орджоникидзе, д 1",https://kirovsky--hbr.sudrf.ru/,kirovsky--hbr.sudrf.ru,да,27RS0002
Хабаровский край,Хабаровск,Краснофлотский,Краснофлотский районный суд г. Хабаровска,районный_городской,"Районный, городской, межрайонный суд","680022, г Хабаровск, ул Воронежская, д 47",https://krasnoflotsky--hbr.sudrf.ru/,krasnoflotsky--hbr.sudrf.ru,да,27RS0005
Хабаровский край,Хабаровск,Хабаровский,Хабаровский районный суд Хабаровского края,районный_городской,"Районный, городской, межрайонный суд","680011, г Хабаровск, ул Знаменщикова, д 17",https://habarovskyr--hbr.sudrf.ru/,habarovskyr--hbr.sudrf.ru,да,27RS0006
Хабаровский край,Хабаровск,Центральный,Центральный районный суд г. Хабаровска,районный_городской,"Районный, городской, межрайонный суд","680038, г Хабаровск, ул Серышева, д 60",https://centralnyr--hbr.sudrf.ru/,centralnyr--hbr.sudrf.ru,да,27RS0001
Хабаровский край,Чегдомын,Верхнебуреинский,Верхнебуреинский районный суд Хабаровского края,районный_городской,"Районный, городской, межрайонный суд","682030, Хабаровский край, рп Чегдомын, ул Центральная, д 21",https://vbureinsky--hbr.sudrf.ru/,vbureinsky--hbr.sudrf.ru,да,27RS0012
Ханты-Мансийский Автономный округ - Югра АО,Белоярский,,Белоярский городской суд Ханты-Мансийского автономного округа - Югры,районный_городской,"Районный, городской, межрайонный суд","628163, Ханты-Мансийский Автономный округ - Югра АО, г Белоярский, ул Центральная, д 22",https://bel--hmao.sudrf.ru/,bel--hmao.sudrf.ru,да,86RS0011
Ханты-Мансийский Автономный округ - Югра АО,Березово,Березовский,Березовский районный суд Ханты-Мансийского автономного округа - Югры,районный_городской,"Районный, городской, межрайонный суд","628140, Ханты-Мансийский Автономный округ - Югра АО, пгт Березово, ул Ленина, зд 13",https://berezovo--hmao.sudrf.ru/,berezovo--hmao.sudrf.ru,да,86RS0019
Ханты-Мансийский Автономный округ - Югра АО,Когалым,,Когалымский городской суд Ханты-Мансийского автономного округа - Югры,районный_городской,"Районный, городской, межрайонный суд","628486, Ханты-Мансийский Автономный округ - Югра АО, г Когалым, проезд Сопочинского, д 3",https://kogalym--hmao.sudrf.ru/,kogalym--hmao.sudrf.ru,да,86RS0008
Ханты-Мансийский Автономный округ - Югра АО,Лангепас,,Лангепасский городской суд Ханты-Мансийского автономного округа - Югры,районный_городской,"Районный, городской, межрайонный суд","628672, Ханты-Мансийский Автономный округ - Югра АО, г Лангепас, ул Дружбы Народов, влд 20",https://langepas--hmao.sudrf.ru/,langepas--hmao.sudrf.ru,да,86RS0009
Ханты-Мансийский Автономный округ - Югра АО,Мегион,,Мегионский городской суд Ханты-Мансийского автономного округа - Югры,районный_городской,"Районный, городской, межрайонный суд","628680, Ханты-Мансийский Автономный округ - Югра АО, г Мегион, пр-кт Победы, д 4А",https://megion--hmao.sudrf.ru/,megion--hmao.sudrf.ru,да,86RS0010
Ханты-Мансийский Автономный округ - Югра АО,Междуреченский,Кондинский,Кондинский районный суд Ханты-Мансийского автономного округа - Югры,районный_городской,"Районный, городской, межрайонный суд","628200, Ханты-Мансийский Автономный округ - Югра АО, пгт Междуреченский, ул Днепропетровская, д 14",https://kondinsk--hmao.sudrf.ru/,kondinsk--hmao.sudrf.ru,да,86RS0018
Ханты-Мансийский Автономный округ - Югра АО,Нефтеюганск,Нефтеюганский,Нефтеюганский районный суд Ханты-Мансийского автономного округа - Югры,районный_городской,"Районный, городской, межрайонный суд","628307, Ханты-Мансийский Автономный округ - Югра АО, г Нефтеюганск, мкр 7-й, стр 52",https://uganskray--hmao.sudrf.ru/,uganskray--hmao.sudrf.ru,да,86RS0007
Ханты-Мансийский Автономный округ - Югра АО,Нижневартовск,,Нижневартовский городской суд Ханты-Мансийского автономного округа - Югры,районный_городской,"Районный, городской, межрайонный суд","628606, Ханты-Мансийский Автономный округ - Югра АО, г Нижневартовск, пр-кт Победы, зд 4",https://vartovgor--hmao.sudrf.ru/,vartovgor--hmao.sudrf.ru,да,86RS0002
Ханты-Мансийский Автономный округ - Югра АО,Нижневартовск,Нижневартовский,Нижневартовский районный суд Ханты-Мансийского автономного округа - Югры,районный_городской,"Районный, городской, межрайонный суд","628616, Ханты-Мансийский Автономный округ - Югра АО, г Нижневартовск, проезд Заозерный, зд 1",https://vartovray--hmao.sudrf.ru/,vartovray--hmao.sudrf.ru,да,86RS0003
Ханты-Мансийский Автономный округ - Югра АО,Нягань,,Няганский городской суд Ханты-Мансийского автономного округа - Югры,районный_городской,"Районный, городской, межрайонный суд","628186, Ханты-Мансийский Автономный округ - Югра АО, г Нягань, ул Сибирская, д 12, помещ 1",https://nyagan--hmao.sudrf.ru/,nyagan--hmao.sudrf.ru,да,86RS0015
Ханты-Мансийский Автономный округ - Югра АО,Октябрьское,Октябрьский,Октябрьский районный суд Ханты-Мансийского автономного округа - Югры,районный_городской,"Районный, городской, межрайонный суд","628100, Ханты-Мансийский Автономный округ - Югра АО, пгт Октябрьское, ул Бичинева, д 9",https://oktb--hmao.sudrf.ru/,oktb--hmao.sudrf.ru,да,86RS0020
Ханты-Мансийский Автономный округ - Югра АО,Радужный,,Радужнинский городской суд Ханты-Мансийского автономного округа - Югры,районный_городской,"Районный, городской, межрайонный суд","628462, Ханты-Мансийский Автономный округ - Югра АО, г Радужный, мкр 6, стр 21",https://rdj--hmao.sudrf.ru/,rdj--hmao.sudrf.ru,да,86RS0013
Ханты-Мансийский Автономный округ - Югра АО,Советский,Советский,Советский районный суд Ханты-Мансийского автономного округа - Югры,районный_городской,"Районный, городской, межрайонный суд","628240, Ханты-Мансийский Автономный округ - Югра АО, г Советский, ул Гагарина, д 62 к 1",https://sovetsk--hmao.sudrf.ru/,sovetsk--hmao.sudrf.ru,да,86RS0017
Ханты-Мансийский Автономный округ - Югра АО,Сургут,,Сургутский городской суд Ханты-Мансийского автономного округа - Югры,районный_городской,"Районный, городской, межрайонный суд","628418, Ханты-Мансийский Автономный округ - Югра АО, г Сургут, ул Профсоюзов, зд 37",https://surggor--hmao.sudrf.ru/,surggor--hmao.sudrf.ru,да,86RS0004
Ханты-Мансийский Автономный округ - Югра АО,Сургут,Сургутский,Сургутский районный суд Ханты-Мансийского автономного округа - Югры,районный_городской,"Районный, городской, межрайонный суд","628403, Ханты-Мансийский Автономный округ - Югра АО, г Сургут, ул Юности, д 6А",https://surgray--hmao.sudrf.ru/,surgray--hmao.sudrf.ru,да,86RS0005
Ханты-Мансийский Автономный округ - Югра АО,Урай,,Урайский городской суд Ханты-Мансийского автономного округа - Югры,районный_городской,"Районный, городской, межрайонный суд","628285, Ханты-Мансийский Автономный округ - Югра АО, г Урай, ул Крылова, д 1",https://uray--hmao.sudrf.ru/,uray--hmao.sudrf.ru,да,86RS0014
Ханты-Мансийский Автономный округ - Югра АО,Югорск,Югорский,Югорский районный суд Ханты-Мансийского автономного округа - Югры,районный_городской,"Районный, городской, межрайонный суд","628260, Ханты-Мансийский Автономный округ - Югра АО, г Югорск, ул Буряка, зд 4",https://ugorsk--hmao.sudrf.ru/,ugorsk--hmao.sudrf.ru,да,86RS0021
Ханты-Мансийский автономный округ - Югра,Пыть-Ях,,Пыть-Яхский городской суд Ханты-Мансийского автономного округа - Югры,районный_городской,"Районный, городской, межрайонный суд","628383, Ханты-Мансийский автономный округ - Югра, г. Пыть-Ях, 3-й мкр., д. 21А",https://pth--hmao.sudrf.ru/,pth--hmao.sudrf.ru,да,86RS0012
Ханты-Мансийский автономный округ — Югры,Ханты-Мансийск,,Суд Ханты-Мансийского автономного округа - Югры,областной,Областной и равный ему суд,"628011, г Ханты-Мансийск, ул Чехова, д 3",https://oblsud--hmao.sudrf.ru/,oblsud--hmao.sudrf.ru,да,86OS0000
Ханты-Мансийский автономный округ — Югры,Ханты-Мансийск,Ханты-Мансийский,Ханты-Мансийский районный суд Ханты-Мансийского автономного округа - Югры,районный_городской,"Районный, городской, межрайонный суд","628011, г Ханты-Мансийск, ул Ленина, д 63",https://hmray--hmao.sudrf.ru/,hmray--hmao.sudrf.ru,да,86RS0001
Херсонская область,,,Новокаховский городской суд Херсонской области,районный_городской,"Районный, городской, межрайонный суд",,https://novokahovskiy--hrs.sudrf.ru/,novokahovskiy--hrs.sudrf.ru,да,96RS0009
Херсонская область,,,Херсонский городской суд,районный_городской,"Районный, городской, межрайонный суд",,https://hersonskiy--hrs.sudrf.ru/,hersonskiy--hrs.sudrf.ru,да,96RS0012
Херсонская область,,Алешкинский,Алешкинский районный суд Херсонской области,районный_городской,"Районный, городской, межрайонный суд",,https://aleshkinskiy--hrs.sudrf.ru/,aleshkinskiy--hrs.sudrf.ru,да,96RS0001
Херсонская область,,Белозерский,Белозерский районный суд Херсонской области,районный_городской,"Районный, городской, межрайонный суд",,https://belozerskiy--hrs.sudrf.ru/,belozerskiy--hrs.sudrf.ru,да,96RS0002
Херсонская область,,Бериславский,Бериславский районный суд Херсонской области,районный_городской,"Районный, городской, межрайонный суд",,https://berislavskiy--hrs.sudrf.ru/,berislavskiy--hrs.sudrf.ru,да,96RS0003
Херсонская область,,Великоалександровский,Великоалександровский межрайонный суд Херсонской области,районный_городской,"Районный, городской, межрайонный суд",,https://velikoaleksandrovskiy--hrs.sudrf.ru/,velikoaleksandrovskiy--hrs.sudrf.ru,да,96RS0004
Херсонская область,,Великолепетихский,Великолепетихский межрайонный суд Херсонской области,районный_городской,"Районный, городской, межрайонный суд",,https://velikolepetihskiy--hrs.sudrf.ru/,velikolepetihskiy--hrs.sudrf.ru,да,96RS0005
Херсонская область,,Генический,Генический районный суд Херсонской области,районный_городской,"Районный, городской, межрайонный суд",,https://genicheskiy--hrs.sudrf.ru/,genicheskiy--hrs.sudrf.ru,да,96RS0006
Херсонская область,,Голопристанский,Голопристанский районный суд Херсонской области,районный_городской,"Районный, городской, межрайонный суд",,https://golopristanskiy--hrs.sudrf.ru/,golopristanskiy--hrs.sudrf.ru,да,96RS0007
Херсонская область,,Каховский,Каховский районный суд Херсонской области,районный_городской,"Районный, городской, межрайонный суд",,https://kahovskiy--hrs.sudrf.ru/,kahovskiy--hrs.sudrf.ru,да,96RS0008
Херсонская область,,Новотроицкий,Новотроицкий межрайонный суд Херсонской области,районный_городской,"Районный, городской, межрайонный суд",,https://novotroitskiy--hrs.sudrf.ru/,novotroitskiy--hrs.sudrf.ru,да,96RS0010
Херсонская область,,Скадовский,Скадовский районный суд Херсонской области,районный_городской,"Районный, городской, межрайонный суд",,https://skadovskiy--hrs.sudrf.ru/,skadovskiy--hrs.sudrf.ru,да,96RS0011
Херсонская область,,Чаплынский,Чаплынский межрайонный суд Херсонской области,районный_городской,"Районный, городской, межрайонный суд",,https://chaplynskiy--hrs.sudrf.ru/,chaplynskiy--hrs.sudrf.ru,да,96RS0013
Челябинская область,Агаповка,Агаповский,Агаповский районный суд Челябинской области,районный_городской,"Районный, городской, межрайонный суд","457400, Челябинская обл, с Агаповка, ул Школьная, д 64",https://agap--chel.sudrf.ru/,agap--chel.sudrf.ru,да,74RS0010
Челябинская область,Аргаяш,Аргаяшский,Аргаяшский районный суд Челябинской области,районный_городской,"Районный, городской, межрайонный суд","456880, Челябинская обл, с Аргаяш, ул Комсомольская, д 4",https://arg--chel.sudrf.ru/,arg--chel.sudrf.ru,да,74RS0009
Челябинская область,Аша,,Ашинский городской суд Челябинской области,районный_городской,"Районный, городской, межрайонный суд","456014, Челябинская обл, г Аша, ул Ленина, д 1",https://asha--chel.sudrf.ru/,asha--chel.sudrf.ru,да,74RS0008
Челябинская область,Варна,Варненский,Варненский районный суд Челябинской области,районный_городской,"Районный, городской, межрайонный суд","457200, Челябинская обл, с Варна, пер Кооперативный, д 31А",https://varna--chel.sudrf.ru/,varna--chel.sudrf.ru,да,74RS0012
Челябинская область,Верхнеуральск,Верхнеуральский,Верхнеуральский районный суд Челябинской области,районный_городской,"Районный, городской, межрайонный суд","457670, Челябинская обл, г Верхнеуральск, ул Карла Либкнехта, зд 44",https://vural--chel.sudrf.ru/,vural--chel.sudrf.ru,да,74RS0013
Челябинская область,Верхний Уфалей,,Верхнеуфалейский городской суд Челябинской области,районный_городской,"Районный, городской, межрайонный суд","456800, Челябинская обл, г Верхний Уфалей, ул Ленина, д 166",https://vurfal--chel.sudrf.ru/,vurfal--chel.sudrf.ru,да,74RS0014
Челябинская область,Долгодеревенское,Сосновский,Сосновский районный суд Челябинской области,районный_городской,"Районный, городской, межрайонный суд","456510, Челябинская обл, с Долгодеревенское, пер Школьный, д 7А",https://sosn--chel.sudrf.ru/,sosn--chel.sudrf.ru,да,74RS0038
Челябинская область,Еманжелинск,,Еманжелинский городской суд Челябинской области,районный_городской,"Районный, городской, межрайонный суд","456580, Челябинская обл, г Еманжелинск, ул Горького, д 2А",https://emang--chel.sudrf.ru/,emang--chel.sudrf.ru,да,74RS0015
Челябинская область,Еткуль,Еткульский,Еткульский районный суд Челябинской области,районный_городской,"Районный, городской, межрайонный суд","456560, Челябинская обл, с Еткуль, ул Кирова, д 35",https://etkul--chel.sudrf.ru/,etkul--chel.sudrf.ru,да,74RS0016
Челябинская область,Златоуст,,Златоустовский городской суд Челябинской области,районный_городской,"Районный, городской, межрайонный суд","456200, Челябинская обл, г Златоуст, ул им. Виталия Ковшова, д 33",https://zlatoust--chel.sudrf.ru/,zlatoust--chel.sudrf.ru,да,74RS0017
Челябинская область,Карталы,,Карталинский городской суд Челябинской области,районный_городской,"Районный, городской, межрайонный суд","457351, Челябинская обл, г Карталы, ул Славы, д 15",https://kart--chel.sudrf.ru/,kart--chel.sudrf.ru,да,74RS0021
Челябинская область,Касли,,Каслинский городской суд Челябинской области,районный_городской,"Районный, городской, межрайонный суд","456830, Челябинская обл, г Касли, ул Советская, д 45",https://kasli--chel.sudrf.ru/,kasli--chel.sudrf.ru,да,74RS0019
Челябинская область,Катав-Ивановск,,Катав-Ивановский городской суд Челябинской области,районный_городской,"Районный, городской, межрайонный суд","456110, Челябинская обл, г Катав-Ивановск, ул Труда, д 1",https://kivan--chel.sudrf.ru/,kivan--chel.sudrf.ru,да,74RS0020
Челябинская область,Копейск,,Копейский городской суд Челябинской области,районный_городской,"Районный, городской, межрайонный суд","456618, Челябинская обл, г Копейск, ул Ленина, д 60",https://kopeysk--chel.sudrf.ru/,kopeysk--chel.sudrf.ru,да,74RS0028
Челябинская область,Коркино,,Коркинский городской суд Челябинской области,районный_городской,"Районный, городской, межрайонный суд","456550, Челябинская обл, г Коркино, ул Мира, д 34",https://korkin--chel.sudrf.ru/,korkin--chel.sudrf.ru,да,74RS0022
Челябинская область,Кунашак,Кунашакский,Кунашакский районный суд Челябинской области,районный_городской,"Районный, городской, межрайонный суд","456730, Челябинская обл, с Кунашак, ул Коммунистическая, д 5",https://kunash--chel.sudrf.ru/,kunash--chel.sudrf.ru,да,74RS0026
Челябинская область,Куса,Кусинский,Кусинский районный суд Челябинской области,районный_городской,"Районный, городской, межрайонный суд","456940, Челябинская обл, г Куса, ул Советская, д 20",https://kusa--chel.sudrf.ru/,kusa--chel.sudrf.ru,да,74RS0024
Челябинская область,Кыштым,,Кыштымский городской суд Челябинской области,районный_городской,"Районный, городской, межрайонный суд","456871, Челябинская обл, г Кыштым, ул Калинина, д 195",https://kishtim--chel.sudrf.ru/,kishtim--chel.sudrf.ru,да,74RS0027
Челябинская область,Магнитогорск,Ленинский,Ленинский районный суд г. Магнитогорска Челябинской области,районный_городской,"Районный, городской, межрайонный суд","455000, Челябинская обл, г Магнитогорск, пр-кт Карла Маркса, д 39",https://maglen--chel.sudrf.ru/,maglen--chel.sudrf.ru,да,74RS0029
Челябинская область,Магнитогорск,Орджоникидзевский,Орджоникидзевский районный суд г. Магнитогорска Челябинской области,районный_городской,"Районный, городской, межрайонный суд","455019, Челябинская обл, г Магнитогорск, ул Маяковского, д 23",https://magord--chel.sudrf.ru/,magord--chel.sudrf.ru,да,74RS0031
Челябинская область,Магнитогорск,Правобережный,Правобережный районный суд г. Магнитогорска Челябинской области,районный_городской,"Районный, городской, межрайонный суд","455038, Челябинская обл, г Магнитогорск, ул Советской Армии, д 10",https://magprav--chel.sudrf.ru/,magprav--chel.sudrf.ru,да,74RS0030
Челябинская область,Миасс,,Миасский городской суд Челябинской области,районный_городской,"Районный, городской, межрайонный суд","456300, Челябинская обл, г Миасс, ул Романенко, д 36",https://miass--chel.sudrf.ru/,miass--chel.sudrf.ru,да,74RS0032
Челябинская область,Миасское,Красноармейский,Красноармейский районный суд Челябинской области,районный_городской,"Районный, городской, межрайонный суд","456660, Челябинская обл, с Миасское, ул Садовая, д 7",https://krasnoar--chel.sudrf.ru/,krasnoar--chel.sudrf.ru,да,74RS0025
Челябинская область,Озерск,,Озерский городской суд Челябинской области,районный_городской,"Районный, городской, межрайонный суд","456784, Челябинская обл, г Озерск, пр-кт Ленина, д 41",https://ozersk--chel.sudrf.ru/,ozersk--chel.sudrf.ru,да,74RS0046
Челябинская область,Октябрьское,Октябрьский,Октябрьский районный суд Челябинской области,районный_городской,"Районный, городской, межрайонный суд","457170, Челябинская обл, с Октябрьское, ул Комсомольская, д 14",https://oktyb--chel.sudrf.ru/,oktyb--chel.sudrf.ru,да,74RS0035
Челябинская область,Пласт,,Пластский городской суд Челябинской области,районный_городской,"Районный, городской, межрайонный суд","457020, Челябинская обл, г Пласт, ул Октябрьская, д 47",https://plast--chel.sudrf.ru/,plast--chel.sudrf.ru,да,74RS0036
Челябинская область,Сатка,,Саткинский городской суд Челябинской области,районный_городской,"Районный, городской, межрайонный суд","456912, Челябинская обл, г Сатка, ул 50 лет ВЛКСМ, д 4",https://satka--chel.sudrf.ru/,satka--chel.sudrf.ru,да,74RS0037
Челябинская область,Снежинск,,Снежинский городской суд Челябинской области,районный_городской,"Районный, городской, межрайонный суд","456770, Челябинская обл, г Снежинск, ул Дзержинского, д 24",https://snez--chel.sudrf.ru/,snez--chel.sudrf.ru,да,74RS0047
Челябинская область,Трехгорный,,Трехгорный городской суд Челябинской области,районный_городской,"Районный, городской, межрайонный суд","456080, Челябинская обл, г Трехгорный, ул Строителей, д 14",https://trexg--chel.sudrf.ru/,trexg--chel.sudrf.ru,да,74RS0048
Челябинская область,Троицк,,Троицкий городской суд Челябинской области,районный_городской,"Районный, городской, межрайонный суд","457103, Челябинская обл, г Троицк, ул им. Ю.А. Гагарина, д 1",https://troickg--chel.sudrf.ru/,troickg--chel.sudrf.ru,да,74RS0049
Челябинская область,Увельский,Увельский,Увельский районный суд Челябинской области,районный_городской,"Районный, городской, межрайонный суд","457000, Челябинская обл, п Увельский, ул 30 лет ВЛКСМ, д 12",https://uvel--chel.sudrf.ru/,uvel--chel.sudrf.ru,да,74RS0041
Челябинская область,Уйское,Уйский,Уйский районный суд Челябинской области,районный_городской,"Районный, городской, межрайонный суд","456470, Челябинская обл, с Уйское, ул Советская, д 17",https://uisk--chel.sudrf.ru/,uisk--chel.sudrf.ru,да,74RS0040
Челябинская область,Усть-Катав,,Усть-Катавский городской суд Челябинской области,районный_городской,"Районный, городской, межрайонный суд","456043, Челябинская обл, г Усть-Катав, ул Революционная, д 2",https://ukatav--chel.sudrf.ru/,ukatav--chel.sudrf.ru,да,74RS0042
Челябинская область,Чебаркуль,,Чебаркульский городской суд Челябинской области,районный_городской,"Районный, городской, межрайонный суд","456440, Челябинская обл, г Чебаркуль, ул 9 Мая, д 7",https://chebar--chel.sudrf.ru/,chebar--chel.sudrf.ru,да,74RS0043
Челябинская область,Челябинск,,Седьмой кассационный суд общей юрисдикции,кассация,Кассационный суд общей юрисдикции,"454091, г Челябинск, ул Кирова, д 161",https://7kas.sudrf.ru/,7kas.sudrf.ru,да,74KJ0007
Челябинская область,Челябинск,,Челябинский областной суд,областной,Областной и равный ему суд,"454006, г Челябинск, ул Труда, д 34",https://oblsud--chel.sudrf.ru/,oblsud--chel.sudrf.ru,да,74OS0000
Челябинская область,Челябинск,Калининский,Калининский районный суд г. Челябинска,районный_городской,"Районный, городской, межрайонный суд","454008, г Челябинск, ул Каслинская, д 42",https://kalin--chel.sudrf.ru/,kalin--chel.sudrf.ru,да,74RS0006
Челябинская область,Челябинск,Курчатовский,Курчатовский районный суд г. Челябинска,районный_городской,"Районный, городской, межрайонный суд","454138, г Челябинск, ул Куйбышева, д 30",https://kurt--chel.sudrf.ru/,kurt--chel.sudrf.ru,да,74RS0007
Челябинская область,Челябинск,Ленинский,Ленинский районный суд г. Челябинска,районный_городской,"Районный, городской, межрайонный суд","454139, г Челябинск, ул Новороссийская, д 50",https://lench--chel.sudrf.ru/,lench--chel.sudrf.ru,да,74RS0004
Челябинская область,Челябинск,Металлургический,Металлургический районный суд г. Челябинска,районный_городской,"Районный, городской, межрайонный суд","454038, г Челябинск, ул Пекинская, д 8",https://metal--chel.sudrf.ru/,metal--chel.sudrf.ru,да,74RS0005
Челябинская область,Челябинск,Советский,Советский районный суд г. Челябинска,районный_городской,"Районный, городской, межрайонный суд","454092, г Челябинск, ул Елькина, д 76",https://sovetsky--chel.sudrf.ru/,sovetsky--chel.sudrf.ru,да,74RS0001
Челябинская область,Челябинск,Тракторозаводский,Тракторозаводский районный суд г. Челябинска,районный_городской,"Районный, городской, межрайонный суд","454085, г Челябинск, ул Танкистов, д 179",https://trz--chel.sudrf.ru/,trz--chel.sudrf.ru,да,74RS0003
Челябинская область,Челябинск,Центральный,Центральный районный суд г. Челябинска,районный_городской,"Районный, городской, межрайонный суд","454091, г Челябинск, ул Коммуны, д 87",https://centr--chel.sudrf.ru/,centr--chel.sudrf.ru,да,74RS0002
Челябинская область,Южноуральск,,Южноуральский городской суд Челябинской области,районный_городской,"Районный, городской, межрайонный суд","457040, Челябинская обл, г Южноуральск, ул Спортивная, д 11Б",https://uurals--chel.sudrf.ru/,uurals--chel.sudrf.ru,да,74RS0045
Чеченская Республика,Наурская,Наурский,Наурский районный суд Чеченской Республики,районный_городской,"Районный, городской, межрайонный суд","366128, Чеченская Республика, г. Наурская, ул. им. Х. Батырова, д. 36",https://naursky--chn.sudrf.ru/,naursky--chn.sudrf.ru,да,20RS0007
Чувашская Республика - Чувашия,Алатырь,Алатырский,Алатырский районный суд Чувашской Республики,районный_городской,"Районный, городской, межрайонный суд","429820, Чувашская Республика - Чувашия, г Алатырь, ул Первомайская, д 35",https://alatirsky--chv.sudrf.ru/,alatirsky--chv.sudrf.ru,да,21RS0001
Чувашская Республика - Чувашия,Батырево,Батыревский,Батыревский районный суд Чувашской Республики,районный_городской,"Районный, городской, межрайонный суд","429350, Чувашская Республика - Чувашия, с Батырево, пр-кт Ленина, д 8А",https://batirevsky--chv.sudrf.ru/,batirevsky--chv.sudrf.ru,да,21RS0003
Чувашская Республика - Чувашия,Вурнары,Вурнарский,Вурнарский районный суд Чувашской Республики,районный_городской,"Районный, городской, межрайонный суд","429220, Чувашская Республика - Чувашия, пгт Вурнары, ул К.Маркса, д 11",https://vurnarsky--chv.sudrf.ru/,vurnarsky--chv.sudrf.ru,да,21RS0004
Чувашская Республика - Чувашия,Ибреси,Ибресинский,Ибресинский районный суд Чувашской Республики,районный_городской,"Районный, городской, межрайонный суд","429700, Чувашская Республика - Чувашия, пгт Ибреси, ул Школьная, д 3",https://ibresinsky--chv.sudrf.ru/,ibresinsky--chv.sudrf.ru,да,21RS0005
Чувашская Республика - Чувашия,Канаш,Канашский,Канашский районный суд Чувашской Республики,районный_городской,"Районный, городской, межрайонный суд","429335, Чувашская Республика - Чувашия, г Канаш, ул Чкалова, зд 1",https://kanashsky--chv.sudrf.ru/,kanashsky--chv.sudrf.ru,да,21RS0006
Чувашская Республика - Чувашия,Козловка,Козловский,Козловский районный суд Чувашской Республики,районный_городской,"Районный, городской, межрайонный суд","429430, Чувашская Республика - Чувашия, г Козловка, ул Ленина, д 23",https://kozlovsky--chv.sudrf.ru/,kozlovsky--chv.sudrf.ru,да,21RS0007
Чувашская Республика - Чувашия,Красноармейское,Красноармейский,Красноармейский районный суд Чувашской Республики,районный_городской,"Районный, городской, межрайонный суд","429620, Чувашская Республика - Чувашия, с Красноармейское, ул 30 лет Победы, зд 18",https://krasnoarmeisky--chv.sudrf.ru/,krasnoarmeisky--chv.sudrf.ru,да,21RS0009
Чувашская Республика - Чувашия,Кугеси,Чебоксарский,Чебоксарский районный суд Чувашской Республики,районный_городской,"Районный, городской, межрайонный суд","429500, Чувашская Республика - Чувашия, п Кугеси, ул Советская, д 1",https://cheboksarsky--chv.sudrf.ru/,cheboksarsky--chv.sudrf.ru,да,21RS0016
Чувашская Республика - Чувашия,Мариинский Посад,Мариинско-Посадский,Мариинско-Посадский районный суд Чувашской Республики,районный_городской,"Районный, городской, межрайонный суд","429570, Чувашская Республика - Чувашия, г Мариинский Посад, ул Лазо, д 64",https://mariinsko-posadsky--chv.sudrf.ru/,mariinsko-posadsky--chv.sudrf.ru,да,21RS0011
Чувашская Республика - Чувашия,Моргауши,Моргаушский,Моргаушский районный суд Чувашской Республики,районный_городской,"Районный, городской, межрайонный суд","429530, Чувашская Республика - Чувашия, с Моргауши, ул Мира, д 4",https://morgaushsky--chv.sudrf.ru/,morgaushsky--chv.sudrf.ru,да,21RS0012
Чувашская Республика - Чувашия,Новочебоксарск,,Новочебоксарский городской суд Чувашской Республики,районный_городской,"Районный, городской, межрайонный суд","429965, Чувашская Республика - Чувашия, г Новочебоксарск, ул Советская, зд 47",https://novocheboksarsky--chv.sudrf.ru/,novocheboksarsky--chv.sudrf.ru,да,21RS0022
Чувашская Республика - Чувашия,Урмары,Урмарский,Урмарский районный суд Чувашской Республики,районный_городской,"Районный, городской, межрайонный суд","429400, Чувашская Республика - Чувашия, пгт Урмары, ул Ленина, д 19",https://urmarsky--chv.sudrf.ru/,urmarsky--chv.sudrf.ru,да,21RS0014
Чувашская Республика - Чувашия,Цивильск,Цивильский,Цивильский районный суд Чувашской Республики,районный_городской,"Районный, городской, межрайонный суд","429900, Чувашская Республика - Чувашия, г Цивильск, пл Ленина, зд 2А",https://civilsky--chv.sudrf.ru/,civilsky--chv.sudrf.ru,да,21RS0015
Чувашская Республика - Чувашия,Чебоксары,,Верховный Суд Чувашской Республики,областной,Областной и равный ему суд,"428000, г Чебоксары, б-р Президентский, д 12",https://vs--chv.sudrf.ru/,vs--chv.sudrf.ru,да,21OS0000
Чувашская Республика - Чувашия,Чебоксары,Калининский,Калининский районный суд г. Чебоксары Чувашской Республики,районный_городской,"Районный, городской, межрайонный суд","428000, г Чебоксары, ул Байдукова, д 23",https://kalininsky--chv.sudrf.ru/,kalininsky--chv.sudrf.ru,да,21RS0024
Чувашская Республика - Чувашия,Чебоксары,Ленинский,Ленинский районный суд г. Чебоксары Чувашской Республики,районный_городской,"Районный, городской, межрайонный суд","428000, г Чебоксары, ул Байдукова, д 23",https://leninsky--chv.sudrf.ru/,leninsky--chv.sudrf.ru,да,21RS0023
Чувашская Республика - Чувашия,Чебоксары,Московский,Московский районный суд г. Чебоксары Чувашской Республики,районный_городской,"Районный, городской, межрайонный суд","428034, г Чебоксары, ул Урукова, д 16",https://moskovsky--chv.sudrf.ru/,moskovsky--chv.sudrf.ru,да,21RS0025
Чувашская Республика - Чувашия,Шумерля,Шумерлинский,Шумерлинский районный суд Чувашской Республики,районный_городской,"Районный, городской, межрайонный суд","429120, Чувашская Республика - Чувашия, г Шумерля, ул Щербакова, д 3",https://shumerlinsky--chv.sudrf.ru/,shumerlinsky--chv.sudrf.ru,да,21RS0017
Чувашская Республика - Чувашия,Ядрин,Ядринский,Ядринский районный суд Чувашской Республики,районный_городской,"Районный, городской, межрайонный суд","429061, Чувашская Республика - Чувашия, г Ядрин, ул Ленина, д 16",https://yadrinsky--chv.sudrf.ru/,yadrinsky--chv.sudrf.ru,да,21RS0019
Чувашская Республика - Чувашия,Яльчики,Яльчикский,Яльчикский районный суд Чувашской Республики,районный_городской,"Районный, городской, межрайонный суд","429380, Чувашская Республика - Чувашия, с Яльчики, ул Кооперативная, д 71",https://yalchiksky--chv.sudrf.ru/,yalchiksky--chv.sudrf.ru,да,21RS0020
Чукотский АО,Билибино,Билибинский,Билибинский районный суд Чукотского автономного округа,районный_городской,"Районный, городской, межрайонный суд","689450, Чукотский АО, г Билибино, ул Ленина, д 24А",https://bilibinsky--chao.sudrf.ru/,bilibinsky--chao.sudrf.ru,да,87RS0004
Чукотский АО,Лаврентия,Чукотский,Чукотский районный суд Чукотского автономного округа,районный_городской,"Районный, городской, межрайонный суд","689300, Чукотский АО, с Лаврентия, ул Дежнева, д 44А",https://chukotsky--chao.sudrf.ru/,chukotsky--chao.sudrf.ru,да,87RS0008
Чукотский АО,Певек,Чаунский,Чаунский районный суд Чукотского автономного округа,районный_городской,"Районный, городской, межрайонный суд","689400, Чукотский АО, г Певек, ул Обручева, д 16/2",https://chaunsky--chao.sudrf.ru/,chaunsky--chao.sudrf.ru,да,87RS0007
Чукотский АО,Провидения,Провиденский,Провиденский районный суд Чукотского автономного округа,районный_городской,"Районный, городской, межрайонный суд","689251, Чукотский АО, пгт Провидения, ул Набережная Дежнева, д 49",https://providensky--chao.sudrf.ru/,providensky--chao.sudrf.ru,да,87RS0006
Чукотский АО,Угольные Копи,Анадырский,Анадырский районный суд Чукотского автономного округа,районный_городской,"Районный, городской, межрайонный суд","689500, Чукотский АО, пгт Угольные Копи, ул Школьная, д 13",https://anadyr--chao.sudrf.ru/,anadyr--chao.sudrf.ru,да,87RS0002
Чукотский АО,Эгвекинот,Иультинский,Иультинский районный суд Чукотского автономного округа,районный_городской,"Районный, городской, межрайонный суд","689202, Чукотский АО, пгт Эгвекинот, ул Комсомольская, стр 4",https://iultinsky--chao.sudrf.ru/,iultinsky--chao.sudrf.ru,да,87RS0005
Чукотский автономный округ,Анадырь,,Суд Чукотского автономного округа,областной,Областной и равный ему суд,"689000, г Анадырь, ул Мира, д 4",https://oblsud--chao.sudrf.ru/,oblsud--chao.sudrf.ru,да,87OS0000
Чукотский автономный округ,Анадырь,,Анадырский городской суд Чукотского автономного округа,районный_городской,"Районный, городской, межрайонный суд","689000, г Анадырь, ул Отке, д 32А",https://anadyrgor--chao.sudrf.ru/,anadyrgor--chao.sudrf.ru,да,87RS0001
Ямало-Ненецкий АО,Губкинский,Губкинский,Губкинский районный суд Ямало-Ненецкого автономного округа,районный_городской,"Районный, городской, межрайонный суд","629832, Ямало-Ненецкий АО, г Губкинский, мкр № 7, д 1",https://gubkinskiy--ynao.sudrf.ru/,gubkinskiy--ynao.sudrf.ru,да,89RS0013
Ямало-Ненецкий АО,Красноселькуп,Красноселькупский,Красноселькупский районный суд Ямало-Ненецкого автономного округа,районный_городской,"Районный, городской, межрайонный суд","629380, Ямало-Ненецкий АО, с Красноселькуп, ул Ленина, зд 2Б",https://krasnoselkupsky--ynao.sudrf.ru/,krasnoselkupsky--ynao.sudrf.ru,да,89RS0009
Ямало-Ненецкий АО,Лабытнанги,,Лабытнангский городской суд Ямало-Ненецкого автономного округа,районный_городской,"Районный, городской, межрайонный суд","629400, Ямало-Ненецкий АО, Приуральский р-н, г Лабытнанги, ул Школьная, д 34",https://labytnangsky--ynao.sudrf.ru/,labytnangsky--ynao.sudrf.ru,да,89RS0002
Ямало-Ненецкий АО,Мужи,Шурышкарский,Шурышкарский районный суд Ямало-Ненецкого автономного округа,районный_городской,"Районный, городской, межрайонный суд","629640, Ямало-Ненецкий АО, с Мужи, ул Совхозная, зд 2",https://shuryshkarsky--ynao.sudrf.ru/,shuryshkarsky--ynao.sudrf.ru,да,89RS0011
Ямало-Ненецкий АО,Муравленко,,Муравленковский городской суд Ямало-Ненецкого автономного округа,районный_городской,"Районный, городской, межрайонный суд","629602, Ямало-Ненецкий АО, г Муравленко, ул Ленина, зд 57",https://muravlenkovsky--ynao.sudrf.ru/,muravlenkovsky--ynao.sudrf.ru,да,89RS0006
Ямало-Ненецкий АО,Надым,,Надымский городской суд Ямало-Ненецкого автономного округа,районный_городской,"Районный, городской, межрайонный суд","629736, Ямало-Ненецкий АО, г Надым, ул Пионерская, стр 11",https://nadymsky--ynao.sudrf.ru/,nadymsky--ynao.sudrf.ru,да,89RS0003
Ямало-Ненецкий АО,Новый Уренгой,,Новоуренгойский городской суд Ямало-Ненецкого автономного округа,районный_городской,"Районный, городской, межрайонный суд","629309, Ямало-Ненецкий АО, г Новый Уренгой, мкр Советский, д 9 к 1а",https://novourengoysky--ynao.sudrf.ru/,novourengoysky--ynao.sudrf.ru,да,89RS0004
Ямало-Ненецкий АО,Ноябрьск,,Ноябрьский городской суд Ямало-Ненецкого автономного округа,районный_городской,"Районный, городской, межрайонный суд","629805, Ямало-Ненецкий АО, г Ноябрьск, пр-кт Мира, д 39",https://noyabrsky--ynao.sudrf.ru/,noyabrsky--ynao.sudrf.ru,да,89RS0005
Ямало-Ненецкий АО,Тазовский,Тазовский,Тазовский районный суд Ямало-Ненецкого автономного округа,районный_городской,"Районный, городской, межрайонный суд","629350, Ямало-Ненецкий АО, п Тазовский, мкр Геолог, зд 7",https://tazovsky--ynao.sudrf.ru/,tazovsky--ynao.sudrf.ru,да,89RS0012
Ямало-Ненецкий АО,Тарко-Сале,Пуровский,Пуровский районный суд Ямало-Ненецкого автономного округа,районный_городской,"Районный, городской, межрайонный суд","629851, Ямало-Ненецкий АО, г Тарко-Сале, ул Мира, д 5",https://purovsky--ynao.sudrf.ru/,purovsky--ynao.sudrf.ru,да,89RS0007
Ямало-Ненецкий АО,Яр-Сале,Ямальский,Ямальский районный суд Ямало-Ненецкого автономного округа,районный_городской,"Районный, городской, межрайонный суд","629700, Ямало-Ненецкий АО, с Яр-Сале, ул Советская, д 31А",https://yamalsky--ynao.sudrf.ru/,yamalsky--ynao.sudrf.ru,да,89RS0008
Ямало-Ненецкий автономный округ,Салехард,,Суд Ямало-Ненецкого автономного округа,областной,Областной и равный ему суд,"629008, г Салехард, ул Мира, влд 15",https://oblsud--ynao.sudrf.ru/,oblsud--ynao.sudrf.ru,да,89OS0000
Ямало-Ненецкий автономный округ,Салехард,,Салехардский городской суд Ямало-Ненецкого автономного округа,районный_городской,"Районный, городской, межрайонный суд","629007, г Салехард, ул Чубынина, д 37А",https://salehardsky--ynao.sudrf.ru/,salehardsky--ynao.sudrf.ru,да,89RS0001
Ярославская область,Большое Село,Большесельский,Большесельский районный суд Ярославской области,районный_городской,"Районный, городской, межрайонный суд","152360, Ярославская обл, с Большое Село, ул Челюскинцев, д 10",https://bolsheselsky--jrs.sudrf.ru/,bolsheselsky--jrs.sudrf.ru,да,76RS0018
Ярославская область,Брейтово,Брейтовский,Брейтовский районный суд Ярославской области,районный_городской,"Районный, городской, межрайонный суд","152760, Ярославская обл, с Брейтово, ул Советская, д 1",https://breytovsky--jrs.sudrf.ru/,breytovsky--jrs.sudrf.ru,да,76RS0002
Ярославская область,Гаврилов-Ям,Гаврилов-Ямский,Гаврилов-Ямский районный суд Ярославской области,районный_городской,"Районный, городской, межрайонный суд","152241, Ярославская обл, г Гаврилов-Ям, ул Менжинского, д 66",https://gavrilov-yamsky--jrs.sudrf.ru/,gavrilov-yamsky--jrs.sudrf.ru,да,76RS0003
Ярославская область,Данилов,Даниловский,Даниловский районный суд Ярославской области,районный_городской,"Районный, городской, межрайонный суд","152072, Ярославская обл, г Данилов, ул Ленина, д 28",https://danilovsky--jrs.sudrf.ru/,danilovsky--jrs.sudrf.ru,да,76RS0004
Ярославская область,Любим,Любимский,Любимский районный суд Ярославской области,районный_городской,"Районный, городской, межрайонный суд","152470, Ярославская обл, г Любим, ул Карла Маркса, д 59",https://lubimsky--jrs.sudrf.ru/,lubimsky--jrs.sudrf.ru,да,76RS0001
Ярославская область,Мышкин,Мышкинский,Мышкинский районный суд Ярославской области,районный_городской,"Районный, городской, межрайонный суд","152830, Ярославская обл, г Мышкин, ул Никольская, д 10",https://myshkinsky--jrs.sudrf.ru/,myshkinsky--jrs.sudrf.ru,да,76RS0020
Ярославская область,Некрасовское,Некрасовский,Некрасовский районный суд Ярославской области,районный_городской,"Районный, городской, межрайонный суд","152260, Ярославская обл, Некрасовский р-н, рп Некрасовское, ул Некрасова, д 30",https://nekrasovsky--jrs.sudrf.ru/,nekrasovsky--jrs.sudrf.ru,да,76RS0005
Ярославская область,Новый Некоуз,Некоузский,Некоузский районный суд Ярославской области,районный_городской,"Районный, городской, межрайонный суд","152730, Ярославская обл, с Новый Некоуз, ул Советская, д 17",https://nekouzsky--jrs.sudrf.ru/,nekouzsky--jrs.sudrf.ru,да,76RS0006
Ярославская область,Переславль-Залесский,Переславский,Переславский районный суд Ярославской области,районный_городской,"Районный, городской, межрайонный суд","152020, Ярославская обл, г Переславль-Залесский, ул Конная, д 6",https://pereslavsky--jrs.sudrf.ru/,pereslavsky--jrs.sudrf.ru,да,76RS0008
Ярославская область,Пошехонье,Пошехонский,Пошехонский районный суд Ярославской области,районный_городской,"Районный, городской, межрайонный суд","152850, Ярославская обл, г Пошехонье, ул Любимская, д 9",https://poshehonsky--jrs.sudrf.ru/,poshehonsky--jrs.sudrf.ru,да,76RS0007
Ярославская область,Пречистое,Первомайский,Первомайский районный суд Ярославской области,районный_городской,"Районный, городской, межрайонный суд","152430, Ярославская обл, рп Пречистое, ул Вологодская, д 39",https://pervomaysky--jrs.sudrf.ru/,pervomaysky--jrs.sudrf.ru,да,76RS0009
Ярославская область,Ростов Великий,Ростовский,Ростовский районный суд Ярославской области,районный_городской,"Районный, городской, межрайонный суд","152151, Ярославская обл, г Ростов Великий, ул Луначарского, д 58",https://rostovsky--jrs.sudrf.ru/,rostovsky--jrs.sudrf.ru,да,76RS0010
Ярославская область,Рыбинск,,Рыбинский городской суд Ярославской области,районный_городской,"Районный, городской, межрайонный суд","152934, Ярославская обл, г Рыбинск, ул Пушкина, д 11",https://rybinskygor--jrs.sudrf.ru/,rybinskygor--jrs.sudrf.ru,да,76RS0013
Ярославская область,Тутаев,,Тутаевский городской суд Ярославской области,районный_городской,"Районный, городской, межрайонный суд","152303, Ярославская обл, г Тутаев, ул Советская, д 7",https://tutaevsky--jrs.sudrf.ru/,tutaevsky--jrs.sudrf.ru,да,76RS0021
Ярославская область,Углич,Угличский,Угличский районный суд Ярославской области,районный_городской,"Районный, городской, межрайонный суд","152615, Ярославская обл, г Углич, ул Ленина, д 16",https://uglichsky--jrs.sudrf.ru/,uglichsky--jrs.sudrf.ru,да,76RS0011
Ярославская область,Ярославль,,Ярославский областной суд,областной,Областной и равный ему суд,"150003, г Ярославль, ул Советская, д 18",https://oblsud--jrs.sudrf.ru/,oblsud--jrs.sudrf.ru,да,76OS0000
Ярославская область,Ярославль,Дзержинский,Дзержинский районный суд г. Ярославля,районный_городской,"Районный, городской, межрайонный суд","150060, г Ярославль, ул Труфанова, д 26",https://dzerzhinsky--jrs.sudrf.ru/,dzerzhinsky--jrs.sudrf.ru,да,76RS0016
Ярославская область,Ярославль,Заволжский,Заволжский районный суд г. Ярославля,районный_городской,"Районный, городской, межрайонный суд","150055, г Ярославль, ул Красноборская, д 5 к 1",https://zavolzhsky--jrs.sudrf.ru/,zavolzhsky--jrs.sudrf.ru,да,76RS0022
Ярославская область,Ярославль,Кировский,Кировский районный суд г. Ярославля,районный_городской,"Районный, городской, межрайонный суд","150000, г Ярославль, ул Собинова, д 39",https://kirovsky--jrs.sudrf.ru/,kirovsky--jrs.sudrf.ru,да,76RS0014
Ярославская область,Ярославль,Красноперекопский,Красноперекопский районный суд г. Ярославля,районный_городской,"Районный, городской, межрайонный суд","150001, г Ярославль, ул Малая Пролетарская, д 31Б",https://krasnoperekopsky--jrs.sudrf.ru/,krasnoperekopsky--jrs.sudrf.ru,да,76RS0023
Ярославская область,Ярославль,Ленинский,Ленинский районный суд г. Ярославля,районный_городской,"Районный, городской, межрайонный суд","150040, г Ярославль, ул Некрасова, д 71",https://leninsky--jrs.sudrf.ru/,leninsky--jrs.sudrf.ru,да,76RS0015
Ярославская область,Ярославль,Фрунзенский,Фрунзенский районный суд г. Ярославля,районный_городской,"Районный, городской, межрайонный суд","150030, г Ярославль, пр-кт Фрунзе, д 2 к 2",https://frunzensky--jrs.sudrf.ru/,frunzensky--jrs.sudrf.ru,да,76RS0024
Ярославская область,Ярославль,Ярославский,Ярославский районный суд Ярославской области,районный_городской,"Районный, городской, межрайонный суд","150014, г Ярославль, ул Победы, д 47",https://yaroslavsky--jrs.sudrf.ru/,yaroslavsky--jrs.sudrf.ru,да,76RS0017
ул Республиканская,Курск,Кировский,Кировский районный суд г. Курска,районный_городской,"Районный, городской, межрайонный суд","305022, г Курск, ул Республиканская, зд 42В",https://kirovsky--krs.sudrf.ru/,kirovsky--krs.sudrf.ru,да,46RS0029
ул Республиканская,Саранск,Ленинский,Ленинский районный суд г. Саранска Республики Мордовия,районный_городской,"Районный, городской, межрайонный суд","430027, г Саранск, ул Республиканская, д 94",https://leninsky--mor.sudrf.ru/,leninsky--mor.sudrf.ru,да,13RS0023