РЕГИОН,ГОРОД,РАЙОН,НАЗВАНИЕ,ТИП,ТИП_НАЗВАНИЕ,АДРЕС,САЙТ,ДОМЕН_SUDRF,ПАРСЕР,КОД
Республика Башкортостан,Агидель,,Судебный участок № 1 по городу Агидель Республики Башкортостан,MS,Мировой суд,"452920, Респ Башкортостан, г Агидель, ул Академика Курчатова, зд 15",https://68.bkr.msudrf.ru/,68.bkr.msudrf.ru,нет,03MS0068
Республика Башкортостан,Акьяр,,Судебный участок № 1 по Хайбуллинскому району Республики Башкортостан,MS,Мировой суд,"453800, Республика Башкортостан, с. Акьяр, ул. Мусы Гареева, д. 40",https://208.bkr.msudrf.ru/,208.bkr.msudrf.ru,нет,03MS0208
Республика Башкортостан,Акьяр,,Судебный участок № 2 по Хайбуллинскому району Республики Башкортостан,MS,Мировой суд,"453800, Республика Башкортостан, с. Акьяр, ул. Мусы Гареева, д. 40",https://209.bkr.msudrf.ru/,209.bkr.msudrf.ru,нет,03MS0209
Республика Башкортостан,Архангельское,,Судебный участок по Архангельскому району Республики Башкортостан,MS,Мировой суд,"453030, Респ Башкортостан, с Архангельское, ул Советская, зд 55",https://157.bkr.msudrf.ru/,157.bkr.msudrf.ru,нет,03MS0157
Республика Башкортостан,Аскарово,,Судебный участок № 1 по Абзелиловскому району Республики Башкортостан,MS,Мировой суд,"453620, Респ Башкортостан, с Аскарово, ул Ленина, д 31",https://153.bkr.msudrf.ru/,153.bkr.msudrf.ru,нет,03MS0153
Республика Башкортостан,Аскарово,,Судебный участок № 2 по Абзелиловскому району Республики Башкортостан,MS,Мировой суд,"453620, Респ Башкортостан, с Аскарово, ул Ленина, д 31",https://154.bkr.msudrf.ru/,154.bkr.msudrf.ru,нет,03MS0154
Республика Башкортостан,Аскино,,Судебный участок по Аскинскому району Республики Башкортостан,MS,Мировой суд,"452880, Респ Башкортостан, с Аскино, ул М.Горького, д 3",https://158.bkr.msudrf.ru/,158.bkr.msudrf.ru,нет,03MS0158
Республика Башкортостан,Баймак,,Судебный участок № 1 по Баймакскому району и городу Баймаку Республики Башкортостан,MS,Мировой суд,"453630, Респ Башкортостан, г Баймак, ул Салавата Юлаева, д 9",https://70.bkr.msudrf.ru/,70.bkr.msudrf.ru,нет,03MS0070
Республика Башкортостан,Баймак,,Судебный участок № 2 по Баймакскому району и городу Баймаку Республики Башкортостан,MS,Мировой суд,"453630, Респ Башкортостан, г Баймак, ул Салавата Юлаева, д 9",https://71.bkr.msudrf.ru/,71.bkr.msudrf.ru,нет,03MS0071
Республика Башкортостан,Баймак,,Судебный участок № 3 по Баймакскому району и городу Баймаку Республики Башкортостан,MS,Мировой суд,"453630, Респ Башкортостан, г Баймак, ул Салавата Юлаева, д 9",https://72.bkr.msudrf.ru/,72.bkr.msudrf.ru,нет,03MS0072
Республика Башкортостан,Бакалы,,Судебный участок № 1 по Бакалинскому району Республики Башкортостан,MS,Мировой суд,"452650, Респ Башкортостан, с Бакалы, ул Ленина, д 117",https://161.bkr.msudrf.ru/,161.bkr.msudrf.ru,нет,03MS0161
Республика Башкортостан,Бакалы,,Судебный участок № 2 по Бакалинскому району Республики Башкортостан,MS,Мировой суд,"452650, Респ Башкортостан, с Бакалы, ул Ленина, д 117",https://162.bkr.msudrf.ru/,162.bkr.msudrf.ru,нет,03MS0162
Республика Башкортостан,Белебей,,Судебный участок по Белебеевскому району Республики Башкортостан,MS,Мировой суд,"452005, Респ Башкортостан, г Белебей, ул Интернациональная, д 61",https://164.bkr.msudrf.ru/,164.bkr.msudrf.ru,нет,03MS0164
Республика Башкортостан,Белебей,,Судебный участок № 1 по городу Белебею Республики Башкортостан,MS,Мировой суд,"452005, Респ Башкортостан, г Белебей, ул Пионерская, д 44",https://73.bkr.msudrf.ru/,73.bkr.msudrf.ru,нет,03MS0073
Республика Башкортостан,Белебей,,Судебный участок № 2 по городу Белебею Республики Башкортостан,MS,Мировой суд,"452005, Респ Башкортостан, г Белебей, ул Пионерская, д 44",https://74.bkr.msudrf.ru/,74.bkr.msudrf.ru,нет,03MS0074
Республика Башкортостан,Белебей,,Судебный участок № 4 по городу Белебею Республики Башкортостан,MS,Мировой суд,"452005, Респ Башкортостан, г Белебей, ул Пионерская, д 44",https://76.bkr.msudrf.ru/,76.bkr.msudrf.ru,нет,03MS0076
Республика Башкортостан,Белорецк,,Судебный участок № 1 по Белорецкому району Республики Башкортостан,MS,Мировой суд,"453509, Респ Башкортостан, г Белорецк, ул Точисского, д 23",https://166.bkr.msudrf.ru/,166.bkr.msudrf.ru,нет,03MS0166
Республика Башкортостан,Белорецк,,Судебный участок № 1 по городу Белорецк Республики Башкортостан,MS,Мировой суд,"453509, Респ Башкортостан, г Белорецк, ул Точисского, д 23",https://77.bkr.msudrf.ru/,77.bkr.msudrf.ru,нет,03MS0077
Республика Башкортостан,Белорецк,,Судебный участок № 2 по Белорецкому району Республики Башкортостан,MS,Мировой суд,"453509, Респ Башкортостан, г Белорецк, ул Точисского, д 23",https://167.bkr.msudrf.ru/,167.bkr.msudrf.ru,нет,03MS0167
Республика Башкортостан,Белорецк,,Судебный участок № 2 по городу Белорецк Республики Башкортостан,MS,Мировой суд,"453509, Респ Башкортостан, г Белорецк, ул Точисского, д 23",https://78.bkr.msudrf.ru/,78.bkr.msudrf.ru,нет,03MS0078
Республика Башкортостан,Белорецк,,Судебный участок № 3 по городу Белорецк Республики Башкортостан,MS,Мировой суд,"453509, Респ Башкортостан, г Белорецк, ул Точисского, д 23",https://79.bkr.msudrf.ru/,79.bkr.msudrf.ru,нет,03MS0079
Республика Башкортостан,Белорецк,,Судебный участок № 4 по городу Белорецк Республики Башкортостан,MS,Мировой суд,"453509, Респ Башкортостан, г Белорецк, ул Точисского, д 23",https://80.bkr.msudrf.ru/,80.bkr.msudrf.ru,нет,03MS0080
Республика Башкортостан,Бижбуляк,,Судебный участок по Бижбулякскому району Республики Башкортостан,MS,Мировой суд,"452040, Респ Башкортостан, с Бижбуляк, ул Советская, д 31",https://168.bkr.msudrf.ru/,168.bkr.msudrf.ru,нет,03MS0168
Республика Башкортостан,Бирск,,Судебный участок № 1 по Бирскому району и городу Бирску Республики Башкортостан,MS,Мировой суд,"452455, Респ Башкортостан, г Бирск, ул Калинина, д 20",https://81.bkr.msudrf.ru/,81.bkr.msudrf.ru,нет,03MS0081
Республика Башкортостан,Бирск,,Судебный участок № 2 по Бирскому району и городу Бирску Республики Башкортостан,MS,Мировой суд,"452455, Респ Башкортостан, г Бирск, ул Калинина, д 20",https://82.bkr.msudrf.ru/,82.bkr.msudrf.ru,нет,03MS0082
Республика Башкортостан,Бирск,,Судебный участок № 3 по Бирскому району и городу Бирску Республики Башкортостан,MS,Мировой суд,"452455, Респ Башкортостан, г Бирск, ул Калинина, д 20",https://83.bkr.msudrf.ru/,83.bkr.msudrf.ru,нет,03MS0083
Республика Башкортостан,Благовещенск,,Судебный участок № 1 по Благовещенскому району и городу Благовещенску Республики Башкортостан,MS,Мировой суд,"453430, Респ Башкортостан, г Благовещенск, ул Коммунистическая, д 12",https://84.bkr.msudrf.ru/,84.bkr.msudrf.ru,нет,03MS0084
Республика Башкортостан,Благовещенск,,Судебный участок № 2 по Благовещенскому району и городу Благовещенску Республики Башкортостан,MS,Мировой суд,"453430, Респ Башкортостан, г Благовещенск, ул Коммунистическая, д 12",https://85.bkr.msudrf.ru/,85.bkr.msudrf.ru,нет,03MS0085
Республика Башкортостан,Благовещенск,,Судебный участок № 3 по Благовещенскому району и городу Благовещенску Республики Башкортостан,MS,Мировой суд,"453430, Респ Башкортостан, г Благовещенск, ул Коммунистическая, д 12",https://86.bkr.msudrf.ru/,86.bkr.msudrf.ru,нет,03MS0086
Республика Башкортостан,Большеустьикинское,,Судебный участок по Мечетлинскому району Республики Башкортостан,MS,Мировой суд,"452550, Респ Башкортостан, с Большеустьикинское, ул Советская, д 25А",https://194.bkr.msudrf.ru/,194.bkr.msudrf.ru,нет,03MS0194
Республика Башкортостан,Буздяк,,Судебный участок по Буздякскому району Республики Башкортостан,MS,Мировой суд,"452710, Респ Башкортостан, с Буздяк, ул Красная Площадь, д 15",https://170.bkr.msudrf.ru/,170.bkr.msudrf.ru,нет,03MS0170
Республика Башкортостан,Бураево,,Судебный участок по Бураевскому району Республики Башкортостан,MS,Мировой суд,"452960, Респ Башкортостан, с Бураево, ул Ленина, зд 102",https://171.bkr.msudrf.ru/,171.bkr.msudrf.ru,нет,03MS0171
Республика Башкортостан,Верхнеяркеево,,Судебный участок № 1 по Илишевскому району Республики Башкортостан,MS,Мировой суд,"452260, Респ Башкортостан, с Верхнеяркеево, ул Коммунистическая, зд 17",https://183.bkr.msudrf.ru/,183.bkr.msudrf.ru,нет,03MS0183
Республика Башкортостан,Верхнеяркеево,,Судебный участок № 2 по Илишевскому району Республики Башкортостан,MS,Мировой суд,"452260, Респ Башкортостан, с Верхнеяркеево, ул Коммунистическая, зд 17",https://216.bkr.msudrf.ru/,216.bkr.msudrf.ru,нет,03MS0216
Республика Башкортостан,Верхние Киги,,Судебный участок по Кигинскому району Республики Башкортостан,MS,Мировой суд,"452500, Респ Башкортостан, с Верхние Киги, ул Советская, зд 9",https://188.bkr.msudrf.ru/,188.bkr.msudrf.ru,нет,03MS0188
Республика Башкортостан,Верхние Татышлы,,Судебный участок по Татышлинскому району Республики Башкортостан,MS,Мировой суд,"452830, Респ Башкортостан, с Верхние Татышлы, ул Ленина, зд 39",https://203.bkr.msudrf.ru/,203.bkr.msudrf.ru,нет,03MS0203
Республика Башкортостан,Давлеканово,,Судебный участок № 1 по Давлекановскому району и городу Давлеканово Республики Башкортостан,MS,Мировой суд,"453405, Респ Башкортостан, г Давлеканово, ул Степана Разина, д 58",https://87.bkr.msudrf.ru/,87.bkr.msudrf.ru,нет,03MS0087
Республика Башкортостан,Давлеканово,,Судебный участок № 2 по Давлекановскому району и городу Давлеканово Республики Башкортостан,MS,Мировой суд,"453405, Респ Башкортостан, г Давлеканово, ул Степана Разина, д 58",https://88.bkr.msudrf.ru/,88.bkr.msudrf.ru,нет,03MS0088
Республика Башкортостан,Дюртюли,,Судебный участок № 1 по Дюртюлинскому району и городу Дюртюли Республики Башкортостан,MS,Мировой суд,"452320, Респ Башкортостан, г Дюртюли, пер Марии Якутовой, зд 9",https://89.bkr.msudrf.ru/,89.bkr.msudrf.ru,нет,03MS0089
Республика Башкортостан,Дюртюли,,Судебный участок № 2 по Дюртюлинскому району и городу Дюртюли Республики Башкортостан,MS,Мировой суд,"452320, Респ Башкортостан, г Дюртюли, пер Марии Якутовой, зд 9",https://90.bkr.msudrf.ru/,90.bkr.msudrf.ru,нет,03MS0090
Республика Башкортостан,Дюртюли,,Судебный участок № 3 по Дюртюлинскому району и городу Дюртюли Республики Башкортостан,MS,Мировой суд,"452320, Респ Башкортостан, г Дюртюли, пер Марии Якутовой, зд 9",https://91.bkr.msudrf.ru/,91.bkr.msudrf.ru,нет,03MS0091
Республика Башкортостан,Ермекеево,,Судебный участок по Ермекеевскому району Республики Башкортостан,MS,Мировой суд,"452190, Респ Башкортостан, с Ермекеево, ул Школьная, зд 12",https://177.bkr.msudrf.ru/,177.bkr.msudrf.ru,нет,03MS0177
Республика Башкортостан,Ермолаево,,Судебный участок по Куюргазинскому району Республики Башкортостан,MS,Мировой суд,"453361, Респ Башкортостан, с Ермолаево, ул Чапаева, д 2",https://193.bkr.msudrf.ru/,193.bkr.msudrf.ru,нет,03MS0193
Республика Башкортостан,Зилаир,,Судебный участок по Зилаирскому району Республики Башкортостан,MS,Мировой суд,"453680, Респ Башкортостан, с Зилаир, ул Ленина, д 87",https://179.bkr.msudrf.ru/,179.bkr.msudrf.ru,нет,03MS0179
Республика Башкортостан,Иглино,,Судебный участок № 1 по Иглинскому району Республики Башкортостан,MS,Мировой суд,"452410, Респ Башкортостан, с Иглино, ул Ленина, д 79",https://180.bkr.msudrf.ru/,180.bkr.msudrf.ru,нет,03MS0180
Республика Башкортостан,Иглино,,Судебный участок № 2 по Иглинскому району Республики Башкортостан,MS,Мировой суд,"452410, Респ Башкортостан, с Иглино, ул Ленина, д 79",https://181.bkr.msudrf.ru/,181.bkr.msudrf.ru,нет,03MS0181
Республика Башкортостан,Иглино,,Судебный участок № 3 по Иглинскому району Республики Башкортостан,MS,Мировой суд,"452410, Респ Башкортостан, с Иглино, ул Ленина, д 79",https://182.bkr.msudrf.ru/,182.bkr.msudrf.ru,нет,03MS0182
Республика Башкортостан,Исянгулово,,Судебный участок по Зианчуринскому району Республики Башкортостан,MS,Мировой суд,"453380, Респ Башкортостан, с Исянгулово, ул Советская, зд 18",https://178.bkr.msudrf.ru/,178.bkr.msudrf.ru,нет,03MS0178
Республика Башкортостан,Ишимбай,,Судебный участок № 1 по Ишимбайскому району и городу Ишимбаю Республики Башкортостан,MS,Мировой суд,"453204, Респ Башкортостан, г Ишимбай, ул Советская, д 57",https://92.bkr.msudrf.ru/,92.bkr.msudrf.ru,нет,03MS0092
Республика Башкортостан,Ишимбай,,Судебный участок № 2 по Ишимбайскому району и городу Ишимбаю Республики Башкортостан,MS,Мировой суд,"453204, Респ Башкортостан, г Ишимбай, ул Советская, д 57",https://93.bkr.msudrf.ru/,93.bkr.msudrf.ru,нет,03MS0093
Республика Башкортостан,Ишимбай,,Судебный участок № 3 по Ишимбайскому району и городу Ишимбаю Республики Башкортостан,MS,Мировой суд,"453204, Респ Башкортостан, г Ишимбай, ул Советская, д 57",https://94.bkr.msudrf.ru/,94.bkr.msudrf.ru,нет,03MS0094
Республика Башкортостан,Ишимбай,,Судебный участок № 4 по Ишимбайскому району и городу Ишимбаю Республики Башкортостан,MS,Мировой суд,"453204, Респ Башкортостан, г Ишимбай, ул Советская, д 57",https://95.bkr.msudrf.ru/,95.bkr.msudrf.ru,нет,03MS0095
Республика Башкортостан,Ишимбай,,Судебный участок № 5 по Ишимбайскому району и городу Ишимбаю Республики Башкортостан,MS,Мировой суд,"453204, Респ Башкортостан, г Ишимбай, ул Советская, д 57",https://96.bkr.msudrf.ru/,96.bkr.msudrf.ru,нет,03MS0096
Республика Башкортостан,Калтасы,,Судебный участок по Калтасинскому району Республики Башкортостан,MS,Мировой суд,"452860, Респ Башкортостан, с Калтасы, ул К.Маркса, д 63",https://184.bkr.msudrf.ru/,184.bkr.msudrf.ru,нет,03MS0184
Республика Башкортостан,Караидель,,Судебный участок по Караидельскому району Республики Башкортостан,MS,Мировой суд,"452360, Респ Башкортостан, с Караидель, ул Мира, д 11",https://185.bkr.msudrf.ru/,185.bkr.msudrf.ru,нет,03MS0185
Республика Башкортостан,Кармаскалы,,Судебный участок № 1 по Кармаскалинскому району Республики Башкортостан,MS,Мировой суд,"453020, Респ Башкортостан, с Кармаскалы, ул Худайбердина, д 10",https://186.bkr.msudrf.ru/,186.bkr.msudrf.ru,нет,03MS0186
Республика Башкортостан,Кармаскалы,,Судебный участок № 2 по Кармаскалинскому району Республики Башкортостан,MS,Мировой суд,"453020, Респ Башкортостан, с Кармаскалы, ул Худайбердина, д 10",https://187.bkr.msudrf.ru/,187.bkr.msudrf.ru,нет,03MS0187
Республика Башкортостан,Киргиз-Мияки,,Судебный участок № 1 по Миякинскому району Республики Башкортостан,MS,Мировой суд,"452080, Респ Башкортостан, с Киргиз-Мияки, ул Ленина, д 19",https://196.bkr.msudrf.ru/,196.bkr.msudrf.ru,нет,03MS0196
Республика Башкортостан,Киргиз-Мияки,,Судебный участок № 2 по Миякинскому району Республики Башкортостан,MS,Мировой суд,"452080, Респ Башкортостан, с Киргиз-Мияки, ул Ленина, д 19",https://197.bkr.msudrf.ru/,197.bkr.msudrf.ru,нет,03MS0197
Республика Башкортостан,Красная Горка,,Судебный участок по Нуримановскому району Республики Башкортостан,MS,Мировой суд,"452440, Респ Башкортостан, с Красная Горка, ул Советская, зд 58",https://198.bkr.msudrf.ru/,198.bkr.msudrf.ru,нет,03MS0198
Республика Башкортостан,Красноусольский,,Судебный участок № 1 по Гафурийскому району Республики Башкортостан,MS,Мировой суд,"453050, Респ Башкортостан, с Красноусольский, ул К.Маркса, д 14",https://173.bkr.msudrf.ru/,173.bkr.msudrf.ru,нет,03MS0173
Республика Башкортостан,Красноусольский,,Судебный участок № 2 по Гафурийскому району Республики Башкортостан,MS,Мировой суд,"453050, Респ Башкортостан, с Красноусольский, ул К.Маркса, д 14",https://174.bkr.msudrf.ru/,174.bkr.msudrf.ru,нет,03MS0174
Республика Башкортостан,Кумертау,,Судебный участок № 1 по городу Кумертау Республики Башкортостан,MS,Мировой суд,"453300, Респ Башкортостан, г Кумертау, ул Карла Маркса, зд 4А",https://97.bkr.msudrf.ru/,97.bkr.msudrf.ru,нет,03MS0097
Республика Башкортостан,Кумертау,,Судебный участок № 2 по городу Кумертау Республики Башкортостан,MS,Мировой суд,"453300, Респ Башкортостан, г Кумертау, ул Карла Маркса, зд 4А",https://98.bkr.msudrf.ru/,98.bkr.msudrf.ru,нет,03MS0098
Республика Башкортостан,Кумертау,,Судебный участок № 3 по городу Кумертау Республики Башкортостан,MS,Мировой суд,"453300, Респ Башкортостан, г Кумертау, ул Карла Маркса, зд 4А",https://99.bkr.msudrf.ru/,99.bkr.msudrf.ru,нет,03MS0099
Республика Башкортостан,Кумертау,,Судебный участок № 4 по городу Кумертау Республики Башкортостан,MS,Мировой суд,"453300, Респ Башкортостан, г Кумертау, ул Карла Маркса, зд 4А",https://100.bkr.msudrf.ru/,100.bkr.msudrf.ru,нет,03MS0100
Республика Башкортостан,Кушнаренково,,Судебный участок по Кушнаренковскому району Республики Башкортостан,MS,Мировой суд,"452230, Респ Башкортостан, с Кушнаренково, ул Октябрьская, зд 39",https://192.bkr.msudrf.ru/,192.bkr.msudrf.ru,нет,03MS0192
Республика Башкортостан,Малояз,,Судебный участок по Салаватскому району Республики Башкортостан,MS,Мировой суд,"452490, Респ Башкортостан, с Малояз, ул 60 лет СССР, зд 3",https://199.bkr.msudrf.ru/,199.bkr.msudrf.ru,нет,03MS0199
Республика Башкортостан,Межгорье,,Судебный участок по городу Межгорье Республики Башкортостан,MS,Мировой суд,"453571, Респ Башкортостан, г Межгорье, ул 40 лет Победы, зд 11",https://105.bkr.msudrf.ru/,105.bkr.msudrf.ru,нет,03MS0105
Республика Башкортостан,Мелеуз,,Судебный участок № 1 по Мелеузовскому району и городу Мелеузу Республики Башкортостан,MS,Мировой суд,"453856, Респ Башкортостан, г Мелеуз, пл ЗСМ, д 8",https://101.bkr.msudrf.ru/,101.bkr.msudrf.ru,нет,03MS0101
Республика Башкортостан,Мелеуз,,Судебный участок № 2 по Мелеузовскому району и городу Мелеузу Республики Башкортостан,MS,Мировой суд,"453856, Респ Башкортостан, г Мелеуз, пл ЗСМ, д 8",https://102.bkr.msudrf.ru/,102.bkr.msudrf.ru,нет,03MS0102
Республика Башкортостан,Мелеуз,,Судебный участок № 3 по Мелеузовскому району и городу Мелеузу Республики Башкортостан,MS,Мировой суд,"453856, Респ Башкортостан, г Мелеуз, пл ЗСМ, д 8",https://103.bkr.msudrf.ru/,103.bkr.msudrf.ru,нет,03MS0103
Республика Башкортостан,Мелеуз,,Судебный участок № 4 по Мелеузовскому району и городу Мелеузу Республики Башкортостан,MS,Мировой суд,"453856, Респ Башкортостан, г Мелеуз, пл ЗСМ, д 8",https://104.bkr.msudrf.ru/,104.bkr.msudrf.ru,нет,03MS0104
Республика Башкортостан,Месягутово,,Судебный участок № 1 по Дуванскому району Республики Башкортостан,MS,Мировой суд,"452530, Респ Башкортостан, с Месягутово, ул Сафонова, д 1 к а",https://175.bkr.msudrf.ru/,175.bkr.msudrf.ru,нет,03MS0175
Республика Башкортостан,Месягутово,,Судебный участок № 2 по Дуванскому району Республики Башкортостан,MS,Мировой суд,"452530, Респ Башкортостан, с Месягутово, ул Сафонова, д 1 к а",https://176.bkr.msudrf.ru/,176.bkr.msudrf.ru,нет,03MS0176
Республика Башкортостан,Мишкино,,Судебный участок по Мишкинскому району Республики Башкортостан,MS,Мировой суд,"452340, Респ Башкортостан, с Мишкино, ул Ленина, д 106",https://195.bkr.msudrf.ru/,195.bkr.msudrf.ru,нет,03MS0195
Республика Башкортостан,Мраково,,Судебный участок № 1 по Кугарчинскому району Республики Башкортостан,MS,Мировой суд,"453330, Респ Башкортостан, с Мраково, ул Буркина, зд 48",https://190.bkr.msudrf.ru/,190.bkr.msudrf.ru,нет,03MS0190
Республика Башкортостан,Мраково,,Судебный участок № 2 по Кугарчинскому району Республики Башкортостан,MS,Мировой суд,"453330, Респ Башкортостан, с Мраково, ул Буркина, зд 48",https://191.bkr.msudrf.ru/,191.bkr.msudrf.ru,нет,03MS0191
Республика Башкортостан,Нефтекамск,,Судебный участок № 1 по городу Нефтекамску Республики Башкортостан,MS,Мировой суд,"452685, Респ Башкортостан, г Нефтекамск, ул Победы, д 10Б",https://106.bkr.msudrf.ru/,106.bkr.msudrf.ru,нет,03MS0106
Республика Башкортостан,Нефтекамск,,Судебный участок № 2 по городу Нефтекамску Республики Башкортостан,MS,Мировой суд,"452685, Респ Башкортостан, г Нефтекамск, ул Победы, д 10Б",https://107.bkr.msudrf.ru/,107.bkr.msudrf.ru,нет,03MS0107
Республика Башкортостан,Нефтекамск,,Судебный участок № 3 по городу Нефтекамску Республики Башкортостан,MS,Мировой суд,"452685, Респ Башкортостан, г Нефтекамск, ул Победы, д 10Б",https://108.bkr.msudrf.ru/,108.bkr.msudrf.ru,нет,03MS0108
Республика Башкортостан,Нефтекамск,,Судебный участок № 4 по городу Нефтекамску Республики Башкортостан,MS,Мировой суд,"452685, Респ Башкортостан, г Нефтекамск, ул Победы, д 10Б",https://109.bkr.msudrf.ru/,109.bkr.msudrf.ru,нет,03MS0109
Республика Башкортостан,Нефтекамск,,Судебный участок № 5 по городу Нефтекамску Республики Башкортостан,MS,Мировой суд,"452685, Респ Башкортостан, г Нефтекамск, ул Победы, д 10Б",https://110.bkr.msudrf.ru/,110.bkr.msudrf.ru,нет,03MS0110
Республика Башкортостан,Нефтекамск,,Судебный участок № 6 по городу Нефтекамску Республики Башкортостан,MS,Мировой суд,"452685, Респ Башкортостан, г Нефтекамск, ул Победы, д 10Б",https://111.bkr.msudrf.ru/,111.bkr.msudrf.ru,нет,03MS0111
Республика Башкортостан,Нефтекамск,,Судебный участок № 7 по городу Нефтекамску Республики Башкортостан,MS,Мировой суд,"452685, Респ Башкортостан, г Нефтекамск, ул Победы, д 10Б",https://112.bkr.msudrf.ru/,112.bkr.msudrf.ru,нет,03MS0112
Республика Башкортостан,Николо-Березовка,,Судебный участок по Краснокамскому району Республики Башкортостан,MS,Мировой суд,"452930, Респ Башкортостан, с Николо-Березовка, ул Дорожная, д 21",https://189.bkr.msudrf.ru/,189.bkr.msudrf.ru,нет,03MS0189
Республика Башкортостан,Новобелокатай,,Судебный участок по Белокатайскому району Республики Башкортостан,MS,Мировой суд,"452580, Респ Башкортостан, с Новобелокатай, ул Школьная, д 16",https://165.bkr.msudrf.ru/,165.bkr.msudrf.ru,нет,03MS0165
Республика Башкортостан,Октябрьский,,Судебный участок № 1 по городу Октябрьскому Республики Башкортостан,MS,Мировой суд,"452614, Респ Башкортостан, г Октябрьский, ул Герцена, д 2А",https://113.bkr.msudrf.ru/,113.bkr.msudrf.ru,нет,03MS0113
Республика Башкортостан,Октябрьский,,Судебный участок № 2 по городу Октябрьскому Республики Башкортостан,MS,Мировой суд,"452614, Респ Башкортостан, г Октябрьский, ул Герцена, д 2А",https://114.bkr.msudrf.ru/,114.bkr.msudrf.ru,нет,03MS0114
Республика Башкортостан,Октябрьский,,Судебный участок № 3 по городу Октябрьскому Республики Башкортостан,MS,Мировой суд,"452614, Респ Башкортостан, г Октябрьский, ул Герцена, д 2А",https://115.bkr.msudrf.ru/,115.bkr.msudrf.ru,нет,03MS0115
Республика Башкортостан,Октябрьский,,Судебный участок № 4 по городу Октябрьскому Республики Башкортостан,MS,Мировой суд,"452614, Респ Башкортостан, г Октябрьский, ул Герцена, д 2А",https://116.bkr.msudrf.ru/,116.bkr.msudrf.ru,нет,03MS0116
Республика Башкортостан,Октябрьский,,Судебный участок № 5 по городу Октябрьскому Республики Башкортостан,MS,Мировой суд,"452614, Респ Башкортостан, г Октябрьский, ул Герцена, д 2А",https://117.bkr.msudrf.ru/,117.bkr.msudrf.ru,нет,03MS0117
Республика Башкортостан,Октябрьский,,Судебный участок № 6 по городу Октябрьскому Республики Башкортостан,MS,Мировой суд,"452614, Респ Башкортостан, г Октябрьский, ул Герцена, д 2А",https://118.bkr.msudrf.ru/,118.bkr.msudrf.ru,нет,03MS0118
Республика Башкортостан,Приютово,,Судебный участок № 3 по городу Белебею Республики Башкортостан,MS,Мировой суд,"452017, Респ Башкортостан, Белебеевский р-н, рп Приютово, ул Вокзальная, д 2А",https://75.bkr.msudrf.ru/,75.bkr.msudrf.ru,нет,03MS0075
Республика Башкортостан,Раевский,,Судебный участок № 1 по Альшеевскому району Республики Башкортостан,MS,Мировой суд,"452122, Респ Башкортостан, с Раевский, ул Кирова, д 3",https://155.bkr.msudrf.ru/,155.bkr.msudrf.ru,нет,03MS0155
Республика Башкортостан,Раевский,,Судебный участок № 2 по Альшеевскому району Республики Башкортостан,MS,Мировой суд,"452122, Респ Башкортостан, с Раевский, ул Кирова, д 3",https://156.bkr.msudrf.ru/,156.bkr.msudrf.ru,нет,03MS0156
Республика Башкортостан,Салават,,Судебный участок № 1 по городу Салавату Республики Башкортостан,MS,Мировой суд,"453261, Респ Башкортостан, г Салават, ул Ключевая, д 16А",https://119.bkr.msudrf.ru/,119.bkr.msudrf.ru,нет,03MS0119
Республика Башкортостан,Салават,,Судебный участок № 2 по городу Салавату Республики Башкортостан,MS,Мировой суд,"453261, Респ Башкортостан, г Салават, ул Ключевая, д 16А",https://120.bkr.msudrf.ru/,120.bkr.msudrf.ru,нет,03MS0120
Республика Башкортостан,Салават,,Судебный участок № 3 по городу Салавату Республики Башкортостан,MS,Мировой суд,"453261, Респ Башкортостан, г Салават, ул Ключевая, д 16А",https://121.bkr.msudrf.ru/,121.bkr.msudrf.ru,нет,03MS0121
Республика Башкортостан,Салават,,Судебный участок № 4 по городу Салавату Республики Башкортостан,MS,Мировой суд,"453261, Респ Башкортостан, г Салават, ул Ключевая, д 16А",https://122.bkr.msudrf.ru/,122.bkr.msudrf.ru,нет,03MS0122
Республика Башкортостан,Салават,,Судебный участок № 5 по городу Салавату Республики Башкортостан,MS,Мировой суд,"453261, Респ Башкортостан, г Салават, ул Ключевая, д 16А",https://123.bkr.msudrf.ru/,123.bkr.msudrf.ru,нет,03MS0123
Республика Башкортостан,Салават,,Судебный участок № 6 по городу Салавату Республики Башкортостан,MS,Мировой суд,"453261, Респ Башкортостан, г Салават, ул Ключевая, д 16А",https://124.bkr.msudrf.ru/,124.bkr.msudrf.ru,нет,03MS0124
Республика Башкортостан,Сибай,,Судебный участок № 1 по городу Сибаю Республики Башкортостан,MS,Мировой суд,"453830, Респ Башкортостан, г Сибай, ул Цеткин, д 2",https://125.bkr.msudrf.ru/,125.bkr.msudrf.ru,нет,03MS0125
Республика Башкортостан,Сибай,,Судебный участок № 2 по городу Сибаю Республики Башкортостан,MS,Мировой суд,"453830, Респ Башкортостан, г Сибай, ул Цеткин, д 2",https://126.bkr.msudrf.ru/,126.bkr.msudrf.ru,нет,03MS0126
Республика Башкортостан,Сибай,,Судебный участок № 3 по городу Сибаю Республики Башкортостан,MS,Мировой суд,"453830, Респ Башкортостан, г Сибай, ул Цеткин, д 2",https://127.bkr.msudrf.ru/,127.bkr.msudrf.ru,нет,03MS0127
Республика Башкортостан,Сибай,,Судебный участок № 4 по городу Сибаю Республики Башкортостан,MS,Мировой суд,"453830, Респ Башкортостан, г Сибай, ул Цеткин, д 2",https://128.bkr.msudrf.ru/,128.bkr.msudrf.ru,нет,03MS0128
Республика Башкортостан,Старобалтачево,,Судебный участок по Балтачевскому району Республики Башкортостан,MS,Мировой суд,"452980, Респ Башкортостан, с Старобалтачево, ул Комсомольская, зд 47",https://163.bkr.msudrf.ru/,163.bkr.msudrf.ru,нет,03MS0163
Республика Башкортостан,Старосубхангулово,,Судебный участок по Бурзянскому району Республики Башкортостан,MS,Мировой суд,"453580, Респ Башкортостан, с Старосубхангулово, ул Ленина, д 55",https://172.bkr.msudrf.ru/,172.bkr.msudrf.ru,нет,03MS0172
Республика Башкортостан,Стерлибашево,,Судебный участок по Стерлибашевскому району Республики Башкортостан,MS,Мировой суд,"453180, Респ Башкортостан, с Стерлибашево, ул Карла Маркса, зд 100",https://202.bkr.msudrf.ru/,202.bkr.msudrf.ru,нет,03MS0202
Республика Башкортостан,Стерлитамак,,Судебный участок № 1 по Стерлитамакскому району Республики Башкортостан,MS,Мировой суд,"453120, Респ Башкортостан, г Стерлитамак, пр-кт Октября, д 57",https://200.bkr.msudrf.ru/,200.bkr.msudrf.ru,нет,03MS0200
Республика Башкортостан,Стерлитамак,,Судебный участок № 1 по городу Стерлитамаку Республики Башкортостан,MS,Мировой суд,"453120, Респ Башкортостан, г Стерлитамак, ул Курчатова, д 16",https://129.bkr.msudrf.ru/,129.bkr.msudrf.ru,нет,03MS0129
Республика Башкортостан,Стерлитамак,,Судебный участок № 10 по городу Стерлитамаку Республики Башкортостан,MS,Мировой суд,"453120, Респ Башкортостан, г Стерлитамак, ул Курчатова, д 16",https://138.bkr.msudrf.ru/,138.bkr.msudrf.ru,нет,03MS0138
Республика Башкортостан,Стерлитамак,,Судебный участок № 11 по городу Стерлитамаку Республики Башкортостан,MS,Мировой суд,"453118, Респ Башкортостан, г Стерлитамак, ул Худайбердина, д 152",https://139.bkr.msudrf.ru/,139.bkr.msudrf.ru,нет,03MS0139
Республика Башкортостан,Стерлитамак,,Судебный участок № 12 по городу Стерлитамаку Республики Башкортостан,MS,Мировой суд,"453118, Респ Башкортостан, г Стерлитамак, ул Худайбердина, д 152",https://140.bkr.msudrf.ru/,140.bkr.msudrf.ru,нет,03MS0140
Республика Башкортостан,Стерлитамак,,Судебный участок № 2 по Стерлитамакскому району Республики Башкортостан,MS,Мировой суд,"453120, Респ Башкортостан, г Стерлитамак, пр-кт Октября, д 57",https://201.bkr.msudrf.ru/,201.bkr.msudrf.ru,нет,03MS0201
Республика Башкортостан,Стерлитамак,,Судебный участок № 2 по городу Стерлитамаку Республики Башкортостан,MS,Мировой суд,"453120, Респ Башкортостан, г Стерлитамак, ул Курчатова, д 16",https://130.bkr.msudrf.ru/,130.bkr.msudrf.ru,нет,03MS0130
Республика Башкортостан,Стерлитамак,,Судебный участок № 3 по городу Стерлитамаку Республики Башкортостан,MS,Мировой суд,"453120, Респ Башкортостан, г Стерлитамак, ул Курчатова, д 16",https://131.bkr.msudrf.ru/,131.bkr.msudrf.ru,нет,03MS0131
Республика Башкортостан,Стерлитамак,,Судебный участок № 4 по городу Стерлитамаку Республики Башкортостан,MS,Мировой суд,"453120, Респ Башкортостан, г Стерлитамак, ул Курчатова, д 16",https://132.bkr.msudrf.ru/,132.bkr.msudrf.ru,нет,03MS0132
Республика Башкортостан,Стерлитамак,,Судебный участок № 5 по городу Стерлитамаку Республики Башкортостан,MS,Мировой суд,"453120, Респ Башкортостан, г Стерлитамак, ул Курчатова, д 16",https://133.bkr.msudrf.ru/,133.bkr.msudrf.ru,нет,03MS0133
Республика Башкортостан,Стерлитамак,,Судебный участок № 6 по городу Стерлитамаку Республики Башкортостан,MS,Мировой суд,"453118, Респ Башкортостан, г Стерлитамак, ул Худайбердина, д 152",https://134.bkr.msudrf.ru/,134.bkr.msudrf.ru,нет,03MS0134
Республика Башкортостан,Стерлитамак,,Судебный участок № 7 по городу Стерлитамаку Республики Башкортостан,MS,Мировой суд,"453118, Респ Башкортостан, г Стерлитамак, ул Худайбердина, д 152",https://135.bkr.msudrf.ru/,135.bkr.msudrf.ru,нет,03MS0135
Республика Башкортостан,Стерлитамак,,Судебный участок № 8 по городу Стерлитамаку Республики Башкортостан,MS,Мировой суд,"453118, Респ Башкортостан, г Стерлитамак, ул Худайбердина, д 152",https://136.bkr.msudrf.ru/,136.bkr.msudrf.ru,нет,03MS0136
Республика Башкортостан,Стерлитамак,,Судебный участок № 9 по городу Стерлитамаку Республики Башкортостан,MS,Мировой суд,"453120, Респ Башкортостан, г Стерлитамак, ул Курчатова, д 16",https://137.bkr.msudrf.ru/,137.bkr.msudrf.ru,нет,03MS0137
Республика Башкортостан,Толбазы,,Судебный участок № 1 по Аургазинскому району Республики Башкортостан,MS,Мировой суд,"453480, Респ Башкортостан, с Толбазы, ул Химиков, д 3",https://159.bkr.msudrf.ru/,159.bkr.msudrf.ru,нет,03MS0159
Республика Башкортостан,Толбазы,,Судебный участок № 2 по Аургазинскому району Республики Башкортостан,MS,Мировой суд,"453480, Респ Башкортостан, с Толбазы, ул Химиков, д 3",https://160.bkr.msudrf.ru/,160.bkr.msudrf.ru,нет,03MS0160
Республика Башкортостан,Туймазы,,Судебный участок № 1 по Туймазинскому району и городу Туймазы Республики Башкортостан,MS,Мировой суд,"452750, Респ Башкортостан, г Туймазы, ул Пугачева, зд 16",https://141.bkr.msudrf.ru/,141.bkr.msudrf.ru,нет,03MS0141
Республика Башкортостан,Туймазы,,Судебный участок № 2 по Туймазинскому району и городу Туймазы Республики Башкортостан,MS,Мировой суд,"452750, Респ Башкортостан, г Туймазы, ул Пугачева, зд 16",https://142.bkr.msudrf.ru/,142.bkr.msudrf.ru,нет,03MS0142
Республика Башкортостан,Туймазы,,Судебный участок № 3 по Туймазинскому району и городу Туймазы Республики Башкортостан,MS,Мировой суд,"452750, Респ Башкортостан, г Туймазы, ул Пугачева, зд 16",https://143.bkr.msudrf.ru/,143.bkr.msudrf.ru,нет,03MS0143
Республика Башкортостан,Туймазы,,Судебный участок № 4 по Туймазинскому району и городу Туймазы Республики Башкортостан,MS,Мировой суд,"452750, Респ Башкортостан, г Туймазы, ул Пугачева, зд 16",https://144.bkr.msudrf.ru/,144.bkr.msudrf.ru,нет,03MS0144
Республика Башкортостан,Туймазы,,Судебный участок № 5 по Туймазинскому району и городу Туймазы Республики Башкортостан,MS,Мировой суд,"452750, Респ Башкортостан, г Туймазы, ул Пугачева, зд 16",https://145.bkr.msudrf.ru/,145.bkr.msudrf.ru,нет,03MS0145
Республика Башкортостан,Туймазы,,Судебный участок № 6 по Туймазинскому району и городу Туймазы Республики Башкортостан,MS,Мировой суд,"452750, Респ Башкортостан, г Туймазы, ул Пугачева, зд 16",https://146.bkr.msudrf.ru/,146.bkr.msudrf.ru,нет,03MS0146
Республика Башкортостан,Туймазы,,Судебный участок № 7 по Туймазинскому району и городу Туймазы Республики Башкортостан,MS,Мировой суд,"452750, Респ Башкортостан, г Туймазы, ул Пугачева, зд 16",https://147.bkr.msudrf.ru/,147.bkr.msudrf.ru,нет,03MS0147
Республика Башкортостан,Уфа,,Судебный участок № 1 по Демскому району города Уфы Республики Башкортостан,MS,Мировой суд,"450024, г Уфа, ул Таллинская, д 23",https://1.bkr.msudrf.ru/,1.bkr.msudrf.ru,нет,03MS0001
Республика Башкортостан,Уфа,,Судебный участок № 1 по Калининскому району города Уфы Республики Башкортостан,MS,Мировой суд,"450068, г Уфа, ул Вологодская, д 20/1",https://5.bkr.msudrf.ru/,5.bkr.msudrf.ru,нет,03MS0005
Республика Башкортостан,Уфа,,Судебный участок № 1 по Кировскому району города Уфы Республики Башкортостан,MS,Мировой суд,"450092, г Уфа, ул Рабкоров, д 7 к 1",https://17.bkr.msudrf.ru/,17.bkr.msudrf.ru,нет,03MS0017
Республика Башкортостан,Уфа,,Судебный участок № 1 по Ленинскому району города Уфы Республики Башкортостан,MS,Мировой суд,"450006, г Уфа, ул Цюрупы, д 149",https://27.bkr.msudrf.ru/,27.bkr.msudrf.ru,нет,03MS0027
Республика Башкортостан,Уфа,,Судебный участок № 1 по Октябрьскому району города Уфы Республики Башкортостан,MS,Мировой суд,"450083, г Уфа, ул Парковая, д 18/2",https://34.bkr.msudrf.ru/,34.bkr.msudrf.ru,нет,03MS0034
Республика Башкортостан,Уфа,,Судебный участок № 1 по Орджоникидзевскому району города Уфы Республики Башкортостан,MS,Мировой суд,"450112, г Уфа, ул Победы, д 19",https://46.bkr.msudrf.ru/,46.bkr.msudrf.ru,нет,03MS0046
Республика Башкортостан,Уфа,,Судебный участок № 1 по Советскому району города Уфы Республики Башкортостан,MS,Мировой суд,"450015, г Уфа, ул Карла Маркса, д 52 к 1",https://57.bkr.msudrf.ru/,57.bkr.msudrf.ru,нет,03MS0057
Республика Башкортостан,Уфа,,Судебный участок № 1 по Уфимскому району Республики Башкортостан,MS,Мировой суд,"450077, г Уфа, ул Ленина, д 22",https://204.bkr.msudrf.ru/,204.bkr.msudrf.ru,нет,03MS0204
Республика Башкортостан,Уфа,,Судебный участок № 10 по Калининскому району города Уфы Республики Башкортостан,MS,Мировой суд,"450068, г Уфа, ул Вологодская, д 20/1",https://14.bkr.msudrf.ru/,14.bkr.msudrf.ru,нет,03MS0014
Республика Башкортостан,Уфа,,Судебный участок № 10 по Кировскому району города Уфы Республики Башкортостан,MS,Мировой суд,"450092, г Уфа, ул Рабкоров, д 7 к 1",https://26.bkr.msudrf.ru/,26.bkr.msudrf.ru,нет,03MS0026
Республика Башкортостан,Уфа,,Судебный участок № 10 по Октябрьскому району города Уфы Республики Башкортостан,MS,Мировой суд,"450100, г Уфа, ул Маршала Жукова, д 17Д",https://43.bkr.msudrf.ru/,43.bkr.msudrf.ru,нет,03MS0043
Республика Башкортостан,Уфа,,Судебный участок № 10 по Орджоникидзевскому району города Уфы Республики Башкортостан,MS,Мировой суд,"450112, г Уфа, ул Ульяновых, д 56А",https://55.bkr.msudrf.ru/,55.bkr.msudrf.ru,нет,03MS0055
Республика Башкортостан,Уфа,,Судебный участок № 10 по Советскому району города Уфы Республики Башкортостан,MS,Мировой суд,"450015, г Уфа, ул Карла Маркса, д 52 к 1",https://66.bkr.msudrf.ru/,66.bkr.msudrf.ru,нет,03MS0066
Республика Башкортостан,Уфа,,Судебный участок № 11 по Калининскому району города Уфы Республики Башкортостан,MS,Мировой суд,"450028, г Уфа, ул Сельская, д 8/2",https://15.bkr.msudrf.ru/,15.bkr.msudrf.ru,нет,03MS0015
Республика Башкортостан,Уфа,,Судебный участок № 11 по Октябрьскому району города Уфы Республики Башкортостан,MS,Мировой суд,"450096, г Уфа, ул Шафиева, д 39/1",https://44.bkr.msudrf.ru/,44.bkr.msudrf.ru,нет,03MS0044
Республика Башкортостан,Уфа,,Судебный участок № 11 по Орджоникидзевскому району города Уфы Республики Башкортостан,MS,Мировой суд,"450112, г Уфа, ул Победы, д 19",https://56.bkr.msudrf.ru/,56.bkr.msudrf.ru,нет,03MS0056
Республика Башкортостан,Уфа,,Судебный участок № 11 по Советскому району города Уфы Республики Башкортостан,MS,Мировой суд,"450015, г Уфа, ул Карла Маркса, д 52 к 1",https://67.bkr.msudrf.ru/,67.bkr.msudrf.ru,нет,03MS0067
Республика Башкортостан,Уфа,,Судебный участок № 12 по Калининскому району города Уфы Республики Башкортостан,MS,Мировой суд,"450068, г Уфа, ул Вологодская, д 20/1",https://16.bkr.msudrf.ru/,16.bkr.msudrf.ru,нет,03MS0016
Республика Башкортостан,Уфа,,Судебный участок № 12 по Октябрьскому району города Уфы Республики Башкортостан,MS,Мировой суд,"450096, г Уфа, ул Энтузиастов, д 2",https://45.bkr.msudrf.ru/,45.bkr.msudrf.ru,нет,03MS0045
Республика Башкортостан,Уфа,,Судебный участок № 13 по городу Стерлитамаку Республики Башкортостан,MS,Мировой суд,"450002, г Уфа, ул Пушкина, д 88/1",https://218.bkr.msudrf.ru/,218.bkr.msudrf.ru,нет,03MS0218
Республика Башкортостан,Уфа,,Судебный участок № 2 по Демскому району города Уфы Республики Башкортостан,MS,Мировой суд,"450095, г Уфа, ул Левитана, д 14/4",https://2.bkr.msudrf.ru/,2.bkr.msudrf.ru,нет,03MS0002
Республика Башкортостан,Уфа,,Судебный участок № 2 по Калининскому району города Уфы Республики Башкортостан,MS,Мировой суд,"450068, г Уфа, ул Вологодская, д 20/1",https://6.bkr.msudrf.ru/,6.bkr.msudrf.ru,нет,03MS0006
Республика Башкортостан,Уфа,,Судебный участок № 2 по Кировскому району города Уфы Республики Башкортостан,MS,Мировой суд,"450092, г Уфа, ул Менделеева, д 116 к 1",https://18.bkr.msudrf.ru/,18.bkr.msudrf.ru,нет,03MS0018
Республика Башкортостан,Уфа,,Судебный участок № 2 по Ленинскому району города Уфы Республики Башкортостан,MS,Мировой суд,"450006, Республика Башкортостан, г. Уфа, ул.Цюрупа, д.149",https://28.bkr.msudrf.ru/,28.bkr.msudrf.ru,нет,03MS0028
Республика Башкортостан,Уфа,,Судебный участок № 2 по Октябрьскому району города Уфы Республики Башкортостан,MS,Мировой суд,"450096, г Уфа, ул Шафиева, д 39/1",https://35.bkr.msudrf.ru/,35.bkr.msudrf.ru,нет,03MS0035
Республика Башкортостан,Уфа,,Судебный участок № 2 по Орджоникидзевскому району города Уфы Республики Башкортостан,MS,Мировой суд,"450112, г Уфа, ул Победы, д 23",https://47.bkr.msudrf.ru/,47.bkr.msudrf.ru,нет,03MS0047
Республика Башкортостан,Уфа,,Судебный участок № 2 по Советскому району города Уфы Республики Башкортостан,MS,Мировой суд,"450015, г Уфа, ул Карла Маркса, д 52 к 1",https://58.bkr.msudrf.ru/,58.bkr.msudrf.ru,нет,03MS0058
Республика Башкортостан,Уфа,,Судебный участок № 2 по Уфимскому району Республики Башкортостан,MS,Мировой суд,"450077, г Уфа, ул Ленина, д 22",https://205.bkr.msudrf.ru/,205.bkr.msudrf.ru,нет,03MS0205
Республика Башкортостан,Уфа,,Судебный участок № 3 по Демскому району города Уфы Республики Башкортостан,MS,Мировой суд,"450024, г Уфа, ул Таллинская, д 23",https://3.bkr.msudrf.ru/,3.bkr.msudrf.ru,нет,03MS0003
Республика Башкортостан,Уфа,,Судебный участок № 3 по Калининскому району города Уфы Республики Башкортостан,MS,Мировой суд,"450068, г Уфа, ул Вологодская, д 20/1",https://7.bkr.msudrf.ru/,7.bkr.msudrf.ru,нет,03MS0007
Республика Башкортостан,Уфа,,Судебный участок № 3 по Кировскому району города Уфы Республики Башкортостан,MS,Мировой суд,"450092, г Уфа, ул Менделеева, д 116 к 1",https://19.bkr.msudrf.ru/,19.bkr.msudrf.ru,нет,03MS0019
Республика Башкортостан,Уфа,,Судебный участок № 3 по Ленинскому району города Уфы Республики Башкортостан,MS,Мировой суд,"450006, г Уфа, ул Цюрупы, д 149",https://29.bkr.msudrf.ru/,29.bkr.msudrf.ru,нет,03MS0029
Республика Башкортостан,Уфа,,Судебный участок № 3 по Октябрьскому району города Уфы Республики Башкортостан,MS,Мировой суд,"450096, г Уфа, ул Энтузиастов, д 2",https://36.bkr.msudrf.ru/,36.bkr.msudrf.ru,нет,03MS0036
Республика Башкортостан,Уфа,,Судебный участок № 3 по Орджоникидзевскому району города Уфы Республики Башкортостан,MS,Мировой суд,"450112, г Уфа, ул Победы, д 19",https://48.bkr.msudrf.ru/,48.bkr.msudrf.ru,нет,03MS0048
Республика Башкортостан,Уфа,,Судебный участок № 3 по Советскому району города Уфы Республики Башкортостан,MS,Мировой суд,"450015, г Уфа, ул Карла Маркса, д 52 к 1",https://59.bkr.msudrf.ru/,59.bkr.msudrf.ru,нет,03MS0059
Республика Башкортостан,Уфа,,Судебный участок № 3 по Уфимскому району Республики Башкортостан,MS,Мировой суд,"450077, г Уфа, ул Ленина, д 22",https://206.bkr.msudrf.ru/,206.bkr.msudrf.ru,нет,03MS0206
Республика Башкортостан,Уфа,,Судебный участок № 4 по Демскому району города Уфы Республики Башкортостан,MS,Мировой суд,"450024, г Уфа, ул Таллинская, д 23",https://4.bkr.msudrf.ru/,4.bkr.msudrf.ru,нет,03MS0004
Республика Башкортостан,Уфа,,Судебный участок № 4 по Калининскому району города Уфы Республики Башкортостан,MS,Мировой суд,"450028, г Уфа, ул Сельская, д 8/2",https://8.bkr.msudrf.ru/,8.bkr.msudrf.ru,нет,03MS0008
Республика Башкортостан,Уфа,,Судебный участок № 4 по Кировскому району города Уфы Республики Башкортостан,MS,Мировой суд,"450092, г Уфа, ул Менделеева, д 116 к 1",https://20.bkr.msudrf.ru/,20.bkr.msudrf.ru,нет,03MS0020
Республика Башкортостан,Уфа,,Судебный участок № 4 по Октябрьскому району города Уфы Республики Башкортостан,MS,Мировой суд,"450096, г Уфа, ул Шафиева, д 39/1",https://37.bkr.msudrf.ru/,37.bkr.msudrf.ru,нет,03MS0037
Республика Башкортостан,Уфа,,Судебный участок № 4 по Орджоникидзевскому району города Уфы Республики Башкортостан,MS,Мировой суд,"450112, г Уфа, ул Победы, д 19",https://49.bkr.msudrf.ru/,49.bkr.msudrf.ru,нет,03MS0049
Республика Башкортостан,Уфа,,Судебный участок № 4 по Советскому району города Уфы Республики Башкортостан,MS,Мировой суд,"450015, г Уфа, ул Карла Маркса, д 52 к 1",https://60.bkr.msudrf.ru/,60.bkr.msudrf.ru,нет,03MS0060
Республика Башкортостан,Уфа,,Судебный участок № 4 по Уфимскому району Республики Башкортостан,MS,Мировой суд,"450077, г Уфа, ул Ленина, д 22",https://217.bkr.msudrf.ru/,217.bkr.msudrf.ru,нет,03MS0217
Республика Башкортостан,Уфа,,Судебный участок № 5 по Калининскому району города Уфы Республики Башкортостан,MS,Мировой суд,"450068, г Уфа, ул Вологодская, д 20/1",https://9.bkr.msudrf.ru/,9.bkr.msudrf.ru,нет,03MS0009
Республика Башкортостан,Уфа,,Судебный участок № 5 по Кировскому району города Уфы Республики Башкортостан,MS,Мировой суд,"450092, г Уфа, ул Менделеева, д 116 к 1",https://21.bkr.msudrf.ru/,21.bkr.msudrf.ru,нет,03MS0021
Республика Башкортостан,Уфа,,Судебный участок № 5 по Ленинскому району города Уфы Республики Башкортостан,MS,Мировой суд,"450006, г Уфа, ул Цюрупы, д 149",https://31.bkr.msudrf.ru/,31.bkr.msudrf.ru,нет,03MS0031
Республика Башкортостан,Уфа,,Судебный участок № 5 по Октябрьскому району города Уфы Республики Башкортостан,MS,Мировой суд,"450100, г Уфа, ул Маршала Жукова, д 17Д",https://38.bkr.msudrf.ru/,38.bkr.msudrf.ru,нет,03MS0038
Республика Башкортостан,Уфа,,Судебный участок № 5 по Орджоникидзевскому району города Уфы Республики Башкортостан,MS,Мировой суд,"450112, г Уфа, ул Победы, д 19",https://50.bkr.msudrf.ru/,50.bkr.msudrf.ru,нет,03MS0050
Республика Башкортостан,Уфа,,Судебный участок № 5 по Советскому району города Уфы Республики Башкортостан,MS,Мировой суд,"450015, г Уфа, ул Карла Маркса, д 52 к 1",https://61.bkr.msudrf.ru/,61.bkr.msudrf.ru,нет,03MS0061
Республика Башкортостан,Уфа,,Судебный участок № 6 по Калининскому району города Уфы Республики Башкортостан,MS,Мировой суд,"450068, г Уфа, ул Вологодская, д 20/1",https://10.bkr.msudrf.ru/,10.bkr.msudrf.ru,нет,03MS0010
Республика Башкортостан,Уфа,,Судебный участок № 6 по Кировскому району города Уфы Республики Башкортостан,MS,Мировой суд,"450092, г Уфа, ул Рабкоров, д 7 к 1",https://22.bkr.msudrf.ru/,22.bkr.msudrf.ru,нет,03MS0022
Республика Башкортостан,Уфа,,Судебный участок № 6 по Ленинскому району города Уфы Республики Башкортостан,MS,Мировой суд,"450006, г Уфа, ул Цюрупы, д 149",https://32.bkr.msudrf.ru/,32.bkr.msudrf.ru,нет,03MS0032
Республика Башкортостан,Уфа,,Судебный участок № 6 по Октябрьскому району города Уфы Республики Башкортостан,MS,Мировой суд,"450096, г Уфа, ул Шафиева, д 39/1",https://39.bkr.msudrf.ru/,39.bkr.msudrf.ru,нет,03MS0039
Республика Башкортостан,Уфа,,Судебный участок № 6 по Советскому району города Уфы Республики Башкортостан,MS,Мировой суд,"450015, г Уфа, ул Карла Маркса, д 52 к 1",https://62.bkr.msudrf.ru/,62.bkr.msudrf.ru,нет,03MS0062
Республика Башкортостан,Уфа,,Судебный участок № 7 по Калининскому району города Уфы Республики Башкортостан,MS,Мировой суд,"450068, г Уфа, ул Вологодская, д 20/1",https://11.bkr.msudrf.ru/,11.bkr.msudrf.ru,нет,03MS0011
Республика Башкортостан,Уфа,,Судебный участок № 7 по Кировскому району города Уфы Республики Башкортостан,MS,Мировой суд,"450092, г Уфа, ул Менделеева, д 116 к 1",https://23.bkr.msudrf.ru/,23.bkr.msudrf.ru,нет,03MS0023
Республика Башкортостан,Уфа,,Судебный участок № 7 по Ленинскому району города Уфы Республики Башкортостан,MS,Мировой суд,"450006, г Уфа, ул Цюрупы, д 149",https://33.bkr.msudrf.ru/,33.bkr.msudrf.ru,нет,03MS0033
Республика Башкортостан,Уфа,,Судебный участок № 7 по Октябрьскому району города Уфы Республики Башкортостан,MS,Мировой суд,"450096, г Уфа, ул Шафиева, д 27 к 2",https://40.bkr.msudrf.ru/,40.bkr.msudrf.ru,нет,03MS0040
Республика Башкортостан,Уфа,,Судебный участок № 7 по Орджоникидзевскому району города Уфы Республики Башкортостан,MS,Мировой суд,"450112, г Уфа, ул Ульяновых, д 56А",https://52.bkr.msudrf.ru/,52.bkr.msudrf.ru,нет,03MS0052
Республика Башкортостан,Уфа,,Судебный участок № 7 по Советскому району города Уфы Республики Башкортостан,MS,Мировой суд,"450015, г Уфа, ул Карла Маркса, д 52 к 1",https://63.bkr.msudrf.ru/,63.bkr.msudrf.ru,нет,03MS0063
Республика Башкортостан,Уфа,,Судебный участок № 8 по Калининскому району города Уфы Республики Башкортостан,MS,Мировой суд,"450068, г Уфа, ул Вологодская, д 20/1",https://12.bkr.msudrf.ru/,12.bkr.msudrf.ru,нет,03MS0012
Республика Башкортостан,Уфа,,Судебный участок № 8 по Кировскому району города Уфы Республики Башкортостан,MS,Мировой суд,"450092, г Уфа, ул Менделеева, д 116 к 1",https://24.bkr.msudrf.ru/,24.bkr.msudrf.ru,нет,03MS0024
Республика Башкортостан,Уфа,,Судебный участок № 8 по Октябрьскому району города Уфы Республики Башкортостан,MS,Мировой суд,"450096, г Уфа, ул Шафиева, д 27 к 2",https://41.bkr.msudrf.ru/,41.bkr.msudrf.ru,нет,03MS0041
Республика Башкортостан,Уфа,,Судебный участок № 8 по Орджоникидзевскому району города Уфы Республики Башкортостан,MS,Мировой суд,"450112, г Уфа, ул Победы, д 19",https://53.bkr.msudrf.ru/,53.bkr.msudrf.ru,нет,03MS0053
Республика Башкортостан,Уфа,,Судебный участок № 8 по Советскому району города Уфы Республики Башкортостан,MS,Мировой суд,"450015, г Уфа, ул Карла Маркса, д 52 к 1",https://64.bkr.msudrf.ru/,64.bkr.msudrf.ru,нет,03MS0064
Республика Башкортостан,Уфа,,Судебный участок № 9 по Калининскому району города Уфы Республики Башкортостан,MS,Мировой суд,"450068, г Уфа, ул Вологодская, д 20/1",https://13.bkr.msudrf.ru/,13.bkr.msudrf.ru,нет,03MS0013
Республика Башкортостан,Уфа,,Судебный участок № 9 по Кировскому району города Уфы Республики Башкортостан,MS,Мировой суд,"450092, г Уфа, ул Рабкоров, д 7 к 1",https://25.bkr.msudrf.ru/,25.bkr.msudrf.ru,нет,03MS0025
Республика Башкортостан,Уфа,,Судебный участок № 9 по Октябрьскому району города Уфы Республики Башкортостан,MS,Мировой суд,"450096, г Уфа, ул Шафиева, д 39/1",https://42.bkr.msudrf.ru/,42.bkr.msudrf.ru,нет,03MS0042
Республика Башкортостан,Уфа,,Судебный участок № 9 по Орджоникидзевскому району города Уфы Республики Башкортостан,MS,Мировой суд,"450112, г Уфа, ул Победы, д 19",https://54.bkr.msudrf.ru/,54.bkr.msudrf.ru,нет,03MS0054
Республика Башкортостан,Уфа,,Судебный участок № 9 по Советскому району города Уфы Республики Башкортостан,MS,Мировой суд,"450015, г Уфа, ул Карла Маркса, д 52 к 1",https://65.bkr.msudrf.ru/,65.bkr.msudrf.ru,нет,03MS0065
Республика Башкортостан,Учалы,,Судебный участок № 1 по Учалинскому району и городу Учалы Республики Башкортостан,MS,Мировой суд,"453700, Респ Башкортостан, г Учалы, ул Ленина, д 4А",https://148.bkr.msudrf.ru/,148.bkr.msudrf.ru,нет,03MS0148
Республика Башкортостан,Учалы,,Судебный участок № 2 по Учалинскому району и городу Учалы Республики Башкортостан,MS,Мировой суд,"453700, Респ Башкортостан, г Учалы, ул Ленина, д 4А",https://149.bkr.msudrf.ru/,149.bkr.msudrf.ru,нет,03MS0149
Республика Башкортостан,Учалы,,Судебный участок № 3 по Учалинскому району и городу Учалы Республики Башкортостан,MS,Мировой суд,"453700, Респ Башкортостан, г Учалы, ул Ленина, д 4А",https://150.bkr.msudrf.ru/,150.bkr.msudrf.ru,нет,03MS0150
Республика Башкортостан,Федоровка,,Судебный участок по Федоровскому району Республики Башкортостан,MS,Мировой суд,"453280, Респ Башкортостан, с Федоровка, ул Ленина, д 44",https://207.bkr.msudrf.ru/,207.bkr.msudrf.ru,нет,03MS0207
Республика Башкортостан,Чекмагуш,,Судебный участок № 1 по Чекмагушевскому району Республики Башкортостан,MS,Мировой суд,"452200, Респ Башкортостан, с Чекмагуш, ул Мира, д 25",https://210.bkr.msudrf.ru/,210.bkr.msudrf.ru,нет,03MS0210
Республика Башкортостан,Чекмагуш,,Судебный участок № 2 по Чекмагушевскому району Республики Башкортостан,MS,Мировой суд,"452200, Респ Башкортостан, с Чекмагуш, ул Мира, д 25",https://211.bkr.msudrf.ru/,211.bkr.msudrf.ru,нет,03MS0211
Республика Башкортостан,Чишмы,,Судебный участок № 1 по Чишминскому району Республики Башкортостан,MS,Мировой суд,"452170, Респ Башкортостан, рп Чишмы, пр-кт Дружбы, д 1Б",https://212.bkr.msudrf.ru/,212.bkr.msudrf.ru,нет,03MS0212
Республика Башкортостан,Чишмы,,Судебный участок № 2 по Чишминскому району Республики Башкортостан,MS,Мировой суд,"452170, Респ Башкортостан, рп Чишмы, ул Дружбы, д 1Б",https://213.bkr.msudrf.ru/,213.bkr.msudrf.ru,нет,03MS0213
Республика Башкортостан,Чишмы,,Судебный участок № 3 по Чишминскому району Республики Башкортостан,MS,Мировой суд,"452174, Респ Башкортостан, рп Чишмы, ул Шоссейная, д 1",https://214.bkr.msudrf.ru/,214.bkr.msudrf.ru,нет,03MS0214
Республика Башкортостан,Шаран,,Судебный участок по Шаранскому району Республики Башкортостан,MS,Мировой суд,"452630, Респ Башкортостан, с Шаран, ул Свердлова, д 1",https://215.bkr.msudrf.ru/,215.bkr.msudrf.ru,нет,03MS0215
Республика Башкортостан,Языково,,Судебный участок по Благоварскому району Республики Башкортостан,MS,Мировой суд,"452740, Респ Башкортостан, с Языково, ул Чапаева, зд 8",https://169.bkr.msudrf.ru/,169.bkr.msudrf.ru,нет,03MS0169
Республика Башкортостан,Янаул,,Судебный участок № 1 по Янаульскому району и городу Янаулу Республики Башкортостан,MS,Мировой суд,"452800, Респ Башкортостан, г Янаул, ул Советская, д 21",https://151.bkr.msudrf.ru/,151.bkr.msudrf.ru,нет,03MS0151
Республика Башкортостан,Янаул,,Судебный участок № 2 по Янаульскому району и городу Янаулу Республики Башкортостан,MS,Мировой суд,"452800, Респ Башкортостан, г Янаул, ул Советская, д 21",https://152.bkr.msudrf.ru/,152.bkr.msudrf.ru,нет,03MS0152
Челябинская область,Агаповка,,Судебный участок № 1 Агаповского округа Челябинской области,MS,Мировой суд,"457400, Челябинская обл, с Агаповка, ул Дорожная, зд 53/1",https://agapchel1.chel.msudrf.ru/,agapchel1.chel.msudrf.ru,нет,74MS0065
Челябинская область,Агаповка,,Судебный участок № 2 Агаповского округа Челябинской области,MS,Мировой суд,"457400, Челябинская обл, с Агаповка, ул Дорожная, зд 53/1",https://agapchel2.chel.msudrf.ru/,agapchel2.chel.msudrf.ru,нет,74MS0066
Челябинская область,Аргаяш,,Судебный участок № 1 Аргаяшского округа Челябинского области,MS,Мировой суд,"456880, Челябинская обл, с Аргаяш, ул Комсомольская, д 2А",https://argchel1.chel.msudrf.ru/,argchel1.chel.msudrf.ru,нет,74MS0063
Челябинская область,Аргаяш,,Судебный участок № 2 Аргаяшского округа Челябинского области,MS,Мировой суд,"456880, Челябинская обл, с Аргаяш, ул Комсомольская, д 2А",https://argchel2.chel.msudrf.ru/,argchel2.chel.msudrf.ru,нет,74MS0064
Челябинская область,Аша,,Судебный участок № 1 г. Аши и Ашинского округа Челябинского области,MS,Мировой суд,"456010, Челябинская обл, г Аша, ул 22 Партсъезда, д 3",https://ashachel1.chel.msudrf.ru/,ashachel1.chel.msudrf.ru,нет,74MS0059
Челябинская область,Аша,,Судебный участок № 4 г. Аши и Ашинского округа Челябинского области,MS,Мировой суд,"456010, Челябинская обл, г Аша, ул 22 Партсъезда, д 3",https://ashachel4.chel.msudrf.ru/,ashachel4.chel.msudrf.ru,нет,74MS0062
Челябинская область,Бакал,,Судебный участок № 4 Саткинского округа Челябинской области,MS,Мировой суд,"456900, Челябинская обл, Саткинский р-н, г Бакал, ул Ленина, д 27",https://satkachel4.chel.msudrf.ru/,satkachel4.chel.msudrf.ru,нет,74MS0155
Челябинская область,Бреды,,Судебный участок № 1 Брединского округа Челябинской области,MS,Мировой суд,"457310, Челябинская обл, п Бреды, ул 1 Мая, д 28",https://bredchel1.chel.msudrf.ru/,bredchel1.chel.msudrf.ru,нет,74MS0067
Челябинская область,Бреды,,Судебный участок № 2 Брединского округа Челябинской области,MS,Мировой суд,"457310, Челябинская обл, п Бреды, ул 1 Мая, д 28",https://bredchel2.chel.msudrf.ru/,bredchel2.chel.msudrf.ru,нет,74MS0068
Челябинская область,Варна,,Судебный участок № 1 Варненского округа Челябинской области,MS,Мировой суд,"457200, Челябинская обл, с Варна, ул Пролетарская, д 98",https://varnachel1.chel.msudrf.ru/,varnachel1.chel.msudrf.ru,нет,74MS0069
Челябинская область,Верхнеуральск,,Судебный участок № 1 Верхнеуральского округа Челябинской области,MS,Мировой суд,"457670, Челябинская обл, г Верхнеуральск, ул Мира, д 85",https://verhurchel1.chel.msudrf.ru/,verhurchel1.chel.msudrf.ru,нет,74MS0070
Челябинская область,Верхнеуральск,,Судебный участок № 2 Верхнеуральского округа Челябинской области,MS,Мировой суд,"457670, Челябинская обл, г Верхнеуральск, ул Мира, д 85",https://verhurchel2.chel.msudrf.ru/,verhurchel2.chel.msudrf.ru,нет,74MS0071
Челябинская область,Верхний Уфалей,,Судебный участок № 1 г. Верхний Уфалей Челябинской области,MS,Мировой суд,"456800, Челябинская обл, г Верхний Уфалей, ул Якушева, д 66",https://verhufchel1.chel.msudrf.ru/,verhufchel1.chel.msudrf.ru,нет,74MS0072
Челябинская область,Верхний Уфалей,,Судебный участок № 2 г. Верхний Уфалей Челябинской области,MS,Мировой суд,"456800, Челябинская обл, г Верхний Уфалей, ул Якушева, д 66",https://verhufchel2.chel.msudrf.ru/,verhufchel2.chel.msudrf.ru,нет,74MS0073
Челябинская область,Долгодеревенское,,Судебный участок № 1 Сосновского округа Челябинской области,MS,Мировой суд,"456510, Челябинская обл, с Долгодеревенское, ул Набережная, д 1",https://sosnchel1.chel.msudrf.ru/,sosnchel1.chel.msudrf.ru,нет,74MS0159
Челябинская область,Долгодеревенское,,Судебный участок № 3 Сосновского округа Челябинской области,MS,Мировой суд,"456510, Челябинская обл, с Долгодеревенское, ул Свердловская, д 14",https://sosnchel3.chel.msudrf.ru/,sosnchel3.chel.msudrf.ru,нет,74MS0161
Челябинская область,Еманжелинск,,Судебный участок № 1 Еманжелинского округа Челябинской области,MS,Мировой суд,"456584, Челябинская обл, г Еманжелинск, ул Ленина, д 19А",https://emanchel1.chel.msudrf.ru/,emanchel1.chel.msudrf.ru,нет,74MS0074
Челябинская область,Еманжелинск,,Судебный участок № 2 Еманжелинского округа Челябинской области,MS,Мировой суд,"456584, Челябинская обл, г Еманжелинск, ул Ленина, д 19А",https://emanchel2.chel.msudrf.ru/,emanchel2.chel.msudrf.ru,нет,74MS0075
Челябинская область,Еткуль,,Судебный участок № 1 Еткульского округа Челябинской области,MS,Мировой суд,"456560, Челябинская обл, с Еткуль, ул Октябрьская, д 40",https://etkulchel.chel.msudrf.ru/,etkulchel.chel.msudrf.ru,нет,74MS0076
Челябинская область,Златоуст,,Судебный участок № 1 г. Златоуст Челябинской области,MS,Мировой суд,"456200, Челябинская обл, г Златоуст, ул Таганайская, д 12",https://zlatoustchel1.chel.msudrf.ru/,zlatoustchel1.chel.msudrf.ru,нет,74MS0077
Челябинская область,Златоуст,,Судебный участок № 2 г. Златоуст Челябинской области,MS,Мировой суд,"456200, Челябинская обл, г Златоуст, ул Таганайская, д 12",https://zlatoustchel2.chel.msudrf.ru/,zlatoustchel2.chel.msudrf.ru,нет,74MS0078
Челябинская область,Златоуст,,Судебный участок № 3 г. Златоуст Челябинской области,MS,Мировой суд,"456200, Челябинская обл, г Златоуст, ул им И.Н.Бушуева, д 4",https://zlatoustchel3.chel.msudrf.ru/,zlatoustchel3.chel.msudrf.ru,нет,74MS0079
Челябинская область,Златоуст,,Судебный участок № 4 г. Златоуст Челябинской области,MS,Мировой суд,"456200, Челябинская обл, г Златоуст, ул им И.Н.Бушуева, д 4",https://zlatoustchel4.chel.msudrf.ru/,zlatoustchel4.chel.msudrf.ru,нет,74MS0080
Челябинская область,Златоуст,,Судебный участок № 5 г. Златоуст Челябинской области,MS,Мировой суд,"456200, Челябинская обл, г Златоуст, ул им И.Н.Бушуева, д 4",https://zlatoustchel5.chel.msudrf.ru/,zlatoustchel5.chel.msudrf.ru,нет,74MS0081
Челябинская область,Златоуст,,Судебный участок № 6 г. Златоуст Челябинской области,MS,Мировой суд,"456200, Челябинская обл, г Златоуст, ул им И.Н.Бушуева, д 4",https://zlatoustchel6.chel.msudrf.ru/,zlatoustchel6.chel.msudrf.ru,нет,74MS0082
Челябинская область,Златоуст,,Судебный участок № 7 г. Златоуст Челябинской области,MS,Мировой суд,"456200, Челябинская обл, г Златоуст, ул им И.Н.Бушуева, д 4",https://zlatoustchel7.chel.msudrf.ru/,zlatoustchel7.chel.msudrf.ru,нет,74MS0083
Челябинская область,Златоуст,,Судебный участок № 8 г. Златоуст Челябинской области,MS,Мировой суд,"456200, Челябинская обл, г Златоуст, ул им И.Н.Бушуева, д 4",https://zlatoustchel8.chel.msudrf.ru/,zlatoustchel8.chel.msudrf.ru,нет,74MS0084
Челябинская область,Златоуст,,Судебный участок № 9 г. Златоуст Челябинской области,MS,Мировой суд,"456205, Челябинская обл, г Златоуст, ул им Я.М.Свердлова, д 23",https://zlatoustchel9.chel.msudrf.ru/,zlatoustchel9.chel.msudrf.ru,нет,74MS0085
Челябинская область,Карабаш,,Судебный участок № 1 г. Карабаш Челябинской области,MS,Мировой суд,"456143, Челябинская обл, г Карабаш, ул Комсомольская, д 27",https://karabashchel1.chel.msudrf.ru/,karabashchel1.chel.msudrf.ru,нет,74MS0086
Челябинская область,Карталы,,"Судебный участок № 1 Карталинского округа, рабочего посёлка Локомотивный Челябинской области",MS,Мировой суд,"457351, Челябинская обл, г Карталы, ул Ленина, д 5",https://kartchel1.chel.msudrf.ru/,kartchel1.chel.msudrf.ru,нет,74MS0093
Челябинская область,Карталы,,"Судебный участок № 2 Карталинского округа, рабочего посёлка Локомотивный Челябинской области",MS,Мировой суд,"457351, Челябинская обл, г Карталы, ул Ленина, д 5",https://kartchel2.chel.msudrf.ru/,kartchel2.chel.msudrf.ru,нет,74MS0094
Челябинская область,Касли,,Судебный участок № 1 Каслинского округа Челябинской области,MS,Мировой суд,"456830, Челябинская обл, г Касли, ул Ломоносова, д 24А",https://kaslichel1.chel.msudrf.ru/,kaslichel1.chel.msudrf.ru,нет,74MS0088
Челябинская область,Касли,,Судебный участок № 2 Каслинского района Челябинской области,MS,Мировой суд,"456830, Челябинская обл, г Касли, ул Ломоносова, д 24А",https://kaslichel2.chel.msudrf.ru/,kaslichel2.chel.msudrf.ru,нет,74MS0089
Челябинская область,Катав-Ивановск,,Судебный участок № 1 Катав-Ивановского округа Челябинской области,MS,Мировой суд,"456110, Челябинская обл, г Катав-Ивановск, ул Степана Разина, д 53",https://katavivchel1.chel.msudrf.ru/,katavivchel1.chel.msudrf.ru,нет,74MS0090
Челябинская область,Кизильское,,Судебный участок № 1 Кизильского округа Челябинской области,MS,Мировой суд,"457610, Челябинская обл, с Кизильское, ул Колхозная, д 50",https://kizilchel1.chel.msudrf.ru/,kizilchel1.chel.msudrf.ru,нет,74MS0095
Челябинская область,Кизильское,,Судебный участок № 2 Кизильского округа Челябинской области,MS,Мировой суд,"457610, Челябинская обл, с Кизильское, ул Колхозная, д 50",https://kizilchel2.chel.msudrf.ru/,kizilchel2.chel.msudrf.ru,нет,74MS0096
Челябинская область,Копейск,,Судебный участок № 2 г. Копейск Челябинской области,MS,Мировой суд,"456653, Челябинская обл, г Копейск, ул Урицкого, д 121",https://kopeyskchel2.chel.msudrf.ru/,kopeyskchel2.chel.msudrf.ru,нет,74MS0110
Челябинская область,Копейск,,Судебный участок № 3 г. Копейск Челябинской области,MS,Мировой суд,"456655, Челябинская обл, г Копейск, ул Чернышевского, д 17А",https://kopeyskchel3.chel.msudrf.ru/,kopeyskchel3.chel.msudrf.ru,нет,74MS0111
Челябинская область,Копейск,,Судебный участок № 4 г. Копейск Челябинской области,MS,Мировой суд,"456618, Челябинская обл, г Копейск, ул Ленина, д 56",https://kopeyskchel4.chel.msudrf.ru/,kopeyskchel4.chel.msudrf.ru,нет,74MS0112
Челябинская область,Копейск,,Судебный участок № 5 г. Копейск Челябинской области,MS,Мировой суд,"456618, Челябинская обл, г Копейск, ул Ленина, д 56",https://kopeyskchel5.chel.msudrf.ru/,kopeyskchel5.chel.msudrf.ru,нет,74MS0113
Челябинская область,Копейск,,Судебный участок № 6 г. Копейск Челябинской области,MS,Мировой суд,"456618, Челябинская обл, г Копейск, ул Ленина, д 56",https://kopeyskchel6.chel.msudrf.ru/,kopeyskchel6.chel.msudrf.ru,нет,74MS0114
Челябинская область,Копейск,,Судебный участок № 7 г. Копейск Челябинской области,MS,Мировой суд,"456623, Челябинская обл, г Копейск, ул Майская, д 7",https://kopeyskchel7.chel.msudrf.ru/,kopeyskchel7.chel.msudrf.ru,нет,74MS0115
Челябинская область,Копейск Челябинской области,,Судебный участок № 1 г. Копейск Челябинской области,MS,Мировой суд,"456654, Челябинская область, п. Ст. Камышинск, ул. Комсомольская, д. 12",https://kopeyskchel1.chel.msudrf.ru/,kopeyskchel1.chel.msudrf.ru,нет,74MS0109
Челябинская область,Коркин,,Судебный участок № 3 Коркинского округа Челябинской области,MS,Мировой суд,"456550, Челябинская область, г. Коркин, ул. 9 января, д. 8",https://korkinochel3.chel.msudrf.ru/,korkinochel3.chel.msudrf.ru,нет,74MS0099
Челябинская область,Коркино,,Судебный участок № 1 Коркинского округа Челябинской области,MS,Мировой суд,"456550, Челябинская обл, г Коркино, ул 9 Января, д 8",https://korkinochel1.chel.msudrf.ru/,korkinochel1.chel.msudrf.ru,нет,74MS0097
Челябинская область,Коркино,,Судебный участок № 2 Коркинского округа Челябинской области,MS,Мировой суд,"456550, Челябинская обл, г Коркино, ул 9 Января, д 8",https://korkinochel2.chel.msudrf.ru/,korkinochel2.chel.msudrf.ru,нет,74MS0098
Челябинская область,Красное Поле,,Судебный участок № 4 Сосновского округа Челябинской области,MS,Мировой суд,"456512, Челябинская обл, Сосновский р-н, п Красное Поле, ул Цветочная, д 3",https://sosnchel4.chel.msudrf.ru/,sosnchel4.chel.msudrf.ru,нет,74MS0183
Челябинская область,Кунашак,,Судебный участок № 1 Кунашакского округа Челябинской области,MS,Мировой суд,"456730, Челябинская обл, с Кунашак, ул Ленина, д 107А",https://kunashakchel1.chel.msudrf.ru/,kunashakchel1.chel.msudrf.ru,нет,74MS0104
Челябинская область,Кунашак,,Судебный участок № 2 Кунашакского округа Челябинской области,MS,Мировой суд,"456730, Челябинская обл, с Кунашак, ул Ленина, д 107А",https://kunashakchel2.chel.msudrf.ru/,kunashakchel2.chel.msudrf.ru,нет,74MS0105
Челябинская область,Куса,,Судебный участок № 1 Кусинского округа Челябинской области,MS,Мировой суд,"456940, Челябинская обл, г Куса, ул Декабристов, д 2А",https://kusachel1.chel.msudrf.ru/,kusachel1.chel.msudrf.ru,нет,74MS0100
Челябинская область,Куса,,Судебный участок № 2 Кусинского округа Челябинской области,MS,Мировой суд,"456940, Челябинская обл, г Куса, ул Декабристов, д 2А",https://kusachel2.chel.msudrf.ru/,kusachel2.chel.msudrf.ru,нет,74MS0101
Челябинская область,Кыштым,,Судебный участок № 1 г. Кыштым Челябинской области,MS,Мировой суд,"456870, Челябинская обл, г Кыштым, ул Ветеранов, д 10",https://kyshtymchel1.chel.msudrf.ru/,kyshtymchel1.chel.msudrf.ru,нет,74MS0106
Челябинская область,Кыштым,,Судебный участок № 2 г. Кыштым Челябинской области,MS,Мировой суд,"456870, Челябинская обл, г Кыштым, ул Ветеранов, д 10",https://kyshtymchel2.chel.msudrf.ru/,kyshtymchel2.chel.msudrf.ru,нет,74MS0107
Челябинская область,Кыштым,,Судебный участок № 3 г. Кыштым Челябинской области,MS,Мировой суд,"456870, Челябинская обл, г Кыштым, ул Ветеранов, д 10",https://kyshtymchel3.chel.msudrf.ru/,kyshtymchel3.chel.msudrf.ru,нет,74MS0108
Челябинская область,Магнитогорск,,Судебный участок № 1 Ленинского района г. Магнитогорска,MS,Мировой суд,"455000, Челябинская обл, г Магнитогорск, ул Николая Шишка, д 10",https://lininskmag1.chel.msudrf.ru/,lininskmag1.chel.msudrf.ru,нет,74MS0116
Челябинская область,Магнитогорск,,Судебный участок № 1 Орджоникидзевского района г. Магнитогорска,MS,Мировой суд,"455000, Челябинская обл, г Магнитогорск, ул Николая Шишка, д 10",https://ordjomag1.chel.msudrf.ru/,ordjomag1.chel.msudrf.ru,нет,74MS0126
Челябинская область,Магнитогорск,,Судебный участок № 1 Правобережного района г. Магнитогорска,MS,Мировой суд,"455000, Челябинская обл, г Магнитогорск, ул Николая Шишка, д 10",https://pravmag1.chel.msudrf.ru/,pravmag1.chel.msudrf.ru,нет,74MS0121
Челябинская область,Магнитогорск,,Судебный участок № 2 Ленинского района г. Магнитогорска,MS,Мировой суд,"455000, Челябинская обл, г Магнитогорск, ул Николая Шишка, д 10",https://lininskmag2.chel.msudrf.ru/,lininskmag2.chel.msudrf.ru,нет,74MS0117
Челябинская область,Магнитогорск,,Судебный участок № 2 Орджоникидзевского района г. Магнитогорска,MS,Мировой суд,"455000, Челябинская обл, г Магнитогорск, ул Николая Шишка, д 10",https://ordjomag2.chel.msudrf.ru/,ordjomag2.chel.msudrf.ru,нет,74MS0127
Челябинская область,Магнитогорск,,Судебный участок № 2 Правобережного района г. Магнитогорска,MS,Мировой суд,"455000, Челябинская обл, г Магнитогорск, ул Николая Шишка, д 10",https://pravmag2.chel.msudrf.ru/,pravmag2.chel.msudrf.ru,нет,74MS0122
Челябинская область,Магнитогорск,,Судебный участок № 3 Ленинского района г. Магнитогорска,MS,Мировой суд,"455000, Челябинская обл, г Магнитогорск, ул Николая Шишка, д 10",https://lininskmag3.chel.msudrf.ru/,lininskmag3.chel.msudrf.ru,нет,74MS0118
Челябинская область,Магнитогорск,,Судебный участок № 3 Орджоникидзевского района г. Магнитогорска,MS,Мировой суд,"455000, Челябинская обл, г Магнитогорск, ул Николая Шишка, д 10",https://ordjomag3.chel.msudrf.ru/,ordjomag3.chel.msudrf.ru,нет,74MS0128
Челябинская область,Магнитогорск,,Судебный участок № 3 Правобережного района г. Магнитогорска,MS,Мировой суд,"455000, Челябинская обл, г Магнитогорск, ул Николая Шишка, д 10",https://pravmag3.chel.msudrf.ru/,pravmag3.chel.msudrf.ru,нет,74MS0123
Челябинская область,Магнитогорск,,Судебный участок № 4 Ленинского района г. Магнитогорска,MS,Мировой суд,"455000, Челябинская обл, г Магнитогорск, ул Николая Шишка, д 10",https://lininskmag4.chel.msudrf.ru/,lininskmag4.chel.msudrf.ru,нет,74MS0119
Челябинская область,Магнитогорск,,Судебный участок № 4 Орджоникидзевского района г. Магнитогорска,MS,Мировой суд,"455000, Челябинская обл, г Магнитогорск, ул Николая Шишка, д 10",https://ordjomag4.chel.msudrf.ru/,ordjomag4.chel.msudrf.ru,нет,74MS0129
Челябинская область,Магнитогорск,,Судебный участок № 4 Правобережного района г. Магнитогорска,MS,Мировой суд,"455000, Челябинская обл, г Магнитогорск, ул Николая Шишка, д 10",https://pravmag4.chel.msudrf.ru/,pravmag4.chel.msudrf.ru,нет,74MS0124
Челябинская область,Магнитогорск,,Судебный участок № 5 Ленинского района г. Магнитогорска,MS,Мировой суд,"455000, Челябинская обл, г Магнитогорск, ул Николая Шишка, д 10",https://lininskmag5.chel.msudrf.ru/,lininskmag5.chel.msudrf.ru,нет,74MS0120
Челябинская область,Магнитогорск,,Судебный участок № 5 Орджоникидзевского района г. Магнитогорска,MS,Мировой суд,"455000, Челябинская обл, г Магнитогорск, ул Николая Шишка, д 10",https://ordjomag5.chel.msudrf.ru/,ordjomag5.chel.msudrf.ru,нет,74MS0130
Челябинская область,Магнитогорск,,Судебный участок № 5 Правобережного района г. Магнитогорска,MS,Мировой суд,"455000, Челябинская обл, г Магнитогорск, ул Николая Шишка, д 10",https://pravmag5.chel.msudrf.ru/,pravmag5.chel.msudrf.ru,нет,74MS0125
Челябинская область,Магнитогорск,,Судебный участок № 6 Орджоникидзевского района г. Магнитогорска,MS,Мировой суд,"455000, Челябинская обл, г Магнитогорск, ул Николая Шишка, д 10",https://ordjomag6.chel.msudrf.ru/,ordjomag6.chel.msudrf.ru,нет,74MS0131
Челябинская область,Магнитогорск,,Судебный участок № 7 Орджоникидзевского района г. Магнитогорска,MS,Мировой суд,"455000, Челябинская обл, г Магнитогорск, ул Николая Шишка, д 10",https://ordjomag7.chel.msudrf.ru/,ordjomag7.chel.msudrf.ru,нет,74MS0132
Челябинская область,Магнитогорск,,Судебный участок № 8 Орджоникидзевского района г. Магнитогорска,MS,Мировой суд,"455000, Челябинская обл, г Магнитогорск, ул Николая Шишка, д 10",https://ordjomag8.chel.msudrf.ru/,ordjomag8.chel.msudrf.ru,нет,74MS0133
Челябинская область,Магнитогорск,,Судебный участок № 9 Орджоникидзевского района г. Магнитогорска,MS,Мировой суд,"455000, Челябинская обл, г Магнитогорск, ул Николая Шишка, д 10",https://ordjomag9.chel.msudrf.ru/,ordjomag9.chel.msudrf.ru,нет,74MS0185
Челябинская область,Миасс,,Судебный участок № 1 г. Миасс Челябинской области,MS,Мировой суд,"456300, Челябинская обл, г Миасс, ул Романенко, д 50",https://miass1.chel.msudrf.ru/,miass1.chel.msudrf.ru,нет,74MS0134
Челябинская область,Миасс,,Судебный участок № 2 г. Миасс Челябинской области,MS,Мировой суд,"456300, Челябинская обл, г Миасс, ул Романенко, д 50",https://miass2.chel.msudrf.ru/,miass2.chel.msudrf.ru,нет,74MS0135
Челябинская область,Миасс,,Судебный участок № 3 г. Миасс Челябинской области,MS,Мировой суд,"456300, Челябинская обл, г Миасс, ул Романенко, д 50",https://miass3.chel.msudrf.ru/,miass3.chel.msudrf.ru,нет,74MS0136
Челябинская область,Миасс,,Судебный участок № 4 г. Миасс Челябинской области,MS,Мировой суд,"456306, Челябинская обл, г Миасс, ул Готвальда, д 12",https://miass4.chel.msudrf.ru/,miass4.chel.msudrf.ru,нет,74MS0137
Челябинская область,Миасс,,Судебный участок № 5 г. Миасс Челябинской области,MS,Мировой суд,"456304, Челябинская обл, г Миасс, ул Романенко, д 22",https://miass5.chel.msudrf.ru/,miass5.chel.msudrf.ru,нет,74MS0138
Челябинская область,Миасс,,Судебный участок № 6 г. Миасс Челябинской области,MS,Мировой суд,"456304, Челябинская обл, г Миасс, ул Романенко, д 22",https://miass6.chel.msudrf.ru/,miass6.chel.msudrf.ru,нет,74MS0139
Челябинская область,Миасс,,Судебный участок № 7 г. Миасс Челябинской области,MS,Мировой суд,"456304, Челябинская обл, г Миасс, ул Калинина, д 26",https://miass7.chel.msudrf.ru/,miass7.chel.msudrf.ru,нет,74MS0140
Челябинская область,Миасс,,Судебный участок № 8 г. Миасс Челябинской области,MS,Мировой суд,"456304, Челябинская обл, г Миасс, ул Калинина, д 26",https://miass8.chel.msudrf.ru/,miass8.chel.msudrf.ru,нет,74MS0141
Челябинская область,Миасское,,Судебный участок № 1 Красноармейского округа Челябинской области,MS,Мировой суд,"456660, Челябинская обл, с Миасское, ул Советская, д 6",https://krasnoarmchel1.chel.msudrf.ru/,krasnoarmchel1.chel.msudrf.ru,нет,74MS0102
Челябинская область,Миасское,,Судебный участок № 2 Красноармейского округа Челябинской области,MS,Мировой суд,"456660, Челябинская обл, с Миасское, ул Советская, д 6",https://krasnoarmchel2.chel.msudrf.ru/,krasnoarmchel2.chel.msudrf.ru,нет,74MS0103
Челябинская область,Миньяр,,Судебный участок № 3 Ашинского округа Челябинской области,MS,Мировой суд,"456007, Челябинская обл, Ашинский р-н, г Миньяр, ул Горького, д 110",https://ashachel3.chel.msudrf.ru/,ashachel3.chel.msudrf.ru,нет,74MS0061
Челябинская область,Нязепетровск,,Судебный участок № 1 Нязепетровскиого округа Челябинской области,MS,Мировой суд,"456970, Челябинская обл, г Нязепетровск, ул Ленина, д 14",https://nyazchel1.chel.msudrf.ru/,nyazchel1.chel.msudrf.ru,нет,74MS0144
Челябинская область,Озерск,,Судебный участок № 1 г. Озёрска Челябинской области,MS,Мировой суд,"456784, Челябинская обл, г Озерск, ул Комсомольская, д 4А",https://ozerskchel1.chel.msudrf.ru/,ozerskchel1.chel.msudrf.ru,нет,74MS0145
Челябинская область,Озерск,,Судебный участок № 2 г. Озёрска Челябинской области,MS,Мировой суд,"456784, Челябинская обл, г Озерск, ул Комсомольская, д 4А",https://ozerskchel2.chel.msudrf.ru/,ozerskchel2.chel.msudrf.ru,нет,74MS0146
Челябинская область,Озерск,,Судебный участок № 3 г. Озёрска Челябинской области,MS,Мировой суд,"456784, Челябинская обл, г Озерск, ул Комсомольская, д 4А",https://ozerskchel3.chel.msudrf.ru/,ozerskchel3.chel.msudrf.ru,нет,74MS0147
Челябинская область,Озерск,,Судебный участок № 4 г. Озёрска Челябинской области,MS,Мировой суд,"456784, Челябинская обл, г Озерск, ул Комсомольская, д 4А",https://ozerskchel4.chel.msudrf.ru/,ozerskchel4.chel.msudrf.ru,нет,74MS0148
Челябинская область,Октябрьское,,Судебный участок № 1 Октябрьского округа Челябинской области,MS,Мировой суд,"457170, Челябинская обл, с Октябрьское, ул Восточная, д 50",https://oktchel1.chel.msudrf.ru/,oktchel1.chel.msudrf.ru,нет,74MS0149
Челябинская область,Пласт,,Судебный участок № 1 Пластовского округа Челябинской области,MS,Мировой суд,"457020, Челябинская обл, г Пласт, ул Октябрьская, д 60",https://plastchel1.chel.msudrf.ru/,plastchel1.chel.msudrf.ru,нет,74MS0150
Челябинская область,Пласт,,Судебный участок № 2 Пластовского округа Челябинской области,MS,Мировой суд,"457024, Челябинская обл, г Пласт, ул Кирова, д 2",https://plastchel2.chel.msudrf.ru/,plastchel2.chel.msudrf.ru,нет,74MS0151
Челябинская область,Полетаево,,Судебный участок № 2 Сосновского округа Челябинской области,MS,Мировой суд,"456520, Челябинская обл, Сосновский р-н, п Полетаево, ул Пионерская, д 8",https://sosnchel2.chel.msudrf.ru/,sosnchel2.chel.msudrf.ru,нет,74MS0160
Челябинская область,Сатка,,Судебный участок № 1 Саткинского округа Челябинской области,MS,Мировой суд,"456912, Челябинская обл, г Сатка, ул 50 лет ВЛКСМ, д 6",https://satkachel1.chel.msudrf.ru/,satkachel1.chel.msudrf.ru,нет,74MS0152
Челябинская область,Сатка,,Судебный участок № 2 Саткинского округа Челябинской области,MS,Мировой суд,"456912, Челябинская обл, г Сатка, ул 50 лет ВЛКСМ, д 6",https://satkachel2.chel.msudrf.ru/,satkachel2.chel.msudrf.ru,нет,74MS0153
Челябинская область,Сатка,,Судебный участок № 3 Саткинского округа Челябинской области,MS,Мировой суд,"456913, Челябинская область, г. Сатка, Западный микрорайон - 1 , д.16",https://satkachel3.chel.msudrf.ru/,satkachel3.chel.msudrf.ru,нет,74MS0154
Челябинская область,Сим,,Судебный участок № 2 Ашинского округа Челябинского области,MS,Мировой суд,"456020, Челябинская обл, Ашинский р-н, г Сим, ул Пушкина, д 11А",https://ashachel2.chel.msudrf.ru/,ashachel2.chel.msudrf.ru,нет,74MS0060
Челябинская область,Снежинск,,Судебный участок № 1 г. Снежинск Челябинской области,MS,Мировой суд,"456770, Челябинская обл, г Снежинск, ул Дзержинского, д 24",https://snezhinskchel1.chel.msudrf.ru/,snezhinskchel1.chel.msudrf.ru,нет,74MS0156
Челябинская область,Снежинск,,Судебный участок № 2 г. Снежинска Челябинской области,MS,Мировой суд,"456770, Челябинская обл, г Снежинск, ул Дзержинского, д 24",https://snezhinskchel2.chel.msudrf.ru/,snezhinskchel2.chel.msudrf.ru,нет,74MS0157
Челябинская область,Снежинск,,Судебный участок № 3 г. Снежинска Челябинской области,MS,Мировой суд,"456770, Челябинская обл, г Снежинск, ул 40 лет Октября, д 1",https://snezhinskchel3.chel.msudrf.ru/,snezhinskchel3.chel.msudrf.ru,нет,74MS0158
Челябинская область,Трехгорный,,Судебный участок № 1 г. Трёхгорный Челябинской области,MS,Мировой суд,"456080, Челябинская обл, г Трехгорный, ул Володина, д 12",https://trehgchel1.chel.msudrf.ru/,trehgchel1.chel.msudrf.ru,нет,74MS0162
Челябинская область,Трехгорный,,Судебный участок № 2 г. Трёхгорного Челябинской области,MS,Мировой суд,"456080, Челябинская обл, г Трехгорный, ул Володина, д 12",https://trehgchel2.chel.msudrf.ru/,trehgchel2.chel.msudrf.ru,нет,74MS0163
Челябинская область,Троицк,,Судебный участок № 1 Троицкого округа Челябинской области,MS,Мировой суд,"457103, Челябинская обл, г Троицк, ул им. Ю.А. Гагарина, д 1",https://troitskrayonchel1.chel.msudrf.ru/,troitskrayonchel1.chel.msudrf.ru,нет,74MS0168
Челябинская область,Троицк,,Судебный участок № 1 г. Троицка Челябинской области,MS,Мировой суд,"457103, Челябинская обл, г Троицк, ул им. Ю.А. Гагарина, д 1",https://troitskchel1.chel.msudrf.ru/,troitskchel1.chel.msudrf.ru,нет,74MS0164
Челябинская область,Троицк,,Судебный участок № 2 Троицкого округа Челябинской области,MS,Мировой суд,"457103, Челябинская обл, г Троицк, ул им. Ю.А. Гагарина, д 1",https://troitskrayonchel2.chel.msudrf.ru/,troitskrayonchel2.chel.msudrf.ru,нет,74MS0169
Челябинская область,Троицк,,Судебный участок № 2 г. Троицка Челябинской области,MS,Мировой суд,"457103, Челябинская обл, г Троицк, ул им. Ю.А. Гагарина, д 1",https://troitskchel2.chel.msudrf.ru/,troitskchel2.chel.msudrf.ru,нет,74MS0165
Челябинская область,Троицк,,Судебный участок № 3 г. Троицка Челябинской области,MS,Мировой суд,"457103, Челябинская обл, г Троицк, ул им. Ю.А. Гагарина, д 1",https://troitskchel3.chel.msudrf.ru/,troitskchel3.chel.msudrf.ru,нет,74MS0166
Челябинская область,Троицк,,Судебный участок № 4 г. Троицка Челябинской области,MS,Мировой суд,"457103, Челябинская обл, г Троицк, ул им. Ю.А. Гагарина, д 1",https://troitskchel4.chel.msudrf.ru/,troitskchel4.chel.msudrf.ru,нет,74MS0167
Челябинская область,Увельский,,Судебный участок № 1 Увельского округа Челябинской области,MS,Мировой суд,"457000, Челябинская обл, п Увельский, ул 30 лет ВЛКСМ, д 3",https://uvelchel1.chel.msudrf.ru/,uvelchel1.chel.msudrf.ru,нет,74MS0171
Челябинская область,Увельский,,Судебный участок № 2 Увельского округа Челябинской области,MS,Мировой суд,"457000, Челябинская обл, п Увельский, ул 30 лет ВЛКСМ, д 3",https://uvelchel2.chel.msudrf.ru/,uvelchel2.chel.msudrf.ru,нет,74MS0172
Челябинская область,Уйское,,Судебный участок № 1 Уйского округа Челябинской области,MS,Мировой суд,"456470, Челябинская обл, с Уйское, ул Балмасова, д 3",https://uyskchel1.chel.msudrf.ru/,uyskchel1.chel.msudrf.ru,нет,74MS0170
Челябинская область,Усть-Катав,,Судебный участок № 1 г. Усть-Катав Челябинской области,MS,Мировой суд,"456043, Челябинская обл, г Усть-Катав, ул Революционная, д 4",https://ustkatavchel1.chel.msudrf.ru/,ustkatavchel1.chel.msudrf.ru,нет,74MS0173
Челябинская область,Усть-Катав,,Судебный участок № 2 г. Усть-Катав Челябинской области,MS,Мировой суд,"456043, Челябинская обл, г Усть-Катав, ул Революционная, д 4",https://ustkatavchel2.chel.msudrf.ru/,ustkatavchel2.chel.msudrf.ru,нет,74MS0174
Челябинская область,Фершампенуаз,,Судебный участок № 1 Нагайбакского округа Челябинской области,MS,Мировой суд,"457650, Челябинская обл, с Фершампенуаз, ул Механизаторов, д 28/3",https://nagchel1.chel.msudrf.ru/,nagchel1.chel.msudrf.ru,нет,74MS0143
Челябинская область,Чебаркуль,,"Судебный участок № 1 г. Чебаркуля, Чебаркульского округа Челябинской области",MS,Мировой суд,"456440, Челябинская обл, г Чебаркуль, ул Электростальская, д 5Б",https://chebarkul1.chel.msudrf.ru/,chebarkul1.chel.msudrf.ru,нет,74MS0175
Челябинская область,Чебаркуль,,"Судебный участок № 2 г. Чебаркуля, Чебаркульского округа Челябинской области",MS,Мировой суд,"456440, Челябинская обл, г Чебаркуль, ул Электростальская, д 5Б",https://chebarkul2.chel.msudrf.ru/,chebarkul2.chel.msudrf.ru,нет,74MS0176
Челябинская область,Чебаркуль,,"Судебный участок № 3 г. Чебаркуля, Чебаркульского округа Челябинской области",MS,Мировой суд,"456440, Челябинская обл, г Чебаркуль, ул Электростальская, д 5Б",https://chebarkul3.chel.msudrf.ru/,chebarkul3.chel.msudrf.ru,нет,74MS0177
Челябинская область,Чебаркуль,,"Судебный участок № 4 г. Чебаркуля, Чебаркульского округа Челябинской области",MS,Мировой суд,"456440, Челябинская обл, г Чебаркуль, ул Электростальская, д 5Б",https://chebarkul4.chel.msudrf.ru/,chebarkul4.chel.msudrf.ru,нет,74MS0178
Челябинская область,Челябинск,,Судебный участок № 1 Калининского района г. Челябинска,MS,Мировой суд,"454018, г Челябинск, ул Косарева, д 50А",https://kalininchel1.chel.msudrf.ru/,kalininchel1.chel.msudrf.ru,нет,74MS0039
Челябинская область,Челябинск,,Судебный участок № 1 Курчатовского района г. Челябинска,MS,Мировой суд,"454008, г Челябинск, пр-кт Свердловский, д 24Б",https://kurchel1.chel.msudrf.ru/,kurchel1.chel.msudrf.ru,нет,74MS0050
Челябинская область,Челябинск,,Судебный участок № 1 Ленинского района г. Челябинска,MS,Мировой суд,"454010, г Челябинск, ул Гагарина, д 21",https://leninchel1.chel.msudrf.ru/,leninchel1.chel.msudrf.ru,нет,74MS0024
Челябинская область,Челябинск,,Судебный участок № 1 Металлургического района г. Челябинска,MS,Мировой суд,"454031, г Челябинск, ш Металлургов, д 38",https://metallurgchel1.chel.msudrf.ru/,metallurgchel1.chel.msudrf.ru,нет,74MS0033
Челябинская область,Челябинск,,Судебный участок № 1 Советского района г. Челябинска,MS,Мировой суд,"454092, г Челябинск, ул Крупской, д 30",https://sovchel1.chel.msudrf.ru/,sovchel1.chel.msudrf.ru,нет,74MS0001
Челябинская область,Челябинск,,Судебный участок № 1 Тракторозаводского района г. Челябинска,MS,Мировой суд,"454071, г Челябинск, ул Героев Танкограда, д 35",https://tzrchel1.chel.msudrf.ru/,tzrchel1.chel.msudrf.ru,нет,74MS0017
Челябинская область,Челябинск,,Судебный участок № 1 Центрального района г. Челябинска,MS,Мировой суд,"454080, г Челябинск, ул Либкнехта, д 20",https://centrchel1.chel.msudrf.ru/,centrchel1.chel.msudrf.ru,нет,74MS0008
Челябинская область,Челябинск,,Судебный участок № 10 Калининского района г. Челябинска,MS,Мировой суд,"454081, г Челябинск, ул Потемкина, д 10",https://kalininchel10.chel.msudrf.ru/,kalininchel10.chel.msudrf.ru,нет,74MS0048
Челябинская область,Челябинск,,Судебный участок № 10 Курчатовского района г. Челябинска,MS,Мировой суд,"454021, г Челябинск, пр-кт Комсомольский, д 99Г",https://kurchel10.chel.msudrf.ru/,kurchel10.chel.msudrf.ru,нет,74MS0182
Челябинская область,Челябинск,,Судебный участок № 10 Центрального района г. Челябинска,MS,Мировой суд,"454004, г Челябинск, ул 250-летия Челябинска, д 69",https://centrchel10.chel.msudrf.ru/,centrchel10.chel.msudrf.ru,нет,74MS0186
Челябинская область,Челябинск,,Судебный участок № 11 Калининского района г. Челябинска,MS,Мировой суд,"454081, г Челябинск, ул Потемкина, д 10",https://kalininchel11.chel.msudrf.ru/,kalininchel11.chel.msudrf.ru,нет,74MS0049
Челябинская область,Челябинск,,Судебный участок № 2 Калининского района г. Челябинска,MS,Мировой суд,"454018, г Челябинск, ул Косарева, д 50А",https://kalininchel2.chel.msudrf.ru/,kalininchel2.chel.msudrf.ru,нет,74MS0040
Челябинская область,Челябинск,,Судебный участок № 2 Курчатовского района г. Челябинска,MS,Мировой суд,"454112, г Челябинск, пр-кт Победы, д 292А",https://kurchel2.chel.msudrf.ru/,kurchel2.chel.msudrf.ru,нет,74MS0051
Челябинская область,Челябинск,,Судебный участок № 2 Ленинского района г. Челябинска,MS,Мировой суд,"454119, г Челябинск, ул Энергетиков, д 15",https://leninchel2.chel.msudrf.ru/,leninchel2.chel.msudrf.ru,нет,74MS0025
Челябинская область,Челябинск,,Судебный участок № 2 Металлургического района г. Челябинска,MS,Мировой суд,"454031, г Челябинск, ш Металлургов, д 38",https://metallurgchel2.chel.msudrf.ru/,metallurgchel2.chel.msudrf.ru,нет,74MS0034
Челябинская область,Челябинск,,Судебный участок № 2 Советского района г. Челябинска,MS,Мировой суд,"454092, г Челябинск, ул Крупской, д 30",https://sovchel2.chel.msudrf.ru/,sovchel2.chel.msudrf.ru,нет,74MS0002
Челябинская область,Челябинск,,Судебный участок № 2 Тракторозаводского района г. Челябинска,MS,Мировой суд,"454071, г Челябинск, ул Героев Танкограда, д 35",https://tzrchel2.chel.msudrf.ru/,tzrchel2.chel.msudrf.ru,нет,74MS0018
Челябинская область,Челябинск,,Судебный участок № 2 Центрального района г. Челябинска,MS,Мировой суд,"454080, г Челябинск, пр-кт Ленина, д 61А",https://centrchel2.chel.msudrf.ru/,centrchel2.chel.msudrf.ru,нет,74MS0009
Челябинская область,Челябинск,,Судебный участок № 3 Калининского района г. Челябинска,MS,Мировой суд,"454008, г Челябинск, ул Каслинская, д 42",https://kalininchel3.chel.msudrf.ru/,kalininchel3.chel.msudrf.ru,нет,74MS0041
Челябинская область,Челябинск,,Судебный участок № 3 Курчатовского района г. Челябинска,MS,Мировой суд,"454112, г Челябинск, ул Пионерская, д 16",https://kurchel3.chel.msudrf.ru/,kurchel3.chel.msudrf.ru,нет,74MS0052
Челябинская область,Челябинск,,Судебный участок № 3 Ленинского района г. Челябинска,MS,Мировой суд,"454119, г Челябинск, ул Энергетиков, д 15",https://leninchel3.chel.msudrf.ru/,leninchel3.chel.msudrf.ru,нет,74MS0026
Челябинская область,Челябинск,,Судебный участок № 3 Металлургического района г. Челябинска,MS,Мировой суд,"454031, г Челябинск, ш Металлургов, д 38",https://metallurgchel3.chel.msudrf.ru/,metallurgchel3.chel.msudrf.ru,нет,74MS0035
Челябинская область,Челябинск,,Судебный участок № 3 Советского района г. Челябинска,MS,Мировой суд,"454092, г Челябинск, ул Крупской, д 30",https://sovchel3.chel.msudrf.ru/,sovchel3.chel.msudrf.ru,нет,74MS0003
Челябинская область,Челябинск,,Судебный участок № 3 Тракторозаводского района г. Челябинска,MS,Мировой суд,"454071, г Челябинск, ул Героев Танкограда, д 35",https://tzrchel3.chel.msudrf.ru/,tzrchel3.chel.msudrf.ru,нет,74MS0019
Челябинская область,Челябинск,,Судебный участок № 3 Центрального района г. Челябинска,MS,Мировой суд,"454080, г Челябинск, ул Либкнехта, д 20",https://centrchel3.chel.msudrf.ru/,centrchel3.chel.msudrf.ru,нет,74MS0010
Челябинская область,Челябинск,,Судебный участок № 4 Калининского района г. Челябинска,MS,Мировой суд,"454018, г Челябинск, ул Косарева, д 50А",https://kalininchel4.chel.msudrf.ru/,kalininchel4.chel.msudrf.ru,нет,74MS0042
Челябинская область,Челябинск,,Судебный участок № 4 Курчатовского района г. Челябинска,MS,Мировой суд,"454021, г Челябинск, пр-кт Комсомольский, д 99Г",https://kurchel4.chel.msudrf.ru/,kurchel4.chel.msudrf.ru,нет,74MS0053
Челябинская область,Челябинск,,Судебный участок № 4 Ленинского района г. Челябинска,MS,Мировой суд,"454010, г Челябинск, ул Гагарина, д 21",https://leninchel4.chel.msudrf.ru/,leninchel4.chel.msudrf.ru,нет,74MS0027
Челябинская область,Челябинск,,Судебный участок № 4 Металлургического района г. Челябинска,MS,Мировой суд,"454031, г Челябинск, ш Металлургов, д 38",https://metallurgchel4.chel.msudrf.ru/,metallurgchel4.chel.msudrf.ru,нет,74MS0036
Челябинская область,Челябинск,,Судебный участок № 4 Советского района г. Челябинска,MS,Мировой суд,"454091, г Челябинск, ул Свободы, д 74",https://sovchel4.chel.msudrf.ru/,sovchel4.chel.msudrf.ru,нет,74MS0004
Челябинская область,Челябинск,,Судебный участок № 4 Тракторозаводского района г. Челябинска,MS,Мировой суд,"454071, г Челябинск, ул Героев Танкограда, д 35",https://tzrchel4.chel.msudrf.ru/,tzrchel4.chel.msudrf.ru,нет,74MS0020
Челябинская область,Челябинск,,Судебный участок № 4 Центрального района г. Челябинска,MS,Мировой суд,"454080, г Челябинск, пр-кт Ленина, д 61А",https://centrchel4.chel.msudrf.ru/,centrchel4.chel.msudrf.ru,нет,74MS0011
Челябинская область,Челябинск,,Судебный участок № 5 Калининского района г. Челябинска,MS,Мировой суд,"454008, г Челябинск, ул Каслинская, д 42",https://kalininchel5.chel.msudrf.ru/,kalininchel5.chel.msudrf.ru,нет,74MS0043
Челябинская область,Челябинск,,Судебный участок № 5 Курчатовского района г. Челябинска,MS,Мировой суд,"454021, г Челябинск, пр-кт Комсомольский, д 99Г",https://kurchel5.chel.msudrf.ru/,kurchel5.chel.msudrf.ru,нет,74MS0054
Челябинская область,Челябинск,,Судебный участок № 5 Ленинского района г. Челябинска,MS,Мировой суд,"454119, г Челябинск, ул Энергетиков, д 15",https://leninchel5.chel.msudrf.ru/,leninchel5.chel.msudrf.ru,нет,74MS0028
Челябинская область,Челябинск,,Судебный участок № 5 Металлургического района г. Челябинска,MS,Мировой суд,"454031, г Челябинск, ул Дегтярева, д 65",https://metallurgchel5.chel.msudrf.ru/,metallurgchel5.chel.msudrf.ru,нет,74MS0037
Челябинская область,Челябинск,,Судебный участок № 5 Советского района г. Челябинска,MS,Мировой суд,"454091, г Челябинск, ул Свободы, д 74",https://sovchel5.chel.msudrf.ru/,sovchel5.chel.msudrf.ru,нет,74MS0005
Челябинская область,Челябинск,,Судебный участок № 5 Тракторозаводского района г. Челябинска,MS,Мировой суд,"454085, г Челябинск, ул Танкистов, д 179",https://tzrchel5.chel.msudrf.ru/,tzrchel5.chel.msudrf.ru,нет,74MS0021
Челябинская область,Челябинск,,Судебный участок № 5 Центрального района г. Челябинска,MS,Мировой суд,"454080, г Челябинск, ул Либкнехта, д 20, офис 10",https://centrchel5.chel.msudrf.ru/,centrchel5.chel.msudrf.ru,нет,74MS0012
Челябинская область,Челябинск,,Судебный участок № 6 Калининского района г. Челябинска,MS,Мировой суд,"454018, г Челябинск, ул Косарева, д 50А",https://kalininchel6.chel.msudrf.ru/,kalininchel6.chel.msudrf.ru,нет,74MS0044
Челябинская область,Челябинск,,Судебный участок № 6 Курчатовского района г. Челябинска,MS,Мировой суд,"454021, г Челябинск, пр-кт Комсомольский, д 99Г",https://kurchel6.chel.msudrf.ru/,kurchel6.chel.msudrf.ru,нет,74MS0055
Челябинская область,Челябинск,,Судебный участок № 6 Ленинского района г. Челябинска,MS,Мировой суд,"454119, г Челябинск, ул Энергетиков, д 15",https://leninchel6.chel.msudrf.ru/,leninchel6.chel.msudrf.ru,нет,74MS0029
Челябинская область,Челябинск,,Судебный участок № 6 Металлургического района г. Челябинска,MS,Мировой суд,"454031, г Челябинск, ул Дегтярева, д 65",https://metallurgchel6.chel.msudrf.ru/,metallurgchel6.chel.msudrf.ru,нет,74MS0038
Челябинская область,Челябинск,,Судебный участок № 6 Советского района г. Челябинска,MS,Мировой суд,"454090, г Челябинск, ул Плеханова, д 16",https://sovchel6.chel.msudrf.ru/,sovchel6.chel.msudrf.ru,нет,74MS0006
Челябинская область,Челябинск,,Судебный участок № 6 Тракторозаводского района г. Челябинска,MS,Мировой суд,"454085, г Челябинск, ул Танкистов, д 179",https://tzrchel6.chel.msudrf.ru/,tzrchel6.chel.msudrf.ru,нет,74MS0022
Челябинская область,Челябинск,,Судебный участок № 6 Центрального района г. Челябинска,MS,Мировой суд,"454080, г Челябинск, пр-кт Ленина, д 61А",https://centrchel6.chel.msudrf.ru/,centrchel6.chel.msudrf.ru,нет,74MS0013
Челябинская область,Челябинск,,Судебный участок № 7 Калининского района г. Челябинска,MS,Мировой суд,"454018, г Челябинск, ул Косарева, д 50А",https://kalininchel7.chel.msudrf.ru/,kalininchel7.chel.msudrf.ru,нет,74MS0045
Челябинская область,Челябинск,,Судебный участок № 7 Курчатовского района г. Челябинска,MS,Мировой суд,"454021, г Челябинск, пр-кт Комсомольский, д 99Г",https://kurchel7.chel.msudrf.ru/,kurchel7.chel.msudrf.ru,нет,74MS0056
Челябинская область,Челябинск,,Судебный участок № 7 Ленинского района г. Челябинска,MS,Мировой суд,"454119, г Челябинск, ул Энергетиков, д 15",https://leninchel7.chel.msudrf.ru/,leninchel7.chel.msudrf.ru,нет,74MS0030
Челябинская область,Челябинск,,Судебный участок № 7 Советского района г. Челябинска,MS,Мировой суд,"454090, г Челябинск, ул Плеханова, д 16",https://sovchel7.chel.msudrf.ru/,sovchel7.chel.msudrf.ru,нет,74MS0007
Челябинская область,Челябинск,,Судебный участок № 7 Тракторозаводского района г. Челябинска,MS,Мировой суд,"454071, г Челябинск, ул Героев Танкограда, д 35",https://tzrchel7.chel.msudrf.ru/,tzrchel7.chel.msudrf.ru,нет,74MS0023
Челябинская область,Челябинск,,Судебный участок № 7 Центрального района г. Челябинска,MS,Мировой суд,"454080, г Челябинск, пр-кт Ленина, д 61А",https://centrchel7.chel.msudrf.ru/,centrchel7.chel.msudrf.ru,нет,74MS0014
Челябинская область,Челябинск,,Судебный участок № 8 Калининского района г. Челябинска,MS,Мировой суд,"454081, г Челябинск, ул Потемкина, д 10",https://kalininchel8.chel.msudrf.ru/,kalininchel8.chel.msudrf.ru,нет,74MS0046
Челябинская область,Челябинск,,Судебный участок № 8 Курчатовского района г. Челябинска,MS,Мировой суд,"454008, г Челябинск, пр-кт Свердловский, д 24Б",https://kurchel8.chel.msudrf.ru/,kurchel8.chel.msudrf.ru,нет,74MS0057
Челябинская область,Челябинск,,Судебный участок № 8 Ленинского района г. Челябинска,MS,Мировой суд,"454010, г Челябинск, ул Гагарина, д 21",https://leninchel8.chel.msudrf.ru/,leninchel8.chel.msudrf.ru,нет,74MS0031
Челябинская область,Челябинск,,Судебный участок № 8 Тракторозаводского района г. Челябинска,MS,Мировой суд,"454071, г Челябинск, ул Героев Танкограда, д 35",https://tzrchel8.chel.msudrf.ru/,tzrchel8.chel.msudrf.ru,нет,74MS0184
Челябинская область,Челябинск,,Судебный участок № 8 Центрального района г. Челябинска,MS,Мировой суд,"454080, г Челябинск, пр-кт Ленина, д 61А",https://centrchel8.chel.msudrf.ru/,centrchel8.chel.msudrf.ru,нет,74MS0015
Челябинская область,Челябинск,,Судебный участок № 9 Калининского района г. Челябинска,MS,Мировой суд,"454081, г Челябинск, ул Потемкина, д 10",https://kalininchel9.chel.msudrf.ru/,kalininchel9.chel.msudrf.ru,нет,74MS0047
Челябинская область,Челябинск,,Судебный участок № 9 Курчатовского района г. Челябинска,MS,Мировой суд,"454112, г Челябинск, пр-кт Победы, д 292А",https://kurchel9.chel.msudrf.ru/,kurchel9.chel.msudrf.ru,нет,74MS0058
Челябинская область,Челябинск,,Судебный участок № 9 Ленинского района г. Челябинска,MS,Мировой суд,"454010, г Челябинск, ул Гагарина, д 21",https://leninchel9.chel.msudrf.ru/,leninchel9.chel.msudrf.ru,нет,74MS0032
Челябинская область,Челябинск,,Судебный участок № 9 Центрального района г. Челябинска,MS,Мировой суд,"454080, г Челябинск, пр-кт Ленина, д 61А",https://centrchel9.chel.msudrf.ru/,centrchel9.chel.msudrf.ru,нет,74MS0016
Челябинская область,Чесма,,Судебный участок № 1 Чесменского округа Челябинской области,MS,Мировой суд,"457220, Челябинская обл, с Чесма, ул Советская, д 50",https://chesmchel1.chel.msudrf.ru/,chesmchel1.chel.msudrf.ru,нет,74MS0179
Челябинская область,Южноуральск,,Судебный участок № 1 г. Южноуральск Челябинской области,MS,Мировой суд,"457040, Челябинская обл, г Южноуральск, ул Спортивная, д 13",https://yuzhchel1.chel.msudrf.ru/,yuzhchel1.chel.msudrf.ru,нет,74MS0180
Челябинская область,Южноуральск,,Судебный участок № 2 г. Южноуральск Челябинской области,MS,Мировой суд,"457040, Челябинская обл, г Южноуральск, ул Спортивная, д 13",https://yuzhchel2.chel.msudrf.ru/,yuzhchel2.chel.msudrf.ru,нет,74MS0181
Челябинская область,Юрюзань,,Судебный участок № 2 Катав-Ивановского округа Челябинской области,MS,Мировой суд,"456120, Челябинская обл, Катав-Ивановский р-н, г Юрюзань, ул Советская, д 90",https://katavivchel2.chel.msudrf.ru/,katavivchel2.chel.msudrf.ru,нет,74MS0091
Волгоградская область,Алексеевская,,Судебный участок № 1 Алексеевского судебного района Волгоградской области,MS,Мировой суд,"403241, Волгоградская обл, ст-ца Алексеевская, ул Октябрьская, д 32",https://1.vol.msudrf.ru/,1.vol.msudrf.ru,нет,34MS0001
Волгоградская область,Быково,,Судебный участок № 2 Быковского судебного района Волгоградской области,MS,Мировой суд,"404062, Волгоградская обл, рп Быково, ул Куйбышева, д 18",https://2.vol.msudrf.ru/,2.vol.msudrf.ru,нет,34MS0002
Волгоградская область,Волгоград,,Судебный участок № 100 Краснооктябрьского судебного района города Волгограда Волгоградской области,MS,Мировой суд,"400078, г Волгоград, пр-кт им. В.И. Ленина, д 67А",https://100.vol.msudrf.ru/,100.vol.msudrf.ru,нет,34MS0118
Волгоградская область,Волгоград,,Судебный участок № 101 Краснооктябрьского судебного района города Волгограда Волгоградской области,MS,Мировой суд,"400078, г Волгоград, пр-кт им. В.И. Ленина, д 67А",https://101.vol.msudrf.ru/,101.vol.msudrf.ru,нет,34MS0119
Волгоградская область,Волгоград,,Судебный участок № 102 Краснооктябрьского судебного района города Волгограда Волгоградской области,MS,Мировой суд,"400078, г Волгоград, пр-кт им. В.И. Ленина, д 67А",https://102.vol.msudrf.ru/,102.vol.msudrf.ru,нет,34MS0120
Волгоградская область,Волгоград,,Судебный участок № 103 Краснооктябрьского судебного района города Волгограда Волгоградской области,MS,Мировой суд,"400078, г Волгоград, пр-кт им. В.И. Ленина, д 67А",https://103.vol.msudrf.ru/,103.vol.msudrf.ru,нет,34MS0121
Волгоградская область,Волгоград,,Судебный участок № 104 Краснооктябрьского судебного района города Волгограда Волгоградской области,MS,Мировой суд,"400078, г Волгоград, пр-кт им. В.И. Ленина, д 67А",https://104.vol.msudrf.ru/,104.vol.msudrf.ru,нет,34MS0122
Волгоградская область,Волгоград,,Судебный участок № 105 Краснооктябрьского судебного района города Волгограда Волгоградской области,MS,Мировой суд,"400078, г Волгоград, пр-кт им. В.И. Ленина, д 67А",https://105.vol.msudrf.ru/,105.vol.msudrf.ru,нет,34MS0123
Волгоградская область,Волгоград,,Судебный участок № 106 Советского судебного района города Волгограда Волгоградской области,MS,Мировой суд,"400011, г Волгоград, пр-кт Университетский, д 45",https://106.vol.msudrf.ru/,106.vol.msudrf.ru,нет,34MS0126
Волгоградская область,Волгоград,,Судебный участок № 107 Советского судебного района города Волгограда Волгоградской области,MS,Мировой суд,"400011, г Волгоград, пр-кт Университетский, д 45",https://107.vol.msudrf.ru/,107.vol.msudrf.ru,нет,34MS0127
Волгоградская область,Волгоград,,Судебный участок № 108 Советского судебного района города Волгограда Волгоградской области,MS,Мировой суд,"400011, г Волгоград, пр-кт Университетский, зд 64",https://108.vol.msudrf.ru/,108.vol.msudrf.ru,нет,34MS0128
Волгоградская область,Волгоград,,Судебный участок № 109 Советского судебного района города Волгограда Волгоградской области,MS,Мировой суд,"400011, г Волгоград, пр-кт Университетский, зд 64",https://109.vol.msudrf.ru/,109.vol.msudrf.ru,нет,34MS0129
Волгоградская область,Волгоград,,Судебный участок № 110 Тракторозаводского судебного района города Волгограда Волгоградской области,MS,Мировой суд,"400006, г Волгоград, ул им. Дегтярева, д 11",https://110.vol.msudrf.ru/,110.vol.msudrf.ru,нет,34MS0131
Волгоградская область,Волгоград,,Судебный участок № 111 Тракторозаводского судебного района города Волгограда Волгоградской области,MS,Мировой суд,"400006, г Волгоград, ул им. Дегтярева, д 11",https://111.vol.msudrf.ru/,111.vol.msudrf.ru,нет,34MS0132
Волгоградская область,Волгоград,,Судебный участок № 112 Тракторозаводского судебного района города Волгограда Волгоградской области,MS,Мировой суд,"400006, г Волгоград, ул им. Дзержинского, д 3",https://112.vol.msudrf.ru/,112.vol.msudrf.ru,нет,34MS0133
Волгоградская область,Волгоград,,Судебный участок № 113 Тракторозаводского судебного района города Волгограда Волгоградской области,MS,Мировой суд,"400006, г Волгоград, ул им. Дзержинского, д 3",https://113.vol.msudrf.ru/,113.vol.msudrf.ru,нет,34MS0134
Волгоградская область,Волгоград,,Судебный участок № 114 Тракторозаводского судебного района города Волгограда Волгоградской области,MS,Мировой суд,"400006, г Волгоград, ул им. Дзержинского, д 3",https://114.vol.msudrf.ru/,114.vol.msudrf.ru,нет,34MS0135
Волгоградская область,Волгоград,,Судебный участок № 115 Тракторозаводского судебного района города Волгограда Волгоградской области,MS,Мировой суд,"400006, г Волгоград, ул им. Дегтярева, д 11",https://115.vol.msudrf.ru/,115.vol.msudrf.ru,нет,34MS0136
Волгоградская область,Волгоград,,Судебный участок № 116 Центрального судебного района города Волгограда Волгоградской области,MS,Мировой суд,"400005, г Волгоград, пр-кт им. В.И. Ленина, д 56А",https://116.vol.msudrf.ru/,116.vol.msudrf.ru,нет,34MS0139
Волгоградская область,Волгоград,,Судебный участок № 117 Центрального судебного района города Волгограда Волгоградской области,MS,Мировой суд,"400005, г Волгоград, пр-кт им. В.И. Ленина, д 56А",https://117.vol.msudrf.ru/,117.vol.msudrf.ru,нет,34MS0140
Волгоградская область,Волгоград,,Судебный участок № 118 Центрального судебного района города Волгограда Волгоградской области,MS,Мировой суд,"400005, г Волгоград, пр-кт им. В.И. Ленина, д 56А",https://118.vol.msudrf.ru/,118.vol.msudrf.ru,нет,34MS0141
Волгоградская область,Волгоград,,Судебный участок № 119 Центрального судебного района города Волгограда Волгоградской области,MS,Мировой суд,"400005, г Волгоград, пр-кт им. В.И. Ленина, д 56А",https://119.vol.msudrf.ru/,119.vol.msudrf.ru,нет,34MS0142
Волгоградская область,Волгоград,,Судебный участок № 120 Центрального судебного района города Волгограда Волгоградской области,MS,Мировой суд,"400005, г Волгоград, пр-кт им. В.И. Ленина, д 56А",https://120.vol.msudrf.ru/,120.vol.msudrf.ru,нет,34MS0143
Волгоградская область,Волгоград,,Судебный участок № 121 Центрального судебного района города Волгограда Волгоградской области,MS,Мировой суд,"400005, г Волгоград, пр-кт им. В.И. Ленина, д 56А",https://121.vol.msudrf.ru/,121.vol.msudrf.ru,нет,34MS0144
Волгоградская область,Волгоград,,Судебный участок № 122 Центрального судебного района города Волгограда Волгоградской области,MS,Мировой суд,"400005, г Волгоград, пр-кт им. В.И. Ленина, д 56А",https://122.vol.msudrf.ru/,122.vol.msudrf.ru,нет,34MS0145
Волгоградская область,Волгоград,,Судебный участок № 135 Ворошиловского судебного района города Волгограда Волгоградской области,MS,Мировой суд,"400074, г Волгоград, ул Рабоче-Крестьянская, д 37",https://135.vol.msudrf.ru/,135.vol.msudrf.ru,нет,34MS0091
Волгоградская область,Волгоград,,Судебный участок № 136 Дзержинского судебного района города Волгограда Волгоградской области,MS,Мировой суд,"400107, г Волгоград, ул Аракская, д 29",https://136.vol.msudrf.ru/,136.vol.msudrf.ru,нет,34MS0099
Волгоградская область,Волгоград,,Судебный участок № 137 Дзержинского судебного района города Волгограда Волгоградской области,MS,Мировой суд,"400075, г Волгоград, ул Историческая, д 122Б",https://137.vol.msudrf.ru/,137.vol.msudrf.ru,нет,34MS0100
Волгоградская область,Волгоград,,Судебный участок № 138 Кировского судебного района города Волгограда Волгоградской области,MS,Мировой суд,"400067, г Волгоград, ул им. Одоевского, д 72А",https://138.vol.msudrf.ru/,138.vol.msudrf.ru,нет,34MS0106
Волгоградская область,Волгоград,,Судебный участок № 139 Красноармейского судебного района города Волгограда Волгоградской области,MS,Мировой суд,"400096, г Волгоград, ул Удмуртская, д 91",https://139.vol.msudrf.ru/,139.vol.msudrf.ru,нет,34MS0115
Волгоградская область,Волгоград,,Судебный участок № 140 Красноармейского судебного района города Волгограда Волгоградской области,MS,Мировой суд,"400096, г Волгоград, ул Удмуртская, д 91",https://140.vol.msudrf.ru/,140.vol.msudrf.ru,нет,34MS0116
Волгоградская область,Волгоград,,Судебный участок № 141 Краснооктябрьского судебного района города Волгограда Волгоградской области,MS,Мировой суд,"400078, г Волгоград, пр-кт им. В.И. Ленина, д 67А",https://141.vol.msudrf.ru/,141.vol.msudrf.ru,нет,34MS0124
Волгоградская область,Волгоград,,Судебный участок № 142 Краснооктябрьского судебного района города Волгограда Волгоградской области,MS,Мировой суд,"400078, г Волгоград, пр-кт им. В.И. Ленина, д 67А",https://142.vol.msudrf.ru/,142.vol.msudrf.ru,нет,34MS0125
Волгоградская область,Волгоград,,Судебный участок № 143 Советского судебного района города Волгограда Волгоградской области,MS,Мировой суд,"400011, г Волгоград, пр-кт Университетский, д 45",https://143.vol.msudrf.ru/,143.vol.msudrf.ru,нет,34MS0130
Волгоградская область,Волгоград,,Судебный участок № 144 Тракторозаводского судебного района города Волгограда Волгоградской области,MS,Мировой суд,"400006, г Волгоград, ул им. Дегтярева, д 11",https://144.vol.msudrf.ru/,144.vol.msudrf.ru,нет,34MS0137
Волгоградская область,Волгоград,,Судебный участок № 145 Тракторозаводского судебного района города Волгограда Волгоградской области,MS,Мировой суд,"400006, г Волгоград, ул им. Дзержинского, д 3",https://145.vol.msudrf.ru/,145.vol.msudrf.ru,нет,34MS0138
Волгоградская область,Волгоград,,Судебный участок № 75 Ворошиловского судебного района города Волгограда Волгоградской области,MS,Мировой суд,"400074, г Волгоград, ул Рабоче-Крестьянская, д 37",https://75.vol.msudrf.ru/,75.vol.msudrf.ru,нет,34MS0087
Волгоградская область,Волгоград,,Судебный участок № 76 Ворошиловского судебного района города Волгограда Волгоградской области,MS,Мировой суд,"400074, г Волгоград, ул Рабоче-Крестьянская, д 37",https://76.vol.msudrf.ru/,76.vol.msudrf.ru,нет,34MS0088
Волгоградская область,Волгоград,,Судебный участок № 77 Ворошиловского судебного района города Волгограда Волгоградской области,MS,Мировой суд,"400074, г Волгоград, ул Рабоче-Крестьянская, д 37",https://77.vol.msudrf.ru/,77.vol.msudrf.ru,нет,34MS0089
Волгоградская область,Волгоград,,Судебный участок № 78 Ворошиловского судебного района города Волгограда Волгоградской области,MS,Мировой суд,"400074, г Волгоград, ул Рабоче-Крестьянская, д 37",https://78.vol.msudrf.ru/,78.vol.msudrf.ru,нет,34MS0090
Волгоградская область,Волгоград,,Судебный участок № 79 Дзержинского судебного района города Волгограда Волгоградской области,MS,Мировой суд,"400107, г Волгоград, ул Аракская, д 29",https://79.vol.msudrf.ru/,79.vol.msudrf.ru,нет,34MS0092
Волгоградская область,Волгоград,,Судебный участок № 80 Дзержинского судебного района города Волгограда Волгоградской области,MS,Мировой суд,"400075, г Волгоград, ул Историческая, д 122Б, помещ 1",https://80.vol.msudrf.ru/,80.vol.msudrf.ru,нет,34MS0093
Волгоградская область,Волгоград,,Судебный участок № 81 Дзержинского судебного района города Волгограда Волгоградской области,MS,Мировой суд,"400107, г Волгоград, ул Аракская, д 29",https://81.vol.msudrf.ru/,81.vol.msudrf.ru,нет,34MS0094
Волгоградская область,Волгоград,,Судебный участок № 82 Дзержинского судебного района города Волгограда Волгоградской области,MS,Мировой суд,"400075, г Волгоград, ул Историческая, д 122Б",https://82.vol.msudrf.ru/,82.vol.msudrf.ru,нет,34MS0095
Волгоградская область,Волгоград,,Судебный участок № 83 Дзержинского судебного района города Волгограда Волгоградской области,MS,Мировой суд,"400075, г Волгоград, ул Историческая, д 122Б",https://83.vol.msudrf.ru/,83.vol.msudrf.ru,нет,34MS0096
Волгоградская область,Волгоград,,Судебный участок № 84 Дзержинского судебного района города Волгограда Волгоградской области,MS,Мировой суд,"400075, г Волгоград, ул Историческая, д 122",https://84.vol.msudrf.ru/,84.vol.msudrf.ru,нет,34MS0097
Волгоградская область,Волгоград,,Судебный участок № 85 Дзержинского судебного района города Волгограда Волгоградской области,MS,Мировой суд,"400075, г Волгоград, ул Историческая, д 122Б",https://85.vol.msudrf.ru/,85.vol.msudrf.ru,нет,34MS0098
Волгоградская область,Волгоград,,Судебный участок № 86 Кировского судебного района города Волгограда Волгоградской области,MS,Мировой суд,"400067, г Волгоград, ул им. Одоевского, д 72А",https://86.vol.msudrf.ru/,86.vol.msudrf.ru,нет,34MS0101
Волгоградская область,Волгоград,,Судебный участок № 87 Кировского судебного района города Волгограда Волгоградской области,MS,Мировой суд,"400067, г Волгоград, ул им. Одоевского, д 72А",https://87.vol.msudrf.ru/,87.vol.msudrf.ru,нет,34MS0102
Волгоградская область,Волгоград,,Судебный участок № 88 Кировского судебного района города Волгограда Волгоградской области,MS,Мировой суд,"400067, г Волгоград, ул им. Одоевского, д 72А",https://88.vol.msudrf.ru/,88.vol.msudrf.ru,нет,34MS0103
Волгоградская область,Волгоград,,Судебный участок № 89 Кировского судебного района города Волгограда Волгоградской области,MS,Мировой суд,"400067, г Волгоград, ул им. Одоевского, д 72А",https://89.vol.msudrf.ru/,89.vol.msudrf.ru,нет,34MS0104
Волгоградская область,Волгоград,,Судебный участок № 90 Кировского судебного района города Волгограда Волгоградской области,MS,Мировой суд,"400067, г Волгоград, ул им. Одоевского, д 72А",https://90.vol.msudrf.ru/,90.vol.msudrf.ru,нет,34MS0105
Волгоградская область,Волгоград,,Судебный участок № 91 Красноармейского судебного района города Волгограда Волгоградской области,MS,Мировой суд,"400096, г Волгоград, ул Удмуртская, д 91",https://91.vol.msudrf.ru/,91.vol.msudrf.ru,нет,34MS0107
Волгоградская область,Волгоград,,Судебный участок № 92 Красноармейского судебного района города Волгограда Волгоградской области,MS,Мировой суд,"400096, г Волгоград, ул Удмуртская, д 91",https://92.vol.msudrf.ru/,92.vol.msudrf.ru,нет,34MS0108
Волгоградская область,Волгоград,,Судебный участок № 93 Красноармейского судебного района города Волгограда Волгоградской области,MS,Мировой суд,"400096, г Волгоград, ул Удмуртская, д 91",https://93.vol.msudrf.ru/,93.vol.msudrf.ru,нет,34MS0109
Волгоградская область,Волгоград,,Судебный участок № 94 Красноармейского судебного района города Волгограда Волгоградской области,MS,Мировой суд,"400096, г Волгоград, ул Удмуртская, д 91",https://94.vol.msudrf.ru/,94.vol.msudrf.ru,нет,34MS0110
Волгоградская область,Волгоград,,Судебный участок № 95 Красноармейского судебного района города Волгограда Волгоградской области,MS,Мировой суд,"400096, г Волгоград, ул Удмуртская, д 91",https://95.vol.msudrf.ru/,95.vol.msudrf.ru,нет,34MS0111
Волгоградская область,Волгоград,,Судебный участок № 96 Красноармейского судебного района города Волгограда Волгоградской области,MS,Мировой суд,"400063, г Волгоград, ул им. композитора Танеева, д 6",https://96.vol.msudrf.ru/,96.vol.msudrf.ru,нет,34MS0112
Волгоградская область,Волгоград,,Судебный участок № 97 Красноармейского судебного района города Волгограда Волгоградской области,MS,Мировой суд,"400096, г Волгоград, ул Удмуртская, д 91",https://97.vol.msudrf.ru/,97.vol.msudrf.ru,нет,34MS0113
Волгоградская область,Волгоград,,Судебный участок № 98 Красноармейского судебного района города Волгограда Волгоградской области,MS,Мировой суд,"400063, г Волгоград, ул им. композитора Танеева, д 6",https://98.vol.msudrf.ru/,98.vol.msudrf.ru,нет,34MS0114
Волгоградская область,Волгоград,,Судебный участок № 99 Краснооктябрьского судебного района города Волгограда Волгоградской области,MS,Мировой суд,"400078, г Волгоград, пр-кт им. В.И. Ленина, д 67А",https://99.vol.msudrf.ru/,99.vol.msudrf.ru,нет,34MS0117
Волгоградская область,Волжский,,Судебный участок № 133 судебного района города Волжского Волгоградской области,MS,Мировой суд,"404130, Волгоградская обл, г Волжский, ул Комсомольская, д 22",https://133.vol.msudrf.ru/,133.vol.msudrf.ru,нет,34MS0085
Волгоградская область,Волжский,,Судебный участок № 134 судебного района города Волжского Волгоградской области,MS,Мировой суд,"404130, Волгоградская обл, г Волжский, ул Комсомольская, д 22",https://134.vol.msudrf.ru/,134.vol.msudrf.ru,нет,34MS0086
Волгоградская область,Волжский,,Судебный участок № 45 судебного района города Волжского Волгоградской области,MS,Мировой суд,"404122, Волгоградская обл, г Волжский, ул Рабоче-Крестьянская, д 15",https://151.vol.msudrf.ru/,151.vol.msudrf.ru,нет,34MS0151
Волгоградская область,Волжский,,Судебный участок № 62 судебного района города Волжского Волгоградской области,MS,Мировой суд,"404122, Волгоградская обл, г Волжский, ул Рабоче-Крестьянская, д 15",https://62.vol.msudrf.ru/,62.vol.msudrf.ru,нет,34MS0072
Волгоградская область,Волжский,,Судебный участок № 63 судебного района города Волжского Волгоградской области,MS,Мировой суд,"404130, Волгоградская обл, г Волжский, ул Комсомольская, д 22",https://63.vol.msudrf.ru/,63.vol.msudrf.ru,нет,34MS0073
Волгоградская область,Волжский,,Судебный участок № 64 судебного района города Волжского Волгоградской области,MS,Мировой суд,"404130, Волгоградская обл, г Волжский, ул Комсомольская, д 22",https://64.vol.msudrf.ru/,64.vol.msudrf.ru,нет,34MS0074
Волгоградская область,Волжский,,Судебный участок № 65 судебного района города Волжского Волгоградской области,MS,Мировой суд,"404130, Волгоградская обл, г Волжский, ул Комсомольская, д 22",https://65.vol.msudrf.ru/,65.vol.msudrf.ru,нет,34MS0075
Волгоградская область,Волжский,,Судебный участок № 66 судебного района города Волжского Волгоградской области,MS,Мировой суд,"404130, Волгоградская обл, г Волжский, ул Комсомольская, д 22",https://66.vol.msudrf.ru/,66.vol.msudrf.ru,нет,34MS0076
Волгоградская область,Волжский,,Судебный участок № 67 судебного района города Волжского Волгоградской области,MS,Мировой суд,"404130, Волгоградская обл, г Волжский, ул Комсомольская, д 22",https://67.vol.msudrf.ru/,67.vol.msudrf.ru,нет,34MS0077
Волгоградская область,Волжский,,Судебный участок № 68 судебного района города Волжского Волгоградской области,MS,Мировой суд,"404130, Волгоградская обл, г Волжский, ул Комсомольская, д 22",https://68.vol.msudrf.ru/,68.vol.msudrf.ru,нет,34MS0078
Волгоградская область,Волжский,,Судебный участок № 69 судебного района города Волжского Волгоградской области,MS,Мировой суд,"404130, Волгоградская обл, г Волжский, ул Комсомольская, д 22",https://69.vol.msudrf.ru/,69.vol.msudrf.ru,нет,34MS0079
Волгоградская область,Волжский,,Судебный участок № 70 судебного района города Волжского Волгоградской области,MS,Мировой суд,"404130, Волгоградская обл, г Волжский, ул Комсомольская, д 22",https://70.vol.msudrf.ru/,70.vol.msudrf.ru,нет,34MS0080
Волгоградская область,Волжский,,Судебный участок № 71 судебного района города Волжского Волгоградской области,MS,Мировой суд,"404122, Волгоградская обл, г Волжский, ул Рабоче-Крестьянская, д 15",https://71.vol.msudrf.ru/,71.vol.msudrf.ru,нет,34MS0081
Волгоградская область,Волжский,,Судебный участок № 72 судебного района города Волжского Волгоградской области,MS,Мировой суд,"404122, Волгоградская обл, г Волжский, ул Рабоче-Крестьянская, д 15",https://72.vol.msudrf.ru/,72.vol.msudrf.ru,нет,34MS0082
Волгоградская область,Волжский,,Судебный участок № 73 судебного района города Волжского Волгоградской области,MS,Мировой суд,"404130, Волгоградская обл, г Волжский, ул Комсомольская, д 22",https://73.vol.msudrf.ru/,73.vol.msudrf.ru,нет,34MS0083
Волгоградская область,Волжский,,Судебный участок № 74 судебного района города Волжского Волгоградской области,MS,Мировой суд,"404130, Волгоградская обл, г Волжский, ул Комсомольская, д 22",https://74.vol.msudrf.ru/,74.vol.msudrf.ru,нет,34MS0084
Волгоградская область,Городище,,Судебный участок № 124 Городищенского судебного района Волгоградской области,MS,Мировой суд,"403003, Волгоградская обл, рп Городище, ул Промышленная, стр 6",https://124.vol.msudrf.ru/,124.vol.msudrf.ru,нет,34MS0005
Волгоградская область,Городище,,Судебный участок № 28 Городищенского судебного района Волгоградской области,MS,Мировой суд,"403003, Волгоградская обл, рп Городище, ул Промышленная, стр 6",https://147.vol.msudrf.ru/,147.vol.msudrf.ru,нет,34MS0147
Волгоградская область,Городище,,Судебный участок № 3 Городищенского судебного района Волгоградской области,MS,Мировой суд,"403003, Волгоградская обл, рп Городище, ул Промышленная, стр 6",https://3.vol.msudrf.ru/,3.vol.msudrf.ru,нет,34MS0003
Волгоградская область,Городище,,Судебный участок № 4 Городищенского судебного района Волгоградской области,MS,Мировой суд,"403003, Волгоградская обл, рп Городище, ул Промышленная, стр 6",https://4.vol.msudrf.ru/,4.vol.msudrf.ru,нет,34MS0004
Волгоградская область,Даниловка,,Судебный участок № 5 Даниловского судебного района Волгоградской области,MS,Мировой суд,"403371, Волгоградская обл, рп Даниловка, ул Центральная, д 21",https://5.vol.msudrf.ru/,5.vol.msudrf.ru,нет,34MS0006
Волгоградская область,Дубовка,,Судебный участок № 125 Дубовского судебного района Волгоградской области,MS,Мировой суд,"404002, Волгоградская обл, г Дубовка, ул Московская, д 5",https://125.vol.msudrf.ru/,125.vol.msudrf.ru,нет,34MS0008
Волгоградская область,Дубовка,,Судебный участок № 6 Дубовского судебного района Волгоградской области,MS,Мировой суд,"404002, Волгоградская обл, г Дубовка, ул Московская, д 5",https://6.vol.msudrf.ru/,6.vol.msudrf.ru,нет,34MS0007
Волгоградская область,Елань,,Судебный участок № 126 Еланского судебного района Волгоградской области,MS,Мировой суд,"403732, Волгоградская обл, рп Елань, ул Ленинская, д 80",https://126.vol.msudrf.ru/,126.vol.msudrf.ru,нет,34MS0010
Волгоградская область,Елань,,Судебный участок № 7 Еланского судебного района Волгоградской области,MS,Мировой суд,"403732, Волгоградская обл, рп Елань, ул Ленинская, д 80",https://7.vol.msudrf.ru/,7.vol.msudrf.ru,нет,34MS0009
Волгоградская область,Жирновск,,Судебный участок № 8 Жирновского судебного района Волгоградской области,MS,Мировой суд,"403791, Волгоградская обл, г Жирновск, ул Строителей, д 12",https://8.vol.msudrf.ru/,8.vol.msudrf.ru,нет,34MS0011
Волгоградская область,Жирновск,,Судебный участок № 9 Жирновского судебного района Волгоградской области,MS,Мировой суд,"403791, Волгоградская обл, г Жирновск, ул Коммунистическая, д 3",https://9.vol.msudrf.ru/,9.vol.msudrf.ru,нет,34MS0012
Волгоградская область,Иловля,,Судебный участок № 10 Иловлинского судебного района Волгоградской области,MS,Мировой суд,"403071, Волгоградская обл, рп Иловля, ул Буденного, д 2",https://10.vol.msudrf.ru/,10.vol.msudrf.ru,нет,34MS0013
Волгоградская область,Иловля,,Судебный участок № 127 Иловлинского судебного района Волгоградской области,MS,Мировой суд,"403071, Волгоградская обл, рп Иловля, ул Буденного, д 2",https://127.vol.msudrf.ru/,127.vol.msudrf.ru,нет,34MS0014
Волгоградская область,Калач-на-Дону,,Судебный участок № 11 Калачевского судебного района Волгоградской области,MS,Мировой суд,"404507, Волгоградская обл, г Калач-на-Дону, ул Революционная, д 184",https://11.vol.msudrf.ru/,11.vol.msudrf.ru,нет,34MS0015
Волгоградская область,Калач-на-Дону,,Судебный участок № 12 Калачевского судебного района Волгоградской области,MS,Мировой суд,"404507, Волгоградская обл, г Калач-на-Дону, ул Революционная, д 184",https://12.vol.msudrf.ru/,12.vol.msudrf.ru,нет,34MS0016
Волгоградская область,Калач-на-Дону,,Судебный участок № 13 Калачевского судебного района Волгоградской области,MS,Мировой суд,"404507, Волгоградская обл, г Калач-на-Дону, ул Революционная, д 184",https://13.vol.msudrf.ru/,13.vol.msudrf.ru,нет,34MS0017
Волгоградская область,Камышин,,Судебный участок № 14 Камышинского судебного района Волгоградской области,MS,Мировой суд,"403877, Волгоградская обл, г Камышин, ул Леонова, д 19А",https://14.vol.msudrf.ru/,14.vol.msudrf.ru,нет,34MS0018
Волгоградская область,Камышин,,Судебный участок № 15 Камышинского судебного района Волгоградской области,MS,Мировой суд,"403877, Волгоградская обл, г Камышин, ул Леонова, д 19А",https://15.vol.msudrf.ru/,15.vol.msudrf.ru,нет,34MS0019
Волгоградская область,Камышин,,Судебный участок № 16 Камышинского судебного района Волгоградской области,MS,Мировой суд,"403877, Волгоградская обл, г Камышин, ул Леонова, д 19А",https://16.vol.msudrf.ru/,16.vol.msudrf.ru,нет,34MS0020
Волгоградская область,Камышин,,Судебный участок № 17 Камышинского судебного района Волгоградской области,MS,Мировой суд,"403877, Волгоградская обл, г Камышин, ул Леонова, д 19А",https://17.vol.msudrf.ru/,17.vol.msudrf.ru,нет,34MS0021
Волгоградская область,Камышин,,Судебный участок № 18 Камышинского судебного района Волгоградской области,MS,Мировой суд,"403877, Волгоградская обл, г Камышин, ул Леонова, д 19А",https://18.vol.msudrf.ru/,18.vol.msudrf.ru,нет,34MS0022
Волгоградская область,Камышин,,Судебный участок № 19 Камышинского судебного района Волгоградской области,MS,Мировой суд,"403877, Волгоградская обл, г Камышин, ул Леонова, д 19А",https://19.vol.msudrf.ru/,19.vol.msudrf.ru,нет,34MS0023
Волгоградская область,Камышин,,Судебный участок № 20 Камышинского судебного района Волгоградской области,MS,Мировой суд,"403877, Волгоградская обл, г Камышин, ул Леонова, д 19А",https://20.vol.msudrf.ru/,20.vol.msudrf.ru,нет,34MS0024
Волгоградская область,Камышин,,Судебный участок № 21 Камышинского судебного района Волгоградской области,MS,Мировой суд,"403877, Волгоградская обл, г Камышин, ул Леонова, д 19А",https://21.vol.msudrf.ru/,21.vol.msudrf.ru,нет,34MS0025
Волгоградская область,Камышин,,Судебный участок № 57 Камышинского судебного района Волгоградской области,MS,Мировой суд,"403877, Волгоградская обл, г Камышин, ул Леонова, д 19",https://146.vol.msudrf.ru/,146.vol.msudrf.ru,нет,34MS0146
Волгоградская область,Клетская,,Судебный участок № 23 Клетского судебного района Волгоградской области,MS,Мировой суд,"403562, Волгоградская обл, ст-ца Клетская, ул Луначарского, д 48А",https://23.vol.msudrf.ru/,23.vol.msudrf.ru,нет,34MS0027
Волгоградская область,Котельниково,,Судебный участок № 123 Котельниковского судебного района Волгоградской области,MS,Мировой суд,"404354, Волгоградская обл, г Котельниково, ул Баранова, д 4",https://123.vol.msudrf.ru/,123.vol.msudrf.ru,нет,34MS0030
Волгоградская область,Котельниково,,Судебный участок № 24 Котельниковского судебного района Волгоградской области,MS,Мировой суд,"404354, Волгоградская обл, г Котельниково, ул Ленина, д 5",https://24.vol.msudrf.ru/,24.vol.msudrf.ru,нет,34MS0028
Волгоградская область,Котельниково,,Судебный участок № 25 Котельниковского судебного района Волгоградской области,MS,Мировой суд,"404354, Волгоградская обл, г Котельниково, ул Баранова, д 4",https://25.vol.msudrf.ru/,25.vol.msudrf.ru,нет,34MS0029
Волгоградская область,Котово,,Судебный участок № 26 Котовского судебного района Волгоградской области,MS,Мировой суд,"403805, Волгоградская область, Котовский район, г. Котово, ул. 403805, Волгоградская область, Котовский район, г. Котово, ул. Мира, д.151",https://26.vol.msudrf.ru/,26.vol.msudrf.ru,нет,34MS0031
Волгоградская область,Котово,,Судебный участок № 27 Котовского судебного района Волгоградской области,MS,Мировой суд,"403805, Волгоградская область, Котовский район, г. Котово, ул. 403805, Волгоградская область, Котовский район, г. Котово, ул. Мира, д.151",https://27.vol.msudrf.ru/,27.vol.msudrf.ru,нет,34MS0032
Волгоградская область,Краснослободск,,Судебный участок № 29 Cреднеахтубинского судебного района Волгоградской области,MS,Мировой суд,"404161, Волгоградская обл, Среднеахтубинский р-н, г Краснослободск, ул Московская, д 2",https://148.vol.msudrf.ru/,148.vol.msudrf.ru,нет,34MS0148
Волгоградская область,Кумылженская,,Судебный участок № 30 Кумылженского судебного района Волгоградской области,MS,Мировой суд,"403402, Волгоградская обл, ст-ца Кумылженская, ул Мира, стр 10Б",https://30.vol.msudrf.ru/,30.vol.msudrf.ru,нет,34MS0035
Волгоградская область,Ленинск,,Судебный участок № 31 Ленинского судебного района Волгоградской области,MS,Мировой суд,"404620, Волгоградская обл, г Ленинск, ул Им Ленина, д 184",https://31.vol.msudrf.ru/,31.vol.msudrf.ru,нет,34MS0036
Волгоградская область,Ленинск,,Судебный участок № 32 Ленинского судебного района Волгоградской области,MS,Мировой суд,"404620, Волгоградская обл, г Ленинск, ул Им Ленина, д 184",https://32.vol.msudrf.ru/,32.vol.msudrf.ru,нет,34MS0037
Волгоградская область,Михайловка,,Судебный участок № 128 Михайловского судебного района Волгоградской области,MS,Мировой суд,"403342, Волгоградская обл, г Михайловка, ул Республиканская, д 62",https://128.vol.msudrf.ru/,128.vol.msudrf.ru,нет,34MS0042
Волгоградская область,Михайловка,,Судебный участок № 33 Михайловского судебного района Волгоградской области,MS,Мировой суд,"403342, Волгоградская обл, г Михайловка, ул Республиканская, д 62",https://33.vol.msudrf.ru/,33.vol.msudrf.ru,нет,34MS0038
Волгоградская область,Михайловка,,Судебный участок № 34 Михайловского судебного района Волгоградской области,MS,Мировой суд,"403342, Волгоградская обл, г Михайловка, ул Республиканская, д 62",https://34.vol.msudrf.ru/,34.vol.msudrf.ru,нет,34MS0039
Волгоградская область,Михайловка,,Судебный участок № 35 Михайловского судебного района Волгоградской области,MS,Мировой суд,"403342, Волгоградская обл, г Михайловка, ул Республиканская, д 62",https://35.vol.msudrf.ru/,35.vol.msudrf.ru,нет,34MS0040
Волгоградская область,Михайловка,,Судебный участок № 36 Михайловского судебного района Волгоградской области,MS,Мировой суд,"403342, Волгоградская обл, г Михайловка, ул Республиканская, д 62",https://36.vol.msudrf.ru/,36.vol.msudrf.ru,нет,34MS0041
Волгоградская область,Нехаевская,,Судебный участок № 37 Нехаевского судебного района Волгоградской области,MS,Мировой суд,"403171, Волгоградская обл, ст-ца Нехаевская, ул Кооперативная, д 9",https://37.vol.msudrf.ru/,37.vol.msudrf.ru,нет,34MS0043
Волгоградская область,Николаевск,,Судебный участок № 129 Николаевского судебного района Волгоградской области,MS,Мировой суд,"404033, Волгоградская обл, г Николаевск, ул Октябрьская, д 14",https://129.vol.msudrf.ru/,129.vol.msudrf.ru,нет,34MS0045
Волгоградская область,Николаевск,,Судебный участок № 38 Николаевского судебного района Волгоградской области,MS,Мировой суд,"404033, Волгоградская обл, г Николаевск, ул Октябрьская, д 14",https://38.vol.msudrf.ru/,38.vol.msudrf.ru,нет,34MS0044
Волгоградская область,Новоаннинский,,Судебный участок № 39 Новоаннинского судебного района Волгоградской области,MS,Мировой суд,"403953, Волгоградская обл, г Новоаннинский, пер Строительный, д 18",https://39.vol.msudrf.ru/,39.vol.msudrf.ru,нет,34MS0046
Волгоградская область,Новоаннинский,,Судебный участок № 40 Новоаннинского судебного района Волгоградской области,MS,Мировой суд,"403953, Волгоградская обл, г Новоаннинский, пер Строительный, д 18",https://40.vol.msudrf.ru/,40.vol.msudrf.ru,нет,34MS0047
Волгоградская область,Новониколаевский,,Судебный участок № 41 Новониколаевского судебного района Волгоградской области,MS,Мировой суд,"403901, Волгоградская обл, рп Новониколаевский, ул Октябрьская, зд 91",https://41.vol.msudrf.ru/,41.vol.msudrf.ru,нет,34MS0048
Волгоградская область,Октябрьский,,Судебный участок № 42 Октябрьского судебного района Волгоградской области,MS,Мировой суд,"404321, Волгоградская обл, рп Октябрьский, ул Центральная, д 26А",https://42.vol.msudrf.ru/,42.vol.msudrf.ru,нет,34MS0049
Волгоградская область,Ольховка,,Судебный участок № 43 Иловлинского судебного района Волгоградской области,MS,Мировой суд,"403651, Волгоградская обл, с Ольховка, ул Почтовая, д 25",https://149.vol.msudrf.ru/,149.vol.msudrf.ru,нет,34MS0149
Волгоградская область,Палласовка,,Судебный участок № 130 Палласовского судебного района Волгоградской области,MS,Мировой суд,"404264, Волгоградская обл, г Палласовка, ул Береговая, д 77",https://130.vol.msudrf.ru/,130.vol.msudrf.ru,нет,34MS0053
Волгоградская область,Палласовка,,Судебный участок № 44 Палласовского судебного района Волгоградской области,MS,Мировой суд,"404264, Волгоградская обл, г Палласовка, ул Береговая, д 77",https://44.vol.msudrf.ru/,44.vol.msudrf.ru,нет,34MS0051
Волгоградская область,Преображенская,,Судебный участок № 22 Киквидзенского судебного района Волгоградской области,MS,Мировой суд,"403221, Волгоградская обл, ст-ца Преображенская, ул Мира, влд 52",https://22.vol.msudrf.ru/,22.vol.msudrf.ru,нет,34MS0026
Волгоградская область,Рудня,,Судебный участок № 46 Руднянского судебного района Волгоградской области,MS,Мировой суд,"403601, Волгоградская обл, рп Рудня, ул Октябрьская, д 77",https://46.vol.msudrf.ru/,46.vol.msudrf.ru,нет,34MS0054
Волгоградская область,Светлый Яр,,Судебный участок № 47 Светлоярского судебного района Волгоградской области,MS,Мировой суд,"404171, Волгоградская обл, рп Светлый Яр, ул Советская, д 67",https://47.vol.msudrf.ru/,47.vol.msudrf.ru,нет,34MS0055
Волгоградская область,Светлый Яр,,Судебный участок № 48 Светлоярского судебного района Волгоградской области,MS,Мировой суд,"404171, Волгоградская обл, рп Светлый Яр, ул Советская, д 67",https://48.vol.msudrf.ru/,48.vol.msudrf.ru,нет,34MS0056
Волгоградская область,Серафимович,,Судебный участок № 49 Серафимовичского судебного района Волгоградской области,MS,Мировой суд,"403441, Волгоградская обл, г Серафимович, ул Октябрьская, д 73",https://49.vol.msudrf.ru/,49.vol.msudrf.ru,нет,34MS0057
Волгоградская область,Серафимович,,Судебный участок № 50 Серафимовичского судебного района Волгоградской области,MS,Мировой суд,"403441, Волгоградская обл, г Серафимович, ул Октябрьская, д 73",https://50.vol.msudrf.ru/,50.vol.msudrf.ru,нет,34MS0058
Волгоградская область,Средняя Ахтуба,,Судебный участок № 131 Среднеахтубинского судебного района Волгоградской области,MS,Мировой суд,"404143, Волгоградская обл, рп Средняя Ахтуба, ул Льва Толстого, д 74Б",https://131.vol.msudrf.ru/,131.vol.msudrf.ru,нет,34MS0060
Волгоградская область,Средняя Ахтуба,,Судебный участок № 51 Среднеахтубинского судебного района Волгоградской области,MS,Мировой суд,"404143, Волгоградская обл, рп Средняя Ахтуба, ул Льва Толстого, д 74Б",https://51.vol.msudrf.ru/,51.vol.msudrf.ru,нет,34MS0059
Волгоградская область,Старая Полтавка,,Судебный участок № 52 Старополтавского судебного района Волгоградской области,MS,Мировой суд,"404211, Волгоградская обл, с Старая Полтавка, ул Победа, д 67",https://52.vol.msudrf.ru/,52.vol.msudrf.ru,нет,34MS0061
Волгоградская область,Суровикино,,Судебный участок № 53 Суровикинского судебного района Волгоградской области,MS,Мировой суд,"404411, Волгоградская обл, г Суровикино, ул Ленина, д 2А",https://53.vol.msudrf.ru/,53.vol.msudrf.ru,нет,34MS0062
Волгоградская область,Суровикино,,Судебный участок № 54 Суровикинского судебного района Волгоградской области,MS,Мировой суд,"404411, Волгоградская обл, г Суровикино, ул Ленина, д 2А",https://54.vol.msudrf.ru/,54.vol.msudrf.ru,нет,34MS0063
Волгоградская область,Урюпинск,,Судебный участок № 132 Урюпинского судебного района Волгоградской области,MS,Мировой суд,"403113, Волгоградская обл, г Урюпинск, пер Большой, д 1",https://132.vol.msudrf.ru/,132.vol.msudrf.ru,нет,34MS0067
Волгоградская область,Урюпинск,,Судебный участок № 55 Урюпинского судебного района Волгоградской области,MS,Мировой суд,"403113, Волгоградская обл, г Урюпинск, пер Большой, д 1",https://55.vol.msudrf.ru/,55.vol.msudrf.ru,нет,34MS0064
Волгоградская область,Урюпинск,,Судебный участок № 56 Урюпинского судебного района Волгоградской области,MS,Мировой суд,"403113, Волгоградская обл, г Урюпинск, пер Ульяновский, д 30",https://56.vol.msudrf.ru/,56.vol.msudrf.ru,нет,34MS0065
Волгоградская область,Фролово,,Судебный участок № 58 Фроловского судебного района Волгоградской области,MS,Мировой суд,"403534, Волгоградская обл, г Фролово, ул 40 лет Октября, стр 1",https://58.vol.msudrf.ru/,58.vol.msudrf.ru,нет,34MS0068
Волгоградская область,Фролово,,Судебный участок № 59 Фроловского судебного района Волгоградской области,MS,Мировой суд,"403534, Волгоградская обл, г Фролово, ул 40 лет Октября, стр 1",https://59.vol.msudrf.ru/,59.vol.msudrf.ru,нет,34MS0069
Волгоградская область,Фролово,,Судебный участок № 60 Фроловского судебного района Волгоградской области,MS,Мировой суд,"403534, Волгоградская обл, г Фролово, ул 40 лет Октября, стр 1",https://60.vol.msudrf.ru/,60.vol.msudrf.ru,нет,34MS0070
Волгоградская область,Чернышковский,,Судебный участок № 61 Суровикинского судебного района Волгоградской области,MS,Мировой суд,"404462, Волгоградская обл, рп Чернышковский, ул Техническая, д 2",https://150.vol.msudrf.ru/,150.vol.msudrf.ru,нет,34MS0150
Республика Дагестан,,,Судебный участок № 111 Ботлихского района,MS,Мировой суд,"368970, Республика Дагестан, Ботлихский район, с. Н. Ботлих",https://111.dag.msudrf.ru/,111.dag.msudrf.ru,нет,05MS0111
Республика Дагестан,Агвали,,Судебный участок № 90 Цумадинского района,MS,Мировой суд,"368900, Республика Дагестан, Цумадинский район, с. Агвали, ул. Правосудия, д. 1",https://90.dag.msudrf.ru/,90.dag.msudrf.ru,нет,05MS0090
Республика Дагестан,Акуша,,Судебный участок № 109 Акушинского района,MS,Мировой суд,"368280, Респ Дагестан, с Акуша, ул Алигаджи Акушинского",https://109.dag.msudrf.ru/,109.dag.msudrf.ru,нет,05MS0109
Республика Дагестан,Акуша,,Судебный участок № 39 Акушинского района,MS,Мировой суд,"368280, Респ Дагестан, с Акуша, ул Алигаджи Акушинского, д 34",https://39.dag.msudrf.ru/,39.dag.msudrf.ru,нет,05MS0039
Республика Дагестан,Акуша,,Судебный участок № 40 Акушинского района,MS,Мировой суд,"368280, Респ Дагестан, с Акуша, ул Алигаджи Акушинского, д 34",https://40.dag.msudrf.ru/,40.dag.msudrf.ru,нет,05MS0040
Республика Дагестан,Арани,,Судебный участок № 131 Хунзахского района,MS,Мировой суд,"368260, Респ Дагестан, Хунзахский р-н, с Арани",https://131.dag.msudrf.ru/,131.dag.msudrf.ru,нет,05MS0131
Республика Дагестан,Ахты,,Судебный участок № 110 Ахтынского района,MS,Мировой суд,"368730, Респ Дагестан, с Ахты, ул Арсена Байрамова, д 1",https://110.dag.msudrf.ru/,110.dag.msudrf.ru,нет,05MS0110
Республика Дагестан,Ахты,,Судебный участок № 42 Ахтынского района,MS,Мировой суд,"368730, Респ Дагестан, с Ахты, ул Перина Перинова, д 1",https://42.dag.msudrf.ru/,42.dag.msudrf.ru,нет,05MS0042
Республика Дагестан,Бабаюрт,,Судебный участок № 43 Бабаюртовского района,MS,Мировой суд,"368060, Респ Дагестан, с Бабаюрт, ул Дж.Алиева, д 24",https://43.dag.msudrf.ru/,43.dag.msudrf.ru,нет,05MS0043
Республика Дагестан,Бабаюрт,,Судебный участок № 44 Бабаюртовского района,MS,Мировой суд,"368060, Респ Дагестан, с Бабаюрт, ул Дж.Алиева, д 24",https://44.dag.msudrf.ru/,44.dag.msudrf.ru,нет,05MS0044
Республика Дагестан,Ботлих,,Судебный участок № 45 Ботлихского района,MS,Мировой суд,"368970, Респ Дагестан, с Ботлих, ул Заводская, зд 30",https://45.dag.msudrf.ru/,45.dag.msudrf.ru,нет,05MS0045
Республика Дагестан,Буйнакск,,Судебный участок № 100 г. Буйнакска,MS,Мировой суд,"368220, Респ Дагестан, г Буйнакск, ул Ленина, д 23",https://100.dag.msudrf.ru/,100.dag.msudrf.ru,нет,05MS0100
Республика Дагестан,Буйнакск,,Судебный участок № 112 Буйнакского района,MS,Мировой суд,"368220, Респ Дагестан, г Буйнакск, ул Ленина, д 23",https://112.dag.msudrf.ru/,112.dag.msudrf.ru,нет,05MS0112
Республика Дагестан,Буйнакск,,Судебный участок № 19 г. Буйнакска,MS,Мировой суд,"368220, Респ Дагестан, г Буйнакск, ул Ш.Шамхалова, д 1",https://19.dag.msudrf.ru/,19.dag.msudrf.ru,нет,05MS0019
Республика Дагестан,Буйнакск,,Судебный участок № 20 г. Буйнакска,MS,Мировой суд,"368220, Респ Дагестан, г Буйнакск, ул Ш.Шамхалова, д 1",https://20.dag.msudrf.ru/,20.dag.msudrf.ru,нет,05MS0020
Республика Дагестан,Буйнакск,,Судебный участок № 46 Буйнакского района,MS,Мировой суд,"368220, Республика Дагестан, Буйнакский район, г. Буйнакск, ул. Шамхалова, д. 1",https://46.dag.msudrf.ru/,46.dag.msudrf.ru,нет,05MS0046
Республика Дагестан,Буйнакск,,Судебный участок № 47 Буйнакского района,MS,Мировой суд,"368220, Республика Дагестан, Буйнакский район, г. Буйнакск, ул. Шамхалова, д. 1",https://47.dag.msudrf.ru/,47.dag.msudrf.ru,нет,05MS0047
Республика Дагестан,Вачи,,Судебный участок № 66 Кулинского района,MS,Мировой суд,"368390, Респ Дагестан, с Вачи, ул Гаруна Саидова, зд 81",https://66.dag.msudrf.ru/,66.dag.msudrf.ru,нет,05MS0066
Республика Дагестан,Гергебиль,,Судебный участок № 48 Гергебильского района,MS,Мировой суд,"368250, Респ Дагестан, с Гергебиль, ул Абулмуслимова Абулмуслима, д 13",https://48.dag.msudrf.ru/,48.dag.msudrf.ru,нет,05MS0048
Республика Дагестан,Гуниб,,Судебный участок № 50 Гунибского района,MS,Мировой суд,"368340, Респ Дагестан, с Гуниб, ул Имени Имама Шамиля, д 105А",https://50.dag.msudrf.ru/,50.dag.msudrf.ru,нет,05MS0050
Республика Дагестан,Дагестанские Огни,,Судебный участок № 21 г. Дагестанские Огни,MS,Мировой суд,"368670, Респ Дагестан, г Дагестанские Огни, ул Владимира Ильича Ленина, д 4",https://21.dag.msudrf.ru/,21.dag.msudrf.ru,нет,05MS0021
Республика Дагестан,Дербент,,Судебный участок № 101 г. Дербента,MS,Мировой суд,"368600, Респ Дагестан, г Дербент, ул Гейдара Алиева, д 15",https://101.dag.msudrf.ru/,101.dag.msudrf.ru,нет,05MS0101
Республика Дагестан,Дербент,,Судебный участок № 102 г. Дербента,MS,Мировой суд,"368601, Респ Дагестан, г Дербент, ул С.Стальского, д 24",https://102.dag.msudrf.ru/,102.dag.msudrf.ru,нет,05MS0102
Республика Дагестан,Дербент,,Судебный участок № 114 Дербентского района,MS,Мировой суд,"368600, Респ Дагестан, г Дербент, ул Виноградная, д 1",https://114.dag.msudrf.ru/,114.dag.msudrf.ru,нет,05MS0114
Республика Дагестан,Дербент,,Судебный участок № 115 Дербентского района,MS,Мировой суд,"368600, Респ Дагестан, г Дербент, ул Виноградная, д 1",https://115.dag.msudrf.ru/,115.dag.msudrf.ru,нет,05MS0115
Республика Дагестан,Дербент,,Судебный участок № 22 г. Дербента,MS,Мировой суд,"368600, Респ Дагестан, г Дербент, ул Виноградная, д 1",https://22.dag.msudrf.ru/,22.dag.msudrf.ru,нет,05MS0022
Республика Дагестан,Дербент,,Судебный участок № 23 г. Дербента,MS,Мировой суд,"368600, Респ Дагестан, г Дербент, ул Виноградная, д 1",https://23.dag.msudrf.ru/,23.dag.msudrf.ru,нет,05MS0023
Республика Дагестан,Дербент,,Судебный участок № 24 г. Дербента,MS,Мировой суд,"368601, Респ Дагестан, г Дербент, ул С.Стальского, д 24",https://24.dag.msudrf.ru/,24.dag.msudrf.ru,нет,05MS0024
Республика Дагестан,Дербент,,Судебный участок № 52 Дербентского района,MS,Мировой суд,"368600, Респ Дагестан, г Дербент, ул Виноградная, д 1",https://52.dag.msudrf.ru/,52.dag.msudrf.ru,нет,05MS0052
Республика Дагестан,Дербент,,Судебный участок № 53 Дербентского района,MS,Мировой суд,"368600, Респ Дагестан, г Дербент, ул Виноградная, д 1",https://53.dag.msudrf.ru/,53.dag.msudrf.ru,нет,05MS0053
Республика Дагестан,Дербент,,Судебный участок № 54 Дербентского района,MS,Мировой суд,"368600, Респ Дагестан, г Дербент, ул Виноградная, д 1",https://54.dag.msudrf.ru/,54.dag.msudrf.ru,нет,05MS0054
Республика Дагестан,Дылым,,Судебный участок № 116 Казбековского района,MS,Мировой суд,"368140, Респ Дагестан, с Дылым, ул Гамзатхана Гереева, д 11",https://116.dag.msudrf.ru/,116.dag.msudrf.ru,нет,05MS0116
Республика Дагестан,Дылым,,Судебный участок № 56 Казбековского района,MS,Мировой суд,"368140, Респ Дагестан, с Дылым, ул Гамзатхана Гереева, д 11",https://56.dag.msudrf.ru/,56.dag.msudrf.ru,нет,05MS0056
Республика Дагестан,Избербаш,,Судебный участок № 25 г. Избербаша,MS,Мировой суд,"368501, Респ Дагестан, г Избербаш, ул Чапаева, зд 15",https://25.dag.msudrf.ru/,25.dag.msudrf.ru,нет,05MS0025
Республика Дагестан,Избербаш,,Судебный участок № 26 г. Избербаша,MS,Мировой суд,"368501, Респ Дагестан, г Избербаш, ул Чапаева, зд 15",https://26.dag.msudrf.ru/,26.dag.msudrf.ru,нет,05MS0026
Республика Дагестан,Карабудахкент,,Судебный участок № 117 Карабудахкентского района,MS,Мировой суд,"368530, Респ Дагестан, с Карабудахкент",https://117.dag.msudrf.ru/,117.dag.msudrf.ru,нет,05MS0117
Республика Дагестан,Карабудахкент,,Судебный участок № 58 Карабудахкентского района,MS,Мировой суд,"368530, Респ Дагестан, с Карабудахкент, ул Гамзатова, д 22",https://58.dag.msudrf.ru/,58.dag.msudrf.ru,нет,05MS0058
Республика Дагестан,Карабудахкент,,Судебный участок № 59 Карабудахкентского района,MS,Мировой суд,"368530, Респ Дагестан, с Карабудахкент",https://59.dag.msudrf.ru/,59.dag.msudrf.ru,нет,05MS0059
Республика Дагестан,Карата,,Судебный участок № 41 Ахвахского района,MS,Мировой суд,"368990, Респ Дагестан, с Карата, ул Бокохинская, д 7",https://41.dag.msudrf.ru/,41.dag.msudrf.ru,нет,05MS0041
Республика Дагестан,Каспийск,,Судебный участок № 103 г. Каспийска,MS,Мировой суд,"368300, Респ Дагестан, г Каспийск, ул Гамзата Цадасы, д 43А",https://103.dag.msudrf.ru/,103.dag.msudrf.ru,нет,05MS0103
Республика Дагестан,Каспийск,,Судебный участок № 104 г. Каспийска,MS,Мировой суд,"368300, Респ Дагестан, г Каспийск, ул Гамзата Цадасы, д 43А",https://104.dag.msudrf.ru/,104.dag.msudrf.ru,нет,05MS0104
Республика Дагестан,Каспийск,,Судебный участок № 27 г. Каспийска,MS,Мировой суд,"368305, Респ Дагестан, г Каспийск, ул Советская, д 17",https://27.dag.msudrf.ru/,27.dag.msudrf.ru,нет,05MS0027
Республика Дагестан,Каспийск,,Судебный участок № 28 г. Каспийска,MS,Мировой суд,"368305, Респ Дагестан, г Каспийск, ул Советская, д 17",https://28.dag.msudrf.ru/,28.dag.msudrf.ru,нет,05MS0028
Республика Дагестан,Каспийск,,Судебный участок № 29 г. Каспийска,MS,Мировой суд,"368305, Респ Дагестан, г Каспийск, ул Советская, д 17",https://29.dag.msudrf.ru/,29.dag.msudrf.ru,нет,05MS0029
Республика Дагестан,Касумкент,,Судебный участок № 124 Сулейман-Стальского района,MS,Мировой суд,"368760, Респ Дагестан, с Касумкент, ул Мусаиба Стальского",https://124.dag.msudrf.ru/,124.dag.msudrf.ru,нет,05MS0124
Республика Дагестан,Касумкент,,Судебный участок № 78 Сулейман-Стальского района,MS,Мировой суд,"368760, Респ Дагестан, с Касумкент, ул Мусаиба Стальского, зд 5",https://78.dag.msudrf.ru/,78.dag.msudrf.ru,нет,05MS0078
Республика Дагестан,Касумкент,,Судебный участок № 79 Сулейман-Стальского района,MS,Мировой суд,"368760, Респ Дагестан, с Касумкент, ул Мусаиба Стальского, зд 5",https://79.dag.msudrf.ru/,79.dag.msudrf.ru,нет,05MS0079
Республика Дагестан,Кидеро,,Судебный участок № 91 Цунтинского района,MS,Мировой суд,"368412, Респ Дагестан, Цунтинский р-н, с Кидеро",https://91.dag.msudrf.ru/,91.dag.msudrf.ru,нет,05MS0091
Республика Дагестан,Кизилюрт,,Судебный участок № 119 Кизилюртовского района,MS,Мировой суд,"368100, Республика Дагестан, Кизилюртовский район, г. Кизилюрт, проспект Шамиля, д. 4-а",https://119.dag.msudrf.ru/,119.dag.msudrf.ru,нет,05MS0119
Республика Дагестан,Кизилюрт,,Судебный участок № 30 г. Кизилюрта,MS,Мировой суд,"368121, Респ Дагестан, г Кизилюрт, пр-кт Им Шамиля, д 4А",https://30.dag.msudrf.ru/,30.dag.msudrf.ru,нет,05MS0030
Республика Дагестан,Кизилюрт,,Судебный участок № 31 г. Кизилюрта,MS,Мировой суд,"368121, Респ Дагестан, г Кизилюрт, пр-кт Им Шамиля, д 4А",https://31.dag.msudrf.ru/,31.dag.msudrf.ru,нет,05MS0031
Республика Дагестан,Кизилюрт,,Судебный участок № 62 Кизилюртовского района,MS,Мировой суд,"368100, Республика Дагестан, Кизилюртовский район, г. Кизилюрт, про-т. , Шамиля, д. 4-а",https://62.dag.msudrf.ru/,62.dag.msudrf.ru,нет,05MS0062
Республика Дагестан,Кизилюрт,,Судебный участок № 63 Кизилюртовского района,MS,Мировой суд,"368100, Республика Дагестан, Кизилюртовский район, г. Кизилюрт, про-т. , Шамиля, д. 4-а",https://63.dag.msudrf.ru/,63.dag.msudrf.ru,нет,05MS0063
Республика Дагестан,Кизляр,,Судебный участок № 105 г. Кизляра,MS,Мировой суд,"368830, Респ Дагестан, г Кизляр, ул Первомайская, д 13",https://105.dag.msudrf.ru/,105.dag.msudrf.ru,нет,05MS0105
Республика Дагестан,Кизляр,,Судебный участок № 120 Кизлярского района,MS,Мировой суд,"368830, Республика Дагестан, Кизлярский район, г. Кизляр, ул. Первомайская, д. 13",https://120.dag.msudrf.ru/,120.dag.msudrf.ru,нет,05MS0120
Республика Дагестан,Кизляр,,Судебный участок № 32 г. Кизляра,MS,Мировой суд,"368830, Респ Дагестан, г Кизляр, ул Первомайская, д 13",https://32.dag.msudrf.ru/,32.dag.msudrf.ru,нет,05MS0032
Республика Дагестан,Кизляр,,Судебный участок № 33 г. Кизляра,MS,Мировой суд,"368830, Респ Дагестан, г Кизляр, ул Первомайская, д 13",https://33.dag.msudrf.ru/,33.dag.msudrf.ru,нет,05MS0033
Республика Дагестан,Кизляр,,Судебный участок № 64 Кизлярского района,MS,Мировой суд,"368830, Респ Дагестан, г Кизляр, ул Первомайская, д 13",https://64.dag.msudrf.ru/,64.dag.msudrf.ru,нет,05MS0064
Республика Дагестан,Кизляр,,Судебный участок № 65 Кизлярского района,MS,Мировой суд,"368830, Респ Дагестан, г Кизляр, ул Первомайская, д 13",https://65.dag.msudrf.ru/,65.dag.msudrf.ru,нет,05MS0065
Республика Дагестан,Коркмаскала,,Судебный участок № 67 Кумторкалинского района,MS,Мировой суд,"368080, Респ Дагестан, с Коркмаскала, ул Сталина, д 51",https://67.dag.msudrf.ru/,67.dag.msudrf.ru,нет,05MS0067
Республика Дагестан,Кумух,,Судебный участок № 69 Лакского района,MS,Мировой суд,"368360, Респ Дагестан, с Кумух",https://69.dag.msudrf.ru/,69.dag.msudrf.ru,нет,05MS0069
Республика Дагестан,Курах,,Судебный участок № 68 Курахского района,MS,Мировой суд,"368180, Респ Дагестан, с Курах",https://68.dag.msudrf.ru/,68.dag.msudrf.ru,нет,05MS0068
Республика Дагестан,Леваши,,Судебный участок № 121 Левашинского района,MS,Мировой суд,"368320, Респ Дагестан, с Леваши",https://121.dag.msudrf.ru/,121.dag.msudrf.ru,нет,05MS0121
Республика Дагестан,Леваши,,Судебный участок № 70 Левашинского района,MS,Мировой суд,"368320, Респ Дагестан, с Леваши",https://70.dag.msudrf.ru/,70.dag.msudrf.ru,нет,05MS0070
Республика Дагестан,Леваши,,Судебный участок № 71 Левашинского района,MS,Мировой суд,"368320, Респ Дагестан, с Леваши",https://71.dag.msudrf.ru/,71.dag.msudrf.ru,нет,05MS0071
Республика Дагестан,Магарамкент,,Судебный участок № 122 Магарамкентского района,MS,Мировой суд,"368780, Респ Дагестан, с Магарамкент, ул Абдурашида Исмаилова, д 1",https://122.dag.msudrf.ru/,122.dag.msudrf.ru,нет,05MS0122
Республика Дагестан,Магарамкент,,Судебный участок № 72 Магарамкентского района,MS,Мировой суд,"368780, Республика Дагестан, Магарамкентский район, с. Магарамкент, ул. А. Р. Исмаилова, д. 1, этаж 3",https://72.dag.msudrf.ru/,72.dag.msudrf.ru,нет,05MS0072
Республика Дагестан,Магарамкент,,Судебный участок № 73 Магарамкентского района,MS,Мировой суд,"368780, Республика Дагестан, Магарамкентский район, с. Магарамкент, ул. Аскара, д. 1 этаж 3",https://73.dag.msudrf.ru/,73.dag.msudrf.ru,нет,05MS0073
Республика Дагестан,Маджалис,,Судебный участок № 57 Кайтагского района,MS,Мировой суд,"368590, Респ Дагестан, с Маджалис, ул Алисултанова, зд 29",https://57.dag.msudrf.ru/,57.dag.msudrf.ru,нет,05MS0057
Республика Дагестан,Махачкала,,Судебный участок № 1 Кировского района г. Махачкалы,MS,Мировой суд,"367009, г Махачкала, ул Керимова, д 7/6",https://1.dag.msudrf.ru/,1.dag.msudrf.ru,нет,05MS0001
Республика Дагестан,Махачкала,,Судебный участок № 10 Ленинского района г. Махачкалы,MS,Мировой суд,"367913, г Махачкала, ул Ирчи Казака, д 2А",https://10.dag.msudrf.ru/,10.dag.msudrf.ru,нет,05MS0010
Республика Дагестан,Махачкала,,Судебный участок № 11 Ленинского района г. Махачкалы,MS,Мировой суд,"367913, г Махачкала, ул Ирчи Казака, д 2А",https://11.dag.msudrf.ru/,11.dag.msudrf.ru,нет,05MS0011
Республика Дагестан,Махачкала,,Судебный участок № 12 Ленинского района г. Махачкалы,MS,Мировой суд,"367913, г Махачкала, ул Ирчи Казака, д 2А",https://12.dag.msudrf.ru/,12.dag.msudrf.ru,нет,05MS0012
Республика Дагестан,Махачкала,,Судебный участок № 13 Советского района г. Махачкалы,MS,Мировой суд,"367913, г Махачкала, ул Ирчи Казака, д 2А",https://13.dag.msudrf.ru/,13.dag.msudrf.ru,нет,05MS0013
Республика Дагестан,Махачкала,,Судебный участок № 14 Советского района г. Махачкалы,MS,Мировой суд,"367913, г Махачкала, ул Ирчи Казака, д 2А",https://14.dag.msudrf.ru/,14.dag.msudrf.ru,нет,05MS0014
Республика Дагестан,Махачкала,,Судебный участок № 15 Советского района г. Махачкалы,MS,Мировой суд,"367913, г Махачкала, ул Ирчи Казака, д 2А",https://15.dag.msudrf.ru/,15.dag.msudrf.ru,нет,05MS0015
Республика Дагестан,Махачкала,,Судебный участок № 16 Советского района г. Махачкалы,MS,Мировой суд,"367913, г Махачкала, ул Ирчи Казака, д 2А",https://16.dag.msudrf.ru/,16.dag.msudrf.ru,нет,05MS0016
Республика Дагестан,Махачкала,,Судебный участок № 17 Советского района г. Махачкалы,MS,Мировой суд,"367913, г Махачкала, ул Ирчи Казака, д 2А",https://17.dag.msudrf.ru/,17.dag.msudrf.ru,нет,05MS0017
Республика Дагестан,Махачкала,,Судебный участок № 18 Советского района г. Махачкалы,MS,Мировой суд,"367913, г Махачкала, ул Ирчи Казака, д 2А",https://18.dag.msudrf.ru/,18.dag.msudrf.ru,нет,05MS0018
Республика Дагестан,Махачкала,,Судебный участок № 2 Кировского района г. Махачкалы,MS,Мировой суд,"367009, г Махачкала, ул Керимова, д 7/6",https://2.dag.msudrf.ru/,2.dag.msudrf.ru,нет,05MS0002
Республика Дагестан,Махачкала,,Судебный участок № 3 Кировского района г. Махачкалы,MS,Мировой суд,"367009, г Махачкала, ул Керимова, д 7/6",https://3.dag.msudrf.ru/,3.dag.msudrf.ru,нет,05MS0003
Республика Дагестан,Махачкала,,Судебный участок № 4 Кировского района г. Махачкалы,MS,Мировой суд,"367009, г Махачкала, ул Керимова, д 7/6",https://4.dag.msudrf.ru/,4.dag.msudrf.ru,нет,05MS0004
Республика Дагестан,Махачкала,,Судебный участок № 5 Кировского района г. Махачкалы,MS,Мировой суд,"367009, г Махачкала, ул Керимова, д 7/6",https://5.dag.msudrf.ru/,5.dag.msudrf.ru,нет,05MS0005
Республика Дагестан,Махачкала,,Судебный участок № 6 Кировского района г. Махачкалы,MS,Мировой суд,"367009, г Махачкала, ул Керимова, д 7/6",https://6.dag.msudrf.ru/,6.dag.msudrf.ru,нет,05MS0006
Республика Дагестан,Махачкала,,Судебный участок № 7 Ленинского района г. Махачкалы,MS,Мировой суд,"367913, г Махачкала, ул Ирчи Казака, д 2А",https://7.dag.msudrf.ru/,7.dag.msudrf.ru,нет,05MS0007
Республика Дагестан,Махачкала,,Судебный участок № 8 Ленинского района г. Махачкалы,MS,Мировой суд,"367913, г Махачкала, ул Ирчи Казака, д 2А",https://8.dag.msudrf.ru/,8.dag.msudrf.ru,нет,05MS0008
Республика Дагестан,Махачкала,,Судебный участок № 9 Ленинского района г. Махачкалы,MS,Мировой суд,"367913, г Махачкала, ул Ирчи Казака, д 2А",https://9.dag.msudrf.ru/,9.dag.msudrf.ru,нет,05MS0009
Республика Дагестан,Махачкала,,Судебный участок № 94 Кировского района г. Махачкалы,MS,Мировой суд,"367009, г Махачкала, ул Керимова, д 7/6",https://94.dag.msudrf.ru/,94.dag.msudrf.ru,нет,05MS0094
Республика Дагестан,Махачкала,,Судебный участок № 95 Кировского района г. Махачкалы,MS,Мировой суд,"367009, г Махачкала, ул Керимова, д 7/6",https://95.dag.msudrf.ru/,95.dag.msudrf.ru,нет,05MS0095
Республика Дагестан,Махачкала,,Судебный участок № 96 Ленинского района г. Махачкалы,MS,Мировой суд,"367913, г Махачкала, ул Ирчи Казака, д 2А",https://96.dag.msudrf.ru/,96.dag.msudrf.ru,нет,05MS0096
Республика Дагестан,Махачкала,,Судебный участок № 97 Ленинского района г. Махачкалы,MS,Мировой суд,"367913, г Махачкала, ул Ирчи Казака, д 2А",https://97.dag.msudrf.ru/,97.dag.msudrf.ru,нет,05MS0097
Республика Дагестан,Махачкала,,Судебный участок № 98 Советского района г. Махачкалы,MS,Мировой суд,"367913, г Махачкала, ул Ирчи Казака, д 2А",https://98.dag.msudrf.ru/,98.dag.msudrf.ru,нет,05MS0098
Республика Дагестан,Махачкала,,Судебный участок № 99 Советского района г. Махачкалы,MS,Мировой суд,"367913, г Махачкала, ул Ирчи Казака, д 2А",https://99.dag.msudrf.ru/,99.dag.msudrf.ru,нет,05MS0099
Республика Дагестан,Мехельта,,Судебный участок № 49 Гумбетовского района,MS,Мировой суд,"368930, Респ Дагестан, с Мехельта",https://49.dag.msudrf.ru/,49.dag.msudrf.ru,нет,05MS0049
Республика Дагестан,Новокаякент,,Судебный участок № 118 Каякентского района,MS,Мировой суд,"368560, Респ Дагестан, с Новокаякент, ул Буйнакского, зд 1А",https://118.dag.msudrf.ru/,118.dag.msudrf.ru,нет,05MS0118
Республика Дагестан,Новокаякент,,Судебный участок № 60 Каякентского района,MS,Мировой суд,"368560, Респ Дагестан, с Новокаякент, ул Буйнакского, зд 1А",https://60.dag.msudrf.ru/,60.dag.msudrf.ru,нет,05MS0060
Республика Дагестан,Новокаякент,,Судебный участок № 61 Каякентского района,MS,Мировой суд,"368560, Респ Дагестан, с Новокаякент, ул Буйнакского, зд 1А",https://61.dag.msudrf.ru/,61.dag.msudrf.ru,нет,05MS0061
Республика Дагестан,Новолакское,,Судебный участок № 74 Новолакского района,MS,Мировой суд,"368160, Респ Дагестан, с Новолакское, ул Мирзоева Ю., д 36",https://74.dag.msudrf.ru/,74.dag.msudrf.ru,нет,05MS0074
Республика Дагестан,Рутул,,Судебный участок № 76 Рутульского района,MS,Мировой суд,"368700, Респ Дагестан, с Рутул",https://76.dag.msudrf.ru/,76.dag.msudrf.ru,нет,05MS0076
Республика Дагестан,Сергокала,,Судебный участок № 123 Сергокалинского района,MS,Мировой суд,"368510, Респ Дагестан, с Сергокала, ул 317 Стрелковой Дивизии, д 31А",https://123.dag.msudrf.ru/,123.dag.msudrf.ru,нет,05MS0123
Республика Дагестан,Сергокала,,Судебный участок № 77 Сергокалинского района,MS,Мировой суд,"368510, Респ Дагестан, с Сергокала, ул 317 Стрелковой Дивизии, д 31А",https://77.dag.msudrf.ru/,77.dag.msudrf.ru,нет,05MS0077
Республика Дагестан,Тарумовка,,Судебный участок № 126 Тарумовского района,MS,Мировой суд,"368870, Респ Дагестан, с Тарумовка, ул Шамиля Магомедова, д 40 к 1",https://126.dag.msudrf.ru/,126.dag.msudrf.ru,нет,05MS0126
Республика Дагестан,Тарумовка,,Судебный участок № 82 Тарумовского района,MS,Мировой суд,"368870 Республика Дагестан, с. Тарумовка, ул. Ш.М. Магомедова, lд. 40/1",https://82.dag.msudrf.ru/,82.dag.msudrf.ru,нет,05MS0082
Республика Дагестан,Терекли-Мектеб,,Судебный участок № 75 Ногайского района,MS,Мировой суд,"368850, Респ Дагестан, с Терекли-Мектеб, ул К.Маркса, д 17",https://75.dag.msudrf.ru/,75.dag.msudrf.ru,нет,05MS0075
Республика Дагестан,Тлярата,,Судебный участок № 83 Тляратинского района,MS,Мировой суд,"368420, Респ Дагестан, с Тлярата",https://83.dag.msudrf.ru/,83.dag.msudrf.ru,нет,05MS0083
Республика Дагестан,Тпиг,,Судебный участок № 38 Агульского района,MS,Мировой суд,"368380, Респ Дагестан, с Тпиг",https://38.dag.msudrf.ru/,38.dag.msudrf.ru,нет,05MS0038
Республика Дагестан,Унцукуль,,Судебный участок № 127 Унцукульского района,MS,Мировой суд,"368940, Респ Дагестан, с Унцукуль",https://127.dag.msudrf.ru/,127.dag.msudrf.ru,нет,05MS0127
Республика Дагестан,Уркарах,,Судебный участок № 113 Дахадаевского района,MS,Мировой суд,"368570, Респ Дагестан, с Уркарах",https://113.dag.msudrf.ru/,113.dag.msudrf.ru,нет,05MS0113
Республика Дагестан,Уркарах,,Судебный участок № 51 Дахадаевского района,MS,Мировой суд,"368570, Респ Дагестан, с Уркарах",https://51.dag.msudrf.ru/,51.dag.msudrf.ru,нет,05MS0051
Республика Дагестан,Усух-Чай,,Судебный участок № 55 Докузпаринского района,MS,Мировой суд,"368750, Республика Дагестан, Докузпаринский район, с. Усух-Чай",https://55.dag.msudrf.ru/,55.dag.msudrf.ru,нет,05MS0055
Республика Дагестан,Хасавюрт,,Судебный участок № 106 г. Хасавюрта,MS,Мировой суд,"368002, Респ Дагестан, г Хасавюрт, ул Экскаваторная, д 2А",https://106.dag.msudrf.ru/,106.dag.msudrf.ru,нет,05MS0106
Республика Дагестан,Хасавюрт,,Судебный участок № 107 г. Хасавюрта,MS,Мировой суд,"368002, Респ Дагестан, г Хасавюрт, ул Экскаваторная, д 2А",https://107.dag.msudrf.ru/,107.dag.msudrf.ru,нет,05MS0107
Республика Дагестан,Хасавюрт,,Судебный участок № 108 г. Хасавюрта,MS,Мировой суд,"368002, Респ Дагестан, г Хасавюрт, ул Экскаваторная, д 2А",https://108.dag.msudrf.ru/,108.dag.msudrf.ru,нет,05MS0108
Республика Дагестан,Хасавюрт,,Судебный участок № 128 Хасавюртовского района,MS,Мировой суд,"368000, Республика Дагестан, Хасавюртовский район, г. Хасавюрт, ул. Экскаваторная, д. 2а",https://128.dag.msudrf.ru/,128.dag.msudrf.ru,нет,05MS0128
Республика Дагестан,Хасавюрт,,Судебный участок № 129 Хасавюртовского района,MS,Мировой суд,"368000, Республика Дагестан, Хасавюртовский район, г. Хасавюрт, ул. Экскаваторная, д. 2а",https://129.dag.msudrf.ru/,129.dag.msudrf.ru,нет,05MS0129
Республика Дагестан,Хасавюрт,,Судебный участок № 130 Хасавюртовского района,MS,Мировой суд,"368000, Республика Дагестан, Хасавюртовский район, г. Хасавюрт, ул. Экскаваторная, д. 2а",https://130.dag.msudrf.ru/,130.dag.msudrf.ru,нет,05MS0130
Республика Дагестан,Хасавюрт,,Судебный участок № 34 г. Хасавюрта,MS,Мировой суд,"368002, Респ Дагестан, г Хасавюрт, ул Экскаваторная, д 2А",https://34.dag.msudrf.ru/,34.dag.msudrf.ru,нет,05MS0034
Республика Дагестан,Хасавюрт,,Судебный участок № 35 г. Хасавюрта,MS,Мировой суд,"368002, Респ Дагестан, г Хасавюрт, ул Экскаваторная, д 2А",https://35.dag.msudrf.ru/,35.dag.msudrf.ru,нет,05MS0035
Республика Дагестан,Хасавюрт,,Судебный участок № 36 г. Хасавюрта,MS,Мировой суд,"368002, Респ Дагестан, г Хасавюрт, ул Экскаваторная, д 2А",https://36.dag.msudrf.ru/,36.dag.msudrf.ru,нет,05MS0036
Республика Дагестан,Хасавюрт,,Судебный участок № 85 Хасавюртовского района,MS,Мировой суд,"368000, Республика Дагестан, Хасавюртовский район, г. Хасавюрт, ул. Экскаваторная, д. 2а",https://85.dag.msudrf.ru/,85.dag.msudrf.ru,нет,05MS0085
Республика Дагестан,Хасавюрт,,Судебный участок № 86 Хасавюртовского района,MS,Мировой суд,"368002, Респ Дагестан, г Хасавюрт, ул Экскаваторная, д 2А",https://86.dag.msudrf.ru/,86.dag.msudrf.ru,нет,05MS0086
Республика Дагестан,Хасавюрт,,Судебный участок № 87 Хасавюртовского района,MS,Мировой суд,"368000, Республика Дагестан, Хасавюртовский район, г. Хасавюрт, ул. Экскаваторная, д. 2а",https://87.dag.msudrf.ru/,87.dag.msudrf.ru,нет,05MS0087
Республика Дагестан,Хебда,,Судебный участок № 93 Шамильского района,MS,Мировой суд,"368430, Респ Дагестан, с Хебда, ул Имама Шамиля, д 34",https://93.dag.msudrf.ru/,93.dag.msudrf.ru,нет,05MS0093
Республика Дагестан,Хив,,Судебный участок № 88 Хивского района,MS,Мировой суд,"368680, Респ Дагестан, с Хив",https://88.dag.msudrf.ru/,88.dag.msudrf.ru,нет,05MS0088
Республика Дагестан,Хунзах,,Судебный участок № 89 Хунзахского района,MS,Мировой суд,"368260, Респ Дагестан, с Хунзах",https://89.dag.msudrf.ru/,89.dag.msudrf.ru,нет,05MS0089
Республика Дагестан,Хучни,,Судебный участок № 125 Табасаранского района,MS,Мировой суд,"368650, Респ Дагестан, с Хучни, ул Набережная, д 50",https://125.dag.msudrf.ru/,125.dag.msudrf.ru,нет,05MS0125
Республика Дагестан,Хучни,,Судебный участок № 80 Табасаранского района,MS,Мировой суд,"368650, Респ Дагестан, с Хучни, ул Набережная, д 50",https://80.dag.msudrf.ru/,80.dag.msudrf.ru,нет,05MS0080
Республика Дагестан,Хучни,,Судебный участок № 81 Табасаранского района,MS,Мировой суд,"368650, Респ Дагестан, с Хучни, ул Набережная, д 50",https://81.dag.msudrf.ru/,81.dag.msudrf.ru,нет,05MS0081
Республика Дагестан,Цуриб,,Судебный участок № 92 Чародинского района,MS,Мировой суд,"368450, Респ Дагестан, с Цуриб, ул Имама Шамиля, д 2",https://92.dag.msudrf.ru/,92.dag.msudrf.ru,нет,05MS0092
Республика Дагестан,Шамилькала,,Судебный участок № 84 Унцукульского района,MS,Мировой суд,"368950, Респ Дагестан, Унцукульский р-н, пгт Шамилькала",https://84.dag.msudrf.ru/,84.dag.msudrf.ru,нет,05MS0084
Республика Дагестан,Южно-Сухокумск,,Судебный участок № 37 г. Южно-Сухокумска,MS,Мировой суд,"368890, Респ Дагестан, г Южно-Сухокумск, ул им. Гаджи Махачева, д 6",https://37.dag.msudrf.ru/,37.dag.msudrf.ru,нет,05MS0037
Белгородская область,Алексеевка,,Судебный участок № 1 мирового судьи Алексеевского района и г. Алексеевка Белгородской области,MS,Мировой суд,"309850, Белгородская обл, г Алексеевка, ул Победы, д 67",https://alex1.blg.msudrf.ru/,alex1.blg.msudrf.ru,нет,31MS0001
Белгородская область,Алексеевка,,Судебный участок № 2 мирового судьи Алексеевского района и г. Алексеевка Белгородской области,MS,Мировой суд,"309850, Белгородская обл, г Алексеевка, ул Победы, д 67",https://alex2.blg.msudrf.ru/,alex2.blg.msudrf.ru,нет,31MS0002
Белгородская область,Алексеевка,,Судебный участок № 3 мирового судьи Алексеевского района и г. Алексеевка Белгородской области,MS,Мировой суд,"309850, Белгородская обл, г Алексеевка, ул Победы, д 67",https://alex3.blg.msudrf.ru/,alex3.blg.msudrf.ru,нет,31MS0003
Белгородская область,Белгород,,Судебный участок № 1 мирового судьи Восточного округа г. Белгорода,MS,Мировой суд,"308023, г Белгород, ул Некрасова, д 27",https://vostok1.blg.msudrf.ru/,vostok1.blg.msudrf.ru,нет,31MS0019
Белгородская область,Белгород,,Судебный участок № 1 мирового судьи Западного округа г. Белгорода,MS,Мировой суд,"308002, г Белгород, ул Мичурина, д 62",https://zapad1.blg.msudrf.ru/,zapad1.blg.msudrf.ru,нет,31MS0035
Белгородская область,Белгород,,Судебный участок № 10 мирового судьи Западного округа г. Белгорода,MS,Мировой суд,"308002, г Белгород, ул Мичурина, д 62",https://zapad10.blg.msudrf.ru/,zapad10.blg.msudrf.ru,нет,31MS0082
Белгородская область,Белгород,,Судебный участок № 11 мирового судьи Западного округа г. Белгорода,MS,Мировой суд,"308002, г Белгород, ул Мичурина, д 62",https://zapad11.blg.msudrf.ru/,zapad11.blg.msudrf.ru,нет,31MS0083
Белгородская область,Белгород,,Судебный участок № 2 мирового судьи Восточного округа г. Белгорода,MS,Мировой суд,"308023, г Белгород, ул Некрасова, д 27",https://vostok2.blg.msudrf.ru/,vostok2.blg.msudrf.ru,нет,31MS0020
Белгородская область,Белгород,,Судебный участок № 2 мирового судьи Западного округа г. Белгорода,MS,Мировой суд,"308002, г Белгород, ул Мичурина, д 62",https://zapad2.blg.msudrf.ru/,zapad2.blg.msudrf.ru,нет,31MS0036
Белгородская область,Белгород,,Судебный участок № 3 мирового судьи Белгородского района Белгородской области,MS,Мировой суд,"308032, г Белгород, ул Степная, д 4",https://belgr3.blg.msudrf.ru/,belgr3.blg.msudrf.ru,нет,31MS0006
Белгородская область,Белгород,,Судебный участок № 3 мирового судьи Восточного округа г. Белгорода,MS,Мировой суд,"308023, г Белгород, ул Некрасова, д 27",https://vostok3.blg.msudrf.ru/,vostok3.blg.msudrf.ru,нет,31MS0021
Белгородская область,Белгород,,Судебный участок № 3 мирового судьи Западного округа г. Белгорода,MS,Мировой суд,"308002, г Белгород, ул Мичурина, д 62",https://zapad3.blg.msudrf.ru/,zapad3.blg.msudrf.ru,нет,31MS0037
Белгородская область,Белгород,,Судебный участок № 4 мирового судьи Белгородского района Белгородской области,MS,Мировой суд,"308032, г Белгород, ул Степная, д 4",https://belgr4.blg.msudrf.ru/,belgr4.blg.msudrf.ru,нет,31MS0007
Белгородская область,Белгород,,Судебный участок № 4 мирового судьи Восточного округа г. Белгорода,MS,Мировой суд,"308023, г Белгород, ул Некрасова, д 27",https://vostok4.blg.msudrf.ru/,vostok4.blg.msudrf.ru,нет,31MS0022
Белгородская область,Белгород,,Судебный участок № 4 мирового судьи Западного округа г. Белгорода,MS,Мировой суд,"308002, г Белгород, ул Мичурина, д 62",https://zapad4.blg.msudrf.ru/,zapad4.blg.msudrf.ru,нет,31MS0038
Белгородская область,Белгород,,Судебный участок № 5 мирового судьи Белгородского района Белгородской области,MS,Мировой суд,"308032, г Белгород, ул Степная, д 4",https://belgr5.blg.msudrf.ru/,belgr5.blg.msudrf.ru,нет,31MS0008
Белгородская область,Белгород,,Судебный участок № 5 мирового судьи Восточного округа г. Белгорода,MS,Мировой суд,"308023, г Белгород, ул Некрасова, д 27",https://vostok5.blg.msudrf.ru/,vostok5.blg.msudrf.ru,нет,31MS0023
Белгородская область,Белгород,,Судебный участок № 5 мирового судьи Западного округа г. Белгорода,MS,Мировой суд,"308002, г Белгород, ул Мичурина, д 62",https://zapad5.blg.msudrf.ru/,zapad5.blg.msudrf.ru,нет,31MS0039
Белгородская область,Белгород,,Судебный участок № 6 мирового судьи Восточного округа г. Белгорода,MS,Мировой суд,"308023, г Белгород, ул Некрасова, д 27",https://vostok6.blg.msudrf.ru/,vostok6.blg.msudrf.ru,нет,31MS0024
Белгородская область,Белгород,,Судебный участок № 6 мирового судьи Западного округа г. Белгорода,MS,Мировой суд,"308002, г Белгород, ул Мичурина, д 62",https://zapad6.blg.msudrf.ru/,zapad6.blg.msudrf.ru,нет,31MS0040
Белгородская область,Белгород,,Судебный участок № 7 мирового судьи Восточного округа г. Белгорода,MS,Мировой суд,"308023, г Белгород, ул Некрасова, д 27",https://vostok7.blg.msudrf.ru/,vostok7.blg.msudrf.ru,нет,31MS0025
Белгородская область,Белгород,,Судебный участок № 7 мирового судьи Западного округа г. Белгорода,MS,Мировой суд,"308002, г Белгород, ул Мичурина, д 62",https://zapad7.blg.msudrf.ru/,zapad7.blg.msudrf.ru,нет,31MS0041
Белгородская область,Белгород,,Судебный участок № 8 мирового судьи Восточного округа г. Белгорода,MS,Мировой суд,"308023, г Белгород, ул Некрасова, д 27",https://vostok8.blg.msudrf.ru/,vostok8.blg.msudrf.ru,нет,31MS0026
Белгородская область,Белгород,,Судебный участок № 8 мирового судьи Западного округа г. Белгорода,MS,Мировой суд,"308002, г Белгород, ул Мичурина, д 62",https://zapad8.blg.msudrf.ru/,zapad8.blg.msudrf.ru,нет,31MS0042
Белгородская область,Белгород,,Судебный участок № 9 мирового судьи Западного округа г. Белгорода,MS,Мировой суд,"308002, г Белгород, ул Мичурина, д 62",https://zapad9.blg.msudrf.ru/,zapad9.blg.msudrf.ru,нет,31MS0043
Белгородская область,Бирюч,,Судебный участок № 1 мирового судьи Красногвардейского района Белгородской области,MS,Мировой суд,"309920, Белгородская обл, г Бирюч, ул Высокая, д 18",https://krgvard1.blg.msudrf.ru/,krgvard1.blg.msudrf.ru,нет,31MS0049
Белгородская область,Бирюч,,Судебный участок № 2 мирового судьи Красногвардейского района Белгородской области,MS,Мировой суд,"309920, Белгородская обл, г Бирюч, ул Высокая, д 18",https://krgvard2.blg.msudrf.ru/,krgvard2.blg.msudrf.ru,нет,31MS0050
Белгородская область,Борисовка,,Судебный участок № 1 мирового судьи Борисовского района Белгородской области,MS,Мировой суд,"309340, Белгородская обл, п Борисовка, ул Луначарского, д 2",https://boris1.blg.msudrf.ru/,boris1.blg.msudrf.ru,нет,31MS0009
Белгородская область,Борисовка,,Судебный участок № 2 мирового судьи Борисовского района Белгородской области,MS,Мировой суд,"309340, Белгородская обл, п Борисовка, ул Луначарского, д 2",https://boris2.blg.msudrf.ru/,boris2.blg.msudrf.ru,нет,31MS0010
Белгородская область,Валуйки,,Судебный участок № 1 мирового судьи Валуйского района Белгородской области,MS,Мировой суд,"309996, Белгородская обл, г Валуйки, ул 50 лет ВЛКСМ, д 13А",https://valuiki1.blg.msudrf.ru/,valuiki1.blg.msudrf.ru,нет,31MS0011
Белгородская область,Валуйки,,Судебный участок № 2 мирового судьи Валуйского района Белгородской области,MS,Мировой суд,"309996, Белгородская обл, г Валуйки, ул 50 лет ВЛКСМ, д 13А",https://valuiki2.blg.msudrf.ru/,valuiki2.blg.msudrf.ru,нет,31MS0013
Белгородская область,Валуйки,,Судебный участок № 3 мирового судьи Валуйского района Белгородской области,MS,Мировой суд,"309996, Белгородская обл, г Валуйки, ул 50 лет ВЛКСМ, д 13А",https://valuiki3.blg.msudrf.ru/,valuiki3.blg.msudrf.ru,нет,31MS0014
Белгородская область,Вейделевка,,Судебный участок № 1 мирового судьи Вейделевского района Белгородской области,MS,Мировой суд,"309720, Белгородская обл, п Вейделевка, ул Центральная, д 45",https://veydelevka1.blg.msudrf.ru/,veydelevka1.blg.msudrf.ru,нет,31MS0015
Белгородская область,Волоконовка,,Судебный участок № 1 мирового судьи Волоконовского района Белгородской области,MS,Мировой суд,"309650, Белгородская обл, п Волоконовка, ул Курочкина, д 30",https://volokon1.blg.msudrf.ru/,volokon1.blg.msudrf.ru,нет,31MS0017
Белгородская область,Волоконовка,,Судебный участок № 2 мирового судьи Волоконовского района Белгородской области,MS,Мировой суд,"309650, Белгородская обл, п Волоконовка, ул Курочкина, д 30",https://volokon2.blg.msudrf.ru/,volokon2.blg.msudrf.ru,нет,31MS0018
Белгородская область,Грайворон,,Судебный участок № 1 мирового судьи Грайворонского района Белгородской области,MS,Мировой суд,"309370, Белгородская обл, г Грайворон, ул Мира, д 19",https://grayvoron1.blg.msudrf.ru/,grayvoron1.blg.msudrf.ru,нет,31MS0033
Белгородская область,Грайворон,,Судебный участок № 2 мирового судьи Грайворонского района Белгородской области,MS,Мировой суд,"309370, Белгородская обл, г Грайворон, ул Мира, д 19",https://grayvoron2.blg.msudrf.ru/,grayvoron2.blg.msudrf.ru,нет,31MS0034
Белгородская область,Губкин,,Судебный участок № 1 мирового судьи Губкинского района Белгородской области,MS,Мировой суд,"309181, Белгородская обл, г Губкин, ул Кирова, д 69",https://gubkinr1.blg.msudrf.ru/,gubkinr1.blg.msudrf.ru,нет,31MS0031
Белгородская область,Губкин,,Судебный участок № 1 мирового судьи г. Губкина Белгородской области,MS,Мировой суд,"309181, Белгородская обл, г Губкин, ул Кирова, д 69",https://gubkin1.blg.msudrf.ru/,gubkin1.blg.msudrf.ru,нет,31MS0027
Белгородская область,Губкин,,Судебный участок № 2 мирового судьи Губкинского района Белгородской области,MS,Мировой суд,"309181, Белгородская обл, г Губкин, ул Кирова, д 69",https://gubkinr2.blg.msudrf.ru/,gubkinr2.blg.msudrf.ru,нет,31MS0032
Белгородская область,Губкин,,Судебный участок № 2 мирового судьи г. Губкина Белгородской области,MS,Мировой суд,"309181, Белгородская обл, г Губкин, ул Кирова, д 69",https://gubkin2.blg.msudrf.ru/,gubkin2.blg.msudrf.ru,нет,31MS0028
Белгородская область,Губкин,,Судебный участок № 3 мирового судьи г. Губкина Белгородской области,MS,Мировой суд,"309181, Белгородская обл, г Губкин, ул Кирова, д 69",https://gubkin3.blg.msudrf.ru/,gubkin3.blg.msudrf.ru,нет,31MS0029
Белгородская область,Губкин,,Судебный участок № 4 мирового судьи г. Губкина Белгородской области,MS,Мировой суд,"309181, Белгородская обл, г Губкин, ул Кирова, д 69",https://gubkin4.blg.msudrf.ru/,gubkin4.blg.msudrf.ru,нет,31MS0030
Белгородская область,Ивня,,Судебный участок № 1 мирового судьи Ивнянского района Белгородской области,MS,Мировой суд,"309110, Белгородская обл, п Ивня, ул Ленина, зд 4А",https://yvnia1.blg.msudrf.ru/,yvnia1.blg.msudrf.ru,нет,31MS0045
Белгородская область,Короча,,Судебный участок № 1 мирового судьи Корочанского района Белгородской области,MS,Мировой суд,"309210, Белгородская обл, г Короча, ул Дорошенко, д 9",https://korocha1.blg.msudrf.ru/,korocha1.blg.msudrf.ru,нет,31MS0046
Белгородская область,Короча,,Судебный участок № 2 мирового судьи Корочанского района Белгородской области,MS,Мировой суд,"309210, Белгородская обл, г Короча, ул Дорошенко, д 9",https://korocha2.blg.msudrf.ru/,korocha2.blg.msudrf.ru,нет,31MS0047
Белгородская область,Красная Яруга,,Судебный участок № 1 мирового судьи Краснояружского района Белгородской области,MS,Мировой суд,"309420, Белгородская обл, п Красная Яруга, ул Центральная, д 73",https://kryar1.blg.msudrf.ru/,kryar1.blg.msudrf.ru,нет,31MS0051
Белгородская область,Красное,,Судебный участок № 1 мирового судьи Красненского района Белгородской области,MS,Мировой суд,"309870, Белгородская обл, с Красное, ул Подгорная, д 14",https://krasnoe1.blg.msudrf.ru/,krasnoe1.blg.msudrf.ru,нет,31MS0048
Белгородская область,Новый Оскол,,Судебный участок № 1 мирового судьи Новооскольского района Белгородской области,MS,Мировой суд,"309640, Белгородская обл, г Новый Оскол, ул Славы, д 65",https://noskol1.blg.msudrf.ru/,noskol1.blg.msudrf.ru,нет,31MS0052
Белгородская область,Новый Оскол,,Судебный участок № 2 мирового судьи Новооскольского района Белгородской области,MS,Мировой суд,"309640, Белгородская обл, г Новый Оскол, ул Славы, д 65",https://noskol2.blg.msudrf.ru/,noskol2.blg.msudrf.ru,нет,31MS0053
Белгородская область,Прохоровка,,Судебный участок № 1 мирового судьи Прохоровского района Белгородской области,MS,Мировой суд,"309000, Белгородская обл, пгт Прохоровка, ул Советская, зд 164А",https://prohor1.blg.msudrf.ru/,prohor1.blg.msudrf.ru,нет,31MS0054
Белгородская область,Прохоровка,,Судебный участок № 2 мирового судьи Прохоровского района Белгородской области,MS,Мировой суд,"309000, Белгородская обл, пгт Прохоровка, ул Советская, зд 164А",https://prohor2.blg.msudrf.ru/,prohor2.blg.msudrf.ru,нет,31MS0055
Белгородская область,Разумное,,Судебный участок № 1 мирового судьи Белгородского района Белгородской области,MS,Мировой суд,"308510, Белгородская обл, Белгородский р-н, пгт Разумное, ул Чехова, д 1",https://belgr1.blg.msudrf.ru/,belgr1.blg.msudrf.ru,нет,31MS0004
Белгородская область,Разумное,,Судебный участок № 2 мирового судьи Белгородского района Белгородской области,MS,Мировой суд,"308510, Белгородская обл, Белгородский р-н, пгт Разумное, ул Чехова, д 1",https://belgr2.blg.msudrf.ru/,belgr2.blg.msudrf.ru,нет,31MS0005
Белгородская область,Ракитное,,Судебный участок № 1 мирового судьи Ракитянского района Белгородской области,MS,Мировой суд,"309310, Белгородская обл, п Ракитное, ул Пролетарская, д 9",https://rakit1.blg.msudrf.ru/,rakit1.blg.msudrf.ru,нет,31MS0056
Белгородская область,Ракитное,,Судебный участок № 2 мирового судьи Ракитянского района Белгородской области,MS,Мировой суд,"309310, Белгородская обл, п Ракитное, ул Пролетарская, д 9",https://rakit2.blg.msudrf.ru/,rakit2.blg.msudrf.ru,нет,31MS0057
Белгородская область,Ровеньки,,Судебный участок № 1 мирового судьи Ровеньского района Белгородской области,MS,Мировой суд,"309740, Белгородская обл, п Ровеньки, ул Кирова, зд 10",https://rovenki1.blg.msudrf.ru/,rovenki1.blg.msudrf.ru,нет,31MS0058
Белгородская область,Старый Оскол,,Судебный участок № 1 мирового судьи Старооскольского района Белгородской области,MS,Мировой суд,"309514, Белгородская обл, г Старый Оскол, ул Ленина, д 8Б",https://stoskr1.blg.msudrf.ru/,stoskr1.blg.msudrf.ru,нет,31MS0069
Белгородская область,Старый Оскол,,Судебный участок № 1 мирового судьи г. Старый Оскол Белгородской области,MS,Мировой суд,"309510, Белгородская обл, г Старый Оскол, ул Пролетарская, д 23/52",https://stosk1.blg.msudrf.ru/,stosk1.blg.msudrf.ru,нет,31MS0059
Белгородская область,Старый Оскол,,Судебный участок № 10 мирового судьи г. Старый Оскол Белгородской области,MS,Мировой суд,"309510, Белгородская обл, г Старый Оскол, ул Пролетарская, д 23/52",https://stosk10.blg.msudrf.ru/,stosk10.blg.msudrf.ru,нет,31MS0068
Белгородская область,Старый Оскол,,Судебный участок № 11 мирового судьи г. Старый Оскол Белгородской области,MS,Мировой суд,"309510, Белгородская обл, г Старый Оскол, ул Пролетарская, д 23/52",https://stosk11.blg.msudrf.ru/,stosk11.blg.msudrf.ru,нет,31MS0081
Белгородская область,Старый Оскол,,Судебный участок № 2 мирового судьи Старооскольского района Белгородской области,MS,Мировой суд,"309514, Белгородская обл, г Старый Оскол, ул Ленина, д 8Б",https://stoskr2.blg.msudrf.ru/,stoskr2.blg.msudrf.ru,нет,31MS0070
Белгородская область,Старый Оскол,,Судебный участок № 2 мирового судьи г. Старый Оскол Белгородской области,MS,Мировой суд,"309510, Белгородская обл, г Старый Оскол, ул Пролетарская, д 23/52",https://stosk2.blg.msudrf.ru/,stosk2.blg.msudrf.ru,нет,31MS0060
Белгородская область,Старый Оскол,,Судебный участок № 3 мирового судьи г. Старый Оскол Белгородской области,MS,Мировой суд,"309510, Белгородская обл, г Старый Оскол, ул Пролетарская, д 23/52",https://stosk3.blg.msudrf.ru/,stosk3.blg.msudrf.ru,нет,31MS0061
Белгородская область,Старый Оскол,,Судебный участок № 4 мирового судьи г. Старый Оскол Белгородской области,MS,Мировой суд,"309510, Белгородская обл, г Старый Оскол, ул Пролетарская, д 23/52",https://stosk4.blg.msudrf.ru/,stosk4.blg.msudrf.ru,нет,31MS0062
Белгородская область,Старый Оскол,,Судебный участок № 5 мирового судьи г. Старый Оскол Белгородской области,MS,Мировой суд,"309510, Белгородская обл, г Старый Оскол, ул Пролетарская, д 23/52",https://stosk5.blg.msudrf.ru/,stosk5.blg.msudrf.ru,нет,31MS0063
Белгородская область,Старый Оскол,,Судебный участок № 6 мирового судьи г. Старый Оскол Белгородской области,MS,Мировой суд,"309510, Белгородская обл, г Старый Оскол, ул Пролетарская, д 23/52",https://stosk6.blg.msudrf.ru/,stosk6.blg.msudrf.ru,нет,31MS0064
Белгородская область,Старый Оскол,,Судебный участок № 7 мирового судьи г. Старый Оскол Белгородской области,MS,Мировой суд,"309510, Белгородская обл, г Старый Оскол, ул Пролетарская, д 23/52",https://stosk7.blg.msudrf.ru/,stosk7.blg.msudrf.ru,нет,31MS0065
Белгородская область,Старый Оскол,,Судебный участок № 8 мирового судьи г. Старый Оскол Белгородской области,MS,Мировой суд,"309510, Белгородская обл, г Старый Оскол, ул Пролетарская, д 23/52",https://stosk8.blg.msudrf.ru/,stosk8.blg.msudrf.ru,нет,31MS0066
Белгородская область,Старый Оскол,,Судебный участок № 9 мирового судьи г. Старый Оскол Белгородской области,MS,Мировой суд,"309510, Белгородская обл, г Старый Оскол, ул Пролетарская, д 23/52",https://stosk9.blg.msudrf.ru/,stosk9.blg.msudrf.ru,нет,31MS0067
Белгородская область,Строитель,,Судебный участок № 1 мирового судьи Яковлевского района Белгородской области,MS,Мировой суд,"309070, Белгородская обл, г Строитель, пер Октябрьский, д 1",https://yakovlevo1.blg.msudrf.ru/,yakovlevo1.blg.msudrf.ru,нет,31MS0078
Белгородская область,Строитель,,Судебный участок № 2 мирового судьи Яковлевского района Белгородской области,MS,Мировой суд,"309070, Белгородская обл, г Строитель, пер Октябрьский, д 1",https://yakovlevo2.blg.msudrf.ru/,yakovlevo2.blg.msudrf.ru,нет,31MS0079
Белгородская область,Строитель,,Судебный участок № 3 мирового судьи Яковлевского района Белгородской области,MS,Мировой суд,"309070, Белгородская обл, г Строитель, пер Октябрьский, д 1",https://yakovlevo3.blg.msudrf.ru/,yakovlevo3.blg.msudrf.ru,нет,31MS0080
Белгородская область,Чернянка,,Судебный участок № 1 мирового судьи Чернянского района Белгородской области,MS,Мировой суд,"309560, Белгородская обл, п Чернянка, ул Семашко, д 2",https://chernianka1.blg.msudrf.ru/,chernianka1.blg.msudrf.ru,нет,31MS0071
Белгородская область,Чернянка,,Судебный участок № 2 мирового судьи Чернянского района Белгородской области,MS,Мировой суд,"309560, Белгородская обл, п Чернянка, ул Семашко, д 2",https://chernianka2.blg.msudrf.ru/,chernianka2.blg.msudrf.ru,нет,31MS0072
Белгородская область,Шебекино,,Судебный участок № 1 мирового судьи Шебекинского района и г. Шебекино Белгородской области,MS,Мировой суд,"309296, Белгородская обл, г Шебекино, пер Московский, д 2",https://chebekino1.blg.msudrf.ru/,chebekino1.blg.msudrf.ru,нет,31MS0073
Белгородская область,Шебекино,,Судебный участок № 2 мирового судьи Шебекинского района и г. Шебекино Белгородской области,MS,Мировой суд,"309296, Белгородская обл, г Шебекино, пер Московский, д 2",https://chebekino2.blg.msudrf.ru/,chebekino2.blg.msudrf.ru,нет,31MS0074
Белгородская область,Шебекино,,Судебный участок № 3 мирового судьи Шебекинского района и г. Шебекино Белгородской области,MS,Мировой суд,"309296, Белгородская обл, г Шебекино, пер Московский, д 2",https://chebekino3.blg.msudrf.ru/,chebekino3.blg.msudrf.ru,нет,31MS0075
Белгородская область,Шебекино,,Судебный участок № 4 мирового судьи Шебекинского района и г. Шебекино Белгородской области,MS,Мировой суд,"309296, Белгородская обл, г Шебекино, пер Московский, д 2",https://chebekino4.blg.msudrf.ru/,chebekino4.blg.msudrf.ru,нет,31MS0076
Белгородская область,Шебекино,,Судебный участок № 5 мирового судьи Шебекинского района и г. Шебекино Белгородской области,MS,Мировой суд,"309296, Белгородская обл, г Шебекино, пер Московский, д 2",https://chebekino5.blg.msudrf.ru/,chebekino5.blg.msudrf.ru,нет,31MS0077
Тюменская область,Абатское,,Судебный участок № 1 Абатского судебного района,MS,Мировой суд,"627540, Тюменская обл, с Абатское, ул 1 Мая, зд 5",https://abatsk.tyum.msudrf.ru/,abatsk.tyum.msudrf.ru,нет,72MS0048
Тюменская область,Армизонское,,Судебный участок № 1 Армизонского судебного района,MS,Мировой суд,"627220, Тюменская обл, с Армизонское, ул Ленина, д 92",https://armizon.tyum.msudrf.ru/,armizon.tyum.msudrf.ru,нет,72MS0049
Тюменская область,Аромашево,,Судебный участок № 2 Голышмановского судебного района,MS,Мировой суд,"627350, Тюменская обл, с Аромашево, ул Ленина, д 170",https://aromash.tyum.msudrf.ru/,aromash.tyum.msudrf.ru,нет,72MS0050
Тюменская область,Бердюжье,,Судебный участок № 1 Бердюжского судебного района,MS,Мировой суд,"627440, Тюменская обл, с Бердюжье, ул Кирова, д 16/2",https://berd.tyum.msudrf.ru/,berd.tyum.msudrf.ru,нет,72MS0051
Тюменская область,Богандинский,,Судебный участок № 4 Тюменского судебного района,MS,Мировой суд,"625520, Тюменская обл, Тюменский р-н, рп Богандинский, ул Энергетиков, д 4А",https://rtyum4.tyum.msudrf.ru/,rtyum4.tyum.msudrf.ru,нет,72MS0047
Тюменская область,Большое Сорокино,,Судебный участок № 1 Сорокинского судебного района,MS,Мировой суд,"627500, Тюменская обл, с Большое Сорокино, ул Ленина, д 121",https://sorokino.tyum.msudrf.ru/,sorokino.tyum.msudrf.ru,нет,72MS0060
Тюменская область,Боровский,,Судебный участок № 1 Тюменского судебного района,MS,Мировой суд,"625504, Тюменская обл, Тюменский р-н, рп Боровский, ул Островского, д 32",https://rtyum1.tyum.msudrf.ru/,rtyum1.tyum.msudrf.ru,нет,72MS0044
Тюменская область,Вагай,,Судебный участок № 1 Вагайского судебного района,MS,Мировой суд,"626240, Тюменская обл, с Вагай, ул Семакова, зд 21",https://vagay.tyum.msudrf.ru/,vagay.tyum.msudrf.ru,нет,72MS0052
Тюменская область,Викулово,,Судебный участок № 1 Викуловского судебного района,MS,Мировой суд,"627570, Тюменская обл, с Викулово, ул Карла Маркса, зд 32",https://vikul.tyum.msudrf.ru/,vikul.tyum.msudrf.ru,нет,72MS0053
Тюменская область,Голышманово,,Судебный участок № 1 Голышмановского судебного района,MS,Мировой суд,"627303, Тюменская обл, рп Голышманово, ул Чапаева, д 49",https://golish.tyum.msudrf.ru/,golish.tyum.msudrf.ru,нет,72MS0054
Тюменская область,Заводоуковск,,Судебный участок № 1 Заводоуковского судебного района,MS,Мировой суд,"627144, Тюменская обл, г Заводоуковск, ул Васильковая, зд 6",https://rzavod1.tyum.msudrf.ru/,rzavod1.tyum.msudrf.ru,нет,72MS0042
Тюменская область,Заводоуковск,,Судебный участок № 2 Заводоуковского судебного района,MS,Мировой суд,"627144, Тюменская обл, г Заводоуковск, ул Васильковая, зд 6",https://rzavod2.tyum.msudrf.ru/,rzavod2.tyum.msudrf.ru,нет,72MS0043
Тюменская область,Исетское,,Судебный участок № 1 Исетского судебного района,MS,Мировой суд,"626380, Тюменская обл, с Исетское, ул Строителей, д 39В",https://isetsk.tyum.msudrf.ru/,isetsk.tyum.msudrf.ru,нет,72MS0055
Тюменская область,Ишим,,Судебный участок № 1 Ишимского судебного района Ишимского района,MS,Мировой суд,"627755, Тюменская обл, г Ишим, ул Республики, зд 1",https://ishimr1.tyum.msudrf.ru/,ishimr1.tyum.msudrf.ru,нет,72MS0031
Тюменская область,Ишим,,Судебный участок № 1 Ишимского судебного района г. Ишима,MS,Мировой суд,"627755, Тюменская обл, г Ишим, ул Республики, зд 1",https://ishimg1.tyum.msudrf.ru/,ishimg1.tyum.msudrf.ru,нет,72MS0028
Тюменская область,Ишим,,Судебный участок № 2 Ишимского судебного района Ишимского района,MS,Мировой суд,"627755, Тюменская обл, г Ишим, ул Республики, зд 1",https://ishimr2.tyum.msudrf.ru/,ishimr2.tyum.msudrf.ru,нет,72MS0032
Тюменская область,Ишим,,Судебный участок № 2 Ишимского судебного района г. Ишима,MS,Мировой суд,"627755, Тюменская обл, г Ишим, ул Республики, зд 1",https://ishimg2.tyum.msudrf.ru/,ishimg2.tyum.msudrf.ru,нет,72MS0029
Тюменская область,Ишим,,Судебный участок № 3 Ишимского судебного района г. Ишима,MS,Мировой суд,"627755, Тюменская обл, г Ишим, ул Республики, зд 1",https://ishimg3.tyum.msudrf.ru/,ishimg3.tyum.msudrf.ru,нет,72MS0030
Тюменская область,Казанское,,Судебный участок № 1 Казанского судебного района,MS,Мировой суд,"627420, Тюменская обл, с Казанское, ул Ленина, д 10",https://kazanka.tyum.msudrf.ru/,kazanka.tyum.msudrf.ru,нет,72MS0056
Тюменская область,Нижняя Тавда,,Судебный участок № 1 Нижнетавдинского судебного района,MS,Мировой суд,"626020, Тюменская обл, с Нижняя Тавда, ул Кирова, д 26",https://tavda.tyum.msudrf.ru/,tavda.tyum.msudrf.ru,нет,72MS0057
Тюменская область,Омутинское,,Судебный участок № 1 Омутинского судебного района,MS,Мировой суд,"627070, Тюменская обл, с Омутинское, ул Первомайская, зд 78",https://omutinka.tyum.msudrf.ru/,omutinka.tyum.msudrf.ru,нет,72MS0058
Тюменская область,Сладково,,Судебный участок № 1 Сладковского судебного района,MS,Мировой суд,"627610, Тюменская обл, с Сладково, ул Рабочая, зд 17",https://sladkovo.tyum.msudrf.ru/,sladkovo.tyum.msudrf.ru,нет,72MS0059
Тюменская область,Тобольск,,Судебный участок № 1 Тобольского судебного района Тобольского района,MS,Мировой суд,"626150, Тюменская обл, г Тобольск, мкр 6, д 120Б/1",https://rtob1.tyum.msudrf.ru/,rtob1.tyum.msudrf.ru,нет,72MS0038
Тюменская область,Тобольск,,Судебный участок № 1 Тобольского судебного района г. Тобольска,MS,Мировой суд,"626150, Тюменская обл, г Тобольск, ул Семена Ремезова, д 124",https://gtob1.tyum.msudrf.ru/,gtob1.tyum.msudrf.ru,нет,72MS0033
Тюменская область,Тобольск,,Судебный участок № 2 Тобольского судебного района г. Тобольска,MS,Мировой суд,"626150, Тюменская обл, г Тобольск, ул Мира, д 9",https://gtob2.tyum.msudrf.ru/,gtob2.tyum.msudrf.ru,нет,72MS0034
Тюменская область,Тобольск,,Судебный участок № 3 Тобольского судебного района г. Тобольска,MS,Мировой суд,"626150, Тюменская обл, г Тобольск, мкр 6, д 120Б/1",https://gtob3.tyum.msudrf.ru/,gtob3.tyum.msudrf.ru,нет,72MS0035
Тюменская область,Тобольск,,Судебный участок № 4 Тобольского судебного района г. Тобольска,MS,Мировой суд,"626150, Тюменская обл, г Тобольск, ул Мира, д 9",https://gtob4.tyum.msudrf.ru/,gtob4.tyum.msudrf.ru,нет,72MS0036
Тюменская область,Тобольск,,Судебный участок № 5 Тобольского судебного района г. Тобольска,MS,Мировой суд,"626150, Тюменская обл, г Тобольск, мкр 6, д 120Б/1",https://gtob5.tyum.msudrf.ru/,gtob5.tyum.msudrf.ru,нет,72MS0037
Тюменская область,Тобольск,,Судебный участок № 6 Тобольского судебного района г.Тобольска,MS,Мировой суд,"626150, Тюменская обл, г Тобольск, ул Семена Ремезова, д 124",https://gtob6.tyum.msudrf.ru/,gtob6.tyum.msudrf.ru,нет,72MS0074
Тюменская область,Тюмень,,Судебный участок № 1 Калининского судебного района г. Тюмени,MS,Мировой суд,"625001, г Тюмень, ул Льва Толстого, д 35",https://kalin1.tyum.msudrf.ru/,kalin1.tyum.msudrf.ru,нет,72MS0012
Тюменская область,Тюмень,,Судебный участок № 1 Ленинского судебного района г. Тюмени,MS,Мировой суд,"625048, г Тюмень, ул 50 лет Октября, д 12 к 1",https://len1.tyum.msudrf.ru/,len1.tyum.msudrf.ru,нет,72MS0001
Тюменская область,Тюмень,,Судебный участок № 1 Центрального судебного района г. Тюмени,MS,Мировой суд,"625003, г Тюмень, ул Республики, д 6",https://cen1.tyum.msudrf.ru/,cen1.tyum.msudrf.ru,нет,72MS0020
Тюменская область,Тюмень,,Судебный участок № 10 Ленинского судебного района г. Тюмени,MS,Мировой суд,"625048, г Тюмень, ул 50 лет Октября, д 12 к 1",https://len10.tyum.msudrf.ru/,len10.tyum.msudrf.ru,нет,72MS0010
Тюменская область,Тюмень,,Судебный участок № 11 Ленинского судебного района г. Тюмени,MS,Мировой суд,"625048, г Тюмень, ул 50 лет Октября, д 12 к 1",https://len11.tyum.msudrf.ru/,len11.tyum.msudrf.ru,нет,72MS0011
Тюменская область,Тюмень,,Судебный участок № 12 Ленинского судебного района г. Тюмени,MS,Мировой суд,"625013, г Тюмень, ул Энергетиков, д 98",https://len12.tyum.msudrf.ru/,len12.tyum.msudrf.ru,нет,72MS0065
Тюменская область,Тюмень,,Судебный участок № 13 Ленинского судебного района г. Тюмени,MS,Мировой суд,"625013, г Тюмень, ул Энергетиков, д 98",https://len13.tyum.msudrf.ru/,len13.tyum.msudrf.ru,нет,72MS0066
Тюменская область,Тюмень,,Судебный участок № 14 Ленинского судебного района г. Тюмени,MS,Мировой суд,"625027, г Тюмень, ул 50 лет Октября, д 36 к 1",https://len14.tyum.msudrf.ru/,len14.tyum.msudrf.ru,нет,72MS0068
Тюменская область,Тюмень,,Судебный участок № 15 Ленинского судебного района г. Тюмени,MS,Мировой суд,"625027, г Тюмень, ул 50 лет Октября, д 36 к 1",https://len15.tyum.msudrf.ru/,len15.tyum.msudrf.ru,нет,72MS0069
Тюменская область,Тюмень,,Судебный участок № 16 Ленинского судебного района г. Тюмени,MS,Мировой суд,"625027, г Тюмень, ул 50 лет Октября, д 36 к 1",https://len16.tyum.msudrf.ru/,len16.tyum.msudrf.ru,нет,72MS0070
Тюменская область,Тюмень,,Судебный участок № 2 Калининского судебного района г. Тюмени,MS,Мировой суд,"625001, г Тюмень, ул Льва Толстого, д 35",https://kalin2.tyum.msudrf.ru/,kalin2.tyum.msudrf.ru,нет,72MS0013
Тюменская область,Тюмень,,Судебный участок № 2 Ленинского судебного района г. Тюмени,MS,Мировой суд,"625048, г Тюмень, ул 50 лет Октября, д 12 к 1",https://len2.tyum.msudrf.ru/,len2.tyum.msudrf.ru,нет,72MS0002
Тюменская область,Тюмень,,Судебный участок № 2 Тюменского судебного района,MS,Мировой суд,"625018, г Тюмень, ул Московский тракт, д 175 к 1",https://rtyum2.tyum.msudrf.ru/,rtyum2.tyum.msudrf.ru,нет,72MS0045
Тюменская область,Тюмень,,Судебный участок № 2 Центрального судебного района г. Тюмени,MS,Мировой суд,"625003, г Тюмень, ул Республики, д 6",https://cen2.tyum.msudrf.ru/,cen2.tyum.msudrf.ru,нет,72MS0021
Тюменская область,Тюмень,,Судебный участок № 3 Калининского судебного района г. Тюмени,MS,Мировой суд,"625008, г Тюмень, ул Московский тракт, д 14А",https://kalin3.tyum.msudrf.ru/,kalin3.tyum.msudrf.ru,нет,72MS0014
Тюменская область,Тюмень,,Судебный участок № 3 Ленинского судебного района г. Тюмени,MS,Мировой суд,"625013, г Тюмень, ул Энергетиков, д 98",https://len3.tyum.msudrf.ru/,len3.tyum.msudrf.ru,нет,72MS0003
Тюменская область,Тюмень,,Судебный участок № 3 Тюменского судебного района,MS,Мировой суд,"625018, г Тюмень, ул Московский тракт, д 175 к 1",https://rtyum3.tyum.msudrf.ru/,rtyum3.tyum.msudrf.ru,нет,72MS0046
Тюменская область,Тюмень,,Судебный участок № 3 Центрального судебного района г. Тюмени,MS,Мировой суд,"625003, г Тюмень, ул Республики, д 6",https://cen3.tyum.msudrf.ru/,cen3.tyum.msudrf.ru,нет,72MS0022
Тюменская область,Тюмень,,Судебный участок № 4 Калининского судебного района г. Тюмени,MS,Мировой суд,"625008, г Тюмень, ул Московский тракт, д 14А",https://kalin4.tyum.msudrf.ru/,kalin4.tyum.msudrf.ru,нет,72MS0015
Тюменская область,Тюмень,,Судебный участок № 4 Ленинского судебного района г. Тюмени,MS,Мировой суд,"625027, г Тюмень, ул 50 лет Октября, д 36 к 1",https://len4.tyum.msudrf.ru/,len4.tyum.msudrf.ru,нет,72MS0004
Тюменская область,Тюмень,,Судебный участок № 4 Центрального судебного района г. Тюмени,MS,Мировой суд,"625003, г Тюмень, ул Республики, д 6",https://cen4.tyum.msudrf.ru/,cen4.tyum.msudrf.ru,нет,72MS0023
Тюменская область,Тюмень,,Судебный участок № 5 Калининского судебного района г. Тюмени,MS,Мировой суд,"625008, г Тюмень, ул Московский тракт, д 14А",https://kalin5.tyum.msudrf.ru/,kalin5.tyum.msudrf.ru,нет,72MS0016
Тюменская область,Тюмень,,Судебный участок № 5 Ленинского судебного района г. Тюмени,MS,Мировой суд,"625013, г Тюмень, ул Энергетиков, д 98",https://len5.tyum.msudrf.ru/,len5.tyum.msudrf.ru,нет,72MS0005
Тюменская область,Тюмень,,Судебный участок № 5 Тюменского судебного района,MS,Мировой суд,"625018, г Тюмень, ул Московский тракт, д 175 к 1",https://rtyum5.tyum.msudrf.ru/,rtyum5.tyum.msudrf.ru,нет,72MS0067
Тюменская область,Тюмень,,Судебный участок № 5 Центрального судебного района г. Тюмени,MS,Мировой суд,"625031, г Тюмень, ул Ветеранов труда, д 7/1",https://cen5.tyum.msudrf.ru/,cen5.tyum.msudrf.ru,нет,72MS0024
Тюменская область,Тюмень,,Судебный участок № 6 Калининского судебного района г. Тюмени,MS,Мировой суд,"625008, г Тюмень, ул Московский тракт, д 14А",https://kalin6.tyum.msudrf.ru/,kalin6.tyum.msudrf.ru,нет,72MS0017
Тюменская область,Тюмень,,Судебный участок № 6 Ленинского судебного района г. Тюмени,MS,Мировой суд,"625013, г Тюмень, ул Энергетиков, д 98",https://len6.tyum.msudrf.ru/,len6.tyum.msudrf.ru,нет,72MS0006
Тюменская область,Тюмень,,Судебный участок № 6 Тюменского судебного района,MS,Мировой суд,"625018, г Тюмень, ул Московский тракт, д 175 к 1",https://rtyum6.tyum.msudrf.ru/,rtyum6.tyum.msudrf.ru,нет,72MS0073
Тюменская область,Тюмень,,Судебный участок № 6 Центрального судебного района г. Тюмени,MS,Мировой суд,"625031, г Тюмень, ул Ветеранов труда, д 7/1",https://cen6.tyum.msudrf.ru/,cen6.tyum.msudrf.ru,нет,72MS0025
Тюменская область,Тюмень,,Судебный участок № 7 Калининского судебного района г. Тюмени,MS,Мировой суд,"625008, г Тюмень, ул Московский тракт, д 14А",https://kalin7.tyum.msudrf.ru/,kalin7.tyum.msudrf.ru,нет,72MS0018
Тюменская область,Тюмень,,Судебный участок № 7 Ленинского судебного района г. Тюмени,MS,Мировой суд,"625013, г Тюмень, ул Энергетиков, д 98",https://len7.tyum.msudrf.ru/,len7.tyum.msudrf.ru,нет,72MS0007
Тюменская область,Тюмень,,Судебный участок № 7 Центрального судебного района г. Тюмени,MS,Мировой суд,"625031, г Тюмень, ул Ветеранов труда, д 7/1",https://cen7.tyum.msudrf.ru/,cen7.tyum.msudrf.ru,нет,72MS0026
Тюменская область,Тюмень,,Судебный участок № 8 Калининского судебного района г. Тюмени,MS,Мировой суд,"625008, г Тюмень, ул Московский тракт, д 14А",https://kalin8.tyum.msudrf.ru/,kalin8.tyum.msudrf.ru,нет,72MS0019
Тюменская область,Тюмень,,Судебный участок № 8 Ленинского судебного района г. Тюмени,MS,Мировой суд,"625013, г Тюмень, ул Энергетиков, д 98",https://len8.tyum.msudrf.ru/,len8.tyum.msudrf.ru,нет,72MS0008
Тюменская область,Тюмень,,Судебный участок № 8 Центрального судебного района г. Тюмени,MS,Мировой суд,"625027, г Тюмень, ул 50 лет Октября, д 36 к 1",https://cen8.tyum.msudrf.ru/,cen8.tyum.msudrf.ru,нет,72MS0027
Тюменская область,Тюмень,,Судебный участок № 9 Калининского судебного района г. Тюмени,MS,Мировой суд,"625008, г Тюмень, ул Московский тракт, д 14А",https://kalin9.tyum.msudrf.ru/,kalin9.tyum.msudrf.ru,нет,72MS0071
Тюменская область,Тюмень,,Судебный участок № 9 Ленинского судебного района г. Тюмени,MS,Мировой суд,"625013, г Тюмень, ул Энергетиков, д 98",https://len9.tyum.msudrf.ru/,len9.tyum.msudrf.ru,нет,72MS0009
Тюменская область,Тюмень,,Судебный участок № 9 Центрального судебного района г. Тюмени,MS,Мировой суд,"625027, г Тюмень, ул 50 лет Октября, д 36 к 1",https://cen9.tyum.msudrf.ru/,cen9.tyum.msudrf.ru,нет,72MS0072
Тюменская область,Уват,,Судебный участок № 1 Уватского судебного района,MS,Мировой суд,"626170, Тюменская обл, с Уват, ул Октябрьская, д 61",https://uvat.tyum.msudrf.ru/,uvat.tyum.msudrf.ru,нет,72MS0061
Тюменская область,Упорово,,Судебный участок № 3 Заводоуковского судебного района,MS,Мировой суд,"627180, Тюменская обл, с Упорово, ул Строителей, влд 2",https://uporovo.tyum.msudrf.ru/,uporovo.tyum.msudrf.ru,нет,72MS0062
Тюменская область,Юргинское,,Судебный участок № 2 Омутинского судебного района,MS,Мировой суд,"627250, Тюменская обл, с Юргинское, ул Чапаева, д 73",https://yurga.tyum.msudrf.ru/,yurga.tyum.msudrf.ru,нет,72MS0063
Тюменская область,Ялуторовск,,Судебный участок № 1 Ялуторовского судебного района,MS,Мировой суд,"627016, Тюменская обл, г Ялуторовск, ул Русакова, д 11",https://ryalut1.tyum.msudrf.ru/,ryalut1.tyum.msudrf.ru,нет,72MS0041
Тюменская область,Ялуторовск,,Судебный участок № 2 Ялуторовского судебного района,MS,Мировой суд,"627016, Тюменская обл, г Ялуторовск, ул Русакова, д 11",https://gyalut1.tyum.msudrf.ru/,gyalut1.tyum.msudrf.ru,нет,72MS0039
Тюменская область,Ялуторовск,,Судебный участок № 3 Ялуторовского судебного района,MS,Мировой суд,"627016, Тюменская обл, г Ялуторовск, ул Русакова, д 11",https://gyalut2.tyum.msudrf.ru/,gyalut2.tyum.msudrf.ru,нет,72MS0040
Тюменская область,Ярково,,Судебный участок № 1 Ярковского судебного района,MS,Мировой суд,"626050, Тюменская обл, с Ярково, ул Дзержинского, д 34",https://yarkovo.tyum.msudrf.ru/,yarkovo.tyum.msudrf.ru,нет,72MS0064
Чувашская Республика - Чувашия,Алатырь,,Судебный участок № 1 Алатырского района Чувашской Республики,MS,Мировой суд,"429820, Чувашская Республика - Чувашия, г Алатырь, ул Ленина, д 43",https://alatirsk.chv.msudrf.ru/,alatirsk.chv.msudrf.ru,нет,21MS0001
Чувашская Республика - Чувашия,Алатырь,,Судебный участок № 1 г. Алатырь Чувашской Республики,MS,Мировой суд,"429820, Чувашская Республика - Чувашия, г Алатырь, ул Ленина, д 43",https://alat1.chv.msudrf.ru/,alat1.chv.msudrf.ru,нет,21MS0002
Чувашская Республика - Чувашия,Алатырь,,Судебный участок № 2 г. Алатырь Чувашской Республики,MS,Мировой суд,"429820, Чувашская Республика - Чувашия, г Алатырь, ул Ленина, д 43",https://alat2.chv.msudrf.ru/,alat2.chv.msudrf.ru,нет,21MS0003
Чувашская Республика - Чувашия,Аликово,,Судебный участок № 1 Аликовского района Чувашской Республики,MS,Мировой суд,"429250, Чувашская Республика - Чувашия, с Аликово, ул Чапаева, д 10",https://alikovo1.chv.msudrf.ru/,alikovo1.chv.msudrf.ru,нет,21MS0004
Чувашская Республика - Чувашия,Батырево,,Судебный участок № 1 Батыревского района Чувашской Республики,MS,Мировой суд,"429350, Чувашская Республика - Чувашия, с Батырево, пр-кт Ленина, влд 8",https://bat1.chv.msudrf.ru/,bat1.chv.msudrf.ru,нет,21MS0005
Чувашская Республика - Чувашия,Батырево,,Судебный участок № 2 Батыревского района Чувашской Республики,MS,Мировой суд,"429350, Чувашская Республика - Чувашия, с Батырево, пр-кт Ленина, влд 8",https://bat2.chv.msudrf.ru/,bat2.chv.msudrf.ru,нет,21MS0006
Чувашская Республика - Чувашия,Вурнары,,Судебный участок № 1 Вурнарского района Чувашской Республики,MS,Мировой суд,"429220, Чувашская Республика - Чувашия, пгт Вурнары, ул Советская, д 16",https://vurn1.chv.msudrf.ru/,vurn1.chv.msudrf.ru,нет,21MS0007
Чувашская Республика - Чувашия,Вурнары,,Судебный участок № 2 Вурнарского района Чувашской Республики,MS,Мировой суд,"429220, Чувашская Республика - Чувашия, пгт Вурнары, ул Советская, д 16",https://vurn2.chv.msudrf.ru/,vurn2.chv.msudrf.ru,нет,21MS0008
Чувашская Республика - Чувашия,Ибреси,,Судебный участок № 1 Ибресинского района Чувашской Республики,MS,Мировой суд,"429700, Чувашская Республика - Чувашия, пгт Ибреси, ул Садовая, д 6",https://ibresi1.chv.msudrf.ru/,ibresi1.chv.msudrf.ru,нет,21MS0009
Чувашская Республика - Чувашия,Канаш,,Судебный участок № 1 Канашского района Чувашской Республики,MS,Мировой суд,"429335, Чувашская Республика - Чувашия, г Канаш, ул Пушкина, д 60",https://kanashsk1.chv.msudrf.ru/,kanashsk1.chv.msudrf.ru,нет,21MS0010
Чувашская Республика - Чувашия,Канаш,,Судебный участок № 1 г. Канаш Чувашской Республики,MS,Мировой суд,"429335, Чувашская Республика - Чувашия, г Канаш, ул Пушкина, д 60",https://kanash1.chv.msudrf.ru/,kanash1.chv.msudrf.ru,нет,21MS0012
Чувашская Республика - Чувашия,Канаш,,Судебный участок № 2 Канашского района Чувашской Республики,MS,Мировой суд,"429335, Чувашская Республика - Чувашия, г Канаш, ул Пушкина, д 60",https://kanashsk2.chv.msudrf.ru/,kanashsk2.chv.msudrf.ru,нет,21MS0011
Чувашская Республика - Чувашия,Канаш,,Судебный участок № 2 г. Канаш Чувашской Республики,MS,Мировой суд,"429335, Чувашская Республика - Чувашия, г Канаш, ул Пушкина, д 60",https://kanash2.chv.msudrf.ru/,kanash2.chv.msudrf.ru,нет,21MS0013
Чувашская Республика - Чувашия,Канаш,,Судебный участок № 3 г. Канаш Чувашской Республики,MS,Мировой суд,"429335, Чувашская Республика - Чувашия, г Канаш, ул Пушкина, д 60",https://kanash3.chv.msudrf.ru/,kanash3.chv.msudrf.ru,нет,21MS0014
Чувашская Республика - Чувашия,Козловка,,Судебный участок № 1 Козловского района Чувашской Республики,MS,Мировой суд,"429430, Чувашская Республика - Чувашия, г Козловка, ул Герцена, д 21",https://kozl1.chv.msudrf.ru/,kozl1.chv.msudrf.ru,нет,21MS0015
Чувашская Республика - Чувашия,Комсомольское,,Судебный участок № 1 Комсомольского района Чувашской Республики,MS,Мировой суд,"429140, Чувашская Республика - Чувашия, с Комсомольское, ул Советская, влд 2",https://kom1.chv.msudrf.ru/,kom1.chv.msudrf.ru,нет,21MS0016
Чувашская Республика - Чувашия,Красноармейское,,Судебный участок № 1 Красноармейского района Чувашской Республики,MS,Мировой суд,"429620, Чувашская Республика - Чувашия, с Красноармейское, ул 30 лет Победы, зд 19",https://kram1.chv.msudrf.ru/,kram1.chv.msudrf.ru,нет,21MS0017
Чувашская Республика - Чувашия,Красные Четаи,,Судебный участок № 1 Красночетайского района Чувашской Республики,MS,Мировой суд,"429040, Чувашская Республика - Чувашия, с Красные Четаи, ул Новая, д 10А",https://krchet1.chv.msudrf.ru/,krchet1.chv.msudrf.ru,нет,21MS0018
Чувашская Республика - Чувашия,Кугеси,,Судебный участок № 2 Чебоксарского района Чувашской Республики,MS,Мировой суд,"429500, Чувашская Республика - Чувашия, п Кугеси, ул Советская, д 23",https://cheb2.chv.msudrf.ru/,cheb2.chv.msudrf.ru,нет,21MS0027
Чувашская Республика - Чувашия,Кугеси,,Судебный участок № 3 Чебоксарского района Чувашской Республики,MS,Мировой суд,"429500, Чувашская Республика - Чувашия, п Кугеси, ул Советская, д 23",https://cheb3.chv.msudrf.ru/,cheb3.chv.msudrf.ru,нет,21MS0028
Чувашская Республика - Чувашия,Мариинский Посад,,Судебный участок № 1 Мариинско-Посадского района Чувашской Республики,MS,Мировой суд,"429572, Чувашская Республика - Чувашия, г Мариинский Посад, ул Ломоносова, д 12",https://marpo1.chv.msudrf.ru/,marpo1.chv.msudrf.ru,нет,21MS0019
Чувашская Республика - Чувашия,Моргауши,,Судебный участок № 1 Моргаушского района Чувашской Республики,MS,Мировой суд,"429530, Чувашская Республика - Чувашия, с Моргауши, ул Мира, д 9А",https://morgaush1.chv.msudrf.ru/,morgaush1.chv.msudrf.ru,нет,21MS0020
Чувашская Республика - Чувашия,Моргауши,,Судебный участок № 2 Моргаушского района Чувашской Республики,MS,Мировой суд,"429530, Чувашская Республика - Чувашия, с Моргауши, ул Мира, д 9А",https://morgaush2.chv.msudrf.ru/,morgaush2.chv.msudrf.ru,нет,21MS0021
Чувашская Республика - Чувашия,Новое Атлашево,,Судебный участок № 1 Чебоксарского района Чувашской Республики,MS,Мировой суд,"429509, Чувашская Республика - Чувашия, Чебоксарский р-н, п Новое Атлашево, ул Парковая, влд 5",https://cheb1.chv.msudrf.ru/,cheb1.chv.msudrf.ru,нет,21MS0026
Чувашская Республика - Чувашия,Новочебоксарск,,Судебный участок № 1 г. Новочебоксарска Чувашской Республики,MS,Мировой суд,"429965, Чувашская Республика - Чувашия, г Новочебоксарск, ул Винокурова, д 35",https://nov1.chv.msudrf.ru/,nov1.chv.msudrf.ru,нет,21MS0037
Чувашская Республика - Чувашия,Новочебоксарск,,Судебный участок № 2 г. Новочебоксарска Чувашской Республики,MS,Мировой суд,"429965, Чувашская Республика - Чувашия, г Новочебоксарск, ул Винокурова, д 35",https://nov2.chv.msudrf.ru/,nov2.chv.msudrf.ru,нет,21MS0038
Чувашская Республика - Чувашия,Новочебоксарск,,Судебный участок № 3 г. Новочебоксарска Чувашской Республики,MS,Мировой суд,"429960, Чувашская Республика - Чувашия, г Новочебоксарск, ул Строителей, д 56",https://nov3.chv.msudrf.ru/,nov3.chv.msudrf.ru,нет,21MS0039
Чувашская Республика - Чувашия,Новочебоксарск,,Судебный участок № 4 г. Новочебоксарска Чувашской Республики,MS,Мировой суд,"429965, Чувашская Республика - Чувашия, г Новочебоксарск, ул Советская, зд 47",https://nov4.chv.msudrf.ru/,nov4.chv.msudrf.ru,нет,21MS0040
Чувашская Республика - Чувашия,Новочебоксарск,,Судебный участок № 5 г. Новочебоксарска Чувашской Республики,MS,Мировой суд,"429965, Чувашская Республика - Чувашия, г Новочебоксарск, ул Советская, зд 47",https://nov5.chv.msudrf.ru/,nov5.chv.msudrf.ru,нет,21MS0041
Чувашская Республика - Чувашия,Новочебоксарск,,Судебный участок № 6 г. Новочебоксарска Чувашской Республики,MS,Мировой суд,"429960, Чувашская Республика - Чувашия, г Новочебоксарск, ул Строителей, д 56",https://nov6.chv.msudrf.ru/,nov6.chv.msudrf.ru,нет,21MS0042
Чувашская Республика - Чувашия,Порецкое,,Судебный участок № 1 Порецкого района Чувашской Республики,MS,Мировой суд,"429020, Чувашская Республика - Чувашия, с Порецкое, ул Комсомольская, стр 5",https://porezk1.chv.msudrf.ru/,porezk1.chv.msudrf.ru,нет,21MS0022
Чувашская Республика - Чувашия,Урмары,,Судебный участок № 1 Урмарского района Чувашской Республики,MS,Мировой суд,"429400, Чувашская Республика - Чувашия, пгт Урмары, ул Ленина, д 15",https://urmar1.chv.msudrf.ru/,urmar1.chv.msudrf.ru,нет,21MS0023
Чувашская Республика - Чувашия,Цивильск,,Судебный участок № 1 Цивильского района Чувашской Республики,MS,Мировой суд,"429900, Чувашская Республика - Чувашия, г Цивильск, ул Никитина, д 2А",https://ziv1.chv.msudrf.ru/,ziv1.chv.msudrf.ru,нет,21MS0024
Чувашская Республика - Чувашия,Цивильск,,Судебный участок № 2 Цивильского района Чувашской Республики,MS,Мировой суд,"429900, Чувашская Республика - Чувашия, г Цивильск, ул Никитина, д 2А",https://ziv2.chv.msudrf.ru/,ziv2.chv.msudrf.ru,нет,21MS0025
Чувашская Республика - Чувашия,Чебоксары,,Судебный участок № 1 Калининского района г. Чебоксары Чувашской Республики,MS,Мировой суд,"428022, г Чебоксары, ул Калинина, д 102 к 1",https://kalin1.chv.msudrf.ru/,kalin1.chv.msudrf.ru,нет,21MS0043
Чувашская Республика - Чувашия,Чебоксары,,Судебный участок № 1 Ленинского района г. Чебоксары Чувашской Республики,MS,Мировой суд,"428003, г Чебоксары, ул Гагарина Ю., д 9",https://len1.chv.msudrf.ru/,len1.chv.msudrf.ru,нет,21MS0052
Чувашская Республика - Чувашия,Чебоксары,,Судебный участок № 1 Московского района г. Чебоксары Чувашской Республики,MS,Мировой суд,"428009, г Чебоксары, ул Университетская, д 22",https://mos1.chv.msudrf.ru/,mos1.chv.msudrf.ru,нет,21MS0060
Чувашская Республика - Чувашия,Чебоксары,,Судебный участок № 2 Калининского района г. Чебоксары Чувашской Республики,MS,Мировой суд,"428022, г Чебоксары, ул Космонавта Николаева А.Г., д 38",https://kalin2.chv.msudrf.ru/,kalin2.chv.msudrf.ru,нет,21MS0044
Чувашская Республика - Чувашия,Чебоксары,,Судебный участок № 2 Ленинского района г. Чебоксары Чувашской Республики,MS,Мировой суд,"428003, г Чебоксары, ул Гагарина Ю., д 9",https://len2.chv.msudrf.ru/,len2.chv.msudrf.ru,нет,21MS0053
Чувашская Республика - Чувашия,Чебоксары,,Судебный участок № 2 Московского района г. Чебоксары Чувашской Республики,MS,Мировой суд,"428009, г Чебоксары, ул Университетская, д 22",https://mos2.chv.msudrf.ru/,mos2.chv.msudrf.ru,нет,21MS0061
Чувашская Республика - Чувашия,Чебоксары,,Судебный участок № 3 Калининского района г. Чебоксары Чувашской Республики,MS,Мировой суд,"428022, г Чебоксары, ул Космонавта Николаева А.Г., д 38",https://kalin3.chv.msudrf.ru/,kalin3.chv.msudrf.ru,нет,21MS0045
Чувашская Республика - Чувашия,Чебоксары,,Судебный участок № 3 Ленинского района г. Чебоксары Чувашской Республики,MS,Мировой суд,"428003, г Чебоксары, ул Гагарина Ю., д 9",https://len3.chv.msudrf.ru/,len3.chv.msudrf.ru,нет,21MS0054
Чувашская Республика - Чувашия,Чебоксары,,Судебный участок № 3 Московского района г. Чебоксары Чувашской Республики,MS,Мировой суд,"428009, г Чебоксары, ул Университетская, д 22",https://mos3.chv.msudrf.ru/,mos3.chv.msudrf.ru,нет,21MS0062
Чувашская Республика - Чувашия,Чебоксары,,Судебный участок № 4 Калининского района г. Чебоксары Чувашской Республики,MS,Мировой суд,"428031, г Чебоксары, ул Кадыкова, д 18 к 1",https://kalin4.chv.msudrf.ru/,kalin4.chv.msudrf.ru,нет,21MS0046
Чувашская Республика - Чувашия,Чебоксары,,Судебный участок № 4 Ленинского района г. Чебоксары Чувашской Республики,MS,Мировой суд,"428027, г Чебоксары, ул Ленинского Комсомола, д 16",https://len4.chv.msudrf.ru/,len4.chv.msudrf.ru,нет,21MS0055
Чувашская Республика - Чувашия,Чебоксары,,Судебный участок № 4 Московского района г. Чебоксары Чувашской Республики,MS,Мировой суд,"428000, г Чебоксары, ул Пирогова, д 16",https://mos4.chv.msudrf.ru/,mos4.chv.msudrf.ru,нет,21MS0063
Чувашская Республика - Чувашия,Чебоксары,,Судебный участок № 5 Калининского района г. Чебоксары Чувашской Республики,MS,Мировой суд,"428031, г Чебоксары, ул Кадыкова, д 18 к 1",https://kalin5.chv.msudrf.ru/,kalin5.chv.msudrf.ru,нет,21MS0047
Чувашская Республика - Чувашия,Чебоксары,,Судебный участок № 5 Ленинского района г. Чебоксары Чувашской Республики,MS,Мировой суд,"428027, г Чебоксары, ул Ленинского Комсомола, д 16",https://len5.chv.msudrf.ru/,len5.chv.msudrf.ru,нет,21MS0056
Чувашская Республика - Чувашия,Чебоксары,,Судебный участок № 5 Московского района г. Чебоксары Чувашской Республики,MS,Мировой суд,"428023, г Чебоксары, ул Композитора Максимова, д 5",https://mos5.chv.msudrf.ru/,mos5.chv.msudrf.ru,нет,21MS0064
Чувашская Республика - Чувашия,Чебоксары,,Судебный участок № 6 Калининского района г. Чебоксары Чувашской Республики,MS,Мировой суд,"428012, г Чебоксары, ул Рихарда Зорге, д 10",https://kalin6.chv.msudrf.ru/,kalin6.chv.msudrf.ru,нет,21MS0048
Чувашская Республика - Чувашия,Чебоксары,,Судебный участок № 6 Ленинского района г. Чебоксары Чувашской Республики,MS,Мировой суд,"428027, г Чебоксары, ул Ленинского Комсомола, д 16",https://len6.chv.msudrf.ru/,len6.chv.msudrf.ru,нет,21MS0057
Чувашская Республика - Чувашия,Чебоксары,,Судебный участок № 6 Московского района г. Чебоксары Чувашской Республики,MS,Мировой суд,"428023, г Чебоксары, ул Композитора Максимова, д 5",https://mos6.chv.msudrf.ru/,mos6.chv.msudrf.ru,нет,21MS0065
Чувашская Республика - Чувашия,Чебоксары,,Судебный участок № 7 Калининского района г. Чебоксары Чувашской Республики,MS,Мировой суд,"428012, г Чебоксары, ул Рихарда Зорге, д 10",https://kalin7.chv.msudrf.ru/,kalin7.chv.msudrf.ru,нет,21MS0049
Чувашская Республика - Чувашия,Чебоксары,,Судебный участок № 7 Ленинского района г. Чебоксары Чувашской Республики,MS,Мировой суд,"428003, г Чебоксары, пер Бабушкина, д 8",https://len7.chv.msudrf.ru/,len7.chv.msudrf.ru,нет,21MS0058
Чувашская Республика - Чувашия,Чебоксары,,Судебный участок № 7 Московского района г. Чебоксары Чувашской Республики,MS,Мировой суд,"428038, г Чебоксары, ул Промышленная, д 7А",https://mos7.chv.msudrf.ru/,mos7.chv.msudrf.ru,нет,21MS0066
Чувашская Республика - Чувашия,Чебоксары,,Судебный участок № 8 Калининского района г. Чебоксары Чувашской Республики,MS,Мировой суд,"428031, г Чебоксары, ул Кадыкова, д 16",https://kalin8.chv.msudrf.ru/,kalin8.chv.msudrf.ru,нет,21MS0050
Чувашская Республика - Чувашия,Чебоксары,,Судебный участок № 8 Ленинского района г. Чебоксары Чувашской Республики,MS,Мировой суд,"428003, г Чебоксары, ул Космонавта Николаева А.Г., д 17",https://len8.chv.msudrf.ru/,len8.chv.msudrf.ru,нет,21MS0059
Чувашская Республика - Чувашия,Чебоксары,,Судебный участок № 8 Московского района г. Чебоксары Чувашской Республики,MS,Мировой суд,"428034, г Чебоксары, ул Гузовского, д 14",https://mos8.chv.msudrf.ru/,mos8.chv.msudrf.ru,нет,21MS0067
Чувашская Республика - Чувашия,Чебоксары,,Судебный участок № 9 Калининского района г. Чебоксары Чувашской Республики,MS,Мировой суд,"428031, г Чебоксары, ул Пролетарская, д 16",https://kalin9.chv.msudrf.ru/,kalin9.chv.msudrf.ru,нет,21MS0051
Чувашская Республика - Чувашия,Чебоксары,,Судебный участок № 9 Московского района г. Чебоксары Чувашской Республики,MS,Мировой суд,"428038, г Чебоксары, ул Промышленная, д 7А",https://mos9.chv.msudrf.ru/,mos9.chv.msudrf.ru,нет,21MS0068
Чувашская Республика - Чувашия,Шемурша,,Судебный участок № 1 Шемуршинского района Чувашской Республики,MS,Мировой суд,"429170, Чувашская Республика - Чувашия, с Шемурша, ул Советская, влд 6",https://shemur1.chv.msudrf.ru/,shemur1.chv.msudrf.ru,нет,21MS0029
Чувашская Республика - Чувашия,Шумерля,,Судебный участок № 1 Шумерлинского района Чувашской Республики,MS,Мировой суд,"429123, Чувашская Республика - Чувашия, г Шумерля, ул Карла Маркса, д 21",https://shumerlin1.chv.msudrf.ru/,shumerlin1.chv.msudrf.ru,нет,21MS0030
Чувашская Республика - Чувашия,Шумерля,,Судебный участок № 1 г. Шумерля Чувашской Республики,MS,Мировой суд,"429122, Чувашская Республика - Чувашия, г Шумерля, ул Октябрьская, д 23",https://shumer1.chv.msudrf.ru/,shumer1.chv.msudrf.ru,нет,21MS0031
Чувашская Республика - Чувашия,Шумерля,,Судебный участок № 2 г. Шумерля Чувашской Республики,MS,Мировой суд,"429122, Чувашская Республика - Чувашия, г Шумерля, ул Октябрьская, д 23",https://shumer2.chv.msudrf.ru/,shumer2.chv.msudrf.ru,нет,21MS0032
Чувашская Республика - Чувашия,Ядрин,,Судебный участок № 1 Ядринского района Чувашской Республики,MS,Мировой суд,"429061, Чувашская Республика - Чувашия, г Ядрин, ул Первомайская, зд 26А",https://yad1.chv.msudrf.ru/,yad1.chv.msudrf.ru,нет,21MS0033
Чувашская Республика - Чувашия,Ядрин,,Судебный участок № 2 Ядринского района Чувашской Республики,MS,Мировой суд,"429061, Чувашская Республика - Чувашия, г Ядрин, ул Первомайская, зд 26А",https://yad2.chv.msudrf.ru/,yad2.chv.msudrf.ru,нет,21MS0034
Чувашская Республика - Чувашия,Яльчики,,Судебный участок № 1 Яльчикского района Чувашской Республики,MS,Мировой суд,"429380, Чувашская Республика - Чувашия, с Яльчики, ул Советская, д 32",https://yalch1.chv.msudrf.ru/,yalch1.chv.msudrf.ru,нет,21MS0035
Чувашская Республика - Чувашия,Янтиково,,Судебный участок № 1 Янтиковского района Чувашской Республики,MS,Мировой суд,"429290, Чувашская Республика - Чувашия, с Янтиково, пр-кт Ленина, д 21",https://yant1.chv.msudrf.ru/,yant1.chv.msudrf.ru,нет,21MS0036
Смоленская область,Велиж,,"Судебный участок № 29 в муниципальном образовании ""Велижский муниципальный округ"" Смоленской области",MS,Мировой суд,"216290, Смоленская обл, г Велиж, пл Дзержинского, д 9",https://29.sml.msudrf.ru/,29.sml.msudrf.ru,нет,67MS0033
Смоленская область,Вязьма,,"Судебный участок № 14 в муниципальном образовании ""Вяземский муниципальный округ"" Смоленской области",MS,Мировой суд,"215116, Смоленская обл, г Вязьма, ул Социалистическая, д 3А",https://14.sml.msudrf.ru/,14.sml.msudrf.ru,нет,67MS0015
Смоленская область,Вязьма,,"Судебный участок № 15 в муниципальном образовании ""Вяземский муниципальный округ"" Смоленской области",MS,Мировой суд,"215116, Смоленская обл, г Вязьма, ул Социалистическая, д 3А",https://15.sml.msudrf.ru/,15.sml.msudrf.ru,нет,67MS0016
Смоленская область,Вязьма,,"Судебный участок № 16 в муниципальном образовании ""Вяземский муниципальный округ"" Смоленской области",MS,Мировой суд,"215116, Смоленская обл, г Вязьма, ул Социалистическая, д 3А",https://16.sml.msudrf.ru/,16.sml.msudrf.ru,нет,67MS0017
Смоленская область,Вязьма,,"Судебный участок № 54 в муниципальном образовании ""Вяземский муниципальный округ"" Смоленской области",MS,Мировой суд,"215116, Смоленская обл, г Вязьма, ул Социалистическая, д 3А",https://54.sml.msudrf.ru/,54.sml.msudrf.ru,нет,67MS0018
Смоленская область,Гагарин,,"Судебный участок № 17 в муниципальном образовании ""Гагаринский муниципальный округ"" Смоленской области",MS,Мировой суд,"215010, Смоленская обл, г Гагарин, ул Гагарина, д 100",https://17.sml.msudrf.ru/,17.sml.msudrf.ru,нет,67MS0019
Смоленская область,Гагарин,,"Судебный участок № 18 в муниципальном образовании ""Гагаринский муниципальный округ"" Смоленской области",MS,Мировой суд,"215010, Смоленская обл, г Гагарин, ул Гагарина, д 100",https://18.sml.msudrf.ru/,18.sml.msudrf.ru,нет,67MS0020
Смоленская область,Глинка,,"Судебный участок № 30 в муниципальном образовании ""Глинковский муниципальный округ"" Смоленской области",MS,Мировой суд,"216320, Смоленская обл, с Глинка, ул Горького, д 14",https://30.sml.msudrf.ru/,30.sml.msudrf.ru,нет,67MS0034
Смоленская область,Демидов,,"Судебный участок № 31 в муниципальном образовании ""Демидовский муниципальный округ"" Смоленской области",MS,Мировой суд,"216240, Смоленская обл, г Демидов, ул Советская, д 10",https://31.sml.msudrf.ru/,31.sml.msudrf.ru,нет,67MS0035
Смоленская область,Десногорск,,"Судебный участок № 19 в муниципальном образовании ""город Десногорск"" Смоленской области",MS,Мировой суд,"216400, Смоленская область, г. Десногорск, 3-й мкрн, общ. 10",https://19.sml.msudrf.ru/,19.sml.msudrf.ru,нет,67MS0021
Смоленская область,Десногорск,,"Судебный участок № 52 в муниципальном образовании ""город Десногорск"" Смоленской области",MS,Мировой суд,"216400, Смоленская область, г. Десногорск, 3-й мкрн, общ. 10",https://52.sml.msudrf.ru/,52.sml.msudrf.ru,нет,67MS0022
Смоленская область,Дорогобуж,,"Судебный участок № 32 в муниципальном образовании ""Дорогобужский муниципальный округ"" Смоленской области",MS,Мировой суд,"215710, Смоленская обл, г Дорогобуж, ул Пушкина, д 11",https://32.sml.msudrf.ru/,32.sml.msudrf.ru,нет,67MS0036
Смоленская область,Дорогобуж,,"Судебный участок № 33 в муниципальном образовании ""Дорогобужский муниципальный округ"" Смоленской области",MS,Мировой суд,"215710, Смоленская обл, г Дорогобуж, ул Пушкина, д 11",https://33.sml.msudrf.ru/,33.sml.msudrf.ru,нет,67MS0037
Смоленская область,Духовщина,,"Судебный участок № 34 в муниципальном образовании ""Духовщинский муниципальный округ"" Смоленской области",MS,Мировой суд,"216200, Смоленская обл, г Духовщина, ул Максима Горького, д 52",https://34.sml.msudrf.ru/,34.sml.msudrf.ru,нет,67MS0038
Смоленская область,Ельня,,"Судебный участок № 35 в муниципальном образовании ""Ельнинский муниципальный округ"" Смоленской области",MS,Мировой суд,"216330, Смоленская обл, г Ельня, пер Глинки, д 5",https://35.sml.msudrf.ru/,35.sml.msudrf.ru,нет,67MS0039
Смоленская область,Ершичи,,"Судебный участок № 36 в муниципальном образовании ""Ершичский муниципальный округ"" Смоленской области",MS,Мировой суд,"216580, Смоленская обл, с Ершичи, ул Понятовская, зд 27",https://36.sml.msudrf.ru/,36.sml.msudrf.ru,нет,67MS0040
Смоленская область,Кардымово,,"Судебный участок № 38 в муниципальном образовании ""Кардымовский муниципальный округ"" Смоленской области",MS,Мировой суд,"215850, Смоленская обл, пгт Кардымово, ул Ленина, д 55А",https://38.sml.msudrf.ru/,38.sml.msudrf.ru,нет,67MS0042
Смоленская область,Красный,,"Судебный участок № 37 в муниципальном образовании ""Краснинский муниципальный округ"" Смоленской области",MS,Мировой суд,"216100, Смоленская обл, пгт Красный, ул Ленина, д 4",https://37.sml.msudrf.ru/,37.sml.msudrf.ru,нет,67MS0041
Смоленская область,Монастырщина,,"Судебный участок № 39 в муниципальном образовании ""Монастырщинский муниципальный округ"" Смоленской области",MS,Мировой суд,"216130, Смоленская обл, пгт Монастырщина, ул 1-я Краснинская, д 19",https://39.sml.msudrf.ru/,39.sml.msudrf.ru,нет,67MS0043
Смоленская область,Новодугино,,"Судебный участок № 40 в муниципальном образовании ""Новодугинский муниципальный округ"" Смоленской области",MS,Мировой суд,"215240, Смоленская обл, с Новодугино, ул Чкалова, д 31",https://40.sml.msudrf.ru/,40.sml.msudrf.ru,нет,67MS0044
Смоленская область,Починок,,"Судебный участок № 41 в муниципальном образовании ""Починковский муниципальный округ"" Смоленской области",MS,Мировой суд,"216450, Смоленская обл, г Починок, ул Советская, д 24",https://41.sml.msudrf.ru/,41.sml.msudrf.ru,нет,67MS0045
Смоленская область,Починок,,"Судебный участок № 42 в муниципальном образовании ""Починковский муниципальный округ"" Смоленской области",MS,Мировой суд,"216450, Смоленская обл, г Починок, ул Советская, д 24",https://42.sml.msudrf.ru/,42.sml.msudrf.ru,нет,67MS0046
Смоленская область,Рославль,,"Судебный участок № 20 в муниципальном образовании ""Рославльский муниципальный округ"" Смоленской области",MS,Мировой суд,"216500, Смоленская обл, г Рославль, ул Ленина, д 22А",https://20.sml.msudrf.ru/,20.sml.msudrf.ru,нет,67MS0023
Смоленская область,Рославль,,"Судебный участок № 21 в муниципальном образовании ""Рославльский муниципальный округ"" Смоленской области",MS,Мировой суд,"216500, Смоленская обл, г Рославль, ул Ленина, д 22А",https://21.sml.msudrf.ru/,21.sml.msudrf.ru,нет,67MS0024
Смоленская область,Рославль,,"Судебный участок № 22 в муниципальном образовании ""Рославльский муниципальный округ"" Смоленской области",MS,Мировой суд,"216500, Смоленская обл, г Рославль, ул Ленина, д 22А",https://22.sml.msudrf.ru/,22.sml.msudrf.ru,нет,67MS0025
Смоленская область,Рудня,,"Судебный участок № 43 в муниципальном образовании ""Руднянский муниципальный округ"" Смоленской области",MS,Мировой суд,"216790, Смоленская обл, г Рудня, ул Киреева, д 81",https://43.sml.msudrf.ru/,43.sml.msudrf.ru,нет,67MS0047
Смоленская область,Рудня,,"Судебный участок № 56 в муниципальном образовании ""Руднянский муниципальный округ"" Смоленской области",MS,Мировой суд,"216790, Смоленская обл, г Рудня, ул Киреева, д 81",https://56.sml.msudrf.ru/,56.sml.msudrf.ru,нет,67MS0048
Смоленская область,Сафоново,,"Судебный участок № 23 в муниципальном образовании ""Сафоновский муниципальный округ"" Смоленской области",MS,Мировой суд,"215500, Смоленская обл, г Сафоново, ул Коммунистическая, д 5А",https://23.sml.msudrf.ru/,23.sml.msudrf.ru,нет,67MS0027
Смоленская область,Сафоново,,"Судебный участок № 24 в муниципальном образовании ""Сафоновский муниципальный округ"" Смоленской области",MS,Мировой суд,"215500, Смоленская обл, г Сафоново, ул Коммунистическая, д 5А",https://24.sml.msudrf.ru/,24.sml.msudrf.ru,нет,67MS0028
Смоленская область,Сафоново,,"Судебный участок № 25 в муниципальном образовании ""Сафоновский муниципальный округ"" Смоленской области",MS,Мировой суд,"215500, Смоленская обл, г Сафоново, ул Коммунистическая, д 5А",https://25.sml.msudrf.ru/,25.sml.msudrf.ru,нет,67MS0029
Смоленская область,Смоленск,,Судебный участок № 1 в городе Смоленске,MS,Мировой суд,"214012, г Смоленск, ул Фрунзе, д 3",https://1.sml.msudrf.ru/,1.sml.msudrf.ru,нет,67MS0001
Смоленская область,Смоленск,,Судебный участок № 10 в городе Смоленске,MS,Мировой суд,"214000, г Смоленск, ул Большая Советская, д 18/18",https://10.sml.msudrf.ru/,10.sml.msudrf.ru,нет,67MS0010
Смоленская область,Смоленск,,Судебный участок № 11 в городе Смоленске,MS,Мировой суд,"214000, г Смоленск, ул Большая Советская, д 18/18",https://11.sml.msudrf.ru/,11.sml.msudrf.ru,нет,67MS0011
Смоленская область,Смоленск,,Судебный участок № 12 в городе Смоленске,MS,Мировой суд,"214000, г Смоленск, ул Большая Советская, д 18/18",https://12.sml.msudrf.ru/,12.sml.msudrf.ru,нет,67MS0012
Смоленская область,Смоленск,,Судебный участок № 13 в городе Смоленске,MS,Мировой суд,"214000, г Смоленск, ул Большая Советская, д 18/18",https://13.sml.msudrf.ru/,13.sml.msudrf.ru,нет,67MS0013
Смоленская область,Смоленск,,Судебный участок № 2 в городе Смоленске,MS,Мировой суд,"214012, г Смоленск, ул Фрунзе, д 3",https://2.sml.msudrf.ru/,2.sml.msudrf.ru,нет,67MS0002
Смоленская область,Смоленск,,Судебный участок № 3 в городе Смоленске,MS,Мировой суд,"214012, г Смоленск, ул Фрунзе, д 3",https://3.sml.msudrf.ru/,3.sml.msudrf.ru,нет,67MS0003
Смоленская область,Смоленск,,Судебный участок № 4 в городе Смоленске,MS,Мировой суд,"214012, г Смоленск, ул Фрунзе, д 3",https://4.sml.msudrf.ru/,4.sml.msudrf.ru,нет,67MS0004
Смоленская область,Смоленск,,"Судебный участок № 44 в муниципальном образовании ""Смоленский муниципальный округ"" Смоленской области",MS,Мировой суд,"214015, г Смоленск, пер Краснофлотский 5-й, д 7",https://44.sml.msudrf.ru/,44.sml.msudrf.ru,нет,67MS0049
Смоленская область,Смоленск,,"Судебный участок № 45 в муниципальном образовании ""Смоленский муниципальный округ"" Смоленской области",MS,Мировой суд,"214015, г Смоленск, пер Краснофлотский 5-й, д 7",https://45.sml.msudrf.ru/,45.sml.msudrf.ru,нет,67MS0050
Смоленская область,Смоленск,,Судебный участок № 5 в городе Смоленске,MS,Мировой суд,"214004, г Смоленск, ул Багратиона, д 11Б",https://5.sml.msudrf.ru/,5.sml.msudrf.ru,нет,67MS0005
Смоленская область,Смоленск,,Судебный участок № 53 в городе Смоленске,MS,Мировой суд,"214000, г Смоленск, ул Большая Советская, д 18/18",https://53.sml.msudrf.ru/,53.sml.msudrf.ru,нет,67MS0014
Смоленская область,Смоленск,,"Судебный участок № 55 в муниципальном образовании ""Смоленский муниципальный округ"" Смоленской области",MS,Мировой суд,"214015, г Смоленск, пер Краснофлотский 5-й, д 7",https://55.sml.msudrf.ru/,55.sml.msudrf.ru,нет,67MS0026
Смоленская область,Смоленск,,Судебный участок № 6 в городе Смоленске,MS,Мировой суд,"214004, г Смоленск, ул Багратиона, д 11Б",https://6.sml.msudrf.ru/,6.sml.msudrf.ru,нет,67MS0006
Смоленская область,Смоленск,,Судебный участок № 7 в городе Смоленске,MS,Мировой суд,"214004, г Смоленск, ул Багратиона, д 11Б",https://7.sml.msudrf.ru/,7.sml.msudrf.ru,нет,67MS0007
Смоленская область,Смоленск,,Судебный участок № 8 в городе Смоленске,MS,Мировой суд,"214004, г Смоленск, ул Багратиона, д 11Б",https://8.sml.msudrf.ru/,8.sml.msudrf.ru,нет,67MS0008
Смоленская область,Смоленск,,Судебный участок № 9 в городе Смоленске,MS,Мировой суд,"214000, г Смоленск, ул Большая Советская, д 18/18",https://9.sml.msudrf.ru/,9.sml.msudrf.ru,нет,67MS0009
Смоленская область,Сычевка,,"Судебный участок № 46 в муниципальном образовании ""Сычевский муниципальный округ"" Смоленской области",MS,Мировой суд,"215280, Смоленская обл, г Сычевка, ул Станционное шоссе, д 5",https://46.sml.msudrf.ru/,46.sml.msudrf.ru,нет,67MS0051
Смоленская область,Темкино,,"Судебный участок № 47 в муниципальном образовании ""Темкинский муниципальный округ"" Смоленской области",MS,Мировой суд,"215350, Смоленская обл, с Темкино, ул Советская, д 26",https://47.sml.msudrf.ru/,47.sml.msudrf.ru,нет,67MS0052
Смоленская область,Угра,,"Судебный участок № 48 в муниципальном образовании ""Угранский муниципальный округ"" Смоленской области",MS,Мировой суд,"215430, Смоленская обл, с Угра, ул Ленина, д 71",https://48.sml.msudrf.ru/,48.sml.msudrf.ru,нет,67MS0053
Смоленская область,Хиславичи,,"Судебный участок № 49 в муниципальном образовании ""Хиславичский муниципальный округ"" Смоленской области",MS,Мировой суд,"216620, Смоленская обл, пгт Хиславичи, ул Пролетарская площадь, д 2",https://49.sml.msudrf.ru/,49.sml.msudrf.ru,нет,67MS0054
Смоленская область,Холм-Жирковский,,"Судебный участок № 50 в муниципальном образовании ""Холм-Жирковский муниципальный округ"" Смоленской области",MS,Мировой суд,"215650, Смоленская обл, пгт Холм-Жирковский, ул Нахимовская, д 14А",https://50.sml.msudrf.ru/,50.sml.msudrf.ru,нет,67MS0055
Смоленская область,Шумячи,,"Судебный участок № 51 в муниципальном образовании ""Шумячский муниципальный округ"" Смоленской области",MS,Мировой суд,"216410, Смоленская обл, пгт Шумячи, ул Советская, д 76",https://51.sml.msudrf.ru/,51.sml.msudrf.ru,нет,67MS0056
Смоленская область,Ярцево,,"Судебный участок № 26 в муниципальном образовании ""Ярцевский муниципальный округ"" Смоленской области",MS,Мировой суд,"215800, Смоленская обл, г Ярцево, ул Гагарина, д 13",https://26.sml.msudrf.ru/,26.sml.msudrf.ru,нет,67MS0030
Смоленская область,Ярцево,,"Судебный участок № 27 в муниципальном образовании ""Ярцевский муниципальный округ"" Смоленской области",MS,Мировой суд,"215800, Смоленская обл, г Ярцево, ул Гагарина, д 13",https://27.sml.msudrf.ru/,27.sml.msudrf.ru,нет,67MS0031
Смоленская область,Ярцево,,"Судебный участок № 28 в муниципальном образовании ""Ярцевский муниципальный округ"" Смоленской области",MS,Мировой суд,"215800, Смоленская обл, г Ярцево, ул Гагарина, д 13",https://28.sml.msudrf.ru/,28.sml.msudrf.ru,нет,67MS0032
Калининградская область,Багратионовск,,1-й судебный участок Багратионовского судебного района Калининградской области,MS,Мировой суд,"238420, Калининградская обл, г Багратионовск, ул Калининградская, д 3",https://bagrms1.kln.msudrf.ru/,bagrms1.kln.msudrf.ru,нет,39MS0024
Калининградская область,Багратионовск,,2-й судебный участок Багратионовского судебного района Калининградской области,MS,Мировой суд,"238420, Калининградская обл, г Багратионовск, ул Калининградская, д 3",https://bagrms2.kln.msudrf.ru/,bagrms2.kln.msudrf.ru,нет,39MS0025
Калининградская область,Балтийск,,1-й судебный участок Балтийского судебного района Калининградской области,MS,Мировой суд,"238520, Калининградская обл, г Балтийск, пр-кт Ленина, д 40",https://baltgms1.kln.msudrf.ru/,baltgms1.kln.msudrf.ru,нет,39MS0026
Калининградская область,Балтийск,,2-й судебный участок Балтийского судебного района Калининградской области,MS,Мировой суд,"238520, Калининградская обл, г Балтийск, пр-кт Ленина, д 40",https://baltgms2.kln.msudrf.ru/,baltgms2.kln.msudrf.ru,нет,39MS0027
Калининградская область,Гвардейск,,1-й судебный участок Гвардейского судебного района Калининградской области,MS,Мировой суд,"238210, Калининградская обл, г Гвардейск, ул Тельмана, д 7",https://gvardms1.kln.msudrf.ru/,gvardms1.kln.msudrf.ru,нет,39MS0035
Калининградская область,Гвардейск,,2-й судебный участок Гвардейского судебного района Калининградской области,MS,Мировой суд,"238210, Калининградская обл, г Гвардейск, ул Тельмана, д 7",https://gvardms2.kln.msudrf.ru/,gvardms2.kln.msudrf.ru,нет,39MS0036
Калининградская область,Гурьевск,,1-й судебный участок Гурьевского судебного района Калининградской области,MS,Мировой суд,"238300, Калининградская обл, г Гурьевск, ул Крайняя, д 8",https://gurms1.kln.msudrf.ru/,gurms1.kln.msudrf.ru,нет,39MS0021
Калининградская область,Гурьевск,,2-й судебный участок Гурьевского судебного района Калининградской области,MS,Мировой суд,"238300, Калининградская обл, г Гурьевск, ул Крайняя, д 8",https://gurms2.kln.msudrf.ru/,gurms2.kln.msudrf.ru,нет,39MS0022
Калининградская область,Гурьевск,,3-й судебный участок Гурьевского судебного района Калининградской области,MS,Мировой суд,"238300, Калининградская обл, г Гурьевск, ул Крайняя, д 8",https://gurms3.kln.msudrf.ru/,gurms3.kln.msudrf.ru,нет,39MS0023
Калининградская область,Гусев,,1-й судебный участок Гусевского судебного района Калининградской области,MS,Мировой суд,"238056, Калининградская обл, г Гусев, ул Московская, д 62",https://gusevms1.kln.msudrf.ru/,gusevms1.kln.msudrf.ru,нет,39MS0042
Калининградская область,Гусев,,2-й судебный участок Гусевского судебного района Калининградской области,MS,Мировой суд,"238056, Калининградская обл, г Гусев, ул Московская, д 62",https://gusevms2.kln.msudrf.ru/,gusevms2.kln.msudrf.ru,нет,39MS0043
Калининградская область,Зеленоградск,,1-й судебный участок Зеленоградского судебного района Калининградской области,MS,Мировой суд,"238326, Калининградская обл, г Зеленоградск, пр-кт Курортный, д 9",https://zelms1.kln.msudrf.ru/,zelms1.kln.msudrf.ru,нет,39MS0029
Калининградская область,Зеленоградск,,2-й судебный участок Зеленоградского судебного района Калининградской области,MS,Мировой суд,"238326, Калининградская обл, г Зеленоградск, пр-кт Курортный, д 9",https://zelms2.kln.msudrf.ru/,zelms2.kln.msudrf.ru,нет,39MS0030
Калининградская область,Калининград,,1-й судебный участок Ленинградского судебного района города Калининграда,MS,Мировой суд,"236029, г Калининград, ул Горького, д 152А",https://lenms1.kln.msudrf.ru/,lenms1.kln.msudrf.ru,нет,39MS0001
Калининградская область,Калининград,,1-й судебный участок Московского судебного района города Калининграда,MS,Мировой суд,"236039, г Калининград, ул Подполковника Половца, д 21-23",https://moskms1.kln.msudrf.ru/,moskms1.kln.msudrf.ru,нет,39MS0015
Калининградская область,Калининград,,1-й судебный участок Центрального судебного района города Калининграда,MS,Мировой суд,"236022, г Калининград, ул Коммунальная, д 4-6",https://centms1.kln.msudrf.ru/,centms1.kln.msudrf.ru,нет,39MS0011
Калининградская область,Калининград,,2-й судебный участок Ленинградского судебного района города Калининграда,MS,Мировой суд,"236029, г Калининград, ул Горького, д 152А",https://lenms2.kln.msudrf.ru/,lenms2.kln.msudrf.ru,нет,39MS0002
Калининградская область,Калининград,,2-й судебный участок Московского судебного района города Калининграда,MS,Мировой суд,"236039, г Калининград, ул Подполковника Половца, д 21-23",https://moskms2.kln.msudrf.ru/,moskms2.kln.msudrf.ru,нет,39MS0016
Калининградская область,Калининград,,2-й судебный участок Центрального судебного района города Калининграда,MS,Мировой суд,"236022, г Калининград, ул Репина, д 20",https://centms2.kln.msudrf.ru/,centms2.kln.msudrf.ru,нет,39MS0012
Калининградская область,Калининград,,3-й судебный участок Ленинградского судебного района города Калининграда,MS,Мировой суд,"236029, г Калининград, ул Горького, д 152А",https://lenms3.kln.msudrf.ru/,lenms3.kln.msudrf.ru,нет,39MS0003
Калининградская область,Калининград,,3-й судебный участок Московского судебного района города Калининграда,MS,Мировой суд,"236039, г Калининград, ул Подполковника Половца, д 21-23",https://moskms3.kln.msudrf.ru/,moskms3.kln.msudrf.ru,нет,39MS0017
Калининградская область,Калининград,,3-й судебный участок Центрального судебного района города Калининграда,MS,Мировой суд,"236023, г Калининград, ул Молочинского, д 2А",https://centms3.kln.msudrf.ru/,centms3.kln.msudrf.ru,нет,39MS0013
Калининградская область,Калининград,,4-й судебный участок Ленинградского судебного района города Калининграда,MS,Мировой суд,"236041, г Калининград, ул Старшины Дадаева, д 62",https://lenms4.kln.msudrf.ru/,lenms4.kln.msudrf.ru,нет,39MS0004
Калининградская область,Калининград,,4-й судебный участок Московского судебного района города Калининграда,MS,Мировой суд,"236011, г Калининград, ул Судостроительная, д 75 стр 4",https://moskms4.kln.msudrf.ru/,moskms4.kln.msudrf.ru,нет,39MS0018
Калининградская область,Калининград,,4-й судебный участок Центрального судебного района города Калининграда,MS,Мировой суд,"236022, г Калининград, ул Калужская, д 12-18",https://centms4.kln.msudrf.ru/,centms4.kln.msudrf.ru,нет,39MS0014
Калининградская область,Калининград,,5-й судебный участок Ленинградского судебного района города Калининграда,MS,Мировой суд,"236029, г Калининград, ул Горького, д 152А",https://lenms5.kln.msudrf.ru/,lenms5.kln.msudrf.ru,нет,39MS0005
Калининградская область,Калининград,,5-й судебный участок Московского судебного района города Калининграда,MS,Мировой суд,"236011, г Калининград, ул Судостроительная, д 75 стр 4",https://moskms5.kln.msudrf.ru/,moskms5.kln.msudrf.ru,нет,39MS0008
Калининградская область,Калининград,,5-й судебный участок Центрального судебного района города Калининграда,MS,Мировой суд,"236022, г Калининград, ул Коммунальная, д 4-6",https://centms5.kln.msudrf.ru/,centms5.kln.msudrf.ru,нет,39MS0019
Калининградская область,Калининград,,6-й судебный участок Ленинградского судебного района города Калининграда,MS,Мировой суд,"236029, г Калининград, ул Горького, д 152А",https://lenms6.kln.msudrf.ru/,lenms6.kln.msudrf.ru,нет,39MS0006
Калининградская область,Калининград,,6-й судебный участок Московского судебного района города Калининграда,MS,Мировой суд,"236005, г Калининград, ул Киевская, д 110",https://moskms6.kln.msudrf.ru/,moskms6.kln.msudrf.ru,нет,39MS0009
Калининградская область,Калининград,,6-й судебный участок Центрального судебного района города Калининграда,MS,Мировой суд,"236022, г Калининград, ул Коммунальная, д 4-6",https://centms6.kln.msudrf.ru/,centms6.kln.msudrf.ru,нет,39MS0020
Калининградская область,Калининград,,7-й судебный участок Ленинградского судебного района города Калининграда,MS,Мировой суд,"236029, г Калининград, ул Горького, д 152А",https://lenms7.kln.msudrf.ru/,lenms7.kln.msudrf.ru,нет,39MS0007
Калининградская область,Калининград,,7-й судебный участок Московского судебного района города Калининграда,MS,Мировой суд,"236005, г Калининград, ул Киевская, д 110",https://moskms7.kln.msudrf.ru/,moskms7.kln.msudrf.ru,нет,39MS0010
Калининградская область,Калининград,,8-й судебный участок Ленинградского судебного района города Калининграда,MS,Мировой суд,"236029, г Калининград, ул Горького, д 152А",https://lenms8.kln.msudrf.ru/,lenms8.kln.msudrf.ru,нет,39MS0049
Калининградская область,Калининград,,8-й судебный участок Московского судебного района города Калининграда,MS,Мировой суд,"236005, г Калининград, ул Киевская, д 110",https://moskms8.kln.msudrf.ru/,moskms8.kln.msudrf.ru,нет,39MS0050
Калининградская область,Краснознаменск,,Судебный участок Краснознаменского судебного района Калининградской области,MS,Мировой суд,"238730, Калининградская обл, г Краснознаменск, ул Калининградская, д 29Б",https://krasms.kln.msudrf.ru/,krasms.kln.msudrf.ru,нет,39MS0040
Калининградская область,Неман,,Судебный участок Неманского судебного района Калининградской области,MS,Мировой суд,"238710, Калининградская обл, г Неман, ул Октябрьская, д 7",https://nemanms.kln.msudrf.ru/,nemanms.kln.msudrf.ru,нет,39MS0047
Калининградская область,Нестеров,,Судебный участок Нестеровского судебного района Калининградской области,MS,Мировой суд,"238010, Калининградская обл, г Нестеров, ул Октябрьская, д 7",https://nestms.kln.msudrf.ru/,nestms.kln.msudrf.ru,нет,39MS0041
Калининградская область,Озерск,,Судебный участок Озерского судебного района Калининградской области,MS,Мировой суд,"238120, Калининградская обл, г Озерск, ул Советская, д 4А",https://ozerms.kln.msudrf.ru/,ozerms.kln.msudrf.ru,нет,39MS0044
Калининградская область,Полесск,,Судебный участок Полесского судебного района Калининградской области,MS,Мировой суд,"238630, Калининградская обл, г Полесск, ул Советская, зд 14",https://polesms.kln.msudrf.ru/,polesms.kln.msudrf.ru,нет,39MS0034
Калининградская область,Правдинск,,Судебный участок Правдинского судебного района Калининградской области,MS,Мировой суд,"238400, Калининградская обл, г Правдинск, ул Кутузова, зд 5",https://pravdms.kln.msudrf.ru/,pravdms.kln.msudrf.ru,нет,39MS0033
Калининградская область,Светлогорск,,1-й судебный участок Светлогорского судебного района Калининградской области,MS,Мировой суд,"238560, Калининградская обл, г Светлогорск, пр-кт Калининградский, д 35",https://svetgms1.kln.msudrf.ru/,svetgms1.kln.msudrf.ru,нет,39MS0031
Калининградская область,Светлогорск,,2-й судебный участок Светлогорского судебного района Калининградской области,MS,Мировой суд,"238560, Калининградская обл, г Светлогорск, пр-кт Калининградский, д 35",https://svetgms2.kln.msudrf.ru/,svetgms2.kln.msudrf.ru,нет,39MS0032
Калининградская область,Светлый,,Судебный участок Светловского судебного района Калининградской области,MS,Мировой суд,"238340, Калининградская обл, г Светлый, ул Советская, д 47",https://svetlms.kln.msudrf.ru/,svetlms.kln.msudrf.ru,нет,39MS0028
Калининградская область,Славск,,Судебный участок Славского судебного района Калининградской области,MS,Мировой суд,"238600, Калининградская обл, г Славск, ул Советская, зд 8А",https://slavms.kln.msudrf.ru/,slavms.kln.msudrf.ru,нет,39MS0048
Калининградская область,Советск,,1-й судебный участок Советского судебного района Калининградской области,MS,Мировой суд,"238750, Калининградская обл, г Советск, пер Космонавтов, д 7",https://sovetms1.kln.msudrf.ru/,sovetms1.kln.msudrf.ru,нет,39MS0045
Калининградская область,Советск,,2-й судебный участок Советского судебного района Калининградской области,MS,Мировой суд,"238750, Калининградская обл, г Советск, пер Космонавтов, д 7",https://sovetms2.kln.msudrf.ru/,sovetms2.kln.msudrf.ru,нет,39MS0046
Калининградская область,Черняховск,,1-й судебный участок Черняховского судебного района Калининградской области,MS,Мировой суд,"238150, Калининградская обл, г Черняховск, ул Железнодорожная, д 11",https://tshernms1.kln.msudrf.ru/,tshernms1.kln.msudrf.ru,нет,39MS0037
Калининградская область,Черняховск,,2-й судебный участок Черняховского судебного района Калининградской области,MS,Мировой суд,"238150, Калининградская обл, г Черняховск, ул Железнодорожная, д 11",https://tshernms2.kln.msudrf.ru/,tshernms2.kln.msudrf.ru,нет,39MS0038
Калининградская область,Черняховск,,3-й судебный участок Черняховского судебного района Калининградской области,MS,Мировой суд,"238150, Калининградская обл, г Черняховск, ул Железнодорожная, д 11",https://tshernms3.kln.msudrf.ru/,tshernms3.kln.msudrf.ru,нет,39MS0039
Республика Мордовия,Ардатов,,Судебный участок мирового судьи Ардатовского района,MS,Мировой суд,"431860, Респ Мордовия, г Ардатов, пер Луначарского, д 12",https://mirsud.e-mordovia.ru/,mirsud.e-mordovia.ru,нет,13MS0001
Республика Мордовия,Атюрьево,,Судебный участок мирового судьи Атюрьевского района,MS,Мировой суд,"431050, Респ Мордовия, с Атюрьево, ул Кирова, д 1",https://mirsud.e-mordovia.ru/,mirsud.e-mordovia.ru,нет,13MS0002
Республика Мордовия,Атяшево,,Судебный участок мирового судьи Атяшевского района,MS,Мировой суд,"431800, Респ Мордовия, рп Атяшево, ул Ленина, д 7",https://mirsud.e-mordovia.ru/,mirsud.e-mordovia.ru,нет,13MS0003
Республика Мордовия,Большие Березники,,Судебный участок мирового судьи Большеберезниковского района,MS,Мировой суд,"431750, Респ Мордовия, с Большие Березники, ул Ульяновская, д 19",https://mirsud.e-mordovia.ru/,mirsud.e-mordovia.ru,нет,13MS0004
Республика Мордовия,Большое Игнатово,,Судебный участок мирового судьи Большеигнатовского района,MS,Мировой суд,"431670, Респ Мордовия, с Большое Игнатово, ул Советская, д 15",https://mirsud.e-mordovia.ru/,mirsud.e-mordovia.ru,нет,13MS0005
Республика Мордовия,Дубенки,,Судебный участок мирового судьи Дубенского района,MS,Мировой суд,"431770, Респ Мордовия, с Дубенки, ул Денисова, д 2",https://mirsud.e-mordovia.ru/,mirsud.e-mordovia.ru,нет,13MS0006
Республика Мордовия,Ельники,,Судебный участок мирового судьи Ельниковского района,MS,Мировой суд,"431370, Респ Мордовия, с Ельники, пл 1 Мая, стр 17",https://mirsud.e-mordovia.ru/,mirsud.e-mordovia.ru,нет,13MS0007
Республика Мордовия,Зубова Поляна,,Судебный участок № 1 мирового судьи Зубово-Полянского района,MS,Мировой суд,"431110, Респ Мордовия, рп Зубова Поляна, пер Почтовый, д 19",https://mirsud.e-mordovia.ru/,mirsud.e-mordovia.ru,нет,13MS0008
Республика Мордовия,Зубова Поляна,,Судебный участок № 2 мирового судьи Зубово-Полянского района,MS,Мировой суд,"431110, Респ Мордовия, рп Зубова Поляна, пер Почтовый, д 19",https://mirsud.e-mordovia.ru/,mirsud.e-mordovia.ru,нет,13MS0009
Республика Мордовия,Инсар,,Судебный участок мирового судьи Инсарского района,MS,Мировой суд,"431430, Респ Мордовия, г Инсар, ул Красноармейская, зд 1",https://mirsud.e-mordovia.ru/,mirsud.e-mordovia.ru,нет,13MS0010
Республика Мордовия,Кадошкино,,Судебный участок мирового судьи Кадошкинского района,MS,Мировой суд,"431900, Респ Мордовия, рп Кадошкино, ул Октябрьская, д 1",https://mirsud.e-mordovia.ru/,mirsud.e-mordovia.ru,нет,13MS0012
Республика Мордовия,Кемля,,Судебный участок мирового судьи Ичалковского района,MS,Мировой суд,"431640, Респ Мордовия, с Кемля, ул Советская, зд 60",https://mirsud.e-mordovia.ru/,mirsud.e-mordovia.ru,нет,13MS0011
Республика Мордовия,Ковылкино,,Судебный участок № 1 мирового судьи Ковылкинского района,MS,Мировой суд,"431350, Респ Мордовия, г Ковылкино, ул Пролетарская, зд 70",https://mirsud.e-mordovia.ru/,mirsud.e-mordovia.ru,нет,13MS0013
Республика Мордовия,Ковылкино,,Судебный участок № 2 мирового судьи Ковылкинского района,MS,Мировой суд,"431350, Респ Мордовия, г Ковылкино, ул Пролетарская, зд 70",https://mirsud.e-mordovia.ru/,mirsud.e-mordovia.ru,нет,13MS0014
Республика Мордовия,Кочкурово,,Судебный участок мирового судьи Кочкуровского района,MS,Мировой суд,"431580, Респ Мордовия, Кочкуровский р-н, с Кочкурово, ул Нагорная, д 6",https://mirsud.e-mordovia.ru/,mirsud.e-mordovia.ru,нет,13MS0016
Республика Мордовия,Краснослободск,,Судебный участок мирового судьи Краснослободского района,MS,Мировой суд,"431260, Респ Мордовия, г Краснослободск, ул Интернациональная, д 69",https://mirsud.e-mordovia.ru/,mirsud.e-mordovia.ru,нет,13MS0017
Республика Мордовия,Лямбирь,,Судебный участок № 1 мирового судьи Лямбирского района,MS,Мировой суд,"431510, Респ Мордовия, с Лямбирь, ул Ленина, д 1Б",https://mirsud.e-mordovia.ru/,mirsud.e-mordovia.ru,нет,13MS0022
Республика Мордовия,Лямбирь,,Судебный участок № 2 мирового судьи Лямбирского района,MS,Мировой суд,"431510, Респ Мордовия, с Лямбирь, ул Ленина, д 1Б",https://mirsud.e-mordovia.ru/,mirsud.e-mordovia.ru,нет,13MS0023
Республика Мордовия,Ромоданово,,Судебный участок мирового судьи Ромодановского района,MS,Мировой суд,"431600, Респ Мордовия, п Ромоданово, ул Центральная, д 5",https://mirsud.e-mordovia.ru/,mirsud.e-mordovia.ru,нет,13MS0032
Республика Мордовия,Рузаевка,,Судебный участок № 1 мирового судьи Рузаевского района,MS,Мировой суд,"431444, Респ Мордовия, г Рузаевка, ул Петрова, д 16А",https://mirsud.e-mordovia.ru/,mirsud.e-mordovia.ru,нет,13MS0036
Республика Мордовия,Рузаевка,,Судебный участок № 2 мирового судьи Рузаевского района,MS,Мировой суд,"431444, Респ Мордовия, г Рузаевка, ул Петрова, д 16А",https://mirsud.e-mordovia.ru/,mirsud.e-mordovia.ru,нет,13MS0034
Республика Мордовия,Рузаевка,,Судебный участок № 3 мирового судьи Рузаевского района,MS,Мировой суд,"431444, Респ Мордовия, г Рузаевка, ул Петрова, д 16А",https://mirsud.e-mordovia.ru/,mirsud.e-mordovia.ru,нет,13MS0035
Республика Мордовия,Саранск,,Судебный участок № 1 мирового судьи Ленинского района г. Саранска,MS,Мировой суд,"430032, г Саранск, ул Энгельса, д 15 к 8",https://mirsud.e-mordovia.ru/,mirsud.e-mordovia.ru,нет,13MS0018
Республика Мордовия,Саранск,,Судебный участок № 1 мирового судьи Октябрьского района г. Саранска,MS,Мировой суд,"430033, г Саранск, ул Ярославская, д 12",https://mirsud.e-mordovia.ru/,mirsud.e-mordovia.ru,нет,13MS0024
Республика Мордовия,Саранск,,Судебный участок № 1 мирового судьи Пролетарского района г. Саранска,MS,Мировой суд,"430034, г Саранск, ул Коваленко, д 47А",https://mirsud.e-mordovia.ru/,mirsud.e-mordovia.ru,нет,13MS0028
Республика Мордовия,Саранск,,Судебный участок № 2 мирового судьи Ленинского района г. Саранска,MS,Мировой суд,"430032, г Саранск, ул Энгельса, д 15 к 8",https://mirsud.e-mordovia.ru/,mirsud.e-mordovia.ru,нет,13MS0019
Республика Мордовия,Саранск,,Судебный участок № 2 мирового судьи Октябрьского района г. Саранска,MS,Мировой суд,"430033, г Саранск, ул Ярославская, д 12",https://mirsud.e-mordovia.ru/,mirsud.e-mordovia.ru,нет,13MS0025
Республика Мордовия,Саранск,,Судебный участок № 2 мирового судьи Пролетарского района г. Саранска,MS,Мировой суд,"430034, г Саранск, ул Коваленко, д 47А",https://mirsud.e-mordovia.ru/,mirsud.e-mordovia.ru,нет,13MS0029
Республика Мордовия,Саранск,,Судебный участок № 3 мирового судьи Ленинского района г. Саранска,MS,Мировой суд,"430032, г Саранск, ул Энгельса, д 15 к 8",https://mirsud.e-mordovia.ru/,mirsud.e-mordovia.ru,нет,13MS0020
Республика Мордовия,Саранск,,Судебный участок № 3 мирового судьи Октябрьского района г. Саранска,MS,Мировой суд,"430033, г Саранск, ул Ярославская, д 12",https://mirsud.e-mordovia.ru/,mirsud.e-mordovia.ru,нет,13MS0026
Республика Мордовия,Саранск,,Судебный участок № 3 мирового судьи Пролетарского района г. Саранска,MS,Мировой суд,"430034, г Саранск, ул Коваленко, д 47А",https://mirsud.e-mordovia.ru/,mirsud.e-mordovia.ru,нет,13MS0030
Республика Мордовия,Саранск,,Судебный участок № 4 мирового судьи Ленинского района г. Саранска,MS,Мировой суд,"430032, г Саранск, ул Энгельса, д 15 к 8",https://mirsud.e-mordovia.ru/,mirsud.e-mordovia.ru,нет,13MS0021
Республика Мордовия,Саранск,,Судебный участок № 4 мирового судьи Октябрьского района г. Саранска,MS,Мировой суд,"430033, г Саранск, ул Ярославская, д 12",https://mirsud.e-mordovia.ru/,mirsud.e-mordovia.ru,нет,13MS0027
Республика Мордовия,Саранск,,Судебный участок № 4 мирового судьи Пролетарского района г. Саранска,MS,Мировой суд,"430034, г Саранск, ул Коваленко, д 47А",https://mirsud.e-mordovia.ru/,mirsud.e-mordovia.ru,нет,13MS0031
Республика Мордовия,Саранск,,Судебный участок № 5 мирового судьи Ленинского района г. Саранска,MS,Мировой суд,"430032, г Саранск, ул Энгельса, д 15 к 8",https://mirsud.e-mordovia.ru/,mirsud.e-mordovia.ru,нет,13MS0015
Республика Мордовия,Саранск,,Судебный участок № 5 мирового судьи Октябрьского района г. Саранска,MS,Мировой суд,,https://mirsud.e-mordovia.ru/,mirsud.e-mordovia.ru,нет,13MS0044
Республика Мордовия,Саранск,,Судебный участок № 6 мирового судьи Ленинского района г. Саранска,MS,Мировой суд,,https://mirsud.e-mordovia.ru/,mirsud.e-mordovia.ru,нет,13MS0043
Республика Мордовия,Саранск,,Судебный участок № 6 мирового судьи Октябрьского района г. Саранска,MS,Мировой суд,,https://mirsud.e-mordovia.ru/,mirsud.e-mordovia.ru,нет,13MS0045
Республика Мордовия,Старое Шайгово,,Судебный участок мирового судьи Старошайговского района,MS,Мировой суд,"431540, Респ Мордовия, с Старое Шайгово, ул Ленина, зд 1",https://mirsud.e-mordovia.ru/,mirsud.e-mordovia.ru,нет,13MS0037
Республика Мордовия,Темников,,Судебный участок мирового судьи Темниковского района,MS,Мировой суд,"431220, Респ Мордовия, г Темников, ул Ленина, д 49",https://mirsud.e-mordovia.ru/,mirsud.e-mordovia.ru,нет,13MS0038
Республика Мордовия,Теньгушево,,Судебный участок мирового судьи Теньгушевского района,MS,Мировой суд,"431210, Респ Мордовия, с Теньгушево, ул Ленина, д 72А",https://mirsud.e-mordovia.ru/,mirsud.e-mordovia.ru,нет,13MS0039
Республика Мордовия,Торбеево,,Судебный участок мирового судьи Торбеевского района,MS,Мировой суд,"431030, Респ Мордовия, рп Торбеево, ул Водная, д 1Б",https://mirsud.e-mordovia.ru/,mirsud.e-mordovia.ru,нет,13MS0040
Республика Мордовия,Чамзинка,,Судебный участок № 1 мирового судьи Чамзинского района,MS,Мировой суд,"431700, Респ Мордовия, рп Чамзинка, ул Почтовая, д 4",https://mirsud.e-mordovia.ru/,mirsud.e-mordovia.ru,нет,13MS0041
Республика Мордовия,Чамзинка,,Судебный участок № 2 мирового судьи Чамзинского района,MS,Мировой суд,"431700, Респ Мордовия, рп Чамзинка, ул Почтовая, д 4",https://mirsud.e-mordovia.ru/,mirsud.e-mordovia.ru,нет,13MS0042
Камчатский край,Вилючинск,,Судебный участок № 25 г. Вилючинск,MS,Мировой суд,"684090, Камчатский край, г Вилючинск, ул Спортивная, д 8",https://25.kmch.msudrf.ru/,25.kmch.msudrf.ru,нет,41MS0025
Камчатский край,Вилючинск,,Судебный участок № 26 г. Вилючинск,MS,Мировой суд,"684090, Камчатский край, г Вилючинск, ул Спортивная, д 8",https://26.kmch.msudrf.ru/,26.kmch.msudrf.ru,нет,41MS0026
Камчатский край,Елизово,,Судебный участок № 19 г. Елизово,MS,Мировой суд,"684000, Камчатский край, г Елизово, ул 40 лет Октября, д 7А",https://19.kmch.msudrf.ru/,19.kmch.msudrf.ru,нет,41MS0019
Камчатский край,Елизово,,Судебный участок № 20 г. Елизово,MS,Мировой суд,"684000, Камчатский край, г Елизово, ул 40 лет Октября, д 7А",https://20.kmch.msudrf.ru/,20.kmch.msudrf.ru,нет,41MS0020
Камчатский край,Елизово,,Судебный участок № 21 г. Елизово,MS,Мировой суд,"684000, Камчатский край, г Елизово, ул 40 лет Октября, д 7А",https://21.kmch.msudrf.ru/,21.kmch.msudrf.ru,нет,41MS0021
Камчатский край,Елизово,,Судебный участок № 22 г. Елизово,MS,Мировой суд,"684000, Камчатский край, г Елизово, ул 40 лет Октября, д 7А",https://22.kmch.msudrf.ru/,22.kmch.msudrf.ru,нет,41MS0022
Камчатский край,Елизово,,Судебный участок № 23 г. Елизово,MS,Мировой суд,"684000, Камчатский край, г Елизово, ул 40 лет Октября, д 7А",https://23.kmch.msudrf.ru/,23.kmch.msudrf.ru,нет,41MS0023
Камчатский край,Елизово,,Судебный участок № 24 г. Елизово,MS,Мировой суд,"684000, Камчатский край, г Елизово, ул 40 лет Октября, д 7А",https://24.kmch.msudrf.ru/,24.kmch.msudrf.ru,нет,41MS0024
Камчатский край,Каменское,,Судебный участок № 37 Олюторский район,MS,Мировой суд,"688850, Камчатский край, с Каменское, ул Речная, зд 5",https://37.kmch.msudrf.ru/,37.kmch.msudrf.ru,нет,41MS0037
Камчатский край,Ключи,,Судебный участок № 32 Усть-Камчатский район,MS,Мировой суд,"684400, Камчатский край, Усть-Камчатский р-н, п Ключи, ул Кирова, д 122",https://32.kmch.msudrf.ru/,32.kmch.msudrf.ru,нет,41MS0032
Камчатский край,Мильково,,Судебный участок № 29 Мильковский район,MS,Мировой суд,"684300, Камчатский край, с Мильково, ул Партизанская, д 46",https://29.kmch.msudrf.ru/,29.kmch.msudrf.ru,нет,41MS0029
Камчатский край,Мильково,,Судебный участок № 30 Мильковский район,MS,Мировой суд,"684300, Камчатский край, с Мильково, пр-кт Космонавтов, д 3",https://30.kmch.msudrf.ru/,30.kmch.msudrf.ru,нет,41MS0030
Камчатский край,Оссора,,Судебный участок № 35 Карагинский район,MS,Мировой суд,"688700, Камчатский край, п Оссора, ул Советская, стр 72",https://35.kmch.msudrf.ru/,35.kmch.msudrf.ru,нет,41MS0035
Камчатский край,Петропавловск-Камчатский,,Судебный участок № 1 Петропавловск-Камчатского судебного района,MS,Мировой суд,"683017, г Петропавловск-Камчатский, ул Зеркальная, д 50",https://1.kmch.msudrf.ru/,1.kmch.msudrf.ru,нет,41MS0001
Камчатский край,Петропавловск-Камчатский,,Судебный участок № 10 г. Петропавловск-Камчатский,MS,Мировой суд,"683031, г Петропавловск-Камчатский, пр-кт Карла Маркса, д 29/1",https://10.kmch.msudrf.ru/,10.kmch.msudrf.ru,нет,41MS0010
Камчатский край,Петропавловск-Камчатский,,Судебный участок № 11 г. Петропавловск-Камчатский,MS,Мировой суд,"683031, г Петропавловск-Камчатский, пр-кт Карла Маркса, д 29/1",https://11.kmch.msudrf.ru/,11.kmch.msudrf.ru,нет,41MS0011
Камчатский край,Петропавловск-Камчатский,,Судебный участок № 12 Петропавловск-Камчатского судебного района,MS,Мировой суд,"683031, г Петропавловск-Камчатский, пр-кт Карла Маркса, д 29/1",https://12.kmch.msudrf.ru/,12.kmch.msudrf.ru,нет,41MS0012
Камчатский край,Петропавловск-Камчатский,,Судебный участок № 13 г. Петропавловск-Камчатский,MS,Мировой суд,"683031, г Петропавловск-Камчатский, пр-кт Карла Маркса, д 29/1",https://13.kmch.msudrf.ru/,13.kmch.msudrf.ru,нет,41MS0013
Камчатский край,Петропавловск-Камчатский,,Судебный участок № 14 Петропавловск-Камчатского судебного района,MS,Мировой суд,"683017, г Петропавловск-Камчатский, ул Зеркальная, д 50",https://14.kmch.msudrf.ru/,14.kmch.msudrf.ru,нет,41MS0014
Камчатский край,Петропавловск-Камчатский,,Судебный участок № 15 г. Петропавловск-Камчатский,MS,Мировой суд,"683031, г Петропавловск-Камчатский, пр-кт Карла Маркса, д 29/1",https://15.kmch.msudrf.ru/,15.kmch.msudrf.ru,нет,41MS0015
Камчатский край,Петропавловск-Камчатский,,Судебный участок № 16 г. Петропавловск-Камчатский,MS,Мировой суд,"683031, г Петропавловск-Камчатский, пр-кт Карла Маркса, д 29/1",https://16.kmch.msudrf.ru/,16.kmch.msudrf.ru,нет,41MS0016
Камчатский край,Петропавловск-Камчатский,,Судебный участок № 17 г. Петропавловск-Камчатский,MS,Мировой суд,"683031, г Петропавловск-Камчатский, пр-кт Карла Маркса, д 29/1",https://17.kmch.msudrf.ru/,17.kmch.msudrf.ru,нет,41MS0017
Камчатский край,Петропавловск-Камчатский,,Судебный участок № 18 г. Петропавловск-Камчатский,MS,Мировой суд,"683031, г Петропавловск-Камчатский, пр-кт Карла Маркса, д 29/1",https://18.kmch.msudrf.ru/,18.kmch.msudrf.ru,нет,41MS0018
Камчатский край,Петропавловск-Камчатский,,Судебный участок № 2 Петропавловск-Камчатского судебного района,MS,Мировой суд,"683017, г Петропавловск-Камчатский, ул Зеркальная, д 50",https://2.kmch.msudrf.ru/,2.kmch.msudrf.ru,нет,41MS0002
Камчатский край,Петропавловск-Камчатский,,Судебный участок № 3 г. Петропавловск-Камчатский,MS,Мировой суд,"683031, г Петропавловск-Камчатский, пр-кт Карла Маркса, д 29/1",https://3.kmch.msudrf.ru/,3.kmch.msudrf.ru,нет,41MS0003
Камчатский край,Петропавловск-Камчатский,,Судебный участок № 4 Петропавловск-Камчатского судебного района,MS,Мировой суд,"683017, г Петропавловск-Камчатский, ул Зеркальная, д 50",https://4.kmch.msudrf.ru/,4.kmch.msudrf.ru,нет,41MS0004
Камчатский край,Петропавловск-Камчатский,,Судебный участок № 5 Петропавловск-Камчатского судебного района,MS,Мировой суд,"683017, г Петропавловск-Камчатский, ул Зеркальная, д 50",https://5.kmch.msudrf.ru/,5.kmch.msudrf.ru,нет,41MS0005
Камчатский край,Петропавловск-Камчатский,,Судебный участок № 6 Петропавловск-Камчатского судебного района,MS,Мировой суд,"683031, г Петропавловск-Камчатский, пр-кт Карла Маркса, д 29/1",https://6.kmch.msudrf.ru/,6.kmch.msudrf.ru,нет,41MS0006
Камчатский край,Петропавловск-Камчатский,,Судебный участок № 7 Петропавловск-Камчатского судебного района,MS,Мировой суд,"683017, г Петропавловск-Камчатский, ул Зеркальная, д 50",https://7.kmch.msudrf.ru/,7.kmch.msudrf.ru,нет,41MS0007
Камчатский край,Петропавловск-Камчатский,,Судебный участок № 8 Петропавловск-Камчатского судебного района,MS,Мировой суд,"683017, г Петропавловск-Камчатский, ул Зеркальная, д 50",https://8.kmch.msudrf.ru/,8.kmch.msudrf.ru,нет,41MS0008
Камчатский край,Петропавловск-Камчатский,,Судебный участок № 9 Петропавловск-Камчатского судебного района,MS,Мировой суд,"683017, г Петропавловск-Камчатский, ул Зеркальная, д 50",https://9.kmch.msudrf.ru/,9.kmch.msudrf.ru,нет,41MS0009
Камчатский край,Соболево,,Судебный участок № 33 Соболевский район,MS,Мировой суд,"684200, Камчатский край, с Соболево, ул Комсомольская, д 15",https://33.kmch.msudrf.ru/,33.kmch.msudrf.ru,нет,41MS0033
Камчатский край,Тигиль,,Судебный участок № 34 Тигильский район,MS,Мировой суд,"688600, Камчатский край, с Тигиль, пер Строительный, д 19",https://34.kmch.msudrf.ru/,34.kmch.msudrf.ru,нет,41MS0034
Камчатский край,Тиличики,,Судебный участок № 36 Олюторский район,MS,Мировой суд,"688800, Камчатский край, с Тиличики, ул Молодежная, зд 12",https://36.kmch.msudrf.ru/,36.kmch.msudrf.ru,нет,41MS0036
Камчатский край,Усть-Большерецк,,Судебный участок № 27 Усть-Большерецкий район,MS,Мировой суд,"684100, Камчатский край, с Усть-Большерецк, ул Калининская, д 19",https://27.kmch.msudrf.ru/,27.kmch.msudrf.ru,нет,41MS0027
Камчатский край,Усть-Большерецк,,Судебный участок № 28 Усть-Большерецкий район,MS,Мировой суд,"684100, Камчатский край, с Усть-Большерецк, ул Калининская, д 19",https://28.kmch.msudrf.ru/,28.kmch.msudrf.ru,нет,41MS0028
Камчатский край,Усть-Камчатск,,Судебный участок № 31 Усть-Камчатский район,MS,Мировой суд,"684415, Камчатский край, п Усть-Камчатск, ул 60 лет Октября, д 24",https://31.kmch.msudrf.ru/,31.kmch.msudrf.ru,нет,41MS0031
Севастополь,Севастополь,,Судебный участок № 1 Балаклавского судебного района города Севастополя,MS,Мировой суд,"299043, г Севастополь, ул Невская, д 5",https://mirsud.sev.gov.ru/,mirsud.sev.gov.ru,нет,92MS0001
Севастополь,Севастополь,,Судебный участок № 10 Гагаринского судебного района города Севастополя,MS,Мировой суд,,https://mirsud.sev.gov.ru/,mirsud.sev.gov.ru,нет,92MS0010
Севастополь,Севастополь,,Судебный участок № 11 Ленинского судебного района города Севастополя,MS,Мировой суд,,https://mirsud.sev.gov.ru/,mirsud.sev.gov.ru,нет,92MS0011
Севастополь,Севастополь,,Судебный участок № 12 Ленинского судебного района города Севастополя,MS,Мировой суд,,https://mirsud.sev.gov.ru/,mirsud.sev.gov.ru,нет,92MS0012
Севастополь,Севастополь,,Судебный участок № 13 Ленинского судебного района города Севастополя,MS,Мировой суд,"299029, г Севастополь, ул Хрусталева, д 4",https://mirsud.sev.gov.ru/,mirsud.sev.gov.ru,нет,92MS0013
Севастополь,Севастополь,,Судебный участок № 14 Ленинского судебного района города Севастополя,MS,Мировой суд,"299029, г Севастополь, ул Хрусталева, д 4",https://mirsud.sev.gov.ru/,mirsud.sev.gov.ru,нет,92MS0014
Севастополь,Севастополь,,Судебный участок № 15 Ленинского судебного района города Севастополя,MS,Мировой суд,,https://mirsud.sev.gov.ru/,mirsud.sev.gov.ru,нет,92MS0015
Севастополь,Севастополь,,Судебный участок № 16 Ленинского судебного района города Севастополя,MS,Мировой суд,,https://mirsud.sev.gov.ru/,mirsud.sev.gov.ru,нет,92MS0016
Севастополь,Севастополь,,Судебный участок № 17 Нахимовского судебного района города Севастополя,MS,Мировой суд,,https://mirsud.sev.gov.ru/,mirsud.sev.gov.ru,нет,92MS0017
Севастополь,Севастополь,,Судебный участок № 18 Нахимовского судебного района города Севастополя,MS,Мировой суд,,https://mirsud.sev.gov.ru/,mirsud.sev.gov.ru,нет,92MS0018
Севастополь,Севастополь,,Судебный участок № 19 Нахимовского судебного района города Севастополя,MS,Мировой суд,,https://mirsud.sev.gov.ru/,mirsud.sev.gov.ru,нет,92MS0019
Севастополь,Севастополь,,Судебный участок № 2 Балаклавского судебного района города Севастополя,MS,Мировой суд,"299703, г Севастополь, г Инкерман, ул Менжинского, д 25",https://mirsud.sev.gov.ru/,mirsud.sev.gov.ru,нет,92MS0002
Севастополь,Севастополь,,Судебный участок № 20 Нахимовского судебного района города Севастополя,MS,Мировой суд,,https://mirsud.sev.gov.ru/,mirsud.sev.gov.ru,нет,92MS0020
Севастополь,Севастополь,,Судебный участок № 21 Нахимовского судебного района города Севастополя,MS,Мировой суд,,https://mirsud.sev.gov.ru/,mirsud.sev.gov.ru,нет,92MS0021
Севастополь,Севастополь,,Судебный участок № 3 Балаклавского судебного района города Севастополя,MS,Мировой суд,,https://mirsud.sev.gov.ru/,mirsud.sev.gov.ru,нет,92MS0003
Севастополь,Севастополь,,Судебный участок № 4 Гагаринского судебного района города Севастополя,MS,Мировой суд,,https://mirsud.sev.gov.ru/,mirsud.sev.gov.ru,нет,92MS0004
Севастополь,Севастополь,,Судебный участок № 5 Гагаринского судебного района города Севастополя,MS,Мировой суд,,https://mirsud.sev.gov.ru/,mirsud.sev.gov.ru,нет,92MS0005
Севастополь,Севастополь,,Судебный участок № 6 Гагаринского судебного района города Севастополя,MS,Мировой суд,"299014, г Севастополь, ул Правды, д 10",https://mirsud.sev.gov.ru/,mirsud.sev.gov.ru,нет,92MS0006
Севастополь,Севастополь,,Судебный участок № 7 Гагаринского судебного района города Севастополя,MS,Мировой суд,,https://mirsud.sev.gov.ru/,mirsud.sev.gov.ru,нет,92MS0007
Севастополь,Севастополь,,Судебный участок № 8 Гагаринского судебного района города Севастополя,MS,Мировой суд,,https://mirsud.sev.gov.ru/,mirsud.sev.gov.ru,нет,92MS0008
Севастополь,Севастополь,,Судебный участок № 9 Гагаринского судебного района города Севастополя,MS,Мировой суд,"299014, г Севастополь, ул Правды, д 10",https://mirsud.sev.gov.ru/,mirsud.sev.gov.ru,нет,92MS0009
