РЕГИОН,ГОРОД,РАЙОН,НАЗВАНИЕ,ТИП,ТИП_НАЗВАНИЕ,АДРЕС,САЙТ,ДОМЕН_SUDRF,ПАРСЕР,КОД
Санкт-Петербург,,,Судебный участок № 10 Ленинского судебного района Санкт-Петербурга,MS,Мировой суд,"198095, Санкт-Петербург, наб. Обводного канала д.132, литера «Е»",https://mirsud.spb.ru/,mirsud.spb.ru,нет,78MS0010
Санкт-Петербург,,,Судебный участок № 13 Василеостровского судебного района Санкт-Петербурга,MS,Мировой суд,"199155, Санкт-Петербург, В.О., пер. Декабристов, д. 8, литера А",https://mirsud.spb.ru/,mirsud.spb.ru,нет,78MS0014
Санкт-Петербург,,,Судебный участок № 147 Пушкинского судебного района Санкт-Петербурга,MS,Мировой суд,"196607, Санкт-Петербург, г.Пушкин, ул. Магазейная, д. 1 литера А, помещения 4-Н, 5-Н",https://mirsud.spb.ru/,mirsud.spb.ru,нет,78MS0213
Санкт-Петербург,,,Судебный участок № 148 Невского судебного района Санкт-Петербурга,MS,Мировой суд,,https://mirsud.spb.ru/,mirsud.spb.ru,нет,78MS0146
Санкт-Петербург,,,Судебный участок № 149 Невского судебного района Санкт-Петербурга,MS,Мировой суд,,https://mirsud.spb.ru/,mirsud.spb.ru,нет,78MS0147
Санкт-Петербург,,,Судебный участок № 16 Василеостровского судебного района Санкт-Петербурга,MS,Мировой суд,"199155, Санкт-Петербург, В.О., пр. Кима, д.7/19 литера Б",https://mirsud.spb.ru/,mirsud.spb.ru,нет,78MS0017
Санкт-Петербург,,,Судебный участок № 202 Красносельского судебного района Санкт-Петербурга,MS,Мировой суд,,https://mirsud.spb.ru/,mirsud.spb.ru,нет,78MS0215
Санкт-Петербург,,,Судебный участок № 203 Приморского судебного района Санкт-Петербурга,MS,Мировой суд,,https://mirsud.spb.ru/,mirsud.spb.ru,нет,78MS0216
Санкт-Петербург,,,Судебный участок № 204 Пушкинского судебного района Санкт-Петербурга,MS,Мировой суд,,https://mirsud.spb.ru/,mirsud.spb.ru,нет,78MS0217
Санкт-Петербург,,,Судебный участок № 205 Куйбышевского судебного района Санкт-Петербурга,MS,Мировой суд,"191124, Санкт-Петербург,ул. Красного Текстильщика, д. 9/11, литера А, пом. 14Н, 15Н",https://mirsud.spb.ru/,mirsud.spb.ru,нет,78MS0205
Санкт-Петербург,,,Судебный участок № 5 Ленинского судебного района Санкт-Петербурга,MS,Мировой суд,"198095, Санкт-Петербург, наб. Обводного канала д.132, литера «Е»",https://mirsud.spb.ru/,mirsud.spb.ru,нет,78MS0005
Санкт-Петербург,,,Судебный участок № 6 Ленинского судебного района Санкт-Петербурга,MS,Мировой суд,"198095, Санкт-Петербург, наб. Обводного канала д.132, литера «Е»",https://mirsud.spb.ru/,mirsud.spb.ru,нет,78MS0006
Санкт-Петербург,,,Судебный участок № 7 Смольнинского судебного района Санкт-Петербурга,MS,Мировой суд,"198095, Санкт-Петербург, наб. Обводного канала д.132, литера «Е»",https://mirsud.spb.ru/,mirsud.spb.ru,нет,78MS0214
Санкт-Петербург,,,Судебный участок № 8 Ленинского судебного района Санкт-Петербурга,MS,Мировой суд,"198095, Санкт-Петербург, наб. Обводного канала д.132, литера «Е»",https://mirsud.spb.ru/,mirsud.spb.ru,нет,78MS0008
Санкт-Петербург,,,Судебный участок № 9 Ленинского судебного района Санкт-Петербурга,MS,Мировой суд,"198095, Санкт-Петербург, наб. Обводного канала д.132, литера «Е»",https://mirsud.spb.ru/,mirsud.spb.ru,нет,78MS0009
Санкт-Петербург,Санкт-Петербург,,Судебный участок № 1 Октябрьского судебного района Санкт-Петербурга,MS,Мировой суд,"190068, г Санкт-Петербург, ул Садовая, д 55-57 литера а",https://mirsud.spb.ru/,mirsud.spb.ru,нет,78MS0001
Санкт-Петербург,Санкт-Петербург,,Судебный участок № 100 Красносельского судебного района Санкт-Петербурга,MS,Мировой суд,"198205, г Санкт-Петербург, ул Партизана Германа, д 22 литера б",https://mirsud.spb.ru/,mirsud.spb.ru,нет,78MS0100
Санкт-Петербург,Санкт-Петербург,,Судебный участок № 101 Красносельского судебного района Санкт-Петербурга,MS,Мировой суд,"198259, г Санкт-Петербург, ул Тамбасова, д 27 к 2",https://mirsud.spb.ru/,mirsud.spb.ru,нет,78MS0101
Санкт-Петербург,Санкт-Петербург,,Судебный участок № 102 Красносельского судебного района Санкт-Петербурга,MS,Мировой суд,"198259, г Санкт-Петербург, ул Тамбасова, д 27 к 2",https://mirsud.spb.ru/,mirsud.spb.ru,нет,78MS0102
Санкт-Петербург,Санкт-Петербург,,Судебный участок № 103 Красносельского судебного района Санкт-Петербурга,MS,Мировой суд,"198205, г Санкт-Петербург, ул Авангардная, д 47 литера а",https://mirsud.spb.ru/,mirsud.spb.ru,нет,78MS0103
Санкт-Петербург,Санкт-Петербург,,Судебный участок № 104 Красносельского судебного района Санкт-Петербурга,MS,Мировой суд,"198205, г Санкт-Петербург, ул Партизана Германа, д 22 литера б",https://mirsud.spb.ru/,mirsud.spb.ru,нет,78MS0104
Санкт-Петербург,Санкт-Петербург,,Судебный участок № 105 Красносельского судебного района Санкт-Петербурга,MS,Мировой суд,"198205, г Санкт-Петербург, ул Партизана Германа, д 22 литера б",https://mirsud.spb.ru/,mirsud.spb.ru,нет,78MS0105
Санкт-Петербург,Санкт-Петербург,,Судебный участок № 106 Красносельского судебного района Санкт-Петербурга,MS,Мировой суд,"198259, г Санкт-Петербург, ул Тамбасова, д 27 к 2",https://mirsud.spb.ru/,mirsud.spb.ru,нет,78MS0106
Санкт-Петербург,Санкт-Петербург,,Судебный участок № 107 Красносельского судебного района Санкт-Петербурга,MS,Мировой суд,"198323, г Санкт-Петербург, тер Горелово, ш Красносельское, д 46",https://mirsud.spb.ru/,mirsud.spb.ru,нет,78MS0107
Санкт-Петербург,Санкт-Петербург,,Судебный участок № 108 Красносельского судебного района Санкт-Петербурга,MS,Мировой суд,"198323, г Санкт-Петербург, тер Горелово, ш Красносельское, д 46",https://mirsud.spb.ru/,mirsud.spb.ru,нет,78MS0108
Санкт-Петербург,Санкт-Петербург,,Судебный участок № 109 Кронштадтского судебного района Санкт-Петербурга,MS,Мировой суд,"197760, г Санкт-Петербург, г Кронштадт, ул Пролетарская, д 21-23 литера а",https://mirsud.spb.ru/,mirsud.spb.ru,нет,78MS0109
Санкт-Петербург,Санкт-Петербург,,Судебный участок № 11 Василеостровского судебного района Санкт-Петербурга,MS,Мировой суд,"199034, г Санкт-Петербург, линия Биржевая, д 1/1 литера ж",https://mirsud.spb.ru/,mirsud.spb.ru,нет,78MS0012
Санкт-Петербург,Санкт-Петербург,,Судебный участок № 110 Кронштадтского судебного района Санкт-Петербурга,MS,Мировой суд,"197760, г Санкт-Петербург, г Кронштадт, ул Пролетарская, д 21-23 литера а",https://mirsud.spb.ru/,mirsud.spb.ru,нет,78MS0110
Санкт-Петербург,Санкт-Петербург,,Судебный участок № 111 Сестрорецкого судебного района Санкт-Петербурга,MS,Мировой суд,"197706, г Санкт-Петербург, г Сестрорецк, ул Токарева, д 15 литера а",https://mirsud.spb.ru/,mirsud.spb.ru,нет,78MS0111
Санкт-Петербург,Санкт-Петербург,,Судебный участок № 112 Сестрорецкого судебного района Санкт-Петербурга,MS,Мировой суд,"197706, г Санкт-Петербург, г Сестрорецк, ул Володарского, д 1 литера а",https://mirsud.spb.ru/,mirsud.spb.ru,нет,78MS0112
Санкт-Петербург,Санкт-Петербург,,Судебный участок № 114 Петродворцового судебного района Санкт-Петербурга,MS,Мировой суд,"197110, г Санкт-Петербург, ул Большая Разночинная, д 23 литера б",https://mirsud.spb.ru/,mirsud.spb.ru,нет,78MS0154
Санкт-Петербург,Санкт-Петербург,,Судебный участок № 115 Петродворцового судебного района Санкт-Петербурга,MS,Мировой суд,"197110, г Санкт-Петербург, ул Большая Разночинная, д 23 литера б",https://mirsud.spb.ru/,mirsud.spb.ru,нет,78MS0155
Санкт-Петербург,Санкт-Петербург,,Судебный участок № 116 Московского судебного района Санкт-Петербурга,MS,Мировой суд,"198412, г Санкт-Петербург, г Ломоносов, ул Александровская, д 13 литера а",https://mirsud.spb.ru/,mirsud.spb.ru,нет,78MS0114
Санкт-Петербург,Санкт-Петербург,,Судебный участок № 117 Московского судебного района Санкт-Петербурга,MS,Мировой суд,"198412, г Санкт-Петербург, г Ломоносов, пр-кт Дворцовый, д 40 литера б",https://mirsud.spb.ru/,mirsud.spb.ru,нет,78MS0115
Санкт-Петербург,Санкт-Петербург,,Судебный участок № 118 Московского судебного района Санкт-Петербурга,MS,Мировой суд,"196247, г Санкт-Петербург, пр-кт Новоизмайловский, д 67 к 2",https://mirsud.spb.ru/,mirsud.spb.ru,нет,78MS0116
Санкт-Петербург,Санкт-Петербург,,Судебный участок № 119 Московского судебного района Санкт-Петербурга,MS,Мировой суд,"196006, г Санкт-Петербург, ул Глеба Успенского, д 5 литера б",https://mirsud.spb.ru/,mirsud.spb.ru,нет,78MS0117
Санкт-Петербург,Санкт-Петербург,,Судебный участок № 12 Василеостровского судебного района Санкт-Петербурга,MS,Мировой суд,"199004, г Санкт-Петербург, линия 4-я В.О., д 21 литера а",https://mirsud.spb.ru/,mirsud.spb.ru,нет,78MS0013
Санкт-Петербург,Санкт-Петербург,,Судебный участок № 120 Московского судебного района Санкт-Петербурга,MS,Мировой суд,"196247, г Санкт-Петербург, пр-кт Новоизмайловский, д 67 к 2",https://mirsud.spb.ru/,mirsud.spb.ru,нет,78MS0118
Санкт-Петербург,Санкт-Петербург,,Судебный участок № 121 Московского судебного района Санкт-Петербурга,MS,Мировой суд,"196105, г Санкт-Петербург, ул Благодатная, д 34",https://mirsud.spb.ru/,mirsud.spb.ru,нет,78MS0119
Санкт-Петербург,Санкт-Петербург,,Судебный участок № 122 Московского судебного района Санкт-Петербурга,MS,Мировой суд,"196006, г Санкт-Петербург, пр-кт Московский, д 125 литера в",https://mirsud.spb.ru/,mirsud.spb.ru,нет,78MS0120
Санкт-Петербург,Санкт-Петербург,,Судебный участок № 123 Московского судебного района Санкт-Петербурга,MS,Мировой суд,"196006, г Санкт-Петербург, ул Глеба Успенского, д 5 литера б",https://mirsud.spb.ru/,mirsud.spb.ru,нет,78MS0121
Санкт-Петербург,Санкт-Петербург,,Судебный участок № 124 Московского судебного района Санкт-Петербурга,MS,Мировой суд,"196105, г Санкт-Петербург, ул Благодатная, д 34",https://mirsud.spb.ru/,mirsud.spb.ru,нет,78MS0122
Санкт-Петербург,Санкт-Петербург,,Судебный участок № 125 Московского судебного района Санкт-Петербурга,MS,Мировой суд,"196006, г Санкт-Петербург, пр-кт Московский, д 125 литера в",https://mirsud.spb.ru/,mirsud.spb.ru,нет,78MS0123
Санкт-Петербург,Санкт-Петербург,,Судебный участок № 126 Московского судебного района Санкт-Петербурга,MS,Мировой суд,"196006, г Санкт-Петербург, пр-кт Московский, д 125 литера в",https://mirsud.spb.ru/,mirsud.spb.ru,нет,78MS0124
Санкт-Петербург,Санкт-Петербург,,Судебный участок № 127 Московского судебного района Санкт-Петербурга,MS,Мировой суд,"196006, г Санкт-Петербург, ул Глеба Успенского, д 5 литера б",https://mirsud.spb.ru/,mirsud.spb.ru,нет,78MS0125
Санкт-Петербург,Санкт-Петербург,,Судебный участок № 128 Московского судебного района Санкт-Петербурга,MS,Мировой суд,"196006, г Санкт-Петербург, ул Глеба Успенского, д 5 литера б",https://mirsud.spb.ru/,mirsud.spb.ru,нет,78MS0126
Санкт-Петербург,Санкт-Петербург,,Судебный участок № 129 Невского судебного района Санкт-Петербурга,MS,Мировой суд,"196006, г Санкт-Петербург, пр-кт Московский, д 125 литера в",https://mirsud.spb.ru/,mirsud.spb.ru,нет,78MS0127
Санкт-Петербург,Санкт-Петербург,,Судебный участок № 130 Невского судебного района Санкт-Петербурга,MS,Мировой суд,"196105, г Санкт-Петербург, ул Благодатная, д 34",https://mirsud.spb.ru/,mirsud.spb.ru,нет,78MS0128
Санкт-Петербург,Санкт-Петербург,,Судебный участок № 131 Невского судебного района Санкт-Петербурга,MS,Мировой суд,"192029, г Санкт-Петербург, ул Крупской, д 9 литера а",https://mirsud.spb.ru/,mirsud.spb.ru,нет,78MS0129
Санкт-Петербург,Санкт-Петербург,,Судебный участок № 132 Невского судебного района Санкт-Петербурга,MS,Мировой суд,"192029, г Санкт-Петербург, пр-кт Обуховской Обороны, д 121 литера а",https://mirsud.spb.ru/,mirsud.spb.ru,нет,78MS0130
Санкт-Петербург,Санкт-Петербург,,Судебный участок № 133 Невского судебного района Санкт-Петербурга,MS,Мировой суд,"192029, г Санкт-Петербург, ул Крупской, д 9 литера а",https://mirsud.spb.ru/,mirsud.spb.ru,нет,78MS0131
Санкт-Петербург,Санкт-Петербург,,Судебный участок № 134 Невского судебного района Санкт-Петербурга,MS,Мировой суд,"192029, г Санкт-Петербург, ул Крупской, д 9 литера а",https://mirsud.spb.ru/,mirsud.spb.ru,нет,78MS0132
Санкт-Петербург,Санкт-Петербург,,Судебный участок № 135 Невского судебного района Санкт-Петербурга,MS,Мировой суд,"192029, г Санкт-Петербург, ул Крупской, д 9 литера а",https://mirsud.spb.ru/,mirsud.spb.ru,нет,78MS0133
Санкт-Петербург,Санкт-Петербург,,Судебный участок № 136 Невского судебного района Санкт-Петербурга,MS,Мировой суд,"192029, г Санкт-Петербург, ул Крупской, д 9 литера а",https://mirsud.spb.ru/,mirsud.spb.ru,нет,78MS0134
Санкт-Петербург,Санкт-Петербург,,Судебный участок № 137 Невского судебного района Санкт-Петербурга,MS,Мировой суд,"192029, г Санкт-Петербург, ул Крупской, д 9 литера а",https://mirsud.spb.ru/,mirsud.spb.ru,нет,78MS0135
Санкт-Петербург,Санкт-Петербург,,Судебный участок № 138 Невского судебного района Санкт-Петербурга,MS,Мировой суд,"192029, г Санкт-Петербург, ул Крупской, д 9 литера а",https://mirsud.spb.ru/,mirsud.spb.ru,нет,78MS0136
Санкт-Петербург,Санкт-Петербург,,Судебный участок № 139 Невского судебного района Санкт-Петербурга,MS,Мировой суд,"192029, г Санкт-Петербург, пр-кт Обуховской Обороны, д 121 литера а",https://mirsud.spb.ru/,mirsud.spb.ru,нет,78MS0137
Санкт-Петербург,Санкт-Петербург,,Судебный участок № 14 Василеостровского судебного района Санкт-Петербурга,MS,Мировой суд,"199004, г Санкт-Петербург, линия 7-я В.О., д 60 литера а",https://mirsud.spb.ru/,mirsud.spb.ru,нет,78MS0015
Санкт-Петербург,Санкт-Петербург,,Судебный участок № 140 Невского судебного района Санкт-Петербурга,MS,Мировой суд,"192029, г Санкт-Петербург, пр-кт Обуховской Обороны, д 121 литера а",https://mirsud.spb.ru/,mirsud.spb.ru,нет,78MS0138
Санкт-Петербург,Санкт-Петербург,,Судебный участок № 141 Невского судебного района Санкт-Петербурга,MS,Мировой суд,"192029, г Санкт-Петербург, ул Крупской, д 9 литера а",https://mirsud.spb.ru/,mirsud.spb.ru,нет,78MS0139
Санкт-Петербург,Санкт-Петербург,,Судебный участок № 142 Невского судебного района Санкт-Петербурга,MS,Мировой суд,"192029, г Санкт-Петербург, ул Крупской, д 9 литера а",https://mirsud.spb.ru/,mirsud.spb.ru,нет,78MS0140
Санкт-Петербург,Санкт-Петербург,,Судебный участок № 143 Невского судебного района Санкт-Петербурга,MS,Мировой суд,"192029, г Санкт-Петербург, ул Крупской, д 9 литера а",https://mirsud.spb.ru/,mirsud.spb.ru,нет,78MS0141
Санкт-Петербург,Санкт-Петербург,,Судебный участок № 144 Невского судебного района Санкт-Петербурга,MS,Мировой суд,"192029, г Санкт-Петербург, ул Крупской, д 9 литера а",https://mirsud.spb.ru/,mirsud.spb.ru,нет,78MS0142
Санкт-Петербург,Санкт-Петербург,,Судебный участок № 145 Невского судебного района Санкт-Петербурга,MS,Мировой суд,"192029, г Санкт-Петербург, ул Крупской, д 9 литера а",https://mirsud.spb.ru/,mirsud.spb.ru,нет,78MS0143
Санкт-Петербург,Санкт-Петербург,,Судебный участок № 146 Петроградского судебного района Санкт-Петербурга,MS,Мировой суд,"197110, г Санкт-Петербург, ул Большая Разночинная, д 23 литера б",https://mirsud.spb.ru/,mirsud.spb.ru,нет,78MS0212
Санкт-Петербург,Санкт-Петербург,,Судебный участок № 15 Василеостровского судебного района Санкт-Петербурга,MS,Мировой суд,"199034, г Санкт-Петербург, линия 17-я В.О., д 8 литера б",https://mirsud.spb.ru/,mirsud.spb.ru,нет,78MS0016
Санкт-Петербург,Санкт-Петербург,,Судебный участок № 150 Пушкинского судебного района Санкт-Петербурга,MS,Мировой суд,"197343, г Санкт-Петербург, ул Омская, д 21 литера а",https://mirsud.spb.ru/,mirsud.spb.ru,нет,78MS0175
Санкт-Петербург,Санкт-Петербург,,Судебный участок № 151 Петроградского судебного района Санкт-Петербурга,MS,Мировой суд,"192029, г Санкт-Петербург, ул Крупской, д 9 литера а",https://mirsud.spb.ru/,mirsud.spb.ru,нет,78MS0148
Санкт-Петербург,Санкт-Петербург,,Судебный участок № 152 Петроградского судебного района Санкт-Петербурга,MS,Мировой суд,"192029, г Санкт-Петербург, ул Крупской, д 9 литера а",https://mirsud.spb.ru/,mirsud.spb.ru,нет,78MS0149
Санкт-Петербург,Санкт-Петербург,,Судебный участок № 153 Петроградского судебного района Санкт-Петербурга,MS,Мировой суд,"196607, г Санкт-Петербург, г Пушкин, ул Школьная, д 23 литера а",https://mirsud.spb.ru/,mirsud.spb.ru,нет,78MS0150
Санкт-Петербург,Санкт-Петербург,,Судебный участок № 154 Петроградского судебного района Санкт-Петербурга,MS,Мировой суд,"197110, г Санкт-Петербург, ул Большая Разночинная, д 23 литера б",https://https/,https,нет,78MS0151
Санкт-Петербург,Санкт-Петербург,,Судебный участок № 155 Петроградского судебного района Санкт-Петербурга,MS,Мировой суд,"197110, г Санкт-Петербург, ул Большая Разночинная, д 23 литера б",https://mirsud.spb.ru/,mirsud.spb.ru,нет,78MS0152
Санкт-Петербург,Санкт-Петербург,,Судебный участок № 156 Петроградского судебного района Санкт-Петербурга,MS,Мировой суд,"197110, г Санкт-Петербург, ул Большая Разночинная, д 23 литера б",https://mirsud.spb.ru/,mirsud.spb.ru,нет,78MS0153
Санкт-Петербург,Санкт-Петербург,,Судебный участок № 157 Петродворцового судебного района Санкт-Петербурга,MS,Мировой суд,"197110, г Санкт-Петербург, ул Большая Разночинная, д 23 литера б",https://mirsud.spb.ru/,mirsud.spb.ru,нет,78MS0156
Санкт-Петербург,Санкт-Петербург,,Судебный участок № 158 Петродворцового судебного района Санкт-Петербурга,MS,Мировой суд,"198515, г Санкт-Петербург, п Стрельна, ул Фронтовая, д 7 литера а",https://mirsud.spb.ru/,mirsud.spb.ru,нет,78MS0157
Санкт-Петербург,Санкт-Петербург,,Судебный участок № 159 Петродворцового судебного района Санкт-Петербурга,MS,Мировой суд,"198516, г Санкт-Петербург, г Петергоф, б-р Разведчика, д 10 к 3",https://mirsud.spb.ru/,mirsud.spb.ru,нет,78MS0158
Санкт-Петербург,Санкт-Петербург,,Судебный участок № 160 Приморского судебного района Санкт-Петербурга,MS,Мировой суд,"198504, г Санкт-Петербург, г Петергоф, ул Ботаническая, д 18 к 4 литера а",https://mirsud.spb.ru/,mirsud.spb.ru,нет,78MS0159
Санкт-Петербург,Санкт-Петербург,,Судебный участок № 161 Приморского судебного района Санкт-Петербурга,MS,Мировой суд,"197342, г Санкт-Петербург, ул Сердобольская, д 73/27 литера а",https://mirsud.spb.ru/,mirsud.spb.ru,нет,78MS0160
Санкт-Петербург,Санкт-Петербург,,Судебный участок № 162 Приморского судебного района Санкт-Петербурга,MS,Мировой суд,"197343, г Санкт-Петербург, ул Омская, д 21 литера а",https://mirsud.spb.ru/,mirsud.spb.ru,нет,78MS0161
Санкт-Петербург,Санкт-Петербург,,Судебный участок № 163 Приморского судебного района Санкт-Петербурга,MS,Мировой суд,"197373, г Санкт-Петербург, ул Долгоозёрная, д 3 к 2 литера а",https://mirsud.spb.ru/,mirsud.spb.ru,нет,78MS0162
Санкт-Петербург,Санкт-Петербург,,Судебный участок № 164 Приморского судебного района Санкт-Петербурга,MS,Мировой суд,"197343, г Санкт-Петербург, ул Омская, д 21 литера а",https://mirsud.spb.ru/,mirsud.spb.ru,нет,78MS0163
Санкт-Петербург,Санкт-Петербург,,Судебный участок № 165 Приморского судебного района Санкт-Петербурга,MS,Мировой суд,"197342, г Санкт-Петербург, ул Сердобольская, д 73/27 литера а",https://mirsud.spb.ru/,mirsud.spb.ru,нет,78MS0164
Санкт-Петербург,Санкт-Петербург,,Судебный участок № 166 Приморского судебного района Санкт-Петербурга,MS,Мировой суд,"197342, г Санкт-Петербург, ул Сердобольская, д 73/27 литера а",https://mirsud.spb.ru/,mirsud.spb.ru,нет,78MS0165
Санкт-Петербург,Санкт-Петербург,,Судебный участок № 167 Приморского судебного района Санкт-Петербурга,MS,Мировой суд,"197373, г Санкт-Петербург, ул Долгоозёрная, д 3 к 2 литера а",https://mirsud.spb.ru/,mirsud.spb.ru,нет,78MS0166
Санкт-Петербург,Санкт-Петербург,,Судебный участок № 168 Приморского судебного района Санкт-Петербурга,MS,Мировой суд,"197349, г Санкт-Петербург, ул Маршала Новикова, д 13",https://mirsud.spb.ru/,mirsud.spb.ru,нет,78MS0167
Санкт-Петербург,Санкт-Петербург,,Судебный участок № 169 Приморского судебного района Санкт-Петербурга,MS,Мировой суд,"197349, г Санкт-Петербург, б-р Серебристый, д 13 к 1 литера а, помещ 4Н",https://mirsud.spb.ru/,mirsud.spb.ru,нет,78MS0168
Санкт-Петербург,Санкт-Петербург,,Судебный участок № 17 Василеостровского судебного района Санкт-Петербурга,MS,Мировой суд,"199178, г Санкт-Петербург, линия 15-я В.О., д 86 литера в",https://mirsud.spb.ru/,mirsud.spb.ru,нет,78MS0018
Санкт-Петербург,Санкт-Петербург,,Судебный участок № 170 Приморского судебного района Санкт-Петербурга,MS,Мировой суд,"197082, г Санкт-Петербург, пр-кт Богатырский, д 57 к 1 литера б",https://mirsud.spb.ru/,mirsud.spb.ru,нет,78MS0169
Санкт-Петербург,Санкт-Петербург,,Судебный участок № 171 Приморского судебного района Санкт-Петербурга,MS,Мировой суд,"197343, г Санкт-Петербург, ул Омская, д 21 литера а",https://mirsud.spb.ru/,mirsud.spb.ru,нет,78MS0170
Санкт-Петербург,Санкт-Петербург,,Судебный участок № 172 Приморского судебного района Санкт-Петербурга,MS,Мировой суд,"197350, г Санкт-Петербург, пр-кт Королёва, д 44 к 2 литера а",https://mirsud.spb.ru/,mirsud.spb.ru,нет,78MS0171
Санкт-Петербург,Санкт-Петербург,,Судебный участок № 173 Приморского судебного района Санкт-Петербурга,MS,Мировой суд,"197343, г Санкт-Петербург, ул Омская, д 21 литера а",https://mirsud.spb.ru/,mirsud.spb.ru,нет,78MS0172
Санкт-Петербург,Санкт-Петербург,,Судебный участок № 174 Приморского судебного района Санкт-Петербурга,MS,Мировой суд,"197349, г Санкт-Петербург, ул Маршала Новикова, д 13",https://mirsud.spb.ru/,mirsud.spb.ru,нет,78MS0173
Санкт-Петербург,Санкт-Петербург,,Судебный участок № 175 Приморского судебного района Санкт-Петербурга,MS,Мировой суд,"197343, г Санкт-Петербург, ул Омская, д 21 литера а",https://mirsud.spb.ru/,mirsud.spb.ru,нет,78MS0174
Санкт-Петербург,Санкт-Петербург,,Судебный участок № 176 Пушкинского судебного района Санкт-Петербурга,MS,Мировой суд,"196607, г Санкт-Петербург, г Пушкин, ул Школьная, д 23 литера а",https://mirsud.spb.ru/,mirsud.spb.ru,нет,78MS0176
Санкт-Петербург,Санкт-Петербург,,Судебный участок № 177 Пушкинского судебного района Санкт-Петербурга,MS,Мировой суд,"196607, г Санкт-Петербург, г Пушкин, ул Школьная, д 23 литера а",https://mirsud.spb.ru/,mirsud.spb.ru,нет,78MS0177
Санкт-Петербург,Санкт-Петербург,,Судебный участок № 178 Пушкинского судебного района Санкт-Петербурга,MS,Мировой суд,"196607, г Санкт-Петербург, г Пушкин, ул Школьная, д 23 литера а",https://mirsud.spb.ru/,mirsud.spb.ru,нет,78MS0178
Санкт-Петербург,Санкт-Петербург,,Судебный участок № 179 Пушкинского судебного района Санкт-Петербурга,MS,Мировой суд,"196607, г Санкт-Петербург, г Пушкин, ул Школьная, д 23 литера а",https://mirsud.spb.ru/,mirsud.spb.ru,нет,78MS0179
Санкт-Петербург,Санкт-Петербург,,Судебный участок № 18 Василеостровского судебного района Санкт-Петербурга,MS,Мировой суд,"197349, г Санкт-Петербург, ул Маршала Новикова, д 13",https://mirsud.spb.ru/,mirsud.spb.ru,нет,78MS0019
Санкт-Петербург,Санкт-Петербург,,Судебный участок № 180 Пушкинского судебного района Санкт-Петербурга,MS,Мировой суд,"196607, г Санкт-Петербург, г Пушкин, ул Школьная, д 23 литера а",https://mirsud.spb.ru/,mirsud.spb.ru,нет,78MS0180
Санкт-Петербург,Санкт-Петербург,,Судебный участок № 181 Фрунзенского судебного района Санкт-Петербурга,MS,Мировой суд,"192102, г Санкт-Петербург, ул Самойловой, д 12",https://mirsud.spb.ru/,mirsud.spb.ru,нет,78MS0181
Санкт-Петербург,Санкт-Петербург,,Судебный участок № 182 Фрунзенского судебного района Санкт-Петербурга,MS,Мировой суд,"192102, г Санкт-Петербург, ул Самойловой, д 12",https://mirsud.spb.ru/,mirsud.spb.ru,нет,78MS0182
Санкт-Петербург,Санкт-Петербург,,Судебный участок № 183 Фрунзенского судебного района Санкт-Петербурга,MS,Мировой суд,"192102, г Санкт-Петербург, ул Самойловой, д 12",https://mirsud.spb.ru/,mirsud.spb.ru,нет,78MS0183
Санкт-Петербург,Санкт-Петербург,,Судебный участок № 184 Фрунзенского судебного района Санкт-Петербурга,MS,Мировой суд,"192102, г Санкт-Петербург, ул Самойловой, д 12",https://mirsud.spb.ru/,mirsud.spb.ru,нет,78MS0184
Санкт-Петербург,Санкт-Петербург,,Судебный участок № 185 Фрунзенского судебного района Санкт-Петербурга,MS,Мировой суд,"192102, г Санкт-Петербург, ул Самойловой, д 12",https://mirsud.spb.ru/,mirsud.spb.ru,нет,78MS0185
Санкт-Петербург,Санкт-Петербург,,Судебный участок № 186 Фрунзенского судебного района Санкт-Петербурга,MS,Мировой суд,"192102, г Санкт-Петербург, ул Самойловой, д 12",https://mirsud.spb.ru/,mirsud.spb.ru,нет,78MS0186
Санкт-Петербург,Санкт-Петербург,,Судебный участок № 187 Фрунзенского судебного района Санкт-Петербурга,MS,Мировой суд,"192102, г Санкт-Петербург, ул Самойловой, д 12",https://mirsud.spb.ru/,mirsud.spb.ru,нет,78MS0187
Санкт-Петербург,Санкт-Петербург,,Судебный участок № 188 Фрунзенского судебного района Санкт-Петербурга,MS,Мировой суд,"192102, г Санкт-Петербург, ул Самойловой, д 12",https://mirsud.spb.ru/,mirsud.spb.ru,нет,78MS0188
Санкт-Петербург,Санкт-Петербург,,Судебный участок № 189 Фрунзенского судебного района Санкт-Петербурга,MS,Мировой суд,"192102, г Санкт-Петербург, ул Самойловой, д 12",https://mirsud.spb.ru/,mirsud.spb.ru,нет,78MS0189
Санкт-Петербург,Санкт-Петербург,,Судебный участок № 19 Приморского судебного района Санкт-Петербурга,MS,Мировой суд,"199034, г Санкт-Петербург, линия Биржевая, д 1/1 литера ж",https://mirsud.spb.ru/,mirsud.spb.ru,нет,78MS0020
Санкт-Петербург,Санкт-Петербург,,Судебный участок № 190 Фрунзенского судебного района Санкт-Петербурга,MS,Мировой суд,"192102, г Санкт-Петербург, ул Самойловой, д 12",https://mirsud.spb.ru/,mirsud.spb.ru,нет,78MS0190
Санкт-Петербург,Санкт-Петербург,,Судебный участок № 191 Фрунзенского судебного района Санкт-Петербурга,MS,Мировой суд,"192102, г Санкт-Петербург, ул Самойловой, д 12",https://mirsud.spb.ru/,mirsud.spb.ru,нет,78MS0191
Санкт-Петербург,Санкт-Петербург,,Судебный участок № 192 Фрунзенского судебного района Санкт-Петербурга,MS,Мировой суд,"192102, г Санкт-Петербург, ул Самойловой, д 12",https://mirsud.spb.ru/,mirsud.spb.ru,нет,78MS0192
Санкт-Петербург,Санкт-Петербург,,Судебный участок № 193 Фрунзенского судебного района Санкт-Петербурга,MS,Мировой суд,"192102, г Санкт-Петербург, ул Самойловой, д 12",https://mirsud.spb.ru/,mirsud.spb.ru,нет,78MS0193
Санкт-Петербург,Санкт-Петербург,,Судебный участок № 194 Фрунзенского судебного района Санкт-Петербурга,MS,Мировой суд,"192102, г Санкт-Петербург, ул Самойловой, д 12",https://mirsud.spb.ru/,mirsud.spb.ru,нет,78MS0194
Санкт-Петербург,Санкт-Петербург,,Судебный участок № 195 Фрунзенского судебного района Санкт-Петербурга,MS,Мировой суд,"192102, г Санкт-Петербург, ул Самойловой, д 12",https://mirsud.spb.ru/,mirsud.spb.ru,нет,78MS0195
Санкт-Петербург,Санкт-Петербург,,Судебный участок № 196 Фрунзенского судебного района Санкт-Петербурга,MS,Мировой суд,"192102, г Санкт-Петербург, ул Самойловой, д 12",https://mirsud.spb.ru/,mirsud.spb.ru,нет,78MS0196
Санкт-Петербург,Санкт-Петербург,,Судебный участок № 197 Фрунзенского судебного района Санкт-Петербурга,MS,Мировой суд,"192102, г Санкт-Петербург, ул Самойловой, д 12",https://mirsud.spb.ru/,mirsud.spb.ru,нет,78MS0197
Санкт-Петербург,Санкт-Петербург,,Судебный участок № 198 Фрунзенского судебного района Санкт-Петербурга,MS,Мировой суд,"192102, г Санкт-Петербург, ул Самойловой, д 12",https://mirsud.spb.ru/,mirsud.spb.ru,нет,78MS0198
Санкт-Петербург,Санкт-Петербург,,Судебный участок № 199 Дзержинского судебного района Санкт-Петербурга,MS,Мировой суд,"190000, г Санкт-Петербург, пр-кт Невский, д 84-86 литера б",https://mirsud.spb.ru/,mirsud.spb.ru,нет,78MS0199
Санкт-Петербург,Санкт-Петербург,,Судебный участок № 2 Октябрьского судебного района Санкт-Петербурга,MS,Мировой суд,"190068, г Санкт-Петербург, ул Садовая, д 55-57 литера а",https://mirsud.spb.ru/,mirsud.spb.ru,нет,78MS0002
Санкт-Петербург,Санкт-Петербург,,Судебный участок № 20 Василеостровского судебного района Санкт-Петербурга,MS,Мировой суд,"194355, г Санкт-Петербург, пр-кт Суздальский, д 11 литера а",https://mirsud.spb.ru/,mirsud.spb.ru,нет,78MS0021
Санкт-Петербург,Санкт-Петербург,,Судебный участок № 200 Дзержинского судебного района Санкт-Петербурга,MS,Мировой суд,"191123, г Санкт-Петербург, пр-кт Чернышевского, д 17 литера а",https://mirsud.spb.ru/,mirsud.spb.ru,нет,78MS0200
Санкт-Петербург,Санкт-Петербург,,Судебный участок № 201 Дзержинского судебного района Санкт-Петербурга,MS,Мировой суд,"191187, г Санкт-Петербург, ул Чайковского, д 4 литера а",https://mirsud.spb.ru/,mirsud.spb.ru,нет,78MS0201
Санкт-Петербург,Санкт-Петербург,,Судебный участок № 206 Куйбышевского судебного района Санкт-Петербурга,MS,Мировой суд,"191002, г Санкт-Петербург, наб Реки Фонтанки, д 76 литера в",https://mirsud.spb.ru/,mirsud.spb.ru,нет,78MS0206
Санкт-Петербург,Санкт-Петербург,,Судебный участок № 207 Смольнинского судебного района Санкт-Петербурга,MS,Мировой суд,"191036, г Санкт-Петербург, ул 4-я Советская, д 26 литера а",https://mirsud.spb.ru/,mirsud.spb.ru,нет,78MS0207
Санкт-Петербург,Санкт-Петербург,,Судебный участок № 208 Смольнинского судебного района Санкт-Петербурга,MS,Мировой суд,"191036, г Санкт-Петербург, ул 4-я Советская, д 26 литера а",https://mirsud.spb.ru/,mirsud.spb.ru,нет,78MS0208
Санкт-Петербург,Санкт-Петербург,,Судебный участок № 209 Смольнинского судебного района Санкт-Петербурга,MS,Мировой суд,"191036, г Санкт-Петербург, ул 4-я Советская, д 26 литера а",https://mirsud.spb.ru/,mirsud.spb.ru,нет,78MS0209
Санкт-Петербург,Санкт-Петербург,,Судебный участок № 21 Выборгского судебного района Санкт-Петербурга,MS,Мировой суд,"194223, г Санкт-Петербург, пр-кт Светлановский, д 21",https://mirsud.spb.ru/,mirsud.spb.ru,нет,78MS0022
Санкт-Петербург,Санкт-Петербург,,Судебный участок № 210 Смольнинского судебного района Санкт-Петербурга,MS,Мировой суд,"191036, г Санкт-Петербург, ул 4-я Советская, д 26 литера а",https://mirsud.spb.ru/,mirsud.spb.ru,нет,78MS0210
Санкт-Петербург,Санкт-Петербург,,Судебный участок № 211 Смольнинского судебного района Санкт-Петербурга,MS,Мировой суд,"191036, г Санкт-Петербург, ул 4-я Советская, д 26 литера а",https://mirsud.spb.ru/,mirsud.spb.ru,нет,78MS0211
Санкт-Петербург,Санкт-Петербург,,Судебный участок № 22 Выборгского судебного района Санкт-Петербурга,MS,Мировой суд,"194223, г Санкт-Петербург, пр-кт Светлановский, д 21",https://mirsud.spb.ru/,mirsud.spb.ru,нет,78MS0023
Санкт-Петербург,Санкт-Петербург,,Судебный участок № 23 Выборгского судебного района Санкт-Петербурга,MS,Мировой суд,"194223, г Санкт-Петербург, пр-кт Светлановский, д 21",https://mirsud.spb.ru/,mirsud.spb.ru,нет,78MS0024
Санкт-Петербург,Санкт-Петербург,,Судебный участок № 24 Выборгского судебного района Санкт-Петербурга,MS,Мировой суд,"194223, г Санкт-Петербург, пр-кт Светлановский, д 21",https://mirsud.spb.ru/,mirsud.spb.ru,нет,78MS0025
Санкт-Петербург,Санкт-Петербург,,Судебный участок № 25 Выборгского судебного района Санкт-Петербурга,MS,Мировой суд,"194223, г Санкт-Петербург, пр-кт Светлановский, д 21",https://mirsud.spb.ru/,mirsud.spb.ru,нет,78MS0026
Санкт-Петербург,Санкт-Петербург,,Судебный участок № 26 Выборгского судебного района Санкт-Петербурга,MS,Мировой суд,"194021, г Санкт-Петербург, пр-кт Тореза, д 34 литера а",https://mirsud.spb.ru/,mirsud.spb.ru,нет,78MS0027
Санкт-Петербург,Санкт-Петербург,,Судебный участок № 27 Выборгского судебного района Санкт-Петербурга,MS,Мировой суд,"194021, г Санкт-Петербург, пр-кт Тореза, д 34 литера а",https://mirsud.spb.ru/,mirsud.spb.ru,нет,78MS0028
Санкт-Петербург,Санкт-Петербург,,Судебный участок № 28 Выборгского судебного района Санкт-Петербурга,MS,Мировой суд,"194223, г Санкт-Петербург, пр-кт Светлановский, д 21",https://mirsud.spb.ru/,mirsud.spb.ru,нет,78MS0029
Санкт-Петербург,Санкт-Петербург,,Судебный участок № 29 Выборгского судебного района Санкт-Петербурга,MS,Мировой суд,"194354, г Санкт-Петербург, ул Есенина, д 7 литера а",https://mirsud.spb.ru/,mirsud.spb.ru,нет,78MS0030
Санкт-Петербург,Санкт-Петербург,,Судебный участок № 3 Октябрьского судебного района Санкт-Петербурга,MS,Мировой суд,"190068, г Санкт-Петербург, ул Садовая, д 55-57 литера а",https://mirsud.spb.ru/,mirsud.spb.ru,нет,78MS0003
Санкт-Петербург,Санкт-Петербург,,Судебный участок № 30 Выборгского судебного района Санкт-Петербурга,MS,Мировой суд,"194017, г Санкт-Петербург, ул Гданьская, д 7",https://mirsud.spb.ru/,mirsud.spb.ru,нет,78MS0031
Санкт-Петербург,Санкт-Петербург,,Судебный участок № 31 Выборгского судебного района Санкт-Петербурга,MS,Мировой суд,"194354, г Санкт-Петербург, ул Есенина, д 7 литера а",https://mirsud.spb.ru/,mirsud.spb.ru,нет,78MS0032
Санкт-Петербург,Санкт-Петербург,,Судебный участок № 32 Выборгского судебного района Санкт-Петербурга,MS,Мировой суд,"194021, г Санкт-Петербург, пр-кт Тореза, д 34 литера а",https://mirsud.spb.ru/,mirsud.spb.ru,нет,78MS0033
Санкт-Петербург,Санкт-Петербург,,Судебный участок № 33 Выборгского судебного района Санкт-Петербурга,MS,Мировой суд,"194156, г Санкт-Петербург, пр-кт Энгельса, д 17",https://mirsud.spb.ru/,mirsud.spb.ru,нет,78MS0034
Санкт-Петербург,Санкт-Петербург,,Судебный участок № 34 Выборгского судебного района Санкт-Петербурга,MS,Мировой суд,"194156, г Санкт-Петербург, пр-кт Энгельса, д 17",https://mirsud.spb.ru/,mirsud.spb.ru,нет,78MS0035
Санкт-Петербург,Санкт-Петербург,,Судебный участок № 35 Выборгского судебного района Санкт-Петербурга,MS,Мировой суд,"194354, г Санкт-Петербург, ул Есенина, д 7 литера а",https://mirsud.spb.ru/,mirsud.spb.ru,нет,78MS0036
Санкт-Петербург,Санкт-Петербург,,Судебный участок № 36 Выборгского судебного района Санкт-Петербурга,MS,Мировой суд,"194223, г Санкт-Петербург, пр-кт Светлановский, д 21",https://mirsud.spb.ru/,mirsud.spb.ru,нет,78MS0037
Санкт-Петербург,Санкт-Петербург,,Судебный участок № 37 Выборгского судебного района Санкт-Петербурга,MS,Мировой суд,"194354, г Санкт-Петербург, ул Есенина, д 7 литера а",https://mirsud.spb.ru/,mirsud.spb.ru,нет,78MS0038
Санкт-Петербург,Санкт-Петербург,,Судебный участок № 38 Выборгского судебного района Санкт-Петербурга,MS,Мировой суд,"195197, г Санкт-Петербург, пр-кт Кондратьевский, д 24 литера а",https://mirsud.spb.ru/,mirsud.spb.ru,нет,78MS0039
Санкт-Петербург,Санкт-Петербург,,Судебный участок № 39 Калининского судебного района Санкт-Петербурга,MS,Мировой суд,"190068, г Санкт-Петербург, ул Садовая, д 55-57 литера а",https://mirsud.spb.ru/,mirsud.spb.ru,нет,78MS0040
Санкт-Петербург,Санкт-Петербург,,Судебный участок № 4 Октябрьского судебного района Санкт-Петербурга,MS,Мировой суд,"190068, г Санкт-Петербург, ул Садовая, д 55-57 литера а",https://mirsud.spb.ru/,mirsud.spb.ru,нет,78MS0004
Санкт-Петербург,Санкт-Петербург,,Судебный участок № 40 Октябрьского судебного района Санкт-Петербурга,MS,Мировой суд,"199004, г Санкт-Петербург, линия 4-я В.О., д 35-37 литера а",https://mirsud.spb.ru/,mirsud.spb.ru,нет,78MS0011
Санкт-Петербург,Санкт-Петербург,,Судебный участок № 41 Калининского судебного района Санкт-Петербурга,MS,Мировой суд,"195197, г Санкт-Петербург, пр-кт Кондратьевский, д 24 литера а",https://mirsud.spb.ru/,mirsud.spb.ru,нет,78MS0041
Санкт-Петербург,Санкт-Петербург,,Судебный участок № 42 Калининского судебного района Санкт-Петербурга,MS,Мировой суд,"195197, г Санкт-Петербург, пр-кт Кондратьевский, д 24 литера а",https://mirsud.spb.ru/,mirsud.spb.ru,нет,78MS0042
Санкт-Петербург,Санкт-Петербург,,Судебный участок № 43 Калининского судебного района Санкт-Петербурга,MS,Мировой суд,"195197, г Санкт-Петербург, пр-кт Кондратьевский, д 24 литера а",https://mirsud.spb.ru/,mirsud.spb.ru,нет,78MS0043
Санкт-Петербург,Санкт-Петербург,,Судебный участок № 44 Калининского судебного района Санкт-Петербурга,MS,Мировой суд,"195197, г Санкт-Петербург, пр-кт Кондратьевский, д 24 литера а",https://mirsud.spb.ru/,mirsud.spb.ru,нет,78MS0044
Санкт-Петербург,Санкт-Петербург,,Судебный участок № 45 Куйбышевского судебного района Санкт-Петербурга,MS,Мировой суд,"191181, г Санкт-Петербург, ул Миллионная, д 21 литера а",https://mirsud.spb.ru/,mirsud.spb.ru,нет,78MS0045
Санкт-Петербург,Санкт-Петербург,,Судебный участок № 46 Калининского судебного района Санкт-Петербурга,MS,Мировой суд,"195197, г Санкт-Петербург, пр-кт Кондратьевский, д 24 литера а",https://mirsud.spb.ru/,mirsud.spb.ru,нет,78MS0046
Санкт-Петербург,Санкт-Петербург,,Судебный участок № 47 Калининского судебного района Санкт-Петербурга,MS,Мировой суд,"195197, г Санкт-Петербург, пр-кт Кондратьевский, д 24 литера а",https://mirsud.spb.ru/,mirsud.spb.ru,нет,78MS0047
Санкт-Петербург,Санкт-Петербург,,Судебный участок № 48 Калининского судебного района Санкт-Петербурга,MS,Мировой суд,"195197, г Санкт-Петербург, пр-кт Кондратьевский, д 24 литера а",https://mirsud.spb.ru/,mirsud.spb.ru,нет,78MS0048
Санкт-Петербург,Санкт-Петербург,,Судебный участок № 49 Калининского судебного района Санкт-Петербурга,MS,Мировой суд,"195197, г Санкт-Петербург, пр-кт Кондратьевский, д 24 литера а",https://mirsud.spb.ru/,mirsud.spb.ru,нет,78MS0049
Санкт-Петербург,Санкт-Петербург,,Судебный участок № 50 Калининского судебного района Санкт-Петербурга,MS,Мировой суд,"195197, г Санкт-Петербург, пр-кт Кондратьевский, д 24 литера а",https://mirsud.spb.ru/,mirsud.spb.ru,нет,78MS0050
Санкт-Петербург,Санкт-Петербург,,Судебный участок № 51 Калининского судебного района Санкт-Петербурга,MS,Мировой суд,"195276, г Санкт-Петербург, ул Тимуровская, д 8 к 1 литера б",https://mirsud.spb.ru/,mirsud.spb.ru,нет,78MS0051
Санкт-Петербург,Санкт-Петербург,,Судебный участок № 52 Калининского судебного района Санкт-Петербурга,MS,Мировой суд,"195197, г Санкт-Петербург, пр-кт Кондратьевский, д 24 литера а",https://mirsud.spb.ru/,mirsud.spb.ru,нет,78MS0052
Санкт-Петербург,Санкт-Петербург,,Судебный участок № 53 Калининского судебного района Санкт-Петербурга,MS,Мировой суд,"195276, г Санкт-Петербург, ул Тимуровская, д 8 к 1 литера б",https://mirsud.spb.ru/,mirsud.spb.ru,нет,78MS0053
Санкт-Петербург,Санкт-Петербург,,Судебный участок № 54 Калининского судебного района Санкт-Петербурга,MS,Мировой суд,"195197, г Санкт-Петербург, пр-кт Кондратьевский, д 24 литера а",https://mirsud.spb.ru/,mirsud.spb.ru,нет,78MS0054
Санкт-Петербург,Санкт-Петербург,,Судебный участок № 55 Калининского судебного района Санкт-Петербурга,MS,Мировой суд,"195197, г Санкт-Петербург, пр-кт Кондратьевский, д 24 литера а",https://mirsud.spb.ru/,mirsud.spb.ru,нет,78MS0055
Санкт-Петербург,Санкт-Петербург,,Судебный участок № 56 Калининского судебного района Санкт-Петербурга,MS,Мировой суд,"195276, г Санкт-Петербург, ул Тимуровская, д 8 к 1 литера б",https://mirsud.spb.ru/,mirsud.spb.ru,нет,78MS0056
Санкт-Петербург,Санкт-Петербург,,Судебный участок № 57 Калининского судебного района Санкт-Петербурга,MS,Мировой суд,"195197, г Санкт-Петербург, пр-кт Кондратьевский, д 24 литера а",https://mirsud.spb.ru/,mirsud.spb.ru,нет,78MS0057
Санкт-Петербург,Санкт-Петербург,,Судебный участок № 58 Кировского судебного района Санкт-Петербурга,MS,Мировой суд,"198188, г Санкт-Петербург, ул Возрождения, д 13 литера а",https://mirsud.spb.ru/,mirsud.spb.ru,нет,78MS0058
Санкт-Петербург,Санкт-Петербург,,Судебный участок № 59 Московского судебного района Санкт-Петербурга,MS,Мировой суд,"198303, г Санкт-Петербург, пр-кт Стачек, д 105 к 1 литера б",https://mirsud.spb.ru/,mirsud.spb.ru,нет,78MS0059
Санкт-Петербург,Санкт-Петербург,,Судебный участок № 60 Кировского судебного района Санкт-Петербурга,MS,Мировой суд,"198261, г Санкт-Петербург, ул Стойкости, д 30 к 1",https://mirsud.spb.ru/,mirsud.spb.ru,нет,78MS0060
Санкт-Петербург,Санкт-Петербург,,Судебный участок № 61 Кировского судебного района Санкт-Петербурга,MS,Мировой суд,"198188, г Санкт-Петербург, ул Возрождения, д 13 литера а",https://mirsud.spb.ru/,mirsud.spb.ru,нет,78MS0061
Санкт-Петербург,Санкт-Петербург,,Судебный участок № 62 Кировского судебного района Санкт-Петербурга,MS,Мировой суд,"198303, г Санкт-Петербург, пр-кт Стачек, д 105 к 1 литера б",https://mirsud.spb.ru/,mirsud.spb.ru,нет,78MS0062
Санкт-Петербург,Санкт-Петербург,,Судебный участок № 63 Кировского судебного района Санкт-Петербурга,MS,Мировой суд,"198303, г Санкт-Петербург, пр-кт Стачек, д 105 к 1 литера б",https://mirsud.spb.ru/,mirsud.spb.ru,нет,78MS0063
Санкт-Петербург,Санкт-Петербург,,Судебный участок № 64 Кировского судебного района Санкт-Петербурга,MS,Мировой суд,"198303, г Санкт-Петербург, пр-кт Стачек, д 105 к 1 литера б",https://mirsud.spb.ru/,mirsud.spb.ru,нет,78MS0064
Санкт-Петербург,Санкт-Петербург,,Судебный участок № 65 Кировского судебного района Санкт-Петербурга,MS,Мировой суд,"198035, г Санкт-Петербург, ул Двинская, д 14",https://mirsud.spb.ru/,mirsud.spb.ru,нет,78MS0065
Санкт-Петербург,Санкт-Петербург,,Судебный участок № 66 Кировского судебного района Санкт-Петербурга,MS,Мировой суд,"198303, г Санкт-Петербург, пр-кт Стачек, д 105 к 1 литера б",https://mirsud.spb.ru/,mirsud.spb.ru,нет,78MS0066
Санкт-Петербург,Санкт-Петербург,,Судебный участок № 67 Кировского судебного района Санкт-Петербурга,MS,Мировой суд,"198035, г Санкт-Петербург, ул Двинская, д 14",https://mirsud.spb.ru/,mirsud.spb.ru,нет,78MS0067
Санкт-Петербург,Санкт-Петербург,,Судебный участок № 68 Кировского судебного района Санкт-Петербурга,MS,Мировой суд,"198188, г Санкт-Петербург, ул Возрождения, д 13 литера а",https://mirsud.spb.ru/,mirsud.spb.ru,нет,78MS0068
Санкт-Петербург,Санкт-Петербург,,Судебный участок № 69 Кировского судебного района Санкт-Петербурга,MS,Мировой суд,"198035, г Санкт-Петербург, ул Двинская, д 14",https://mirsud.spb.ru/,mirsud.spb.ru,нет,78MS0069
Санкт-Петербург,Санкт-Петербург,,Судебный участок № 70 Кировского судебного района Санкт-Петербурга,MS,Мировой суд,"198188, г Санкт-Петербург, ул Возрождения, д 13 литера а",https://mirsud.spb.ru/,mirsud.spb.ru,нет,78MS0070
Санкт-Петербург,Санкт-Петербург,,Судебный участок № 71 Кировского судебного района Санкт-Петербурга,MS,Мировой суд,"198188, г Санкт-Петербург, ул Возрождения, д 13 литера а",https://mirsud.spb.ru/,mirsud.spb.ru,нет,78MS0071
Санкт-Петербург,Санкт-Петербург,,Судебный участок № 72 Кировского судебного района Санкт-Петербурга,MS,Мировой суд,"198035, г Санкт-Петербург, ул Двинская, д 14",https://mirsud.spb.ru/,mirsud.spb.ru,нет,78MS0072
Санкт-Петербург,Санкт-Петербург,,Судебный участок № 73 Колпинского судебного района Санкт-Петербурга,MS,Мировой суд,"196657, г Санкт-Петербург, г Колпино, б-р Трудящихся, д 29/52 литера а",https://mirsud.spb.ru/,mirsud.spb.ru,нет,78MS0073
Санкт-Петербург,Санкт-Петербург,,Судебный участок № 74 Колпинского судебного района Санкт-Петербурга,MS,Мировой суд,"196657, г Санкт-Петербург, г Колпино, б-р Трудящихся, д 29/52 литера а",https://mirsud.spb.ru/,mirsud.spb.ru,нет,78MS0074
Санкт-Петербург,Санкт-Петербург,,Судебный участок № 75 Колпинского судебного района Санкт-Петербурга,MS,Мировой суд,"196657, г Санкт-Петербург, г Колпино, б-р Трудящихся, д 29/52 литера а",https://mirsud.spb.ru/,mirsud.spb.ru,нет,78MS0075
Санкт-Петербург,Санкт-Петербург,,Судебный участок № 76 Колпинского судебного района Санкт-Петербурга,MS,Мировой суд,"196657, г Санкт-Петербург, г Колпино, б-р Трудящихся, д 29/52 литера а",https://mirsud.spb.ru/,mirsud.spb.ru,нет,78MS0076
Санкт-Петербург,Санкт-Петербург,,Судебный участок № 77 Колпинского судебного района Санкт-Петербурга,MS,Мировой суд,"196657, г Санкт-Петербург, г Колпино, б-р Трудящихся, д 29/52 литера а",https://mirsud.spb.ru/,mirsud.spb.ru,нет,78MS0077
Санкт-Петербург,Санкт-Петербург,,Судебный участок № 78 Колпинского судебного района Санкт-Петербурга,MS,Мировой суд,"196657, г Санкт-Петербург, г Колпино, б-р Трудящихся, д 29/52 литера а",https://mirsud.spb.ru/,mirsud.spb.ru,нет,78MS0078
Санкт-Петербург,Санкт-Петербург,,Судебный участок № 79 Колпинского судебного района Санкт-Петербурга,MS,Мировой суд,"196657, г Санкт-Петербург, г Колпино, б-р Трудящихся, д 29/52 литера а",https://mirsud.spb.ru/,mirsud.spb.ru,нет,78MS0079
Санкт-Петербург,Санкт-Петербург,,Судебный участок № 80 Колпинского судебного района Санкт-Петербурга,MS,Мировой суд,"196657, г Санкт-Петербург, г Колпино, б-р Трудящихся, д 29/52 литера а",https://mirsud.spb.ru/,mirsud.spb.ru,нет,78MS0080
Санкт-Петербург,Санкт-Петербург,,Судебный участок № 81 Красногвардейского судебного района Санкт-Петербурга,MS,Мировой суд,"195248, г Санкт-Петербург, пр-кт Энергетиков, д 26",https://mirsud.spb.ru/,mirsud.spb.ru,нет,78MS0081
Санкт-Петербург,Санкт-Петербург,,Судебный участок № 82 Красногвардейского судебного района Санкт-Петербурга,MS,Мировой суд,"195426, г Санкт-Петербург, пр-кт Индустриальный, д 10 к 1 литера а",https://mirsud.spb.ru/,mirsud.spb.ru,нет,78MS0082
Санкт-Петербург,Санкт-Петербург,,Судебный участок № 83 Красногвардейского судебного района Санкт-Петербурга,MS,Мировой суд,"195426, г Санкт-Петербург, пр-кт Индустриальный, д 10 к 1 литера а",https://mirsud.spb.ru/,mirsud.spb.ru,нет,78MS0083
Санкт-Петербург,Санкт-Петербург,,Судебный участок № 84 Красногвардейского судебного района Санкт-Петербурга,MS,Мировой суд,"195248, г Санкт-Петербург, пр-кт Энергетиков, д 26",https://mirsud.spb.ru/,mirsud.spb.ru,нет,78MS0084
Санкт-Петербург,Санкт-Петербург,,Судебный участок № 85 Красногвардейского судебного района Санкт-Петербурга,MS,Мировой суд,"195426, г Санкт-Петербург, пр-кт Индустриальный, д 10 к 1 литера а",https://mirsud.spb.ru/,mirsud.spb.ru,нет,78MS0085
Санкт-Петербург,Санкт-Петербург,,Судебный участок № 85 Ломоносовского муниципального района Ленинградской области,MS,Мировой суд,"198412, г Санкт-Петербург, г Ломоносов, пр-кт Ораниенбаумский, д 39",https://85.lo.msudrf.ru/,85.lo.msudrf.ru,нет,47MS0085
Санкт-Петербург,Санкт-Петербург,,Судебный участок № 86 Красногвардейского судебного района Санкт-Петербурга,MS,Мировой суд,"195426, г Санкт-Петербург, пр-кт Индустриальный, д 10 к 1 литера а",https://mirsud.spb.ru/,mirsud.spb.ru,нет,78MS0086
Санкт-Петербург,Санкт-Петербург,,Судебный участок № 87 Красногвардейского судебного района Санкт-Петербурга,MS,Мировой суд,"195213, г Санкт-Петербург, ул Гранитная, д 28 к 2",https://mirsud.spb.ru/,mirsud.spb.ru,нет,78MS0087
Санкт-Петербург,Санкт-Петербург,,Судебный участок № 88 Красногвардейского судебного района Санкт-Петербурга,MS,Мировой суд,"195027, г Санкт-Петербург, ул Якорная, д 6 литера а",https://mirsud.spb.ru/,mirsud.spb.ru,нет,78MS0088
Санкт-Петербург,Санкт-Петербург,,Судебный участок № 89 Красногвардейского судебного района Санкт-Петербурга,MS,Мировой суд,"195248, г Санкт-Петербург, пр-кт Энергетиков, д 26",https://mirsud.spb.ru/,mirsud.spb.ru,нет,78MS0089
Санкт-Петербург,Санкт-Петербург,,Судебный участок № 90 Красногвардейского судебного района Санкт-Петербурга,MS,Мировой суд,"195426, г Санкт-Петербург, пр-кт Индустриальный, д 10 к 1 литера а",https://mirsud.spb.ru/,mirsud.spb.ru,нет,78MS0090
Санкт-Петербург,Санкт-Петербург,,Судебный участок № 91 Красногвардейского судебного района Санкт-Петербурга,MS,Мировой суд,"195426, г Санкт-Петербург, пр-кт Индустриальный, д 10 к 1 литера а",https://mirsud.spb.ru/,mirsud.spb.ru,нет,78MS0091
Санкт-Петербург,Санкт-Петербург,,Судебный участок № 92 Красногвардейского судебного района Санкт-Петербурга,MS,Мировой суд,"195426, г Санкт-Петербург, пр-кт Индустриальный, д 10 к 1 литера а",https://mirsud.spb.ru/,mirsud.spb.ru,нет,78MS0092
Санкт-Петербург,Санкт-Петербург,,Судебный участок № 93 Красногвардейского судебного района Санкт-Петербурга,MS,Мировой суд,"195426, г Санкт-Петербург, пр-кт Индустриальный, д 10 к 1 литера а",https://mirsud.spb.ru/,mirsud.spb.ru,нет,78MS0093
Санкт-Петербург,Санкт-Петербург,,Судебный участок № 94 Красногвардейского судебного района Санкт-Петербурга,MS,Мировой суд,"195426, г Санкт-Петербург, пр-кт Индустриальный, д 10 к 1 литера а",https://mirsud.spb.ru/,mirsud.spb.ru,нет,78MS0094
Санкт-Петербург,Санкт-Петербург,,Судебный участок № 95 Красносельского судебного района Санкт-Петербурга,MS,Мировой суд,"198330, г Санкт-Петербург, ш Петергофское, д 3 к 1 литера в",https://mirsud.spb.ru/,mirsud.spb.ru,нет,78MS0095
Санкт-Петербург,Санкт-Петербург,,Судебный участок № 96 Красносельского судебного района Санкт-Петербурга,MS,Мировой суд,"198205, г Санкт-Петербург, ул Партизана Германа, д 22 литера б",https://mirsud.spb.ru/,mirsud.spb.ru,нет,78MS0096
Санкт-Петербург,Санкт-Петербург,,Судебный участок № 97 Красносельского судебного района Санкт-Петербурга,MS,Мировой суд,"198205, г Санкт-Петербург, ул Партизана Германа, д 14/117 литера а",https://mirsud.spb.ru/,mirsud.spb.ru,нет,78MS0097
Санкт-Петербург,Санкт-Петербург,,Судебный участок № 98 Красносельского судебного района Санкт-Петербурга,MS,Мировой суд,"198205, г Санкт-Петербург, ул Партизана Германа, д 22 литера б",https://mirsud.spb.ru/,mirsud.spb.ru,нет,78MS0098
Санкт-Петербург,Санкт-Петербург,,Судебный участок № 99 Красносельского судебного района Санкт-Петербурга,MS,Мировой суд,"198205, г Санкт-Петербург, ул Партизана Германа, д 14/117 литера а",https://mirsud.spb.ru/,mirsud.spb.ru,нет,78MS0099
Республика Татарстан,,,Судебный участок № 1 по Высокогорскому судебному району Республики Татарстан,MS,Мировой суд,"422700, Республика Татарстан, пжд. ст. Высокая Гора, ул. Школьная, д. 9",https://mirsud.tatar.ru/,mirsud.tatar.ru,нет,16MS0150
Республика Татарстан,Агрыз,,Судебный участок № 1 по Агрызскому судебному району Республики Татарстан,MS,Мировой суд,"422230, Респ Татарстан, г Агрыз, ул К.Маркса, д 24",https://mirsud.tatar.ru/,mirsud.tatar.ru,нет,16MS0135
Республика Татарстан,Агрыз,,Судебный участок № 2 по Агрызскому судебному району Республики Татарстан,MS,Мировой суд,"422230, Респ Татарстан, г Агрыз, ул К.Маркса, д 24",https://mirsud.tatar.ru/,mirsud.tatar.ru,нет,16MS0136
Республика Татарстан,Азнакаево,,Судебный участок № 1 по Азнакаевскому судебному району Республики Татарстан,MS,Мировой суд,"423330, Респ Татарстан, г Азнакаево, ул Багаутдинова, д 24",https://mirsud.tatar.ru/,mirsud.tatar.ru,нет,16MS0079
Республика Татарстан,Азнакаево,,Судебный участок № 2 по Азнакаевскому судебному району Республики Татарстан,MS,Мировой суд,"423330, Респ Татарстан, г Азнакаево, ул Багаутдинова, д 24А",https://mirsud.tatar.ru/,mirsud.tatar.ru,нет,16MS0080
Республика Татарстан,Азнакаево,,Судебный участок № 3 по Азнакаевскому судебному району Республики Татарстан,MS,Мировой суд,"423330, Респ Татарстан, г Азнакаево, ул Багаутдинова, д 24А",https://mirsud.tatar.ru/,mirsud.tatar.ru,нет,16MS0081
Республика Татарстан,Аксубаево,,Судебный участок № 1 по Аксубаевскому судебному району Республики Татарстан,MS,Мировой суд,"423060, Респ Татарстан, пгт Аксубаево, ул Ленина, д 6",https://mirsud.tatar.ru/,mirsud.tatar.ru,нет,16MS0137
Республика Татарстан,Аксубаево,,Судебный участок № 2 по Аксубаевскому судебному району Республики Татарстан,MS,Мировой суд,"423060, Респ Татарстан, пгт Аксубаево, ул Ленина, д 6",https://mirsud.tatar.ru/,mirsud.tatar.ru,нет,16MS0138
Республика Татарстан,Актаныш,,Судебный участок № 1 по Актанышскому судебному району Республики Татарстан,MS,Мировой суд,"423740, Респ Татарстан, с Актаныш, пр-кт Ленина, д 46",https://mirsud.tatar.ru/,mirsud.tatar.ru,нет,16MS0139
Республика Татарстан,Актаныш,,Судебный участок № 2 по Актанышскому судебному району Республики Татарстан,MS,Мировой суд,"423740, Респ Татарстан, с Актаныш, пр-кт Ленина, д 46",https://mirsud.tatar.ru/,mirsud.tatar.ru,нет,16MS0140
Республика Татарстан,Алексеевское,,Судебный участок № 1 по Алексеевскому судебному району Республики Татарстан,MS,Мировой суд,"422900, Респ Татарстан, пгт Алексеевское, пл Соборная, зд 2",https://mirsud.tatar.ru/,mirsud.tatar.ru,нет,16MS0141
Республика Татарстан,Альметьевск,,Судебный участок № 1 по Альметьевскому судебному району Республики Татарстан,MS,Мировой суд,"423458, Респ Татарстан, г Альметьевск, ул Ризы Фахретдина, д 56А",https://mirsud.tatar.ru/,mirsud.tatar.ru,нет,16MS0082
Республика Татарстан,Альметьевск,,Судебный участок № 2 по Альметьевскому судебному району Республики Татарстан,MS,Мировой суд,"423458, Респ Татарстан, г Альметьевск, ул Ризы Фахретдина, д 56А",https://mirsud.tatar.ru/,mirsud.tatar.ru,нет,16MS0083
Республика Татарстан,Альметьевск,,Судебный участок № 3 по Альметьевскому судебному району Республики Татарстан,MS,Мировой суд,"423458, Респ Татарстан, г Альметьевск, ул Ризы Фахретдина, д 56А",https://mirsud.tatar.ru/,mirsud.tatar.ru,нет,16MS0084
Республика Татарстан,Альметьевск,,Судебный участок № 4 по Альметьевскому судебному району Республики Татарстан,MS,Мировой суд,"423458, Респ Татарстан, г Альметьевск, ул Ризы Фахретдина, д 56А",https://mirsud.tatar.ru/,mirsud.tatar.ru,нет,16MS0085
Республика Татарстан,Альметьевск,,Судебный участок № 5 по Альметьевскому судебному району Республики Татарстан,MS,Мировой суд,"423458, Респ Татарстан, г Альметьевск, ул Ризы Фахретдина, д 56А",https://mirsud.tatar.ru/,mirsud.tatar.ru,нет,16MS0086
Республика Татарстан,Альметьевск,,Судебный участок № 6 по Альметьевскому судебному району Республики Татарстан,MS,Мировой суд,"423458, Респ Татарстан, г Альметьевск, ул Ризы Фахретдина, д 56А",https://mirsud.tatar.ru/,mirsud.tatar.ru,нет,16MS0087
Республика Татарстан,Альметьевск,,Судебный участок № 7 по Альметьевскому судебному району Республики Татарстан,MS,Мировой суд,"423458, Респ Татарстан, г Альметьевск, ул Ризы Фахретдина, д 56А",https://mirsud.tatar.ru/,mirsud.tatar.ru,нет,16MS0088
Республика Татарстан,Альметьевск,,Судебный участок № 8 по Альметьевскому судебному району Республики Татарстан,MS,Мировой суд,"423458, Респ Татарстан, г Альметьевск, ул Ризы Фахретдина, д 56А",https://mirsud.tatar.ru/,mirsud.tatar.ru,нет,16MS0089
Республика Татарстан,Альметьевск,,Судебный участок № 9 по Альметьевскому судебному району Республики Татарстан,MS,Мировой суд,"423458, Респ Татарстан, г Альметьевск, ул Ризы Фахретдина, д 56А",https://mirsud.tatar.ru/,mirsud.tatar.ru,нет,16MS0090
Республика Татарстан,Апастово,,Судебный участок № 1 по Апастовскому судебному району Республики Татарстан,MS,Мировой суд,"422350, Респ Татарстан, пгт Апастово, ул Гагарина, зд 6",https://mirsud.tatar.ru/,mirsud.tatar.ru,нет,16MS0143
Республика Татарстан,Арск,,Судебный участок № 1 по Арскому судебному району Республики Татарстан,MS,Мировой суд,"422000, Респ Татарстан, г Арск, ул Большая, д 70",https://mirsud.tatar.ru/,mirsud.tatar.ru,нет,16MS0144
Республика Татарстан,Арск,,Судебный участок № 2 по Арскому судебному району Республики Татарстан,MS,Мировой суд,"422000, Респ Татарстан, г Арск, ул Большая, д 70",https://mirsud.tatar.ru/,mirsud.tatar.ru,нет,16MS0145
Республика Татарстан,Бавлы,,Судебный участок № 1 по Бавлинскому судебному району Республики Татарстан,MS,Мировой суд,"423930, Респ Татарстан, г Бавлы, ул Х.Такташа, д 28",https://mirsud.tatar.ru/,mirsud.tatar.ru,нет,16MS0091
Республика Татарстан,Бавлы,,Судебный участок № 2 по Бавлинскому судебному району Республики Татарстан,MS,Мировой суд,"423930, Респ Татарстан, г Бавлы, ул Х.Такташа, д 28",https://mirsud.tatar.ru/,mirsud.tatar.ru,нет,16MS0092
Республика Татарстан,Базарные Матаки,,Судебный участок № 1 по Алькеевскому судебному району Республики Татарстан,MS,Мировой суд,"422870, Респ Татарстан, с Базарные Матаки, ул Ленина, зд 4Г",https://mirsud.tatar.ru/,mirsud.tatar.ru,нет,16MS0142
Республика Татарстан,Балтаси,,Судебный участок № 1 по Балтасинскому судебному району Республики Татарстан,MS,Мировой суд,"422250, Респ Татарстан, пгт Балтаси, ул В.Булатова, зд 24/4",https://mirsud.tatar.ru/,mirsud.tatar.ru,нет,16MS0147
Республика Татарстан,Балтаси,,Судебный участок № 2 по Балтасинскому судебному району Республики Татарстан,MS,Мировой суд,"422250, Респ Татарстан, пгт Балтаси, ул В.Булатова, зд 24/4",https://mirsud.tatar.ru/,mirsud.tatar.ru,нет,16MS0148
Республика Татарстан,Богатые Сабы,,Судебный участок № 1 по Сабинскому судебному району Республики Татарстан,MS,Мировой суд,"422060, Респ Татарстан, пгт Богатые Сабы, ул Тукая, зд 12Б",https://mirsud.tatar.ru/,mirsud.tatar.ru,нет,16MS0172
Республика Татарстан,Богатые Сабы,,Судебный участок № 2 по Сабинскому судебному району Республики Татарстан,MS,Мировой суд,"422060, Республика Татарстан, пгт. Богатые Сабы, ул. Г. Тукая, д. 12 Б",https://mirsud.tatar.ru/,mirsud.tatar.ru,нет,16MS0173
Республика Татарстан,Болгар,,Судебный участок № 1 по Спасскому судебному району Республики Татарстан,MS,Мировой суд,"422840, Респ Татарстан, г Болгар, ул Горького, зд 16А",https://mirsud.tatar.ru/,mirsud.tatar.ru,нет,16MS0176
Республика Татарстан,Большая Атня,,Судебный участок № 1 по Атнинскому судебному району Республики Татарстан,MS,Мировой суд,"422750, Респ Татарстан, с Большая Атня, ул Б.Зиганшина, д 10",https://mirsud.tatar.ru/,mirsud.tatar.ru,нет,16MS0146
Республика Татарстан,Большие Кайбицы,,Судебный участок № 1 по Кайбицкому судебному району Республики Татарстан,MS,Мировой суд,"422330, Респ Татарстан, с Большие Кайбицы, ул Солнечный бульвар, д 3",https://mirsud.tatar.ru/,mirsud.tatar.ru,нет,16MS0153
Республика Татарстан,Бугульма,,Судебный участок № 1 по Бугульминскому судебному району Республики Татарстан,MS,Мировой суд,"423230, Респ Татарстан, г Бугульма, ул Владимира Ленина, д 18А",https://mirsud.tatar.ru/,mirsud.tatar.ru,нет,16MS0093
Республика Татарстан,Бугульма,,Судебный участок № 2 по Бугульминскому судебному району Республики Татарстан,MS,Мировой суд,"423230, Респ Татарстан, г Бугульма, ул Владимира Ленина, д 18А",https://mirsud.tatar.ru/,mirsud.tatar.ru,нет,16MS0094
Республика Татарстан,Бугульма,,Судебный участок № 3 по Бугульминскому судебному району Республики Татарстан,MS,Мировой суд,"423230, Респ Татарстан, г Бугульма, ул Владимира Ленина, д 18А",https://mirsud.tatar.ru/,mirsud.tatar.ru,нет,16MS0095
Республика Татарстан,Бугульма,,Судебный участок № 4 по Бугульминскому судебному району Республики Татарстан,MS,Мировой суд,"423230, Респ Татарстан, г Бугульма, ул Владимира Ленина, д 18А",https://mirsud.tatar.ru/,mirsud.tatar.ru,нет,16MS0096
Республика Татарстан,Бугульма,,Судебный участок № 5 по Бугульминскому судебному району Республики Татарстан,MS,Мировой суд,"423230, Респ Татарстан, г Бугульма, ул Владимира Ленина, д 18А",https://mirsud.tatar.ru/,mirsud.tatar.ru,нет,16MS0097
Республика Татарстан,Буинск,,Судебный участок № 1 по Буинскому судебному району Республики Татарстан,MS,Мировой суд,"422430, Респ Татарстан, г Буинск, ул Камиля Зыятдинова, д 4/2",https://mirsud.tatar.ru/,mirsud.tatar.ru,нет,16MS0098
Республика Татарстан,Буинск,,Судебный участок № 2 по Буинскому судебному району Республики Татарстан,MS,Мировой суд,"422430, Респ Татарстан, г Буинск, ул Камиля Зыятдинова, д 4/2",https://mirsud.tatar.ru/,mirsud.tatar.ru,нет,16MS0099
Республика Татарстан,Верхний Услон,,Судебный участок № 1 по Верхнеуслонскому судебному району Республики Татарстан,MS,Мировой суд,"422570, Респ Татарстан, с Верхний Услон, ул Советская, д 30",https://mirsud.tatar.ru/,mirsud.tatar.ru,нет,16MS0149
Республика Татарстан,Дубъязы,,Судебный участок № 2 по Высокогорскому судебному району Республики Татарстан,MS,Мировой суд,"422720, Респ Татарстан, Высокогорский р-н, с Дубъязы, ул Ленина, д 28",https://mirsud.tatar.ru/,mirsud.tatar.ru,нет,16MS0151
Республика Татарстан,Елабуга,,Судебный участок № 1 по Елабужскому судебному району Республики Татарстан,MS,Мировой суд,"423603, Респ Татарстан, г Елабуга, ул Строителей, д 6Б",https://mirsud.tatar.ru/,mirsud.tatar.ru,нет,16MS0100
Республика Татарстан,Елабуга,,Судебный участок № 2 по Елабужскому судебному району Республики Татарстан,MS,Мировой суд,"423602, Респ Татарстан, г Елабуга, ул Молодежная, д 13А",https://mirsud.tatar.ru/,mirsud.tatar.ru,нет,16MS0101
Республика Татарстан,Елабуга,,Судебный участок № 3 по Елабужскому судебному району Республики Татарстан,MS,Мировой суд,"423603, Респ Татарстан, г Елабуга, ул Строителей, д 6Б",https://mirsud.tatar.ru/,mirsud.tatar.ru,нет,16MS0102
Республика Татарстан,Елабуга,,Судебный участок № 4 по Елабужскому судебному району Республики Татарстан,MS,Мировой суд,"423602, Респ Татарстан, г Елабуга, ул Молодежная, д 13А",https://mirsud.tatar.ru/,mirsud.tatar.ru,нет,16MS0103
Республика Татарстан,Заинск,,Судебный участок № 1 по Заинскому судебному району Республики Татарстан,MS,Мировой суд,"423523, Респ Татарстан, г Заинск, ул Автозаводская, д 1А",https://mirsud.tatar.ru/,mirsud.tatar.ru,нет,16MS0104
Республика Татарстан,Заинск,,Судебный участок № 2 по Заинскому судебному району Республики Татарстан,MS,Мировой суд,"423523, Респ Татарстан, г Заинск, ул Автозаводская, д 1А",https://mirsud.tatar.ru/,mirsud.tatar.ru,нет,16MS0105
Республика Татарстан,Заинск,,Судебный участок № 3 по Заинскому судебному району Республики Татарстан,MS,Мировой суд,"423523, Респ Татарстан, г Заинск, ул Автозаводская, д 1А",https://mirsud.tatar.ru/,mirsud.tatar.ru,нет,16MS0106
Республика Татарстан,Зеленодольск,,Судебный участок № 1 по Зеленодольскому судебному району Республики Татарстан,MS,Мировой суд,"422550, Респ Татарстан, г Зеленодольск, ул Гагарина, д 8",https://mirsud.tatar.ru/,mirsud.tatar.ru,нет,16MS0107
Республика Татарстан,Зеленодольск,,Судебный участок № 2 по Зеленодольскому судебному району Республики Татарстан,MS,Мировой суд,"422545, Респ Татарстан, г Зеленодольск, ул Комарова, д 43",https://mirsud.tatar.ru/,mirsud.tatar.ru,нет,16MS0108
Республика Татарстан,Зеленодольск,,Судебный участок № 3 по Зеленодольскому судебному району Республики Татарстан,MS,Мировой суд,"422550, Респ Татарстан, г Зеленодольск, ул Гагарина, д 8",https://mirsud.tatar.ru/,mirsud.tatar.ru,нет,16MS0109
Республика Татарстан,Зеленодольск,,Судебный участок № 4 по Зеленодольскому судебному району Республики Татарстан,MS,Мировой суд,"422545, Респ Татарстан, г Зеленодольск, ул Комарова, д 43",https://mirsud.tatar.ru/,mirsud.tatar.ru,нет,16MS0110
Республика Татарстан,Зеленодольск,,Судебный участок № 5 по Зеленодольскому судебному району Республики Татарстан,MS,Мировой суд,"422550, Респ Татарстан, г Зеленодольск, ул Гагарина, д 8",https://mirsud.tatar.ru/,mirsud.tatar.ru,нет,16MS0111
Республика Татарстан,Зеленодольск,,Судебный участок № 6 по Зеленодольскому судебному району Республики Татарстан,MS,Мировой суд,"422550, Респ Татарстан, г Зеленодольск, ул Гагарина, д 8",https://mirsud.tatar.ru/,mirsud.tatar.ru,нет,16MS0112
Республика Татарстан,Зеленодольск,,Судебный участок № 7 по Зеленодольскому судебному району Республики Татарстан,MS,Мировой суд,"422545, Респ Татарстан, г Зеленодольск, ул Комарова, д 43",https://mirsud.tatar.ru/,mirsud.tatar.ru,нет,16MS0113
Республика Татарстан,Казань,,Судебный участок № 1 по Авиастроительному судебному району г. Казани,MS,Мировой суд,"420127, г Казань, ул Лукина, д 2/15",https://mirsud.tatar.ru/,mirsud.tatar.ru,нет,16MS0001
Республика Татарстан,Казань,,Судебный участок № 1 по Вахитовскому судебному району города Казани,MS,Мировой суд,"420049, г Казань, ул Агрономическая, д 76",https://mirsud.tatar.ru/,mirsud.tatar.ru,нет,16MS0006
Республика Татарстан,Казань,,Судебный участок № 1 по Кировскому судебному району г. Казани,MS,Мировой суд,"420032, г Казань, ул Алафузова, д 4",https://mirsud.tatar.ru/,mirsud.tatar.ru,нет,16MS0013
Республика Татарстан,Казань,,Судебный участок № 1 по Московскому судебному району г. Казани,MS,Мировой суд,"420091, г Казань, ул Химиков, д 49",https://mirsud.tatar.ru/,mirsud.tatar.ru,нет,16MS0018
Республика Татарстан,Казань,,Судебный участок № 1 по Ново-Савиновскому судебному району г. Казани,MS,Мировой суд,"420044, г Казань, ул Октябрьская, д 1",https://mirsud.tatar.ru/,mirsud.tatar.ru,нет,16MS0026
Республика Татарстан,Казань,,Судебный участок № 1 по Приволжскому судебному району г. Казани,MS,Мировой суд,"420054, г Казань, ул Авангардная, д 143",https://mirsud.tatar.ru/,mirsud.tatar.ru,нет,16MS0036
Республика Татарстан,Казань,,Судебный участок № 1 по Советскому судебному району г. Казани,MS,Мировой суд,"420088, г Казань, ул Ново-Азинская, д 43",https://mirsud.tatar.ru/,mirsud.tatar.ru,нет,16MS0046
Республика Татарстан,Казань,,Судебный участок № 10 по Ново-Савиновскому судебному району г. Казани,MS,Мировой суд,"420132, г Казань, ул Маршала Чуйкова, д 53",https://mirsud.tatar.ru/,mirsud.tatar.ru,нет,16MS0035
Республика Татарстан,Казань,,Судебный участок № 10 по Приволжскому судебному району г. Казани,MS,Мировой суд,"420141, г Казань, ул Комиссара Габишева, д 35",https://mirsud.tatar.ru/,mirsud.tatar.ru,нет,16MS0045
Республика Татарстан,Казань,,Судебный участок № 10 по Советскому судебному району г. Казани,MS,Мировой суд,"420061, г Казань, ул Космонавтов, зд 59",https://mirsud.tatar.ru/,mirsud.tatar.ru,нет,16MS0055
Республика Татарстан,Казань,,Судебный участок № 11 по Ново-Савиновскому судебному району г. Казани,MS,Мировой суд,"420132, г Казань, ул Адоратского, д 29А",https://mirsud.tatar.ru/,mirsud.tatar.ru,нет,16MS0184
Республика Татарстан,Казань,,Судебный участок № 11 по Приволжскому судебному району г. Казани,MS,Мировой суд,"420141, г Казань, ул Комиссара Габишева, д 35",https://mirsud.tatar.ru/,mirsud.tatar.ru,нет,16MS0185
Республика Татарстан,Казань,,Судебный участок № 11 по Советскому судебному району г. Казани,MS,Мировой суд,"420061, г Казань, ул Космонавтов, д 59А",https://mirsud.tatar.ru/,mirsud.tatar.ru,нет,16MS0056
Республика Татарстан,Казань,,Судебный участок № 12 по Советскому судебному району г. Казани,MS,Мировой суд,"420061, г Казань, ул Космонавтов, д 59А",https://mirsud.tatar.ru/,mirsud.tatar.ru,нет,16MS0186
Республика Татарстан,Казань,,Судебный участок № 13 по Советскому судебному району г. Казани,MS,Мировой суд,"420088, г Казань, ул Ново-Азинская, д 43",https://mirsud.tatar.ru/,mirsud.tatar.ru,нет,16MS0189
Республика Татарстан,Казань,,Судебный участок № 14 по Советскому судебному району г. Казани,MS,Мировой суд,"420061, г Казань, ул Космонавтов, д 11",https://mirsud.tatar.ru/,mirsud.tatar.ru,нет,16MS0190
Республика Татарстан,Казань,,Судебный участок № 2 по Авиастроительному судебному району г. Казани,MS,Мировой суд,"420127, г Казань, ул Лукина, д 2/15",https://mirsud.tatar.ru/,mirsud.tatar.ru,нет,16MS0002
Республика Татарстан,Казань,,Судебный участок № 2 по Вахитовскому судебному району города Казани,MS,Мировой суд,"420111, г Казань, ул Коротченко, д 2",https://mirsud.tatar.ru/,mirsud.tatar.ru,нет,16MS0007
Республика Татарстан,Казань,,Судебный участок № 2 по Кировскому судебному району г. Казани,MS,Мировой суд,"420032, г Казань, ул Алафузова, д 4",https://mirsud.tatar.ru/,mirsud.tatar.ru,нет,16MS0014
Республика Татарстан,Казань,,Судебный участок № 2 по Московскому судебному району г. Казани,MS,Мировой суд,"420034, г Казань, ул Декабристов, д 131",https://mirsud.tatar.ru/,mirsud.tatar.ru,нет,16MS0019
Республика Татарстан,Казань,,Судебный участок № 2 по Ново-Савиновскому судебному району г. Казани,MS,Мировой суд,"420136, г Казань, ул Маршала Чуйкова, д 27",https://mirsud.tatar.ru/,mirsud.tatar.ru,нет,16MS0027
Республика Татарстан,Казань,,Судебный участок № 2 по Приволжскому судебному району г. Казани,MS,Мировой суд,"420054, г Казань, ул Авангардная, д 143",https://mirsud.tatar.ru/,mirsud.tatar.ru,нет,16MS0037
Республика Татарстан,Казань,,Судебный участок № 2 по Советскому судебному району г. Казани,MS,Мировой суд,"420061, г Казань, ул Космонавтов, д 59А",https://mirsud.tatar.ru/,mirsud.tatar.ru,нет,16MS0047
Республика Татарстан,Казань,,Судебный участок № 3 по Авиастроительному судебному району г. Казани,MS,Мировой суд,"420127, г Казань, ул Лукина, д 2/15",https://mirsud.tatar.ru/,mirsud.tatar.ru,нет,16MS0003
Республика Татарстан,Казань,,Судебный участок № 3 по Вахитовскому судебному району города Казани,MS,Мировой суд,"420111, г Казань, ул Коротченко, д 2",https://mirsud.tatar.ru/,mirsud.tatar.ru,нет,16MS0008
Республика Татарстан,Казань,,Судебный участок № 3 по Кировскому судебному району г. Казани,MS,Мировой суд,"420032, г Казань, ул Алафузова, д 4",https://mirsud.tatar.ru/,mirsud.tatar.ru,нет,16MS0015
Республика Татарстан,Казань,,Судебный участок № 3 по Московскому судебному району г. Казани,MS,Мировой суд,"420034, г Казань, ул Декабристов, д 131",https://mirsud.tatar.ru/,mirsud.tatar.ru,нет,16MS0020
Республика Татарстан,Казань,,Судебный участок № 3 по Ново-Савиновскому судебному району г. Казани,MS,Мировой суд,"420133, г Казань, ул Адоратского, д 12Б",https://mirsud.tatar.ru/,mirsud.tatar.ru,нет,16MS0028
Республика Татарстан,Казань,,Судебный участок № 3 по Приволжскому судебному району г. Казани,MS,Мировой суд,"420054, г Казань, ул Авангардная, д 143",https://mirsud.tatar.ru/,mirsud.tatar.ru,нет,16MS0038
Республика Татарстан,Казань,,Судебный участок № 3 по Советскому судебному району г. Казани,MS,Мировой суд,"420075, г Казань, ул Главная, д 68",https://mirsud.tatar.ru/,mirsud.tatar.ru,нет,16MS0048
Республика Татарстан,Казань,,Судебный участок № 4 по Авиастроительному судебному району г. Казани,MS,Мировой суд,"420127, г Казань, ул Лукина, д 2/15",https://mirsud.tatar.ru/,mirsud.tatar.ru,нет,16MS0004
Республика Татарстан,Казань,,Судебный участок № 4 по Вахитовскому судебному району города Казани,MS,Мировой суд,"420111, г Казань, ул Коротченко, д 2",https://mirsud.tatar.ru/,mirsud.tatar.ru,нет,16MS0009
Республика Татарстан,Казань,,Судебный участок № 4 по Кировскому судебному району г. Казани,MS,Мировой суд,"420032, г Казань, ул Алафузова, д 4",https://mirsud.tatar.ru/,mirsud.tatar.ru,нет,16MS0016
Республика Татарстан,Казань,,Судебный участок № 4 по Московскому судебному району г. Казани,MS,Мировой суд,"420091, г Казань, ул Химиков, д 49",https://mirsud.tatar.ru/,mirsud.tatar.ru,нет,16MS0021
Республика Татарстан,Казань,,Судебный участок № 4 по Ново-Савиновскому судебному району г. Казани,MS,Мировой суд,"420133, г Казань, ул Адоратского, д 12Б",https://mirsud.tatar.ru/,mirsud.tatar.ru,нет,16MS0029
Республика Татарстан,Казань,,Судебный участок № 4 по Приволжскому судебному району г. Казани,MS,Мировой суд,"420054, г Казань, ул Авангардная, д 143",https://mirsud.tatar.ru/,mirsud.tatar.ru,нет,16MS0039
Республика Татарстан,Казань,,Судебный участок № 4 по Советскому судебному району г. Казани,MS,Мировой суд,"420075, г Казань, ул Главная, д 68",https://mirsud.tatar.ru/,mirsud.tatar.ru,нет,16MS0049
Республика Татарстан,Казань,,Судебный участок № 5 по Авиастроительному судебному району г. Казани,MS,Мировой суд,"420127, г Казань, ул Лукина, д 2/15",https://mirsud.tatar.ru/,mirsud.tatar.ru,нет,16MS0005
Республика Татарстан,Казань,,Судебный участок № 5 по Вахитовскому судебному району города Казани,MS,Мировой суд,"420049, г Казань, ул Агрономическая, д 76",https://mirsud.tatar.ru/,mirsud.tatar.ru,нет,16MS0010
Республика Татарстан,Казань,,Судебный участок № 5 по Кировскому судебному району г. Казани,MS,Мировой суд,"420032, г Казань, ул Алафузова, д 4",https://mirsud.tatar.ru/,mirsud.tatar.ru,нет,16MS0017
Республика Татарстан,Казань,,Судебный участок № 5 по Московскому судебному району г. Казани,MS,Мировой суд,"420091, г Казань, ул Химиков, д 49",https://mirsud.tatar.ru/,mirsud.tatar.ru,нет,16MS0022
Республика Татарстан,Казань,,Судебный участок № 5 по Ново-Савиновскому судебному району г. Казани,MS,Мировой суд,"420044, г Казань, пр-кт Ибрагимова, д 37",https://mirsud.tatar.ru/,mirsud.tatar.ru,нет,16MS0030
Республика Татарстан,Казань,,Судебный участок № 5 по Приволжскому судебному району г. Казани,MS,Мировой суд,"420054, г Казань, ул Авангардная, д 1, кв 43",https://mirsud.tatar.ru/,mirsud.tatar.ru,нет,16MS0040
Республика Татарстан,Казань,,Судебный участок № 5 по Советскому судебному району г. Казани,MS,Мировой суд,"420061, г Казань, ул Космонавтов, д 59А",https://mirsud.tatar.ru/,mirsud.tatar.ru,нет,16MS0050
Республика Татарстан,Казань,,Судебный участок № 6 по Вахитовскому судебному району города Казани,MS,Мировой суд,"420049, г Казань, ул Агрономическая, д 76",https://mirsud.tatar.ru/,mirsud.tatar.ru,нет,16MS0011
Республика Татарстан,Казань,,Судебный участок № 6 по Кировскому судебному району города Казани,MS,Мировой суд,"420032, г Казань, ул Алафузова, д 4",https://mirsud.tatarstan.ru/,mirsud.tatarstan.ru,нет,16MS0191
Республика Татарстан,Казань,,Судебный участок № 6 по Московскому судебному району г. Казани,MS,Мировой суд,"420091, г Казань, ул Химиков, д 49",https://mirsud.tatar.ru/,mirsud.tatar.ru,нет,16MS0023
Республика Татарстан,Казань,,Судебный участок № 6 по Ново-Савиновскому судебному району г. Казани,MS,Мировой суд,"420136, г Казань, ул Маршала Чуйкова, д 27",https://mirsud.tatar.ru/,mirsud.tatar.ru,нет,16MS0031
Республика Татарстан,Казань,,Судебный участок № 6 по Приволжскому судебному району г. Казани,MS,Мировой суд,"420054, г Казань, ул Авангардная, д 143",https://mirsud.tatar.ru/,mirsud.tatar.ru,нет,16MS0041
Республика Татарстан,Казань,,Судебный участок № 6 по Советскому судебному району г. Казани,MS,Мировой суд,"420061, г Казань, ул Космонавтов, д 11",https://mirsud.tatar.ru/,mirsud.tatar.ru,нет,16MS0051
Республика Татарстан,Казань,,Судебный участок № 7 по Вахитовскому судебному району города Казани,MS,Мировой суд,"420111, г Казань, ул Коротченко, д 2",https://mirsud.tatar.ru/,mirsud.tatar.ru,нет,16MS0012
Республика Татарстан,Казань,,Судебный участок № 7 по Московскому судебному району г. Казани,MS,Мировой суд,"420091, г Казань, ул Химиков, д 49",https://mirsud.tatar.ru/,mirsud.tatar.ru,нет,16MS0024
Республика Татарстан,Казань,,Судебный участок № 7 по Ново-Савиновскому судебному району г. Казани,MS,Мировой суд,"420132, г Казань, ул Маршала Чуйкова, д 53",https://mirsud.tatar.ru/,mirsud.tatar.ru,нет,16MS0032
Республика Татарстан,Казань,,Судебный участок № 7 по Приволжскому судебному району г. Казани,MS,Мировой суд,"420141, г Казань, ул Комиссара Габишева, д 35",https://mirsud.tatar.ru/,mirsud.tatar.ru,нет,16MS0042
Республика Татарстан,Казань,,Судебный участок № 7 по Советскому судебному району г. Казани,MS,Мировой суд,"420061, г Казань, ул Космонавтов, д 59А",https://mirsud.tatar.ru/,mirsud.tatar.ru,нет,16MS0052
Республика Татарстан,Казань,,Судебный участок № 8 по Вахитовскому судебному району города Казани,MS,Мировой суд,"420049, г Казань, ул Агрономическая, д 76",https://mirsud.tatar.ru/,mirsud.tatar.ru,нет,16MS0183
Республика Татарстан,Казань,,Судебный участок № 8 по Ново-Савиновскому судебному району г. Казани,MS,Мировой суд,"420133, г Казань, ул Адоратского, д 12Б",https://mirsud.tatar.ru/,mirsud.tatar.ru,нет,16MS0033
Республика Татарстан,Казань,,Судебный участок № 8 по Приволжскому судебному району г. Казани,MS,Мировой суд,"420141, г Казань, ул Комиссара Габишева, д 35",https://mirsud.tatar.ru/,mirsud.tatar.ru,нет,16MS0043
Республика Татарстан,Казань,,Судебный участок № 8 по Советскому судебному району г. Казани,MS,Мировой суд,"420087, г Казань, ул Латышских Стрелков, д 25А",https://mirsud.tatar.ru/,mirsud.tatar.ru,нет,16MS0053
Республика Татарстан,Казань,,Судебный участок № 9 по Ново-Савиновскому судебному району г. Казани,MS,Мировой суд,"420133, г Казань, ул Адоратского, д 12Б",https://mirsud.tatar.ru/,mirsud.tatar.ru,нет,16MS0034
Республика Татарстан,Казань,,Судебный участок № 9 по Приволжскому судебному району г. Казани,MS,Мировой суд,"420141, г Казань, ул Комиссара Габишева, д 35",https://mirsud.tatar.ru/,mirsud.tatar.ru,нет,16MS0044
Республика Татарстан,Казань,,Судебный участок № 9 по Советскому судебному району г. Казани,MS,Мировой суд,"420087, г Казань, ул Латышских Стрелков, д 25А",https://mirsud.tatar.ru/,mirsud.tatar.ru,нет,16MS0054
Республика Татарстан,Камские поляны,,Судебный участок № 1 по Нижнекамскому судебному району Республики Татарстан,MS,Мировой суд,"423564, Республика Татарстан, Нижнекамский район, пгт. Камские поляны, здание милиции, 4 этаж",https://mirsud.tatar.ru/,mirsud.tatar.ru,нет,16MS0119
Республика Татарстан,Камское Устье,,Судебный участок № 1 по Камско-Устьинскому судебному району Республики Татарстан,MS,Мировой суд,"422820, Респ Татарстан, пгт Камское Устье, ул Гагарина, д 80",https://mirsud.tatar.ru/,mirsud.tatar.ru,нет,16MS0154
Республика Татарстан,Кукмор,,Судебный участок № 1 по Кукморскому судебному району Республики Татарстан,MS,Мировой суд,"422110, Респ Татарстан, г Кукмор, ул Вахитова, д 13",https://mirsud.tatar.ru/,mirsud.tatar.ru,нет,16MS0155
Республика Татарстан,Кукмор,,Судебный участок № 2 по Кукморскому судебному району Республики Татарстан,MS,Мировой суд,"422110, Респ Татарстан, г Кукмор, ул Вахитова, д 13",https://mirsud.tatar.ru/,mirsud.tatar.ru,нет,16MS0156
Республика Татарстан,Лаишево,,Судебный участок № 1 по Лаишевскому судебному району Республики Татарстан,MS,Мировой суд,"422610, Респ Татарстан, г Лаишево, ул Ленина, д 56",https://mirsud.tatar.ru/,mirsud.tatar.ru,нет,16MS0157
Республика Татарстан,Лаишево,,Судебный участок № 2 по Лаишевскому судебному району Республики Татарстан,MS,Мировой суд,"422610, Респ Татарстан, г Лаишево, ул Ленина, д 56",https://mirsud.tatar.ru/,mirsud.tatar.ru,нет,16MS0158
Республика Татарстан,Лениногорск,,Судебный участок № 1 по Лениногорскому судебному району Республики Татарстан,MS,Мировой суд,"423251, Респ Татарстан, г Лениногорск, ул Агадуллина, д 12",https://mirsud.tatar.ru/,mirsud.tatar.ru,нет,16MS0115
Республика Татарстан,Лениногорск,,Судебный участок № 2 по Лениногорскому судебному району Республики Татарстан,MS,Мировой суд,"423251, Респ Татарстан, г Лениногорск, ул Агадуллина, д 12",https://mirsud.tatar.ru/,mirsud.tatar.ru,нет,16MS0116
Республика Татарстан,Лениногорск,,Судебный участок № 3 по Лениногорскому судебному району Республики Татарстан,MS,Мировой суд,"423251, Респ Татарстан, г Лениногорск, ул Агадуллина, д 12",https://mirsud.tatar.ru/,mirsud.tatar.ru,нет,16MS0117
Республика Татарстан,Лениногорск,,Судебный участок № 4 по Лениногорскому судебному району Республики Татарстан,MS,Мировой суд,"423251, Респ Татарстан, г Лениногорск, ул Агадуллина, д 12",https://mirsud.tatar.ru/,mirsud.tatar.ru,нет,16MS0118
Республика Татарстан,Мамадыш,,Судебный участок № 1 по Мамадышскому судебному району Республики Татарстан,MS,Мировой суд,"422192, Респ Татарстан, г Мамадыш, ул Советская, зд 2Г",https://mirsud.tatar.ru/,mirsud.tatar.ru,нет,16MS0159
Республика Татарстан,Мамадыш,,Судебный участок № 2 по Мамадышскому судебному району Республики Татарстан,MS,Мировой суд,"422192, Респ Татарстан, г Мамадыш, ул Советская, зд 2Г",https://mirsud.tatar.ru/,mirsud.tatar.ru,нет,16MS0160
Республика Татарстан,Менделеевск,,Судебный участок № 1 по Менделеевскому судебному району Республики Татарстан,MS,Мировой суд,"423650, Респ Татарстан, г Менделеевск, ул Гагарина, д 5",https://mirsud.tatar.ru/,mirsud.tatar.ru,нет,16MS0161
Республика Татарстан,Менделеевск,,Судебный участок № 2 по Менделеевскому судебному району Республики Татарстан,MS,Мировой суд,"423650, Респ Татарстан, г Менделеевск, ул Гагарина, д 5",https://mirsud.tatar.ru/,mirsud.tatar.ru,нет,16MS0162
Республика Татарстан,Мензелинск,,Судебный участок № 1 по Мензелинскому судебному району Республики Татарстан,MS,Мировой суд,"423702, Респ Татарстан, г Мензелинск, ул Изыскателей, зд 1/39",https://mirsud.tatar.ru/,mirsud.tatar.ru,нет,16MS0163
Республика Татарстан,Мензелинск,,Судебный участок № 2 по Мензелинскому судебному району Республики Татарстан,MS,Мировой суд,"423702, Респ Татарстан, г Мензелинск, ул Изыскателей, зд 1/39",https://mirsud.tatar.ru/,mirsud.tatar.ru,нет,16MS0164
Республика Татарстан,Муслюмово,,Судебный участок № 1 по Муслюмовскому судебному району Республики Татарстан,MS,Мировой суд,"423970, Респ Татарстан, с Муслюмово, ул Пушкина, д 26",https://mirsud.tatar.ru/,mirsud.tatar.ru,нет,16MS0165
Республика Татарстан,Набережные Челны,,Судебный участок № 1 по Тукаевскому судебному району Республики Татарстан,MS,Мировой суд,"423800, Респ Татарстан, г Набережные Челны, наб им Габдуллы Тукая, зд 31А",https://mirsud.tatar.ru/,mirsud.tatar.ru,нет,16MS0178
Республика Татарстан,Набережные Челны,,Судебный участок № 1 по судебному району г. Набережные Челны,MS,Мировой суд,"423806, Респ Татарстан, г Набережные Челны, ул им Комарова, д 20",https://mirsud.tatar.ru/,mirsud.tatar.ru,нет,16MS0057
Республика Татарстан,Набережные Челны,,Судебный участок № 10 по судебному району г. Набережные Челны,MS,Мировой суд,"423806, Респ Татарстан, г Набережные Челны, ул им Комарова, д 20",https://mirsud.tatar.ru/,mirsud.tatar.ru,нет,16MS0066
Республика Татарстан,Набережные Челны,,Судебный участок № 11 по судебному району г. Набережные Челны,MS,Мировой суд,"423806, Респ Татарстан, г Набережные Челны, ул им Комарова, д 20",https://mirsud.tatar.ru/,mirsud.tatar.ru,нет,16MS0067
Республика Татарстан,Набережные Челны,,Судебный участок № 12 по судебному району г. Набережные Челны,MS,Мировой суд,"423806, Респ Татарстан, г Набережные Челны, ул им Комарова, д 20",https://mirsud.tatar.ru/,mirsud.tatar.ru,нет,16MS0068
Республика Татарстан,Набережные Челны,,Судебный участок № 13 по судебному району г. Набережные Челны,MS,Мировой суд,"423806, Респ Татарстан, г Набережные Челны, ул им Комарова, д 20",https://mirsud.tatar.ru/,mirsud.tatar.ru,нет,16MS0069
Республика Татарстан,Набережные Челны,,Судебный участок № 14 по судебному району г. Набережные Челны,MS,Мировой суд,"423806, Респ Татарстан, г Набережные Челны, ул им Комарова, д 20",https://mirsud.tatar.ru/,mirsud.tatar.ru,нет,16MS0070
Республика Татарстан,Набережные Челны,,Судебный участок № 15 по судебному району г. Набережные Челны,MS,Мировой суд,"423806, Респ Татарстан, г Набережные Челны, ул им Комарова, д 20",https://mirsud.tatar.ru/,mirsud.tatar.ru,нет,16MS0071
Республика Татарстан,Набережные Челны,,Судебный участок № 16 по судебному району г. Набережные Челны,MS,Мировой суд,"423806, Респ Татарстан, г Набережные Челны, ул им Комарова, д 20",https://mirsud.tatar.ru/,mirsud.tatar.ru,нет,16MS0072
Республика Татарстан,Набережные Челны,,Судебный участок № 17 по судебному району г. Набережные Челны,MS,Мировой суд,"423806, Респ Татарстан, г Набережные Челны, ул им Комарова, д 20",https://mirsud.tatar.ru/,mirsud.tatar.ru,нет,16MS0073
Республика Татарстан,Набережные Челны,,Судебный участок № 18 по судебному району г. Набережные Челны,MS,Мировой суд,"423832, Респ Татарстан, г Набережные Челны, б-р Касимова, д 11",https://mirsud.tatar.ru/,mirsud.tatar.ru,нет,16MS0074
Республика Татарстан,Набережные Челны,,Судебный участок № 19 по судебному району г. Набережные Челны,MS,Мировой суд,"423832, Респ Татарстан, г Набережные Челны, б-р Касимова, д 11",https://mirsud.tatar.ru/,mirsud.tatar.ru,нет,16MS0075
Республика Татарстан,Набережные Челны,,Судебный участок № 2 по Тукаевскому судебному району Республики Татарстан,MS,Мировой суд,"423800, Респ Татарстан, г Набережные Челны, наб им Габдуллы Тукая, зд 31А",https://mirsud.tatar.ru/,mirsud.tatar.ru,нет,16MS0179
Республика Татарстан,Набережные Челны,,Судебный участок № 2 по судебному району г. Набережные Челны,MS,Мировой суд,"423806, Респ Татарстан, г Набережные Челны, ул им Комарова, д 20",https://mirsud.tatar.ru/,mirsud.tatar.ru,нет,16MS0058
Республика Татарстан,Набережные Челны,,Судебный участок № 20 по судебному району г. Набережные Челны,MS,Мировой суд,"423806, Респ Татарстан, г Набережные Челны, ул им Комарова, д 20",https://mirsud.tatar.ru/,mirsud.tatar.ru,нет,16MS0076
Республика Татарстан,Набережные Челны,,Судебный участок № 21 по судебному району г. Набережные Челны,MS,Мировой суд,"423806, Респ Татарстан, г Набережные Челны, ул им Комарова, д 20",https://mirsud.tatar.ru/,mirsud.tatar.ru,нет,16MS0077
Республика Татарстан,Набережные Челны,,Судебный участок № 22 по судебному району г. Набережные Челны,MS,Мировой суд,"423806, Респ Татарстан, г Набережные Челны, ул им Комарова, д 20",https://mirsud.tatar.ru/,mirsud.tatar.ru,нет,16MS0078
Республика Татарстан,Набережные Челны,,Судебный участок № 23 по судебному району г. Набережные Челны,MS,Мировой суд,"423806, Респ Татарстан, г Набережные Челны, ул им Комарова, д 20",https://mirsud.tatar.ru/,mirsud.tatar.ru,нет,16MS0187
Республика Татарстан,Набережные Челны,,Судебный участок № 24 по судебному району г. Набережные Челны,MS,Мировой суд,"423806, Респ Татарстан, г Набережные Челны, ул им Комарова, д 20",https://mirsud.tatar.ru/,mirsud.tatar.ru,нет,16MS0188
Республика Татарстан,Набережные Челны,,Судебный участок № 3 по судебному району г. Набережные Челны,MS,Мировой суд,"423822, Респ Татарстан, г Набережные Челны, пр-кт Набережночелнинский, д 31",https://mirsud.tatar.ru/,mirsud.tatar.ru,нет,16MS0059
Республика Татарстан,Набережные Челны,,Судебный участок № 4 по судебному району г. Набережные Челны,MS,Мировой суд,"423806, Респ Татарстан, г Набережные Челны, ул им Комарова, д 20",https://mirsud.tatar.ru/,mirsud.tatar.ru,нет,16MS0060
Республика Татарстан,Набережные Челны,,Судебный участок № 5 по судебному району г. Набережные Челны,MS,Мировой суд,"423806, Респ Татарстан, г Набережные Челны, ул им Комарова, д 20",https://mirsud.tatar.ru/,mirsud.tatar.ru,нет,16MS0061
Республика Татарстан,Набережные Челны,,Судебный участок № 6 по судебному району г. Набережные Челны,MS,Мировой суд,"423822, Респ Татарстан, г Набережные Челны, пр-кт Набережночелнинский, д 31",https://mirsud.tatar.ru/,mirsud.tatar.ru,нет,16MS0062
Республика Татарстан,Набережные Челны,,Судебный участок № 7 по судебному району г. Набережные Челны,MS,Мировой суд,"423806, Респ Татарстан, г Набережные Челны, ул им Комарова, д 20",https://mirsud.tatar.ru/,mirsud.tatar.ru,нет,16MS0063
Республика Татарстан,Набережные Челны,,Судебный участок № 8 по судебному району г. Набережные Челны,MS,Мировой суд,"423806, Респ Татарстан, г Набережные Челны, ул им Комарова, д 20",https://mirsud.tatar.ru/,mirsud.tatar.ru,нет,16MS0064
Республика Татарстан,Набережные Челны,,Судебный участок № 9 по судебному району г. Набережные Челны,MS,Мировой суд,"423806, Респ Татарстан, г Набережные Челны, ул им Комарова, д 20",https://mirsud.tatar.ru/,mirsud.tatar.ru,нет,16MS0065
Республика Татарстан,Нижнекамск,,Судебный участок № 10 по Нижнекамскому судебному району Республики Татарстан,MS,Мировой суд,"423582, Респ Татарстан, г Нижнекамск, ул Кайманова, зд 7",https://mirsud.tatar.ru/,mirsud.tatar.ru,нет,16MS0128
Республика Татарстан,Нижнекамск,,Судебный участок № 11 по Нижнекамскому судебному району Республики Татарстан,MS,Мировой суд,"423582, Респ Татарстан, г Нижнекамск, ул Кайманова, д 7, офис 312",https://mirsud.tatar.ru/,mirsud.tatar.ru,нет,16MS0129
Республика Татарстан,Нижнекамск,,Судебный участок № 12 по Нижнекамскому судебному району Республики Татарстан,MS,Мировой суд,"423582, Респ Татарстан, г Нижнекамск, ул Кайманова, зд 7",https://mirsud.tatar.ru/,mirsud.tatar.ru,нет,16MS0130
Республика Татарстан,Нижнекамск,,Судебный участок № 2 по Нижнекамскому судебному району Республики Татарстан,MS,Мировой суд,"423582, Респ Татарстан, г Нижнекамск, ул Кайманова, д 7, офис 108",https://mirsud.tatar.ru/,mirsud.tatar.ru,нет,16MS0120
Республика Татарстан,Нижнекамск,,Судебный участок № 3 по Нижнекамскому судебному району Республики Татарстан,MS,Мировой суд,"423582, Респ Татарстан, г Нижнекамск, ул Кайманова, зд 7",https://mirsud.tatar.ru/,mirsud.tatar.ru,нет,16MS0121
Республика Татарстан,Нижнекамск,,Судебный участок № 4 по Нижнекамскому судебному району Республики Татарстан,MS,Мировой суд,"423582, Респ Татарстан, г Нижнекамск, ул Кайманова, зд 7",https://mirsud.tatar.ru/,mirsud.tatar.ru,нет,16MS0122
Республика Татарстан,Нижнекамск,,Судебный участок № 5 по Нижнекамскому судебному району Республики Татарстан,MS,Мировой суд,"423582, Респ Татарстан, г Нижнекамск, ул Кайманова, зд 7",https://mirsud.tatar.ru/,mirsud.tatar.ru,нет,16MS0123
Республика Татарстан,Нижнекамск,,Судебный участок № 6 по Нижнекамскому судебному району Республики Татарстан,MS,Мировой суд,"423582, Респ Татарстан, г Нижнекамск, ул Кайманова, зд 7",https://mirsud.tatar.ru/,mirsud.tatar.ru,нет,16MS0124
Республика Татарстан,Нижнекамск,,Судебный участок № 7 по Нижнекамскому судебному району Республики Татарстан,MS,Мировой суд,"423582, Респ Татарстан, г Нижнекамск, ул Кайманова, зд 7",https://mirsud.tatar.ru/,mirsud.tatar.ru,нет,16MS0125
Республика Татарстан,Нижнекамск,,Судебный участок № 8 по Нижнекамскому судебному району Республики Татарстан,MS,Мировой суд,"423582, Респ Татарстан, г Нижнекамск, ул Кайманова, зд 7",https://mirsud.tatar.ru/,mirsud.tatar.ru,нет,16MS0126
Республика Татарстан,Нижнекамск,,Судебный участок № 9 по Нижнекамскому судебному району Республики Татарстан,MS,Мировой суд,"423582, Респ Татарстан, г Нижнекамск, ул Кайманова, зд 7",https://mirsud.tatar.ru/,mirsud.tatar.ru,нет,16MS0127
Республика Татарстан,Нижние Вязовые,,Судебный участок № 8 по Зеленодольскому судебному району Республики Татарстан,MS,Мировой суд,"422500, Респ Татарстан, Зеленодольский р-н, пгт Нижние Вязовые, ул Первомайская, зд 70",https://mirsud.tatar.ru/,mirsud.tatar.ru,нет,16MS0114
Республика Татарстан,Новошешминск,,Судебный участок № 1 по Новошешминскому судебному району Республики Татарстан,MS,Мировой суд,"423190, Респ Татарстан, с Новошешминск, ул Советская, д 74",https://mirsud.tatar.ru/,mirsud.tatar.ru,нет,16MS0166
Республика Татарстан,Нурлат,,Судебный участок № 1 по Нурлатскому судебному району Республики Татарстан,MS,Мировой суд,"423040, Респ Татарстан, г Нурлат, ул К.Маркса, д 39",https://mirsud.tatar.ru/,mirsud.tatar.ru,нет,16MS0167
Республика Татарстан,Нурлат,,Судебный участок № 2 по Нурлатскому судебному району Республики Татарстан,MS,Мировой суд,"423040, Респ Татарстан, г Нурлат, ул К.Маркса, д 39",https://mirsud.tatar.ru/,mirsud.tatar.ru,нет,16MS0168
Республика Татарстан,Пестрецы,,Судебный участок № 1 по Пестречинскому судебному району Республики Татарстан,MS,Мировой суд,"422770, Респ Татарстан, с Пестрецы, ул Советская, д 16А",https://mirsud.tatar.ru/,mirsud.tatar.ru,нет,16MS0169
Республика Татарстан,Пестрецы,,Судебный участок № 2 по Пестречинскому судебному району Республики Татарстан,MS,Мировой суд,"422770, Респ Татарстан, с Пестрецы, ул Советская, д 16А",https://mirsud.tatar.ru/,mirsud.tatar.ru,нет,16MS0170
Республика Татарстан,Рыбная Слобода,,Судебный участок № 1 по Рыбно-Слободскому судебному району Республики Татарстан,MS,Мировой суд,"422650, Респ Татарстан, пгт Рыбная Слобода, ул Октябрьская, зд 31",https://mirsud.tatar.ru/,mirsud.tatar.ru,нет,16MS0171
Республика Татарстан,Сарманово,,Судебный участок № 1 по Сармановскому судебному району Республики Татарстан,MS,Мировой суд,"423350, Респ Татарстан, с Сарманово, ул Ленина, д 30",https://mirsud.tatar.ru/,mirsud.tatar.ru,нет,16MS0174
Республика Татарстан,Сарманово,,Судебный участок № 2 по Сармановскому судебному району Республики Татарстан,MS,Мировой суд,"423350, Респ Татарстан, с Сарманово, ул Ленина, д 30",https://mirsud.tatar.ru/,mirsud.tatar.ru,нет,16MS0175
Республика Татарстан,Старое Дрожжаное,,Судебный участок № 1 по Дрожжановскому судебному району Республики Татарстан,MS,Мировой суд,"422470, Респ Татарстан, с Старое Дрожжаное, ул Техническая, зд 3",https://mirsud.tatar.ru/,mirsud.tatar.ru,нет,16MS0152
Республика Татарстан,Тетюши,,Судебный участок № 1 по Тетюшскому судебному району Республики Татарстан,MS,Мировой суд,"422370, Респ Татарстан, г Тетюши, ул Камая, д 17",https://mirsud.tatar.ru/,mirsud.tatar.ru,нет,16MS0177
Республика Татарстан,Тюлячи,,Судебный участок № 1 по Тюлячинскому судебному району Республики Татарстан,MS,Мировой суд,"422080, Респ Татарстан, с Тюлячи, ул Советская, зд 40",https://mirsud.tatar.ru/,mirsud.tatar.ru,нет,16MS0180
Республика Татарстан,Уруссу,,Судебный участок № 1 по Ютазинскому судебному району Республики Татарстан,MS,Мировой суд,"423950, Респ Татарстан, пгт Уруссу, ул Ленина, д 1",https://mirsud.tatar.ru/,mirsud.tatar.ru,нет,16MS0182
Республика Татарстан,Черемшан,,Судебный участок № 1 по Черемшанскому судебному району Республики Татарстан,MS,Мировой суд,"423100, Респ Татарстан, с Черемшан, ул М.Титова, д 27",https://mirsud.tatar.ru/,mirsud.tatar.ru,нет,16MS0181
Республика Татарстан,Чистополь,,Судебный участок № 1 по Чистопольскому судебному району Республики Татарстан,MS,Мировой суд,"422980, Респ Татарстан, г Чистополь, ул Ленина, д 2А",https://mirsud.tatar.ru/,mirsud.tatar.ru,нет,16MS0131
Республика Татарстан,Чистополь,,Судебный участок № 2 по Чистопольскому судебному району Республики Татарстан,MS,Мировой суд,"422980, Респ Татарстан, г Чистополь, ул Ленина, д 2А",https://mirsud.tatar.ru/,mirsud.tatar.ru,нет,16MS0132
Республика Татарстан,Чистополь,,Судебный участок № 3 по Чистопольскому судебному району Республики Татарстан,MS,Мировой суд,"422980, Респ Татарстан, г Чистополь, ул Ленина, д 2А",https://mirsud.tatar.ru/,mirsud.tatar.ru,нет,16MS0133
Республика Татарстан,Чистополь,,Судебный участок № 4 по Чистопольскому судебному району Республики Татарстан,MS,Мировой суд,"422980, Респ Татарстан, г Чистополь, ул Ленина, д 2А",https://mirsud.tatar.ru/,mirsud.tatar.ru,нет,16MS0134
Алтайский край,Алейск,,Судебный участок Алейского района Алтайского края,MS,Мировой суд,"658135, Алтайский край, г Алейск, ул Сердюка, д 154",https://alern.alt.msudrf.ru/,alern.alt.msudrf.ru,нет,22MS0042
Алтайский край,Алейск,,Судебный участок № 1 г. Алейска Алтайского края,MS,Мировой суд,"658135, Алтайский край, г Алейск, ул Сердюка, д 154",https://ale1.alt.msudrf.ru/,ale1.alt.msudrf.ru,нет,22MS0040
Алтайский край,Алейск,,Судебный участок № 2 г. Алейска Алтайского края,MS,Мировой суд,"658135, Алтайский край, г Алейск, ул Сердюка, д 154",https://ale2.alt.msudrf.ru/,ale2.alt.msudrf.ru,нет,22MS0041
Алтайский край,Алтайское,,Судебный участок № 1 Алтайского района Алтайского края,MS,Мировой суд,"659650, Алтайский край, с Алтайское, ул Советская, влд 124",https://altrn.alt.msudrf.ru/,altrn.alt.msudrf.ru,нет,22MS0037
Алтайский край,Алтайское,,Судебный участок № 2 Алтайского района Алтайского края,MS,Мировой суд,"659650, Алтайский край, с Алтайское, ул Советская, влд 124",https://altrn2.alt.msudrf.ru/,altrn2.alt.msudrf.ru,нет,22MS0144
Алтайский край,Баево,,Судебный участок Баевского района Алтайского края,MS,Мировой суд,"658510, Алтайский край, с Баево, ул Ленина, д 41",https://baern.alt.msudrf.ru/,baern.alt.msudrf.ru,нет,22MS0043
Алтайский край,Барнаул,,Судебный участок № 1 Железнодорожного района г. Барнаула Алтайского края,MS,Мировой суд,"656031, г Барнаул, ул Силикатная, д 5",https://zd1.alt.msudrf.ru/,zd1.alt.msudrf.ru,нет,22MS0008
Алтайский край,Барнаул,,Судебный участок № 1 Индустриального района г. Барнаула Алтайского края,MS,Мировой суд,"656062, г Барнаул, ул Попова, д 68",https://ind1.alt.msudrf.ru/,ind1.alt.msudrf.ru,нет,22MS0129
Алтайский край,Барнаул,,Судебный участок № 1 Ленинского района г. Барнаула Алтайского края,MS,Мировой суд,"656062, г Барнаул, ул Попова, д 68",https://len1.alt.msudrf.ru/,len1.alt.msudrf.ru,нет,22MS0137
Алтайский край,Барнаул,,Судебный участок № 1 Октябрьского района г. Барнаула Алтайского края,MS,Мировой суд,"656062, г Барнаул, ул Попова, д 68",https://okt1.alt.msudrf.ru/,okt1.alt.msudrf.ru,нет,22MS0015
Алтайский край,Барнаул,,Судебный участок № 1 Центрального района г. Барнаула Алтайского края,MS,Мировой суд,"656031, г Барнаул, ул Силикатная, д 5",https://centr1.alt.msudrf.ru/,centr1.alt.msudrf.ru,нет,22MS0001
Алтайский край,Барнаул,,Судебный участок № 10 Индустриального района г. Барнаула Алтайского края,MS,Мировой суд,"656062, г Барнаул, ул Попова, д 68",https://ind10.alt.msudrf.ru/,ind10.alt.msudrf.ru,нет,22MS0147
Алтайский край,Барнаул,,Судебный участок № 2 Железнодорожного района г. Барнаула Алтайского края,MS,Мировой суд,"656031, г Барнаул, ул Силикатная, д 5",https://zd2.alt.msudrf.ru/,zd2.alt.msudrf.ru,нет,22MS0009
Алтайский край,Барнаул,,Судебный участок № 2 Индустриального района г. Барнаула Алтайского края,MS,Мировой суд,"656062, г Барнаул, ул Попова, д 68",https://ind2.alt.msudrf.ru/,ind2.alt.msudrf.ru,нет,22MS0130
Алтайский край,Барнаул,,Судебный участок № 2 Ленинского района г. Барнаула Алтайского края,MS,Мировой суд,"656062, г Барнаул, ул Попова, д 68",https://len2.alt.msudrf.ru/,len2.alt.msudrf.ru,нет,22MS0138
Алтайский край,Барнаул,,Судебный участок № 2 Октябрьского района г. Барнаула Алтайского края,MS,Мировой суд,"656062, г Барнаул, ул Попова, д 68",https://okt2.alt.msudrf.ru/,okt2.alt.msudrf.ru,нет,22MS0016
Алтайский край,Барнаул,,Судебный участок № 2 Центрального района г. Барнаула Алтайского края,MS,Мировой суд,"656031, г Барнаул, ул Силикатная, д 5",https://centr2.alt.msudrf.ru/,centr2.alt.msudrf.ru,нет,22MS0002
Алтайский край,Барнаул,,Судебный участок № 3 Железнодорожного района г. Барнаула Алтайского края,MS,Мировой суд,"656031, г Барнаул, ул Силикатная, д 5",https://zd3.alt.msudrf.ru/,zd3.alt.msudrf.ru,нет,22MS0010
Алтайский край,Барнаул,,Судебный участок № 3 Индустриального района г. Барнаула Алтайского края,MS,Мировой суд,"656062, г Барнаул, ул Попова, д 68",https://ind3.alt.msudrf.ru/,ind3.alt.msudrf.ru,нет,22MS0131
Алтайский край,Барнаул,,Судебный участок № 3 Ленинского района г. Барнаула Алтайского края,MS,Мировой суд,"656062, г Барнаул, ул Попова, д 68",https://len3.alt.msudrf.ru/,len3.alt.msudrf.ru,нет,22MS0139
Алтайский край,Барнаул,,Судебный участок № 3 Октябрьского района г. Барнаула Алтайского края,MS,Мировой суд,"656062, г Барнаул, ул Попова, д 68",https://okt3.alt.msudrf.ru/,okt3.alt.msudrf.ru,нет,22MS0017
Алтайский край,Барнаул,,Судебный участок № 3 Центрального района г. Барнаула Алтайского края,MS,Мировой суд,"656031, г Барнаул, ул Силикатная, д 5",https://centr3.alt.msudrf.ru/,centr3.alt.msudrf.ru,нет,22MS0003
Алтайский край,Барнаул,,Судебный участок № 4 Железнодорожного района г. Барнаула Алтайского края,MS,Мировой суд,"656031, г Барнаул, ул Силикатная, д 5",https://zd4.alt.msudrf.ru/,zd4.alt.msudrf.ru,нет,22MS0011
Алтайский край,Барнаул,,Судебный участок № 4 Индустриального района г. Барнаула Алтайского края,MS,Мировой суд,"656062, г Барнаул, ул Попова, д 68",https://ind4.alt.msudrf.ru/,ind4.alt.msudrf.ru,нет,22MS0132
Алтайский край,Барнаул,,Судебный участок № 4 Ленинского района г. Барнаула Алтайского края,MS,Мировой суд,"656062, г Барнаул, ул Попова, д 68",https://len4.alt.msudrf.ru/,len4.alt.msudrf.ru,нет,22MS0140
Алтайский край,Барнаул,,Судебный участок № 4 Октябрьского района г. Барнаула Алтайского края,MS,Мировой суд,"656062, г Барнаул, ул Попова, д 68",https://okt4.alt.msudrf.ru/,okt4.alt.msudrf.ru,нет,22MS0018
Алтайский край,Барнаул,,Судебный участок № 4 Центрального района г. Барнаула Алтайского края,MS,Мировой суд,"656031, г Барнаул, ул Силикатная, д 5",https://centr4.alt.msudrf.ru/,centr4.alt.msudrf.ru,нет,22MS0004
Алтайский край,Барнаул,,Судебный участок № 5 Железнодорожного района г. Барнаула Алтайского края,MS,Мировой суд,"656031, г Барнаул, ул Силикатная, д 5",https://zd5.alt.msudrf.ru/,zd5.alt.msudrf.ru,нет,22MS0012
Алтайский край,Барнаул,,Судебный участок № 5 Индустриального района г. Барнаула Алтайского края,MS,Мировой суд,"656062, г Барнаул, ул Попова, д 68",https://ind5.alt.msudrf.ru/,ind5.alt.msudrf.ru,нет,22MS0133
Алтайский край,Барнаул,,Судебный участок № 5 Ленинского района г. Барнаула Алтайского края,MS,Мировой суд,"656062, г Барнаул, ул Попова, д 68",https://len5.alt.msudrf.ru/,len5.alt.msudrf.ru,нет,22MS0141
Алтайский край,Барнаул,,Судебный участок № 5 Октябрьского района г. Барнаула Алтайского края,MS,Мировой суд,"656062, г Барнаул, ул Попова, д 68",https://okt5.alt.msudrf.ru/,okt5.alt.msudrf.ru,нет,22MS0019
Алтайский край,Барнаул,,Судебный участок № 5 Центрального района г. Барнаула Алтайского края,MS,Мировой суд,"656031, г Барнаул, ул Силикатная, д 5",https://centr5.alt.msudrf.ru/,centr5.alt.msudrf.ru,нет,22MS0005
Алтайский край,Барнаул,,Судебный участок № 6 Железнодорожного района г. Барнаула Алтайского края,MS,Мировой суд,"656031, г Барнаул, ул Силикатная, д 5",https://zd6.alt.msudrf.ru/,zd6.alt.msudrf.ru,нет,22MS0013
Алтайский край,Барнаул,,Судебный участок № 6 Индустриального района г. Барнаула Алтайского края,MS,Мировой суд,"656062, г Барнаул, ул Попова, д 68",https://ind6.alt.msudrf.ru/,ind6.alt.msudrf.ru,нет,22MS0134
Алтайский край,Барнаул,,Судебный участок № 6 Ленинского района г. Барнаула Алтайского края,MS,Мировой суд,"656062, г Барнаул, ул Попова, д 68",https://len6.alt.msudrf.ru/,len6.alt.msudrf.ru,нет,22MS0142
Алтайский край,Барнаул,,Судебный участок № 6 Октябрьского района г. Барнаула Алтайского края,MS,Мировой суд,"656062, г Барнаул, ул Попова, д 68",https://okt6.alt.msudrf.ru/,okt6.alt.msudrf.ru,нет,22MS0020
Алтайский край,Барнаул,,Судебный участок № 6 Центрального района г. Барнаула Алтайского края,MS,Мировой суд,"656031, г Барнаул, ул Силикатная, д 5",https://centr6.alt.msudrf.ru/,centr6.alt.msudrf.ru,нет,22MS0006
Алтайский край,Барнаул,,Судебный участок № 7 Железнодорожного района г. Барнаула Алтайского края,MS,Мировой суд,"656031, г Барнаул, ул Силикатная, д 5",https://zd7.alt.msudrf.ru/,zd7.alt.msudrf.ru,нет,22MS0014
Алтайский край,Барнаул,,Судебный участок № 7 Индустриального района г. Барнаула Алтайского края,MS,Мировой суд,"656062, г Барнаул, ул Попова, д 68",https://ind7.alt.msudrf.ru/,ind7.alt.msudrf.ru,нет,22MS0135
Алтайский край,Барнаул,,Судебный участок № 7 Ленинского района г. Барнаула Алтайского края,MS,Мировой суд,"656062, г Барнаул, ул Попова, д 68",https://len7.alt.msudrf.ru/,len7.alt.msudrf.ru,нет,22MS0143
Алтайский край,Барнаул,,Судебный участок № 7 Центрального района г. Барнаула Алтайского края,MS,Мировой суд,"656031, г Барнаул, ул Силикатная, д 5",https://centr7.alt.msudrf.ru/,centr7.alt.msudrf.ru,нет,22MS0007
Алтайский край,Барнаул,,Судебный участок № 8 Индустриального района г. Барнаула Алтайского края,MS,Мировой суд,"656062, г Барнаул, ул Попова, д 68",https://ind8.alt.msudrf.ru/,ind8.alt.msudrf.ru,нет,22MS0136
Алтайский край,Барнаул,,Судебный участок № 8 Центрального района г. Барнаула Алтайского края,MS,Мировой суд,"656031, г Барнаул, ул Силикатная, д 5",https://centr8.alt.msudrf.ru/,centr8.alt.msudrf.ru,нет,22MS0145
Алтайский край,Барнаул,,Судебный участок № 9 Индустриального района г. Барнаула Алтайского края,MS,Мировой суд,"656062, г Барнаул, ул Попова, д 68",https://ind9.alt.msudrf.ru/,ind9.alt.msudrf.ru,нет,22MS0146
Алтайский край,Белокуриха,,Судебный участок г. Белокуриха Алтайского края,MS,Мировой суд,"659900, Алтайский край, г Белокуриха, ул Братьев Ждановых, д 23",https://blk.alt.msudrf.ru/,blk.alt.msudrf.ru,нет,22MS0049
Алтайский край,Бийск,,Судебный участок № 1 Бийского района Алтайского края,MS,Мировой суд,"659300, Алтайский край, г Бийск, ул Валериана Куйбышева, д 106",https://biyskrn1.alt.msudrf.ru/,biyskrn1.alt.msudrf.ru,нет,22MS0035
Алтайский край,Бийск,,Судебный участок № 1 г. Бийска Алтайского края,MS,Мировой суд,"659300, Алтайский край, г Бийск, ул Валериана Куйбышева, д 106",https://biysk1.alt.msudrf.ru/,biysk1.alt.msudrf.ru,нет,22MS0029
Алтайский край,Бийск,,Судебный участок № 10 г. Бийска Алтайского края,MS,Мировой суд,"659300, Алтайский край, г Бийск, ул Валериана Куйбышева, д 106",https://biysk10.alt.msudrf.ru/,biysk10.alt.msudrf.ru,нет,22MS0033
Алтайский край,Бийск,,Судебный участок № 11 г. Бийска Алтайского края,MS,Мировой суд,"659300, Алтайский край, г Бийск, ул Валериана Куйбышева, д 106",https://biysk11.alt.msudrf.ru/,biysk11.alt.msudrf.ru,нет,22MS0034
Алтайский край,Бийск,,Судебный участок № 12 г. Бийска Алтайского края,MS,Мировой суд,"659300, Алтайский край, г Бийск, ул Валериана Куйбышева, д 106",https://biysk12.alt.msudrf.ru/,biysk12.alt.msudrf.ru,нет,22MS0148
Алтайский край,Бийск,,Судебный участок № 2 Бийского района Алтайского края,MS,Мировой суд,"659300, Алтайский край, г Бийск, ул Валериана Куйбышева, д 106",https://biyskrn2.alt.msudrf.ru/,biyskrn2.alt.msudrf.ru,нет,22MS0036
Алтайский край,Бийск,,Судебный участок № 2 г. Бийска Алтайского края,MS,Мировой суд,"659300, Алтайский край, г Бийск, ул Валериана Куйбышева, д 106",https://biysk2.alt.msudrf.ru/,biysk2.alt.msudrf.ru,нет,22MS0030
Алтайский край,Бийск,,Судебный участок № 3 г. Бийска Алтайского края,MS,Мировой суд,"659300, Алтайский край, г Бийск, ул Валериана Куйбышева, д 106",https://biysk3.alt.msudrf.ru/,biysk3.alt.msudrf.ru,нет,22MS0031
Алтайский край,Бийск,,Судебный участок № 4 г. Бийска Алтайского края,MS,Мировой суд,"659300, Алтайский край, г Бийск, ул Валериана Куйбышева, д 106",https://biysk4.alt.msudrf.ru/,biysk4.alt.msudrf.ru,нет,22MS0032
Алтайский край,Бийск,,Судебный участок № 5 г. Бийска Алтайского края,MS,Мировой суд,"659300, Алтайский край, г Бийск, ул Валериана Куйбышева, д 106",https://biysk5.alt.msudrf.ru/,biysk5.alt.msudrf.ru,нет,22MS0044
Алтайский край,Бийск,,Судебный участок № 6 г. Бийска Алтайского края,MS,Мировой суд,"659300, Алтайский край, г Бийск, ул Валериана Куйбышева, д 106",https://biysk6.alt.msudrf.ru/,biysk6.alt.msudrf.ru,нет,22MS0045
Алтайский край,Бийск,,Судебный участок № 7 г. Бийска Алтайского края,MS,Мировой суд,"659300, Алтайский край, г Бийск, ул Валериана Куйбышева, д 106",https://biysk7.alt.msudrf.ru/,biysk7.alt.msudrf.ru,нет,22MS0046
Алтайский край,Бийск,,Судебный участок № 8 г. Бийска Алтайского края,MS,Мировой суд,"659300, Алтайский край, г Бийск, ул Валериана Куйбышева, д 106",https://biysk8.alt.msudrf.ru/,biysk8.alt.msudrf.ru,нет,22MS0047
Алтайский край,Бийск,,Судебный участок № 9 г. Бийска Алтайского края,MS,Мировой суд,"659300, Алтайский край, г Бийск, ул Валериана Куйбышева, д 106",https://biysk9.alt.msudrf.ru/,biysk9.alt.msudrf.ru,нет,22MS0048
Алтайский край,Благовещенка,,Судебный участок № 1 Благовещенского района Алтайского края,MS,Мировой суд,"658670, Алтайский край, рп Благовещенка, пер Кучеровых, д 79",https://blag1.alt.msudrf.ru/,blag1.alt.msudrf.ru,нет,22MS0050
Алтайский край,Благовещенка,,Судебный участок № 2 Благовещенского района Алтайского края,MS,Мировой суд,"658670, Алтайский край, рп Благовещенка, пер Кучеровых, д 79",https://blag2.alt.msudrf.ru/,blag2.alt.msudrf.ru,нет,22MS0051
Алтайский край,Бурла,,Судебный участок Бурлинского района Алтайского края,MS,Мировой суд,"658810, Алтайский край, с Бурла, ул Ленина, д 9",https://brlrn.alt.msudrf.ru/,brlrn.alt.msudrf.ru,нет,22MS0052
Алтайский край,Быстрый Исток,,Судебный участок Быстроистокского района Алтайского края,MS,Мировой суд,"659560, Алтайский край, с Быстрый Исток, ул Ленина, д 48",https://bistrn.alt.msudrf.ru/,bistrn.alt.msudrf.ru,нет,22MS0053
Алтайский край,Верх-Суетка,,Судебный участок Суетского района Алтайского края,MS,Мировой суд,"658690, Алтайский край, с Верх-Суетка, ул Ленина, д 99",https://suetrn.alt.msudrf.ru/,suetrn.alt.msudrf.ru,нет,22MS0109
Алтайский край,Волчиха,,Судебный участок Волчихинского района Алтайского края,MS,Мировой суд,"658930, Алтайский край, с Волчиха, ул Ленина, д 89",https://volchrn.alt.msudrf.ru/,volchrn.alt.msudrf.ru,нет,22MS0054
Алтайский край,Гальбштадт,,Судебный участок Немецкого национального района Алтайского края,MS,Мировой суд,"658870, Алтайский край, с Гальбштадт, ул Клубная, влд 6",https://nemrn.alt.msudrf.ru/,nemrn.alt.msudrf.ru,нет,22MS0084
Алтайский край,Горняк,,Судебный участок № 1 Локтевского района Алтайского края,MS,Мировой суд,"658420, Алтайский край, г Горняк, ул Маяковского, влд 132А",https://lokt1.alt.msudrf.ru/,lokt1.alt.msudrf.ru,нет,22MS0078
Алтайский край,Горняк,,Судебный участок № 2 Локтевского района Алтайского края,MS,Мировой суд,"658420, Алтайский край, г Горняк, ул Маяковского, влд 132А",https://lokt2.alt.msudrf.ru/,lokt2.alt.msudrf.ru,нет,22MS0079
Алтайский край,Ельцовка,,Судебный участок Ельцовского района Алтайского края,MS,Мировой суд,"659470, Алтайский край, с Ельцовка, ул им Шацкого, д 17",https://elrn.alt.msudrf.ru/,elrn.alt.msudrf.ru,нет,22MS0056
Алтайский край,Завьялово,,Судебный участок Завьяловского района Алтайского края,MS,Мировой суд,"658620, Алтайский край, с Завьялово, ул Коммунаров, влд 37",https://zavrn.alt.msudrf.ru/,zavrn.alt.msudrf.ru,нет,22MS0057
Алтайский край,Залесово,,Судебный участок Залесовского района Алтайского края,MS,Мировой суд,"659220, Алтайский край, с Залесово, ул Партизанская, д 24А",https://zalrn.alt.msudrf.ru/,zalrn.alt.msudrf.ru,нет,22MS0058
Алтайский край,Заринск,,Судебный участок Заринского района Алтайского края,MS,Мировой суд,"659100, Алтайский край, г Заринск, ул 25 Партсъезда, зд 38/1",https://zarrn.alt.msudrf.ru/,zarrn.alt.msudrf.ru,нет,22MS0038
Алтайский край,Заринск,,Судебный участок № 1 г. Заринска Алтайского края,MS,Мировой суд,"659100, Алтайский край, г Заринск, ул 25 Партсъезда, зд 38/1",https://zar1.alt.msudrf.ru/,zar1.alt.msudrf.ru,нет,22MS0059
Алтайский край,Заринск,,Судебный участок № 2 г. Заринска Алтайского края,MS,Мировой суд,"659100, Алтайский край, г Заринск, ул 25 Партсъезда, зд 38/1",https://zar2.alt.msudrf.ru/,zar2.alt.msudrf.ru,нет,22MS0060
Алтайский край,Заринск,,Судебный участок № 3 г. Заринска Алтайского края,MS,Мировой суд,"659100, Алтайский край, г Заринск, ул 25 Партсъезда, зд 38/1",https://zar3.alt.msudrf.ru/,zar3.alt.msudrf.ru,нет,22MS0061
Алтайский край,Змеиногорск,,Судебный участок Змеиногорского района Алтайского края,MS,Мировой суд,"658481, Алтайский край, г Змеиногорск, ул Ленина, зд 41",https://zmrn.alt.msudrf.ru/,zmrn.alt.msudrf.ru,нет,22MS0063
Алтайский край,Зональное,,Судебный участок Зонального района Алтайского края,MS,Мировой суд,"659400, Алтайский край, с Зональное, ул Ленина, зд 9",https://zonrn.alt.msudrf.ru/,zonrn.alt.msudrf.ru,нет,22MS0064
Алтайский край,Калманка,,Судебный участок Калманского района Алтайского края,MS,Мировой суд,"659040, Алтайский край, с Калманка, ул Ленина, д 19",https://kalmrn.alt.msudrf.ru/,kalmrn.alt.msudrf.ru,нет,22MS0065
Алтайский край,Камень-на-Оби,,Судебный участок № 1 Каменского района Алтайского края,MS,Мировой суд,"658700, Алтайский край, г Камень-на-Оби, ул Громова, д 49",https://kno1.alt.msudrf.ru/,kno1.alt.msudrf.ru,нет,22MS0066
Алтайский край,Камень-на-Оби,,Судебный участок № 2 Каменского района Алтайского края,MS,Мировой суд,"658700, Алтайский край, г Камень-на-Оби, ул Громова, д 49",https://kno2.alt.msudrf.ru/,kno2.alt.msudrf.ru,нет,22MS0067
Алтайский край,Камень-на-Оби,,Судебный участок № 3 Каменского района Алтайского края,MS,Мировой суд,"658700, Алтайский край, г Камень-на-Оби, ул Громова, д 49",https://kamrn.alt.msudrf.ru/,kamrn.alt.msudrf.ru,нет,22MS0068
Алтайский край,Ключи,,Судебный участок Ключевского района Алтайского края,MS,Мировой суд,"658980, Алтайский край, с Ключи, ул Урицкого, д 5",https://klrn.alt.msudrf.ru/,klrn.alt.msudrf.ru,нет,22MS0069
Алтайский край,Косиха,,Судебный участок Косихинского района Алтайского края,MS,Мировой суд,"659820, Алтайский край, с Косиха, ул Комсомольская, д 1А",https://ksxrn.alt.msudrf.ru/,ksxrn.alt.msudrf.ru,нет,22MS0070
Алтайский край,Красногорское,,Судебный участок Красногорского района Алтайского края,MS,Мировой суд,"659500, Алтайский край, с Красногорское, ул Советская, влд 85",https://kragrn.alt.msudrf.ru/,kragrn.alt.msudrf.ru,нет,22MS0071
Алтайский край,Краснощёково,,Судебный участок Краснощековского района Алтайского края,MS,Мировой суд,"658340, Алтайский край, с Краснощёково, ул Садовая, зд 24",https://kraw.alt.msudrf.ru/,kraw.alt.msudrf.ru,нет,22MS0072
Алтайский край,Крутиха,,Судебный участок Крутихинского района Алтайского края,MS,Мировой суд,"658750, Алтайский край, с Крутиха, ул Ленинградская, влд 35",https://krurn.alt.msudrf.ru/,krurn.alt.msudrf.ru,нет,22MS0073
Алтайский край,Кулунда,,Судебный участок Кулундинского района Алтайского края,MS,Мировой суд,"658920, Алтайский край, Кулундинский р-н, с Кулунда, ул Советская, д 32",https://kulrn.alt.msudrf.ru/,kulrn.alt.msudrf.ru,нет,22MS0074
Алтайский край,Курья,,Судебный участок Курьинского района Алтайского края,MS,Мировой суд,"658320, Алтайский край, с Курья, ул Центральная, влд 86",https://kurrn.alt.msudrf.ru/,kurrn.alt.msudrf.ru,нет,22MS0076
Алтайский край,Кытманово,,Судебный участок Кытмановского района Алтайского края,MS,Мировой суд,"659240, Алтайский край, с Кытманово, пер Садовый, влд 8",https://ktmrn.alt.msudrf.ru/,ktmrn.alt.msudrf.ru,нет,22MS0077
Алтайский край,Мамонтово,,Судебный участок Мамонтовского района Алтайского края,MS,Мировой суд,"658560, Алтайский край, с Мамонтово, ул Партизанская, зд 125",https://mam1.alt.msudrf.ru/,mam1.alt.msudrf.ru,нет,22MS0080
Алтайский край,Михайловское,,Судебный участок Михайловского района Алтайского края,MS,Мировой суд,"658960, Алтайский край, с Михайловское, пр-кт Октябрьский, зд 3",https://mix.alt.msudrf.ru/,mix.alt.msudrf.ru,нет,22MS0082
Алтайский край,Новичиха,,Судебный участок Новичихинского района Алтайского края,MS,Мировой суд,"659730, Алтайский край, с Новичиха, ул Ленинская, влд 22",https://nvchrn.alt.msudrf.ru/,nvchrn.alt.msudrf.ru,нет,22MS0085
Алтайский край,Новоалтайск,,Судебный участок № 1 Первомайского района Алтайского края,MS,Мировой суд,"658080, Алтайский край, г Новоалтайск, ул Хлебозаводская, влд 12",https://perv1.alt.msudrf.ru/,perv1.alt.msudrf.ru,нет,22MS0093
Алтайский край,Новоалтайск,,Судебный участок № 1 г. Новоалтайска Алтайского края,MS,Мировой суд,"658080, Алтайский край, г Новоалтайск, ул Хлебозаводская, влд 12",https://nalt1.alt.msudrf.ru/,nalt1.alt.msudrf.ru,нет,22MS0086
Алтайский край,Новоалтайск,,Судебный участок № 2 Первомайского района Алтайского края,MS,Мировой суд,"658080, Алтайский край, г Новоалтайск, ул Хлебозаводская, влд 12",https://perv2.alt.msudrf.ru/,perv2.alt.msudrf.ru,нет,22MS0094
Алтайский край,Новоалтайск,,Судебный участок № 2 г. Новоалтайска Алтайского края,MS,Мировой суд,"658080, Алтайский край, г Новоалтайск, ул Хлебозаводская, влд 12",https://nalt2.alt.msudrf.ru/,nalt2.alt.msudrf.ru,нет,22MS0087
Алтайский край,Новоалтайск,,Судебный участок № 3 Первомайского района Алтайского края,MS,Мировой суд,"658080, Алтайский край, г Новоалтайск, ул Хлебозаводская, влд 12",https://perv3.alt.msudrf.ru/,perv3.alt.msudrf.ru,нет,22MS0095
Алтайский край,Новоалтайск,,Судебный участок № 3 г. Новоалтайска Алтайского края,MS,Мировой суд,"658080, Алтайский край, г Новоалтайск, ул Хлебозаводская, влд 12",https://nalt3.alt.msudrf.ru/,nalt3.alt.msudrf.ru,нет,22MS0088
Алтайский край,Новоалтайск,,Судебный участок № 4 г. Новоалтайска Алтайского края,MS,Мировой суд,"658080, Алтайский край, г Новоалтайск, ул Хлебозаводская, влд 12",https://nalt4.alt.msudrf.ru/,nalt4.alt.msudrf.ru,нет,22MS0089
Алтайский край,Новоегорьевское,,Судебный участок Егорьевского района Алтайского края,MS,Мировой суд,"658280, Алтайский край, с Новоегорьевское, ул Машинцева, влд 13",https://egrn.alt.msudrf.ru/,egrn.alt.msudrf.ru,нет,22MS0055
Алтайский край,Павловск,,Судебный участок № 1 Павловского района Алтайского края,MS,Мировой суд,"659000, Алтайский край, с Павловск, ул Ленина, д 32А",https://pav1.alt.msudrf.ru/,pav1.alt.msudrf.ru,нет,22MS0090
Алтайский край,Павловск,,Судебный участок № 2 Павловского района Алтайского края,MS,Мировой суд,"659000, Алтайский край, с Павловск, ул Ленина, д 32А",https://pav2.alt.msudrf.ru/,pav2.alt.msudrf.ru,нет,22MS0091
Алтайский край,Панкрушиха,,Судебный участок Панкрушихинского района Алтайского края,MS,Мировой суд,"658760, Алтайский край, с Панкрушиха, ул Ленина, влд 19",https://pankrn.alt.msudrf.ru/,pankrn.alt.msudrf.ru,нет,22MS0092
Алтайский край,Петропавловское,,Судебный участок Петропавловского района Алтайского края,MS,Мировой суд,"659660, Алтайский край, с Петропавловское, ул Ленина, д 81А",https://ppav1.alt.msudrf.ru/,ppav1.alt.msudrf.ru,нет,22MS0096
Алтайский край,Поспелиха,,Судебный участок Поспелихинского района Алтайского края,MS,Мировой суд,"659700, Алтайский край, с Поспелиха, ул Советская, зд 89",https://posp.alt.msudrf.ru/,posp.alt.msudrf.ru,нет,22MS0097
Алтайский край,Ребриха,,Судебный участок Ребрихинского района Алтайского края,MS,Мировой суд,"658540, Алтайский край, с Ребриха, пр-кт Победы, д 43",https://rebrn.alt.msudrf.ru/,rebrn.alt.msudrf.ru,нет,22MS0099
Алтайский край,Родино,,Судебный участок Родинского района Алтайского края,MS,Мировой суд,"659780, Алтайский край, с Родино, ул Шевченко, зд 5",https://rodrn.alt.msudrf.ru/,rodrn.alt.msudrf.ru,нет,22MS0100
Алтайский край,Романово,,Судебный участок Романовского района Алтайского края,MS,Мировой суд,"658640, Алтайский край, с Романово, ул Советская, влд 71",https://romrn.alt.msudrf.ru/,romrn.alt.msudrf.ru,нет,22MS0101
Алтайский край,Рубцовск,,Судебный участок Рубцовского района Алтайского края,MS,Мировой суд,"658201, Алтайский край, г Рубцовск, ул Октябрьская, д 159",https://rubrn.alt.msudrf.ru/,rubrn.alt.msudrf.ru,нет,22MS0102
Алтайский край,Рубцовск,,Судебный участок № 1 г. Рубцовска Алтайского края,MS,Мировой суд,"658201, Алтайский край, г Рубцовск, ул Октябрьская, д 159",https://rubcovsk1.alt.msudrf.ru/,rubcovsk1.alt.msudrf.ru,нет,22MS0021
Алтайский край,Рубцовск,,Судебный участок № 2 г. Рубцовска Алтайского края,MS,Мировой суд,"658201, Алтайский край, г Рубцовск, ул Октябрьская, д 159",https://rubcovsk2.alt.msudrf.ru/,rubcovsk2.alt.msudrf.ru,нет,22MS0022
Алтайский край,Рубцовск,,Судебный участок № 3 г. Рубцовска Алтайского края,MS,Мировой суд,"658201, Алтайский край, г Рубцовск, ул Октябрьская, д 159",https://rubcovsk3.alt.msudrf.ru/,rubcovsk3.alt.msudrf.ru,нет,22MS0023
Алтайский край,Рубцовск,,Судебный участок № 4 г. Рубцовска Алтайского края,MS,Мировой суд,"658201, Алтайский край, г Рубцовск, ул Октябрьская, д 159",https://rubcovsk4.alt.msudrf.ru/,rubcovsk4.alt.msudrf.ru,нет,22MS0024
Алтайский край,Рубцовск,,Судебный участок № 5 г. Рубцовска Алтайского края,MS,Мировой суд,"658201, Алтайский край, г Рубцовск, ул Октябрьская, д 159",https://rubcovsk5.alt.msudrf.ru/,rubcovsk5.alt.msudrf.ru,нет,22MS0025
Алтайский край,Рубцовск,,Судебный участок № 6 г. Рубцовска Алтайского края,MS,Мировой суд,"658201, Алтайский край, г Рубцовск, ул Октябрьская, д 159",https://rubcovsk6.alt.msudrf.ru/,rubcovsk6.alt.msudrf.ru,нет,22MS0026
Алтайский край,Рубцовск,,Судебный участок № 7 г. Рубцовска Алтайского края,MS,Мировой суд,"658201, Алтайский край, г Рубцовск, ул Октябрьская, д 159",https://rubcovsk7.alt.msudrf.ru/,rubcovsk7.alt.msudrf.ru,нет,22MS0027
Алтайский край,Рубцовск,,Судебный участок № 8 г. Рубцовска Алтайского края,MS,Мировой суд,"658201, Алтайский край, г Рубцовск, ул Октябрьская, д 159",https://rubcovsk8.alt.msudrf.ru/,rubcovsk8.alt.msudrf.ru,нет,22MS0028
Алтайский край,Славгород,,Судебный участок № 1 г. Славгорода Алтайского края,MS,Мировой суд,"658820, Алтайский край, г Славгород, ул Ленина, влд 198",https://slavg1.alt.msudrf.ru/,slavg1.alt.msudrf.ru,нет,22MS0103
Алтайский край,Славгород,,Судебный участок № 2 г. Славгорода Алтайского края,MS,Мировой суд,"658820, Алтайский край, г Славгород, ул Ленина, влд 198",https://slavg2.alt.msudrf.ru/,slavg2.alt.msudrf.ru,нет,22MS0104
Алтайский край,Славгород,,Судебный участок № 3 г. Славгорода Алтайского края,MS,Мировой суд,"658820, Алтайский край, г Славгород, ул Ленина, влд 198",https://skavgrn.alt.msudrf.ru/,skavgrn.alt.msudrf.ru,нет,22MS0105
Алтайский край,Смоленское,,Судебный участок Смоленского района Алтайского края,MS,Мировой суд,"659600, Алтайский край, с Смоленское, ул Советская, д 107А",https://smolrn.alt.msudrf.ru/,smolrn.alt.msudrf.ru,нет,22MS0039
Алтайский край,Советское,,Судебный участок Советского района Алтайского края,MS,Мировой суд,"659540, Алтайский край, с Советское, ул Кирова, влд 96",https://sovrn.alt.msudrf.ru/,sovrn.alt.msudrf.ru,нет,22MS0106
Алтайский край,Солонешное,,Судебный участок Солонешенского района Алтайского края,MS,Мировой суд,"659690, Алтайский край, с Солонешное, ул Горная, д 2",https://solnrn.alt.msudrf.ru/,solnrn.alt.msudrf.ru,нет,22MS0107
Алтайский край,Солтон,,Судебный участок Солтонского района Алтайского края,MS,Мировой суд,"659520, Алтайский край, с Солтон, ул Ленина, д 32",https://soltrn.alt.msudrf.ru/,soltrn.alt.msudrf.ru,нет,22MS0108
Алтайский край,Староалейское,,Судебный участок Третьяковского района Алтайского края,MS,Мировой суд,"658450, Алтайский край, с Староалейское, ул Калашникова, зд 40А",https://trtrn.alt.msudrf.ru/,trtrn.alt.msudrf.ru,нет,22MS0115
Алтайский край,Табуны,,Судебный участок Табунского района Алтайского края,MS,Мировой суд,"658860, Алтайский край, с Табуны, пер Центральный, д 6",https://tabrn.alt.msudrf.ru/,tabrn.alt.msudrf.ru,нет,22MS0110
Алтайский край,Тальменка,,Судебный участок № 1 Тальменского района Алтайского края,MS,Мировой суд,"658030, Алтайский край, рп Тальменка, ул Партизанская, д 78",https://tlmrn1.alt.msudrf.ru/,tlmrn1.alt.msudrf.ru,нет,22MS0111
Алтайский край,Тальменка,,Судебный участок № 2 Тальменского района Алтайского края,MS,Мировой суд,"658030, Алтайский край, рп Тальменка, ул Партизанская, д 78",https://tlmrn2.alt.msudrf.ru/,tlmrn2.alt.msudrf.ru,нет,22MS0112
Алтайский край,Тогул,,Судебный участок Тогульского района Алтайского края,MS,Мировой суд,"659450, Алтайский край, с Тогул, ул Пролетарская, зд 21",https://togrn.alt.msudrf.ru/,togrn.alt.msudrf.ru,нет,22MS0113
Алтайский край,Топчиха,,Судебный участок Топчихинского района Алтайского края,MS,Мировой суд,"659070, Алтайский край, с Топчиха, ул Куйбышева, д 35",https://toprn.alt.msudrf.ru/,toprn.alt.msudrf.ru,нет,22MS0114
Алтайский край,Троицкое,,Судебный участок № 1 Троицкого района Алтайского края,MS,Мировой суд,"659840, Алтайский край, с Троицкое, пр-кт Ленина, д 9",https://troirn1.alt.msudrf.ru/,troirn1.alt.msudrf.ru,нет,22MS0116
Алтайский край,Троицкое,,Судебный участок № 2 Троицкого района Алтайского края,MS,Мировой суд,"659840, Алтайский край, с Троицкое, пр-кт Ленина, д 9",https://troirn2.alt.msudrf.ru/,troirn2.alt.msudrf.ru,нет,22MS0117
Алтайский край,Тюменцево,,Судебный участок Тюменцевского района Алтайского края,MS,Мировой суд,"658580, Алтайский край, с Тюменцево, ул Барнаульская, д 7",https://tumrn.alt.msudrf.ru/,tumrn.alt.msudrf.ru,нет,22MS0118
Алтайский край,Угловское,,Судебный участок Угловского района Алтайского края,MS,Мировой суд,"658270, Алтайский край, с Угловское, ул Чапаева, влд 149",https://uglrn.alt.msudrf.ru/,uglrn.alt.msudrf.ru,нет,22MS0119
Алтайский край,Усть-Калманка,,Судебный участок Усть-Калманского района Алтайского края,MS,Мировой суд,"658150, Алтайский край, с Усть-Калманка, ул Ленина, д 19",https://ukalm.alt.msudrf.ru/,ukalm.alt.msudrf.ru,нет,22MS0120
Алтайский край,Усть-Чарышская Пристань,,Судебный участок Усть-Пристанского района Алтайского края,MS,Мировой суд,"659580, Алтайский край, с Усть-Чарышская Пристань, ул 1 Мая, зд 13",https://uprist.alt.msudrf.ru/,uprist.alt.msudrf.ru,нет,22MS0121
Алтайский край,Хабары,,Судебный участок Хабарского района Алтайского края,MS,Мировой суд,"658780, Алтайский край, с Хабары, ул Ленина, д 67",https://habrn.alt.msudrf.ru/,habrn.alt.msudrf.ru,нет,22MS0122
Алтайский край,Целинное,,Судебный участок Целинного района Алтайского края,MS,Мировой суд,"659430, Алтайский край, с Целинное, ул Победы, влд 25",https://celrn.alt.msudrf.ru/,celrn.alt.msudrf.ru,нет,22MS0123
Алтайский край,Чарышское,,Судебный участок Чарышского района Алтайского края,MS,Мировой суд,"658170, Алтайский край, с Чарышское, ул Центральная, д 26/1",https://chrn.alt.msudrf.ru/,chrn.alt.msudrf.ru,нет,22MS0124
Алтайский край,Шелаболиха,,Судебный участок Шелаболихинского района Алтайского края,MS,Мировой суд,"659050, Алтайский край, с Шелаболиха, ул 50 лет Алтая, зд 1",https://shlbrn.alt.msudrf.ru/,shlbrn.alt.msudrf.ru,нет,22MS0125
Алтайский край,Шипуново,,Судебный участок № 1 Шипуновского района Алтайского края,MS,Мировой суд,"658390, Алтайский край, с Шипуново, пр-кт Комсомольский, влд 46",https://ship1.alt.msudrf.ru/,ship1.alt.msudrf.ru,нет,22MS0126
Алтайский край,Шипуново,,Судебный участок № 2 Шипуновского района Алтайского края,MS,Мировой суд,"658390, Алтайский край, с Шипуново, пр-кт Комсомольский, влд 46",https://ship2.alt.msudrf.ru/,ship2.alt.msudrf.ru,нет,22MS0127
Алтайский край,Яровое,,Судебный участок г. Яровое Алтайского края,MS,Мировой суд,"658837, Алтайский край, г Яровое, ул Ленина, д 16",https://yrvg.alt.msudrf.ru/,yrvg.alt.msudrf.ru,нет,22MS0128
Омская область,Азово,,Судебный участок № 1 в Азовском немецком национальном судебном районе Омской области,MS,Мировой суд,"646880, Омская обл, с Азово, ул Российская, д 31/2",https://1.oms.msudrf.ru/,1.oms.msudrf.ru,нет,55MS0001
Омская область,Большеречье,,Судебный участок № 2 в Большереченском судебном районе Омской области,MS,Мировой суд,"646672, Омская обл, рп Большеречье, ул Промышленная, д 48",https://2.oms.msudrf.ru/,2.oms.msudrf.ru,нет,55MS0002
Омская область,Большеречье,,Судебный участок № 98 в Большереченском судебном районе Омской области,MS,Мировой суд,"646672, Омская обл, рп Большеречье, ул Промышленная, д 48",https://98.oms.msudrf.ru/,98.oms.msudrf.ru,нет,55MS0098
Омская область,Большие Уки,,Судебный участок № 3 в Большеуковском судебном районе Омской области,MS,Мировой суд,"646380, Омская обл, с Большие Уки, ул Северная, д 44",https://3.oms.msudrf.ru/,3.oms.msudrf.ru,нет,55MS0003
Омская область,Горьковское,,Судебный участок № 4 в Горьковском судебном районе Омской области,MS,Мировой суд,"646600, Омская обл, рп Горьковское, ул Красный Путь, д 16",https://4.oms.msudrf.ru/,4.oms.msudrf.ru,нет,55MS0004
Омская область,Знаменское,,Судебный участок № 5 в Знаменском судебном районе Омской области,MS,Мировой суд,"646550, Омская обл, с Знаменское, ул Ленина, д 54",https://5.oms.msudrf.ru/,5.oms.msudrf.ru,нет,55MS0005
Омская область,Исилькуль,,Судебный участок № 6 в Исилькульском судебном районе Омской области,MS,Мировой суд,"646024, Омская обл, г Исилькуль, ул Советская, д 87А",https://6.oms.msudrf.ru/,6.oms.msudrf.ru,нет,55MS0006
Омская область,Исилькуль,,Судебный участок № 99 в Исилькульском судебном районе Омской области,MS,Мировой суд,"646024, Омская обл, г Исилькуль, ул Советская, д 87А",https://99.oms.msudrf.ru/,99.oms.msudrf.ru,нет,55MS0099
Омская область,Калачинск,,Судебный участок № 38 в Калачинском судебном районе Омской области,MS,Мировой суд,"646900, Омская обл, г Калачинск, ул Петра Ильичева, д 2",https://38.oms.msudrf.ru/,38.oms.msudrf.ru,нет,55MS0038
Омская область,Калачинск,,Судебный участок № 7 в Калачинском судебном районе Омской области,MS,Мировой суд,"646900, Омская обл, г Калачинск, ул Петра Ильичева, д 2",https://7.oms.msudrf.ru/,7.oms.msudrf.ru,нет,55MS0007
Омская область,Колосовка,,Судебный участок № 8 в Колосовском судебном районе Омской области,MS,Мировой суд,"646350, Омская обл, с Колосовка, ул Кирова, д 24А",https://8.oms.msudrf.ru/,8.oms.msudrf.ru,нет,55MS0008
Омская область,Кормиловка,,Судебный участок № 9 в Кормиловском судебном районе Омской области,MS,Мировой суд,"646970, Омская обл, рп Кормиловка, ул Ленина, д 24",https://9.oms.msudrf.ru/,9.oms.msudrf.ru,нет,55MS0009
Омская область,Крутинка,,Судебный участок № 10 в Крутинском судебном районе Омской области,MS,Мировой суд,"646130, Омская обл, рп Крутинка, ул Чкалова, д 7",https://10.oms.msudrf.ru/,10.oms.msudrf.ru,нет,55MS0010
Омская область,Любинский,,Судебный участок № 101 в Любинском судебном районе Омской области,MS,Мировой суд,"646160, Омская обл, рп Любинский, ул Восточная, д 68",https://101.oms.msudrf.ru/,101.oms.msudrf.ru,нет,55MS0101
Омская область,Любинский,,Судебный участок № 11 в Любинском судебном районе Омской области,MS,Мировой суд,"646160, Омская обл, рп Любинский, ул Восточная, д 68",https://11.oms.msudrf.ru/,11.oms.msudrf.ru,нет,55MS0011
Омская область,Марьяновка,,Судебный участок № 12 в Марьяновском судебном районе Омской области,MS,Мировой суд,"646040, Омская обл, рп Марьяновка, ул Ленина, д 15",https://12.oms.msudrf.ru/,12.oms.msudrf.ru,нет,55MS0012
Омская область,Москаленки,,Судебный участок № 102 в Москаленском судебном районе Омской области,MS,Мировой суд,"646070, Омская обл, рп Москаленки, ул Комсомольская, д 2",https://102.oms.msudrf.ru/,102.oms.msudrf.ru,нет,55MS0102
Омская область,Москаленки,,Судебный участок № 13 в Москаленском судебном районе Омской области,MS,Мировой суд,"646070, Омская обл, рп Москаленки, ул Комсомольская, д 2",https://13.oms.msudrf.ru/,13.oms.msudrf.ru,нет,55MS0013
Омская область,Муромцево,,Судебный участок № 14 в Муромцевском судебном районе Омской области,MS,Мировой суд,"646430, Омская обл, рп Муромцево, ул Партизанская, д 32",https://14.oms.msudrf.ru/,14.oms.msudrf.ru,нет,55MS0014
Омская область,Называевск,,Судебный участок № 39 в Называевском судебном районе Омской области,MS,Мировой суд,"646104, Омская обл, г Называевск, ул Кирова, д 51",https://39.oms.msudrf.ru/,39.oms.msudrf.ru,нет,55MS0039
Омская область,Нижняя Омка,,Судебный участок № 16 в Нижнеомском судебном районе Омской области,MS,Мировой суд,"646620, Омская обл, с Нижняя Омка, ул Петра Ильичева, д 20А",https://16.oms.msudrf.ru/,16.oms.msudrf.ru,нет,55MS0016
Омская область,Нововаршавка,,Судебный участок № 103 в Нововаршавском судебном районе Омской области,MS,Мировой суд,"646830, Омская обл, рп Нововаршавка, ул Красный Путь, д 141",https://103.oms.msudrf.ru/,103.oms.msudrf.ru,нет,55MS0103
Омская область,Одесское,,Судебный участок № 18 в Одесском судебном районе Омской области,MS,Мировой суд,"646860, Омская обл, с Одесское, ул Колхозная, д 26",https://18.oms.msudrf.ru/,18.oms.msudrf.ru,нет,55MS0018
Омская область,Оконешниково,,Судебный участок № 19 в Оконешниковском судебном районе Омской области,MS,Мировой суд,"646940, Омская обл, рп Оконешниково, ул Коммунистическая, д 162",https://19.oms.msudrf.ru/,19.oms.msudrf.ru,нет,55MS0019
Омская область,Омск,,Судебный участок № 100 в Омском судебном районе Омской области,MS,Мировой суд,"644031, г Омск, ул 4-я Заречная, д 13А",https://121.oms.msudrf.ru/,121.oms.msudrf.ru,нет,55MS0121
Омская область,Омск,,Судебный участок № 114 в Центральном судебном районе в городе Омске,MS,Мировой суд,"644010, г Омск, пр-кт Карла Маркса, д 31А",https://114.oms.msudrf.ru/,114.oms.msudrf.ru,нет,55MS0114
Омская область,Омск,,Судебный участок № 15 в Кировском судебном районе г. Омска,MS,Мировой суд,"644103, г Омск, ул Седова, д 57/1",https://115.oms.msudrf.ru/,115.oms.msudrf.ru,нет,55MS0115
Омская область,Омск,,Судебный участок № 17 в Кировском судебном районе г. Омска,MS,Мировой суд,"644103, г Омск, ул Седова, д 57/1",https://116.oms.msudrf.ru/,116.oms.msudrf.ru,нет,55MS0116
Омская область,Омск,,Судебный участок № 20 в Омском судебном районе Омской области,MS,Мировой суд,"644031, г Омск, ул 4-я Заречная, д 13А",https://20.oms.msudrf.ru/,20.oms.msudrf.ru,нет,55MS0020
Омская область,Омск,,Судебный участок № 21 в Омском судебном районе Омской области,MS,Мировой суд,"644031, г Омск, ул 4-я Заречная, д 13А",https://21.oms.msudrf.ru/,21.oms.msudrf.ru,нет,55MS0021
Омская область,Омск,,Судебный участок № 22 в Омском судебном районе Омской области,MS,Мировой суд,"644031, г Омск, ул 4-я Заречная, д 13А",https://22.oms.msudrf.ru/,22.oms.msudrf.ru,нет,55MS0022
Омская область,Омск,,Судебный участок № 23 в Омском судебном районе Омской области,MS,Мировой суд,"644031, г Омск, ул 4-я Заречная, д 13А",https://23.oms.msudrf.ru/,23.oms.msudrf.ru,нет,55MS0023
Омская область,Омск,,Судебный участок № 42 в Кировском судебном районе в городе Омске,MS,Мировой суд,"644103, г Омск, ул Седова, д 57/1",https://42.oms.msudrf.ru/,42.oms.msudrf.ru,нет,55MS0042
Омская область,Омск,,Судебный участок № 43 в Кировском судебном районе в городе Омске,MS,Мировой суд,"644103, г Омск, ул Седова, д 57/1",https://43.oms.msudrf.ru/,43.oms.msudrf.ru,нет,55MS0043
Омская область,Омск,,Судебный участок № 44 в Кировском судебном районе в городе Омске,MS,Мировой суд,"644103, г Омск, ул Седова, д 57/1",https://44.oms.msudrf.ru/,44.oms.msudrf.ru,нет,55MS0044
Омская область,Омск,,Судебный участок № 45 в Кировском судебном районе в городе Омске,MS,Мировой суд,"644103, г Омск, ул Седова, д 57/1",https://45.oms.msudrf.ru/,45.oms.msudrf.ru,нет,55MS0045
Омская область,Омск,,Судебный участок № 46 в Кировском судебном районе в городе Омске,MS,Мировой суд,"644103, г Омск, ул Седова, д 57/1",https://46.oms.msudrf.ru/,46.oms.msudrf.ru,нет,55MS0046
Омская область,Омск,,Судебный участок № 47 в Кировском судебном районе в городе Омске,MS,Мировой суд,"644103, г Омск, ул Седова, д 57/1",https://47.oms.msudrf.ru/,47.oms.msudrf.ru,нет,55MS0047
Омская область,Омск,,Судебный участок № 48 в Кировском судебном районе в городе Омске,MS,Мировой суд,"644103, г Омск, ул Седова, д 57/1",https://48.oms.msudrf.ru/,48.oms.msudrf.ru,нет,55MS0048
Омская область,Омск,,Судебный участок № 49 в Кировском судебном районе в городе Омске,MS,Мировой суд,"644103, г Омск, ул Седова, д 57/1",https://49.oms.msudrf.ru/,49.oms.msudrf.ru,нет,55MS0049
Омская область,Омск,,Судебный участок № 50 в Кировском судебном районе в городе Омске,MS,Мировой суд,"644103, г Омск, ул Седова, д 57/1",https://50.oms.msudrf.ru/,50.oms.msudrf.ru,нет,55MS0050
Омская область,Омск,,Судебный участок № 51 в Кировском судебном районе в городе Омске,MS,Мировой суд,"644103, г Омск, ул Седова, д 57/1",https://51.oms.msudrf.ru/,51.oms.msudrf.ru,нет,55MS0051
Омская область,Омск,,Судебный участок № 52 в Кировском судебном районе в городе Омске,MS,Мировой суд,"644103, г Омск, ул Седова, д 57/1",https://52.oms.msudrf.ru/,52.oms.msudrf.ru,нет,55MS0052
Омская область,Омск,,Судебный участок № 53 в Ленинском судебном районе в городе Омске,MS,Мировой суд,"644020, г Омск, ул Серова, д 37",https://53.oms.msudrf.ru/,53.oms.msudrf.ru,нет,55MS0053
Омская область,Омск,,Судебный участок № 54 в Ленинском судебном районе в городе Омске,MS,Мировой суд,"644020, г Омск, ул Серова, д 37",https://54.oms.msudrf.ru/,54.oms.msudrf.ru,нет,55MS0054
Омская область,Омск,,Судебный участок № 55 в Ленинском судебном районе в городе Омске,MS,Мировой суд,"644020, г Омск, ул Серова, д 37",https://55.oms.msudrf.ru/,55.oms.msudrf.ru,нет,55MS0055
Омская область,Омск,,Судебный участок № 56 в Ленинском судебном районе в городе Омске,MS,Мировой суд,"644020, г Омск, ул Серова, д 37",https://56.oms.msudrf.ru/,56.oms.msudrf.ru,нет,55MS0056
Омская область,Омск,,Судебный участок № 95 в Центральном судебном районе в городе Омске,MS,Мировой суд,"644070, г Омск, ул Степная, д 73",https://95.oms.msudrf.ru/,95.oms.msudrf.ru,нет,55MS0095
Омская область,Омск - 018,,Судебный участок № 70 в Октябрьском судебном районе в городе Омске,MS,Мировой суд,"644018, г. Омск - 018, ул. 5-я Кордная, д. 11 А",https://70.oms.msudrf.ru/,70.oms.msudrf.ru,нет,55MS0070
Омская область,Омск-010,,Судебный участок № 92 в Центральном судебном районе в городе Омске,MS,Мировой суд,"644010, г. Омск-010, пр. К. Маркса, д. 31 А",https://92.oms.msudrf.ru/,92.oms.msudrf.ru,нет,55MS0092
Омская область,Омск-010,,Судебный участок № 93 в Центральном судебном районе в городе Омске,MS,Мировой суд,"644010, г. Омск-010, пр. Карла Маркса, д. 31А",https://93.oms.msudrf.ru/,93.oms.msudrf.ru,нет,55MS0093
Омская область,Омск-010,,Судебный участок № 94 в Центральном судебном районе в городе Омске,MS,Мировой суд,"644010, г. Омск-010, пр. К. Маркса, д. 31 А",https://94.oms.msudrf.ru/,94.oms.msudrf.ru,нет,55MS0094
Омская область,Омск-010,,Судебный участок № 96 в Центральном судебном районе в городе Омске,MS,Мировой суд,"644010, г. Омск-010, пр. К. Маркса, д. 31 А",https://96.oms.msudrf.ru/,96.oms.msudrf.ru,нет,55MS0096
Омская область,Омск-010,,Судебный участок № 97 в Центральном судебном районе в городе Омске,MS,Мировой суд,"644010, г. Омск-010, пр. К. Маркса, д. 31 А",https://97.oms.msudrf.ru/,97.oms.msudrf.ru,нет,55MS0097
Омская область,Омск-018,,Судебный участок № 109 в Октябрьском судебном районе в городе Омске,MS,Мировой суд,"644018, г. Омск-018, ул. 5-я Кордная, д. 11 А",https://109.oms.msudrf.ru/,109.oms.msudrf.ru,нет,55MS0109
Омская область,Омск-018,,Судебный участок № 64 в Октябрьском судебном районе в городе Омске,MS,Мировой суд,"644018, г. Омск-018, ул. 5-я Кордная, д. 11 А",https://64.oms.msudrf.ru/,64.oms.msudrf.ru,нет,55MS0064
Омская область,Омск-018,,Судебный участок № 65 в Октябрьском судебном районе в городе Омске,MS,Мировой суд,"644018, г. Омск-018, ул. 5-я Кордная, д. 11 А",https://65.oms.msudrf.ru/,65.oms.msudrf.ru,нет,55MS0065
Омская область,Омск-018,,Судебный участок № 66 в Октябрьском судебном районе в городе Омске,MS,Мировой суд,"644018, г. Омск-018, ул. 5-я Кордная, д. 11 А",https://66.oms.msudrf.ru/,66.oms.msudrf.ru,нет,55MS0066
Омская область,Омск-018,,Судебный участок № 67 в Октябрьском судебном районе в городе Омске,MS,Мировой суд,"644018, г. Омск-018, ул. 5-я Кордная, д. 11 А",https://67.oms.msudrf.ru/,67.oms.msudrf.ru,нет,55MS0067
Омская область,Омск-018,,Судебный участок № 68 в Октябрьском судебном районе в городе Омске,MS,Мировой суд,"644018, г. Омск-018, ул. 5-я Кордная, д. 11 А",https://68.oms.msudrf.ru/,68.oms.msudrf.ru,нет,55MS0068
Омская область,Омск-018,,Судебный участок № 69 в Октябрьском судебном районе в городе Омске,MS,Мировой суд,"644018, г. Омск-018, ул. 5-я Кордная, д. 11 А",https://69.oms.msudrf.ru/,69.oms.msudrf.ru,нет,55MS0069
Омская область,Омск-018,,Судебный участок № 71 в Октябрьском судебном районе в городе Омске,MS,Мировой суд,"644018, г. Омск-018, ул. 5-я Кордная, д. 11 А",https://71.oms.msudrf.ru/,71.oms.msudrf.ru,нет,55MS0071
Омская область,Омск-018,,Судебный участок № 72 в Октябрьском судебном районе в городе Омске,MS,Мировой суд,"644018, г. Омск-018, ул. 5-я Кордная, д. 11 А",https://72.oms.msudrf.ru/,72.oms.msudrf.ru,нет,55MS0072
Омская область,Омск-018,,Судебный участок № 73 в Октябрьском судебном районе в городе Омске,MS,Мировой суд,"644018, г. Омск-018, ул. 5-я Кордная, д. 11 А",https://73.oms.msudrf.ru/,73.oms.msudrf.ru,нет,55MS0073
Омская область,Омск-020,,Судебный участок № 108 в Ленинском судебном районе в городе Омске,MS,Мировой суд,"644020, г. Омск-020, ул. Серова, д. 37",https://108.oms.msudrf.ru/,108.oms.msudrf.ru,нет,55MS0108
Омская область,Омск-020,,Судебный участок № 63 в Ленинском судебном районе в городе Омске,MS,Мировой суд,"644020, г. Омск-020, ул. Серова, д. 37",https://63.oms.msudrf.ru/,63.oms.msudrf.ru,нет,55MS0063
Омская область,Омск-053,,Судебный участок № 110 в Советском судебном районе в городе Омске,MS,Мировой суд,"644053, г. Омск-053, ул. Круговая, д. 6 А",https://110.oms.msudrf.ru/,110.oms.msudrf.ru,нет,55MS0110
Омская область,Омск-053,,Судебный участок № 37 в Советском судебном районе в городе Омске,MS,Мировой суд,"644059, г. Омск-053, ул. Круговая, д. 6 А",https://117.oms.msudrf.ru/,117.oms.msudrf.ru,нет,55MS0117
Омская область,Омск-053,,Судебный участок № 40 в Советском судебном районе в городе Омске,MS,Мировой суд,"644053, г. Омск-053, ул. Круговая, д. 6 А",https://118.oms.msudrf.ru/,118.oms.msudrf.ru,нет,55MS0118
Омская область,Омск-053,,Судебный участок № 80 в Советском судебном районе в городе Омске,MS,Мировой суд,"644053, г. Омск-053, ул. Круговая, д. 6 А",https://80.oms.msudrf.ru/,80.oms.msudrf.ru,нет,55MS0080
Омская область,Омск-053,,Судебный участок № 81 в Советском судебном районе в городе Омске,MS,Мировой суд,"644053, г. Омск-053, ул. Круговая, д. 6 А",https://81.oms.msudrf.ru/,81.oms.msudrf.ru,нет,55MS0081
Омская область,Омск-053,,Судебный участок № 82 в Советском судебном районе в городе Омске,MS,Мировой суд,"644053, г. Омск-053, ул. Круговая, д. 6 А",https://82.oms.msudrf.ru/,82.oms.msudrf.ru,нет,55MS0082
Омская область,Омск-053,,Судебный участок № 83 в Советском судебном районе в городе Омске,MS,Мировой суд,"644053, г. Омск-053, ул. Круговая, д. 6 А",https://83.oms.msudrf.ru/,83.oms.msudrf.ru,нет,55MS0083
Омская область,Омск-053,,Судебный участок № 84 в Советском судебном районе в городе Омске,MS,Мировой суд,"644053, г. Омск-053, ул. Круговая, д. 6 А",https://84.oms.msudrf.ru/,84.oms.msudrf.ru,нет,55MS0084
Омская область,Омск-053,,Судебный участок № 85 в Советском судебном районе в городе Омске,MS,Мировой суд,"644053, г. Омск-053, ул. Круговая, д. 6 А",https://85.oms.msudrf.ru/,85.oms.msudrf.ru,нет,55MS0085
Омская область,Омск-063,,Судебный участок № 111 в Первомайском судебном районе в городе Омске,MS,Мировой суд,"644063, г. Омск-063, ул. 1-я Затонская, д. 24",https://111.oms.msudrf.ru/,111.oms.msudrf.ru,нет,55MS0111
Омская область,Омск-063,,Судебный участок № 41 в Первомайском судебном районе в городе Омске,MS,Мировой суд,"644063, г. Омск-063, ул. 1-я Затонская, д. 24",https://119.oms.msudrf.ru/,119.oms.msudrf.ru,нет,55MS0119
Омская область,Омск-063,,Судебный участок № 74 в Первомайском судебном районе в городе Омске,MS,Мировой суд,"644063, г. Омск-063, ул. 1-я Затонская, д. 24",https://74.oms.msudrf.ru/,74.oms.msudrf.ru,нет,55MS0074
Омская область,Омск-063,,Судебный участок № 75 в Первомайском судебном районе в городе Омске,MS,Мировой суд,"644063, г. Омск-063, ул. 1-я Затонская, д. 24",https://75.oms.msudrf.ru/,75.oms.msudrf.ru,нет,55MS0075
Омская область,Омск-063,,Судебный участок № 76 в Первомайском судебном районе в городе Омске,MS,Мировой суд,"644063, г. Омск-063, ул. 1-я Затонская, д. 24",https://76.oms.msudrf.ru/,76.oms.msudrf.ru,нет,55MS0076
Омская область,Омск-063,,Судебный участок № 77 в Первомайском судебном районе в городе Омске,MS,Мировой суд,"644063, г. Омск-063, ул. 1-я Затонская, д. 24",https://77.oms.msudrf.ru/,77.oms.msudrf.ru,нет,55MS0077
Омская область,Омск-063,,Судебный участок № 78 в Первомайском судебном районе в городе Омске,MS,Мировой суд,"644063, г. Омск-063, ул. 1-я Затонская, д. 24",https://78.oms.msudrf.ru/,78.oms.msudrf.ru,нет,55MS0078
Омская область,Омск-063,,Судебный участок № 79 в Первомайском судебном районе в городе Омске,MS,Мировой суд,"644063, г. Омск-063, ул. 1-я Затонская, д. 24",https://79.oms.msudrf.ru/,79.oms.msudrf.ru,нет,55MS0079
Омская область,Омск-070,,Судебный участок № 112 в Куйбышевском судебном районе в городе Омске,MS,Мировой суд,"644070, г. Омск-070, ул. Степная, д. 73",https://112.oms.msudrf.ru/,112.oms.msudrf.ru,нет,55MS0112
Омская область,Омск-070,,Судебный участок № 113 в Куйбышевском судебном районе в городе Омске,MS,Мировой суд,"644070, г. Омск-070, ул. Степная, д. 73",https://113.oms.msudrf.ru/,113.oms.msudrf.ru,нет,55MS0113
Омская область,Омск-070,,Судебный участок № 86 в Куйбышевском судебном районе в городе Омске,MS,Мировой суд,"644070, г. Омск-070, ул. Степная, д. 73",https://86.oms.msudrf.ru/,86.oms.msudrf.ru,нет,55MS0086
Омская область,Омск-070,,Судебный участок № 87 в Куйбышевском судебном районе в городе Омске,MS,Мировой суд,"644070, г. Омск-070, ул. Степная, д. 73",https://87.oms.msudrf.ru/,87.oms.msudrf.ru,нет,55MS0087
Омская область,Омск-070,,Судебный участок № 88 в Куйбышевском судебном районе в городе Омске,MS,Мировой суд,"644070, г. Омск-070, ул. Степная, д. 73",https://88.oms.msudrf.ru/,88.oms.msudrf.ru,нет,55MS0088
Омская область,Омск-070,,Судебный участок № 89 в Центральном судебном районе в городе Омске,MS,Мировой суд,"644070, г. Омск-070, ул. Степная, д. 73",https://120.oms.msudrf.ru/,120.oms.msudrf.ru,нет,55MS0120
Омская область,Омск-070,,Судебный участок № 90 в Куйбышевском судебном районе в городе Омске,MS,Мировой суд,"644070, г. Омск-070, ул. Степная, д. 73",https://90.oms.msudrf.ru/,90.oms.msudrf.ru,нет,55MS0090
Омская область,Омск-070,,Судебный участок № 91 в Куйбышевском судебном районе в городе Омске,MS,Мировой суд,"644070, г. Омск-070, ул. Степная, д. 73",https://91.oms.msudrf.ru/,91.oms.msudrf.ru,нет,55MS0091
Омская область,Омск-091,,Судебный участок № 57 в Ленинском судебном районе в городе Омске,MS,Мировой суд,"644091, г. Омск-091, ул. 6-я Комсомольская, д. 30",https://57.oms.msudrf.ru/,57.oms.msudrf.ru,нет,55MS0057
Омская область,Омск-091,,Судебный участок № 58 в Ленинском судебном районе в городе Омске,MS,Мировой суд,"644091, г. Омск-091, ул. 6-я Комсомольская, д. 30",https://58.oms.msudrf.ru/,58.oms.msudrf.ru,нет,55MS0058
Омская область,Омск-091,,Судебный участок № 59 в Ленинском судебном районе в городе Омске,MS,Мировой суд,"644091, г. Омск-091, ул. 6-я Комсомольская, д. 30",https://59.oms.msudrf.ru/,59.oms.msudrf.ru,нет,55MS0059
Омская область,Омск-091,,Судебный участок № 60 в Ленинском судебном районе в городе Омске,MS,Мировой суд,"644091, г. Омск-091, ул. 6-я Комсомольская, д. 30",https://60.oms.msudrf.ru/,60.oms.msudrf.ru,нет,55MS0060
Омская область,Омск-091,,Судебный участок № 61 в Ленинском судебном районе в городе Омске,MS,Мировой суд,"644091, г. Омск-091, ул. 6-я Комсомольская, д. 30",https://61.oms.msudrf.ru/,61.oms.msudrf.ru,нет,55MS0061
Омская область,Омск-091,,Судебный участок № 62 в Ленинском судебном районе в городе Омске,MS,Мировой суд,"644091, г. Омск-091, ул. 6-я Комсомольская, д. 30",https://62.oms.msudrf.ru/,62.oms.msudrf.ru,нет,55MS0062
Омская область,Омск-103,,Судебный участок № 106 в Кировском судебном районе в городе Омске,MS,Мировой суд,"644103, г. Омск-103, ул. Седова, д. 57/1",https://106.oms.msudrf.ru/,106.oms.msudrf.ru,нет,55MS0106
Омская область,Омск-103,,Судебный участок № 107 в Кировском судебном районе в городе Омске,MS,Мировой суд,"644103, г. Омск-103, ул. Седова, д. 57/1",https://107.oms.msudrf.ru/,107.oms.msudrf.ru,нет,55MS0107
Омская область,Павлоградка,,Судебный участок № 24 в Павлоградском судебном районе Омской области,MS,Мировой суд,"646760, Омская обл, рп Павлоградка, ул Пролетарская, д 2",https://24.oms.msudrf.ru/,24.oms.msudrf.ru,нет,55MS0024
Омская область,Полтавка,,Судебный участок № 25 в Полтавском судебном районе Омской области,MS,Мировой суд,"646740, Омская обл, рп Полтавка, ул Ленина, д 12",https://25.oms.msudrf.ru/,25.oms.msudrf.ru,нет,55MS0025
Омская область,Русская Поляна,,Судебный участок № 26 в Русско-Полянском судебном районе Омской области,MS,Мировой суд,"646780, Омская обл, рп Русская Поляна, ул Комарова, д 21",https://26.oms.msudrf.ru/,26.oms.msudrf.ru,нет,55MS0026
Омская область,Саргатское,,Судебный участок № 27 в Саргатском судебном районе Омской области,MS,Мировой суд,"646400, Омская обл, рп Саргатское, ул Октябрьская, д 9",https://27.oms.msudrf.ru/,27.oms.msudrf.ru,нет,55MS0027
Омская область,Седельниково,,Судебный участок № 28 в Седельниковском судебном районе Омской области,MS,Мировой суд,"646480, Омская обл, с Седельниково, ул Захаренко, д 11",https://28.oms.msudrf.ru/,28.oms.msudrf.ru,нет,55MS0028
Омская область,Таврическое,,Судебный участок № 29 в Таврическом судебном районе Омской области,MS,Мировой суд,"646800, Омская обл, рп Таврическое, ул Титова, д 42",https://29.oms.msudrf.ru/,29.oms.msudrf.ru,нет,55MS0029
Омская область,Таврическое,,Судебный участок № 30 в Таврическом судебном районе Омской области,MS,Мировой суд,"646800, Омская обл, рп Таврическое, ул Титова, д 42",https://30.oms.msudrf.ru/,30.oms.msudrf.ru,нет,55MS0030
Омская область,Тара,,Судебный участок № 104 в Тарском судебном районе Омской области,MS,Мировой суд,"646532, Омская обл, г Тара, ул Тюменская, д 16",https://104.oms.msudrf.ru/,104.oms.msudrf.ru,нет,55MS0104
Омская область,Тара,,Судебный участок № 31 в Тарском судебном районе Омской области,MS,Мировой суд,"646532, Омская обл, г Тара, ул Тюменская, д 16",https://31.oms.msudrf.ru/,31.oms.msudrf.ru,нет,55MS0031
Омская область,Тевриз,,Судебный участок № 32 в Тевризском судебном районе Омской области,MS,Мировой суд,"646560, Омская обл, рп Тевриз, ул Кирова, д 2",https://32.oms.msudrf.ru/,32.oms.msudrf.ru,нет,55MS0032
Омская область,Тюкалинск,,Судебный участок № 33 в Тюкалинском судебном районе Омской области,MS,Мировой суд,"646332, Омская обл, г Тюкалинск, ул Калинина, д 72А",https://33.oms.msudrf.ru/,33.oms.msudrf.ru,нет,55MS0033
Омская область,Усть-Ишим,,Судебный участок № 34 в Усть-Ишимском судебном районе Омской области,MS,Мировой суд,"646580, Омская обл, с Усть-Ишим, ул Советская, д 115",https://34.oms.msudrf.ru/,34.oms.msudrf.ru,нет,55MS0034
Омская область,Черлак,,Судебный участок № 105 в Черлакском судебном районе Омской области,MS,Мировой суд,"646250, Омская обл, рп Черлак, ул Ленина, д 89",https://105.oms.msudrf.ru/,105.oms.msudrf.ru,нет,55MS0105
Омская область,Черлак,,Судебный участок № 35 в Черлакском судебном районе Омской области,MS,Мировой суд,"646250, Омская обл, рп Черлак, ул Ленина, д 89",https://35.oms.msudrf.ru/,35.oms.msudrf.ru,нет,55MS0035
Омская область,Шербакуль,,Судебный участок № 36 в Шербакульском судебном районе Омской области,MS,Мировой суд,"646700, Омская обл, рп Шербакуль, ул Ленина, д 120",https://36.oms.msudrf.ru/,36.oms.msudrf.ru,нет,55MS0036
Тверская область,,,Судебный участок № 7 Тверской области,MS,Мировой суд,"171090, Тверская область, ЗАТО «Озерный», ул. Гвардейская, д. 3",https://7.twr.msudrf.ru/,7.twr.msudrf.ru,нет,69MS0061
Тверская область,Андреаполь,,Судебный участок № 1 Тверской области,MS,Мировой суд,"172800, Тверская обл, г Андреаполь, ул Авиаторов, д 58",https://1.twr.msudrf.ru/,1.twr.msudrf.ru,нет,69MS0021
Тверская область,Бежецк,,Судебный участок № 2 Тверской области,MS,Мировой суд,"171983, Тверская обл, г Бежецк, пер Молодежный, д 32",https://2.twr.msudrf.ru/,2.twr.msudrf.ru,нет,69MS0022
Тверская область,Бежецк,,Судебный участок № 3 Тверской области,MS,Мировой суд,"171983, Тверская обл, г Бежецк, пер Молодежный, д 32",https://3.twr.msudrf.ru/,3.twr.msudrf.ru,нет,69MS0023
Тверская область,Белый,,Судебный участок № 4 Тверской области,MS,Мировой суд,"172530, Тверская обл, г Белый, ул Ленина, д 23",https://4.twr.msudrf.ru/,4.twr.msudrf.ru,нет,69MS0024
Тверская область,Бологое,,Судебный участок № 5 Тверской области,MS,Мировой суд,"171080, Тверская обл, г Бологое, ул Кирова, д 46",https://5.twr.msudrf.ru/,5.twr.msudrf.ru,нет,69MS0025
Тверская область,Бологое,,Судебный участок № 6 Тверской области,MS,Мировой суд,"171080, Тверская обл, г Бологое, ул Кирова, д 46",https://6.twr.msudrf.ru/,6.twr.msudrf.ru,нет,69MS0026
Тверская область,Весьегонск,,Судебный участок № 8 Тверской области,MS,Мировой суд,"171720, Тверская обл, г Весьегонск, ул Степанова, д 11",https://8.twr.msudrf.ru/,8.twr.msudrf.ru,нет,69MS0032
Тверская область,Вышний Волочек,,Судебный участок № 10 Тверской области,MS,Мировой суд,"171151, Тверская обл, г Вышний Волочек, ул Красная, д 1",https://10.twr.msudrf.ru/,10.twr.msudrf.ru,нет,69MS0028
Тверская область,Вышний Волочек,,Судебный участок № 11 Тверской области,MS,Мировой суд,"171151, Тверская обл, г Вышний Волочек, ул Красная, д 1",https://11.twr.msudrf.ru/,11.twr.msudrf.ru,нет,69MS0029
Тверская область,Вышний Волочек,,Судебный участок № 12 Тверской области,MS,Мировой суд,"171151, Тверская обл, г Вышний Волочек, ул Красная, д 1",https://12.twr.msudrf.ru/,12.twr.msudrf.ru,нет,69MS0030
Тверская область,Вышний Волочек,,Судебный участок № 13 Тверской области,MS,Мировой суд,"171151, Тверская обл, г Вышний Волочек, ул Красная, д 1",https://13.twr.msudrf.ru/,13.twr.msudrf.ru,нет,69MS0031
Тверская область,Вышний Волочек,,Судебный участок № 9 Тверской области,MS,Мировой суд,"171151, Тверская обл, г Вышний Волочек, ул Красная, д 1",https://9.twr.msudrf.ru/,9.twr.msudrf.ru,нет,69MS0027
Тверская область,Жарковский,,Судебный участок № 14 Тверской области,MS,Мировой суд,"172460, Тверская обл, пгт Жарковский, ул Мира, д 13, кв 21",https://14.twr.msudrf.ru/,14.twr.msudrf.ru,нет,69MS0033
Тверская область,Западная Двина,,Судебный участок № 15 Тверской области,MS,Мировой суд,"172610, Тверская обл, г Западная Двина, ул Кирова, зд 30А",https://15.twr.msudrf.ru/,15.twr.msudrf.ru,нет,69MS0034
Тверская область,Зубцов,,Судебный участок № 16 Тверской области,MS,Мировой суд,"172332, Тверская обл, г Зубцов, ул Автотранспортная, д 15, кв 12",https://16.twr.msudrf.ru/,16.twr.msudrf.ru,нет,69MS0035
Тверская область,Калязин,,Судебный участок № 20 Тверской области,MS,Мировой суд,"171573, Тверская обл, г Калязин, проезд Володарского, д 11",https://20.twr.msudrf.ru/,20.twr.msudrf.ru,нет,69MS0039
Тверская область,Кашин,,Судебный участок № 21 Тверской области,MS,Мировой суд,"171640, Тверская обл, г Кашин, ул Карла Маркса, д 16А",https://21.twr.msudrf.ru/,21.twr.msudrf.ru,нет,69MS0041
Тверская область,Кашин,,Судебный участок № 22 Тверской области,MS,Мировой суд,"171640, Тверская обл, г Кашин, ул Карла Маркса, д 16А",https://22.twr.msudrf.ru/,22.twr.msudrf.ru,нет,69MS0040
Тверская область,Кесова Гора,,Судебный участок № 23 Тверской области,MS,Мировой суд,"171470, Тверская обл, пгт Кесова Гора, ул Почтовая, д 7",https://23.twr.msudrf.ru/,23.twr.msudrf.ru,нет,69MS0042
Тверская область,Кимры,,Судебный участок № 24 Тверской области,MS,Мировой суд,"171507, Тверская обл, г Кимры, ул Желябова, д 1",https://24.twr.msudrf.ru/,24.twr.msudrf.ru,нет,69MS0043
Тверская область,Кимры,,Судебный участок № 25 Тверской области,MS,Мировой суд,"171507, Тверская обл, г Кимры, ул Желябова, д 1",https://25.twr.msudrf.ru/,25.twr.msudrf.ru,нет,69MS0044
Тверская область,Кимры,,Судебный участок № 26 Тверской области,MS,Мировой суд,"171507, Тверская обл, г Кимры, ул Желябова, д 1",https://26twr.msudrf.ru/,26twr.msudrf.ru,нет,69MS0045
Тверская область,Кимры,,Судебный участок № 27 Тверской области,MS,Мировой суд,"171507, Тверская обл, г Кимры, ул Желябова, д 1",https://27.twr.msudrf.ru/,27.twr.msudrf.ru,нет,69MS0046
Тверская область,Конаково,,Судебный участок № 29 Тверской области,MS,Мировой суд,"171252, Тверская обл, г Конаково, ул Горького, д 3А",https://29.twr.msudrf.ru/,29.twr.msudrf.ru,нет,69MS0051
Тверская область,Конаково,,Судебный участок № 30 Тверской области,MS,Мировой суд,"171252, Тверская обл, г Конаково, ул Горького, д 3А",https://30.twr.msudrf.ru/,30.twr.msudrf.ru,нет,69MS0047
Тверская область,Конаково,,Судебный участок № 31 Тверской области,MS,Мировой суд,"171252, Тверская обл, г Конаково, ул Горького, д 3А",https://31.twr.msudrf.ru/,31.twr.msudrf.ru,нет,69MS0048
Тверская область,Конаково,,Судебный участок № 32 Тверской области,MS,Мировой суд,"171253, Тверская обл, г Конаково, ул Гагарина, д 1",https://32.twr.msudrf.ru/,32.twr.msudrf.ru,нет,69MS0049
Тверская область,Красный Холм,,Судебный участок № 33 Тверской области,MS,Мировой суд,"171660, Тверская обл, г Красный Холм, ул Красноармейская, д 87/7",https://33.twr.msudrf.ru/,33.twr.msudrf.ru,нет,69MS0052
Тверская область,Кувшиново,,Судебный участок № 34 Тверской области,MS,Мировой суд,"172110, Тверская обл, г Кувшиново, ул Советская, д 55",https://34.twr.msudrf.ru/,34.twr.msudrf.ru,нет,69MS0053
Тверская область,Лесное,,Судебный участок № 35 Тверской области,MS,Мировой суд,"171890, Тверская обл, с Лесное, пер Механизаторов, д 9",https://35.twr.msudrf.ru/,35.twr.msudrf.ru,нет,69MS0056
Тверская область,Лихославль,,Судебный участок № 36 Тверской области,MS,Мировой суд,"171210, Тверская обл, г Лихославль, ул Первомайская, д 2",https://36.twr.msudrf.ru/,36.twr.msudrf.ru,нет,69MS0054
Тверская область,Лихославль,,Судебный участок № 37 Тверской области,MS,Мировой суд,"171210, Тверская обл, г Лихославль, ул Первомайская, д 2",https://37.twr.msudrf.ru/,37.twr.msudrf.ru,нет,69MS0055
Тверская область,Максатиха,,Судебный участок № 38 Тверской области,MS,Мировой суд,"171900, Тверская обл, пгт Максатиха, ул имени Василенкова, д 10А",https://38.twr.msudrf.ru/,38.twr.msudrf.ru,нет,69MS0057
Тверская область,Молоково,,Судебный участок № 39 Тверской области,MS,Мировой суд,"171680, Тверская обл, пгт Молоково, пл Корнилова, д 7",https://39.twr.msudrf.ru/,39.twr.msudrf.ru,нет,69MS0058
Тверская область,Нелидово,,Судебный участок № 40 Тверской области,MS,Мировой суд,"172521, Тверская обл, г Нелидово, ул Строителей, зд 11",https://40.twr.msudrf.ru/,40.twr.msudrf.ru,нет,69MS0059
Тверская область,Нелидово,,Судебный участок № 41 Тверская область,MS,Мировой суд,"172521, Тверская обл, г Нелидово, ул Строителей, зд 11",https://41.twr.msudrf.ru/,41.twr.msudrf.ru,нет,69MS0060
Тверская область,Оленино,,Судебный участок № 42 Тверской области,MS,Мировой суд,"172400, Тверская обл, пгт Оленино, ул Чехова, д 14",https://42.twr.msudrf.ru/,42.twr.msudrf.ru,нет,69MS0064
Тверская область,Осташков,,Судебный участок № 43 Тверской области,MS,Мировой суд,"172735, Тверская обл, г Осташков, ул Рабочая, д 9",https://43.twr.msudrf.ru/,43.twr.msudrf.ru,нет,69MS0062
Тверская область,Осташков,,Судебный участок № 44 Тверской области,MS,Мировой суд,"172735, Тверская обл, г Осташков, ул Рабочая, д 9",https://44.twr.msudrf.ru/,44.twr.msudrf.ru,нет,69MS0063
Тверская область,Пено,,Судебный участок № 45 Тверской области,MS,Мировой суд,"172770, Тверская область, п. Пено, ул. Генерала Тарасова, д. 11",https://45.twr.msudrf.ru/,45.twr.msudrf.ru,нет,69MS0065
Тверская область,Рамешки,,Судебный участок № 46 Тверской области,MS,Мировой суд,"171400, Тверская обл, пгт Рамешки, ул Советская, д 23",https://46.twr.msudrf.ru/,46.twr.msudrf.ru,нет,69MS0070
Тверская область,Редкино,,Судебный участок № 28 Тверской области,MS,Мировой суд,"171261, Тверская обл, Конаковский р-н, пгт Редкино, ул Парковая, д 46",https://28.twr.msudrf.ru/,28.twr.msudrf.ru,нет,69MS0050
Тверская область,Ржев,,Судебный участок № 47 Тверской области,MS,Мировой суд,"172388, Тверская обл, г Ржев, ул Свердлова, д 56",https://47.twr.msudrf.ru/,47.twr.msudrf.ru,нет,69MS0066
Тверская область,Ржев,,Судебный участок № 48 Тверской области,MS,Мировой суд,"172388, Тверская обл, г Ржев, ул Свердлова, д 56",https://48.twr.msudrf.ru/,48.twr.msudrf.ru,нет,69MS0067
Тверская область,Ржев,,Судебный участок № 49 Тверской области,MS,Мировой суд,"172388, Тверская обл, г Ржев, ул Свердлова, д 56",https://49.twr.msudrf.ru/,49.twr.msudrf.ru,нет,69MS0068
Тверская область,Ржев,,Судебный участок № 50 Тверской области,MS,Мировой суд,"172388, Тверская обл, г Ржев, ул Свердлова, д 56",https://50.twr.msudrf.ru/,50.twr.msudrf.ru,нет,69MS0069
Тверская область,Сандово,,Судебный участок № 51 Тверской области,MS,Мировой суд,"171750, Тверская обл, пгт Сандово, ул Пионерская, д 5",https://51.twr.msudrf.ru/,51.twr.msudrf.ru,нет,69MS0071
Тверская область,Селижарово,,Судебный участок № 52 Тверской области,MS,Мировой суд,"172200, Тверская обл, пгт Селижарово, пер Советский, д 1А",https://52.twr.msudrf.ru/,52.twr.msudrf.ru,нет,69MS0075
Тверская область,Сонково,,Судебный участок № 53 Тверской области,MS,Мировой суд,"171450, Тверская обл, пгт Сонково, ул Калинина, д 1",https://53.twr.msudrf.ru/,53.twr.msudrf.ru,нет,69MS0072
Тверская область,Спирово,,Судебный участок № 54 Тверской области,MS,Мировой суд,"171170, Тверская область, п. Спирово, пл. Советская, д. 7",https://54.twr.msudrf.ru/,54.twr.msudrf.ru,нет,69MS0073
Тверская область,Старица,,Судебный участок № 55 Тверской области,MS,Мировой суд,"171361, Тверская обл, г Старица, ул Коммунистическая, д 37",https://55.twr.msudrf.ru/,55.twr.msudrf.ru,нет,69MS0074
Тверская область,Тверь,,Судебный участок № 17 Тверской области,MS,Мировой суд,"170100, г Тверь, ул Вагжанова, д 13",https://17.twr.msudrf.ru/,17.twr.msudrf.ru,нет,69MS0036
Тверская область,Тверь,,Судебный участок № 18 Тверской области,MS,Мировой суд,"170100, г Тверь, ул Вагжанова, д 13",https://18.twr.msudrf.ru/,18.twr.msudrf.ru,нет,69MS0037
Тверская область,Тверь,,Судебный участок № 19 Тверской области,MS,Мировой суд,"170100, г Тверь, ул Вагжанова, д 13",https://19.twr.msudrf.ru/,19.twr.msudrf.ru,нет,69MS0038
Тверская область,Тверь,,Судебный участок № 64 Тверской области,MS,Мировой суд,"170100, г Тверь, ул Вагжанова, д 13",https://64.twr.msudrf.ru/,64.twr.msudrf.ru,нет,69MS0001
Тверская область,Тверь,,Судебный участок № 65 Тверской области,MS,Мировой суд,"170100, г Тверь, ул Вагжанова, д 13",https://65.twr.msudrf.ru/,65.twr.msudrf.ru,нет,69MS0002
Тверская область,Тверь,,Судебный участок № 66 Тверской области,MS,Мировой суд,"170100, г Тверь, ул Вагжанова, д 13",https://66.twr.msudrf.ru/,66.twr.msudrf.ru,нет,69MS0003
Тверская область,Тверь,,Судебный участок № 67 Тверской области,MS,Мировой суд,"170100, г Тверь, ул Вагжанова, д 13",https://67.twr.msudrf.ru/,67.twr.msudrf.ru,нет,69MS0004
Тверская область,Тверь,,Судебный участок № 68 Тверской области,MS,Мировой суд,"170100, г Тверь, ул Вагжанова, д 13",https://68.twr.msudrf.ru/,68.twr.msudrf.ru,нет,69MS0005
Тверская область,Тверь,,Судебный участок № 69 Тверской области,MS,Мировой суд,"170100, г Тверь, ул Вагжанова, д 13",https://69.twr.msudrf.ru/,69.twr.msudrf.ru,нет,69MS0006
Тверская область,Тверь,,Судебный участок № 70 Тверской области,MS,Мировой суд,"170100, г Тверь, ул Вагжанова, д 13",https://70.twr.msudrf.ru/,70.twr.msudrf.ru,нет,69MS0007
Тверская область,Тверь,,Судебный участок № 71 Тверской области,MS,Мировой суд,"170100, г Тверь, ул Вагжанова, д 13",https://71.twr.msudrf.ru/,71.twr.msudrf.ru,нет,69MS0008
Тверская область,Тверь,,Судебный участок № 72 Тверской области,MS,Мировой суд,"170100, г Тверь, ул Вагжанова, д 13",https://72.twr.msudrf.ru/,72.twr.msudrf.ru,нет,69MS0009
Тверская область,Тверь,,Судебный участок № 73 Тверской области,MS,Мировой суд,"170100, г Тверь, ул Вагжанова, д 13",https://73.twr.msudrf.ru/,73.twr.msudrf.ru,нет,69MS0010
Тверская область,Тверь,,Судебный участок № 74 Тверской области,MS,Мировой суд,"170100, г Тверь, ул Вагжанова, д 13",https://74.twr.msudrf.ru/,74.twr.msudrf.ru,нет,69MS0011
Тверская область,Тверь,,Судебный участок № 75 Тверской области,MS,Мировой суд,"170100, г Тверь, ул Вагжанова, д 13",https://75.twr.msudrf.ru/,75.twr.msudrf.ru,нет,69MS0012
Тверская область,Тверь,,Судебный участок № 76 Тверской области,MS,Мировой суд,"170100, г Тверь, ул Вагжанова, д 13",https://76.twr.msudrf.ru/,76.twr.msudrf.ru,нет,69MS0013
Тверская область,Тверь,,Судебный участок № 77 Тверской области,MS,Мировой суд,"170100, г Тверь, ул Вагжанова, д 13",https://77.twr.msudrf.ru/,77.twr.msudrf.ru,нет,69MS0014
Тверская область,Тверь,,Судебный участок № 78 Тверской области,MS,Мировой суд,"170100, г Тверь, ул Вагжанова, д 13",https://78.twr.msudrf.ru/,78.twr.msudrf.ru,нет,69MS0015
Тверская область,Тверь,,Судебный участок № 79 Тверской области,MS,Мировой суд,"170100, г Тверь, ул Вагжанова, д 13",https://79.twr.msudrf.ru/,79.twr.msudrf.ru,нет,69MS0016
Тверская область,Тверь,,Судебный участок № 80 Тверской области,MS,Мировой суд,"170100, г Тверь, ул Вагжанова, д 13",https://80.twr.msudrf.ru/,80.twr.msudrf.ru,нет,69MS0017
Тверская область,Тверь,,Судебный участок № 81 Тверской области,MS,Мировой суд,"170100, г Тверь, ул Вагжанова, д 13",https://81.twr.msudrf.ru/,81.twr.msudrf.ru,нет,69MS0018
Тверская область,Тверь,,Судебный участок № 82 Тверской области,MS,Мировой суд,"170100, г Тверь, ул Вагжанова, д 13",https://82.twr.msudrf.ru/,82.twr.msudrf.ru,нет,69MS0019
Тверская область,Тверь,,Судебный участок № 83 Тверской области,MS,Мировой суд,"170100, г Тверь, ул Вагжанова, д 13",https://83.twr.msudrf.ru/,83.twr.msudrf.ru,нет,69MS0020
Тверская область,Торжок,,Судебный участок № 56 Тверской области,MS,Мировой суд,"172008, Тверская обл, г Торжок, ул Дзержинского, д 32",https://56.twr.msudrf.ru/,56.twr.msudrf.ru,нет,69MS0076
Тверская область,Торжок,,Судебный участок № 57 Тверской области,MS,Мировой суд,"172008, Тверская обл, г Торжок, ул Дзержинского, д 32",https://57.twr.msudrf.ru/,57.twr.msudrf.ru,нет,69MS0077
Тверская область,Торжок,,Судебный участок № 58 Тверской области,MS,Мировой суд,"172008, Тверская обл, г Торжок, ул Дзержинского, д 32",https://58.twr.msudrf.ru/,58.twr.msudrf.ru,нет,69MS0078
Тверская область,Торжок,,Судебный участок № 59 Тверской области,MS,Мировой суд,"172008, Тверская обл, г Торжок, ул Дзержинского, д 32",https://59.twr.msudrf.ru/,59.twr.msudrf.ru,нет,69MS0079
Тверская область,Торопец,,Судебный участок № 60 Тверской области,MS,Мировой суд,"172840, Тверская обл, г Торопец, ул Калинина, д 56/65",https://60.twr.msudrf.ru/,60.twr.msudrf.ru,нет,69MS0080
Тверская область,Удомля,,Судебный участок № 61 Тверской области,MS,Мировой суд,"171842, Тверская обл, г Удомля, пер Автодорожный, д 2",https://61.twr.msudrf.ru/,61.twr.msudrf.ru,нет,69MS0081
Тверская область,Удомля,,Судебный участок № 62 Тверской области,MS,Мировой суд,"171842, Тверская обл, г Удомля, пер Автодорожный, д 2",https://62.twr.msudrf.ru/,62.twr.msudrf.ru,нет,69MS0082
Тверская область,Фирово,,Судебный участок № 63 Тверской области,MS,Мировой суд,"172721, Тверская обл, пгт Фирово, ул Советская, д 21",https://63.twr.msudrf.ru/,63.twr.msudrf.ru,нет,69MS0083
Пензенская область,Башмаково,,Судебный участок в границах Башмаковского района Пензенской области,MS,Мировой суд,"442060, Пензенская обл, рп Башмаково, ул 8 Марта, д 10",https://bashmakovo.pnz.msudrf.ru/,bashmakovo.pnz.msudrf.ru,нет,58MS0026
Пензенская область,Беково,,Судебный участок в границах Бековского района Пензенской области,MS,Мировой суд,"442940, Пензенская обл, рп Беково, ул Почтовая, зд 55А",https://bekovo.pnz.msudrf.ru/,bekovo.pnz.msudrf.ru,нет,58MS0027
Пензенская область,Белинский,,Судебный участок № 1 Белинского района Пензенской области,MS,Мировой суд,"442250, Пензенская обл, г Белинский, пл Комсомольская, зд 6",https://belinsky1.pnz.msudrf.ru/,belinsky1.pnz.msudrf.ru,нет,58MS0028
Пензенская область,Бессоновка,,Судебный участок № 1 Бессоновского района Пензенской области,MS,Мировой суд,"442780, Пензенская обл, с Бессоновка, ул Комсомольская, д 1/1В",https://bessonovsky1.pnz.msudrf.ru/,bessonovsky1.pnz.msudrf.ru,нет,58MS0030
Пензенская область,Бессоновка,,Судебный участок № 2 Бессоновского района Пензенской области,MS,Мировой суд,"442780, Пензенская обл, с Бессоновка, ул Комсомольская, д 1/1В",https://bessonovsky2.pnz.msudrf.ru/,bessonovsky2.pnz.msudrf.ru,нет,58MS0031
Пензенская область,Вадинск,,Судебный участок в границах Вадинского района Пензенской области,MS,Мировой суд,"442170, Пензенская обл, с Вадинск, ул Площадь Ленина, стр 30",https://vadinsky.pnz.msudrf.ru/,vadinsky.pnz.msudrf.ru,нет,58MS0032
Пензенская область,Городище,,Судебный участок № 1 Городищенского района Пензенской области,MS,Мировой суд,"442310, Пензенская обл, г Городище, ул Александра Матросова, зд 128Г",https://gorodishensky1.pnz.msudrf.ru/,gorodishensky1.pnz.msudrf.ru,нет,58MS0033
Пензенская область,Городище,,Судебный участок № 2 Городищенского района Пензенской области,MS,Мировой суд,"442310, Пензенская обл, г Городище, ул Александра Матросова, зд 128Г",https://gorodishensky2.pnz.msudrf.ru/,gorodishensky2.pnz.msudrf.ru,нет,58MS0034
Пензенская область,Заречный,,Судебный участок № 1 г. Заречного Пензенской области,MS,Мировой суд,"442961, Пензенская обл, г Заречный, ул Литке, стр 29",https://zarech1.pnz.msudrf.ru/,zarech1.pnz.msudrf.ru,нет,58MS0035
Пензенская область,Заречный,,Судебный участок № 2 г. Заречного Пензенской области,MS,Мировой суд,"442961, Пензенская обл, г Заречный, ул Литке, стр 29",https://zarech2.pnz.msudrf.ru/,zarech2.pnz.msudrf.ru,нет,58MS0036
Пензенская область,Заречный,,Судебный участок № 3 г. Заречного Пензенской области,MS,Мировой суд,"442961, Пензенская обл, г Заречный, ул Литке, стр 29",https://zarech3.pnz.msudrf.ru/,zarech3.pnz.msudrf.ru,нет,58MS0037
Пензенская область,Земетчино,,Судебный участок № 1 Земетчинского района Пензенской области,MS,Мировой суд,"442000, Пензенская обл, рп Земетчино, ул Ленина, влд 139",https://zemetchinsky1.pnz.msudrf.ru/,zemetchinsky1.pnz.msudrf.ru,нет,58MS0038
Пензенская область,Исса,,Судебный участок в границах Иссинского района Пензенской области,MS,Мировой суд,"442710, Пензенская обл, рп Исса, ул Ленинская, д 52",https://issinsky.pnz.msudrf.ru/,issinsky.pnz.msudrf.ru,нет,58MS0040
Пензенская область,Каменка,,Судебный участок № 1 Каменского района Пензенской области,MS,Мировой суд,"442240, Пензенская обл, г Каменка, ул Центральная, зд 14",https://kamensky1.pnz.msudrf.ru/,kamensky1.pnz.msudrf.ru,нет,58MS0041
Пензенская область,Каменка,,Судебный участок № 2 Каменского района Пензенской области,MS,Мировой суд,"442240, Пензенская обл, г Каменка, ул Центральная, зд 14",https://kamensky2.pnz.msudrf.ru/,kamensky2.pnz.msudrf.ru,нет,58MS0042
Пензенская область,Каменка,,Судебный участок № 3 Каменского района Пензенской области,MS,Мировой суд,"442240, Пензенская обл, г Каменка, ул Центральная, зд 14",https://kamensky3.pnz.msudrf.ru/,kamensky3.pnz.msudrf.ru,нет,58MS0043
Пензенская область,Колышлей,,Судебный участок № 1 Колышлейского района Пензенской области,MS,Мировой суд,"442830, Пензенская обл, рп Колышлей, ул Советская, стр 22",https://kolishleisky1.pnz.msudrf.ru/,kolishleisky1.pnz.msudrf.ru,нет,58MS0045
Пензенская область,Кондоль,,Судебный участок № 3 Пензенского района Пензенской области,MS,Мировой суд,"442400, Пензенская обл, с Кондоль, ул Нагорная, д 17",https://penzensky3.pnz.msudrf.ru/,penzensky3.pnz.msudrf.ru,нет,58MS0067
Пензенская область,Кузнецк,,Судебный участок № 1 Кузнецкого района Пензенской области,MS,Мировой суд,"442530, Пензенская обл, г Кузнецк, ул Рабочая, д 236",https://kuznetsky1.pnz.msudrf.ru/,kuznetsky1.pnz.msudrf.ru,нет,58MS0051
Пензенская область,Кузнецк,,Судебный участок № 1 г. Кузнецка Пензенской области,MS,Мировой суд,"442530, Пензенская обл, г Кузнецк, ул Стекловская, зд 89",https://kuznetskgs1.pnz.msudrf.ru/,kuznetskgs1.pnz.msudrf.ru,нет,58MS0047
Пензенская область,Кузнецк,,Судебный участок № 2 Кузнецкого района Пензенской области,MS,Мировой суд,"442530, Пензенская обл, г Кузнецк, ул Рабочая, д 236",https://kuznetsky2.pnz.msudrf.ru/,kuznetsky2.pnz.msudrf.ru,нет,58MS0052
Пензенская область,Кузнецк,,Судебный участок № 2 г. Кузнецка Пензенской области,MS,Мировой суд,"442530, Пензенская обл, г Кузнецк, ул Стекловская, зд 89",https://kuznetskgs2.pnz.msudrf.ru/,kuznetskgs2.pnz.msudrf.ru,нет,58MS0048
Пензенская область,Кузнецк,,Судебный участок № 3 г. Кузнецка Пензенской области,MS,Мировой суд,"442530, Пензенская обл, г Кузнецк, ул Стекловская, зд 89",https://kuznetskgs3.pnz.msudrf.ru/,kuznetskgs3.pnz.msudrf.ru,нет,58MS0049
Пензенская область,Кузнецк,,Судебный участок № 4 г. Кузнецка Пензенской области,MS,Мировой суд,"442530, Пензенская обл, г Кузнецк, ул Стекловская, зд 89",https://kuznetskgs4.pnz.msudrf.ru/,kuznetskgs4.pnz.msudrf.ru,нет,58MS0050
Пензенская область,Лопатино,,Судебный участок в границах Лопатинского района Пензенской области,MS,Мировой суд,"442550, Пензенская обл, с Лопатино, пл Гагарина, стр 18",https://lopatinsky.pnz.msudrf.ru/,lopatinsky.pnz.msudrf.ru,нет,58MS0054
Пензенская область,Лунино,,Судебный участок в границах Лунинского района Пензенской области,MS,Мировой суд,"442730, Пензенская обл, рп Лунино, ул Мясникова, д 46",https://luninsky.pnz.msudrf.ru/,luninsky.pnz.msudrf.ru,нет,58MS0053
Пензенская область,Малая Сердоба,,Судебный участок в границах Малосердобинского района Пензенской области,MS,Мировой суд,"442800, Пензенская обл, с Малая Сердоба, ул Ленинская, д 41",https://maloserdodinsky.pnz.msudrf.ru/,maloserdodinsky.pnz.msudrf.ru,нет,58MS0055
Пензенская область,Мокшан,,Судебный участок № 1 Мокшанского района Пензенской области,MS,Мировой суд,"442370, Пензенская обл, рп Мокшан, ул Пензенская, зд 7",https://mokshansky1.pnz.msudrf.ru/,mokshansky1.pnz.msudrf.ru,нет,58MS0056
Пензенская область,Мокшан,,Судебный участок № 2 Мокшанского района Пензенской области,MS,Мировой суд,"442370, Пензенская обл, рп Мокшан, ул Пензенская, зд 7",https://mokshansky2.pnz.msudrf.ru/,mokshansky2.pnz.msudrf.ru,нет,58MS0057
Пензенская область,Наровчат,,Судебный участок в границах Наровчатского района Пензенской области,MS,Мировой суд,"442630, Пензенская обл, с Наровчат, ул Советская, д 23",https://narovchatsky.pnz.msudrf.ru/,narovchatsky.pnz.msudrf.ru,нет,58MS0076
Пензенская область,Неверкино,,Судебный участок в границах Неверкинского района Пензенской области,MS,Мировой суд,"442480, Пензенская обл, с Неверкино, ул Куйбышева, влд 18",https://neverkinsky.pnz.msudrf.ru/,neverkinsky.pnz.msudrf.ru,нет,58MS0058
Пензенская область,Нижний Ломов,,Судебный участок № 1 Нижнеломовского района Пензенской области,MS,Мировой суд,"442150, Пензенская обл, г Нижний Ломов, ул Урицкого, д 56",https://nizhnelomovsky1.pnz.msudrf.ru/,nizhnelomovsky1.pnz.msudrf.ru,нет,58MS0061
Пензенская область,Нижний Ломов,,Судебный участок № 2 Нижнеломовского района Пензенской области,MS,Мировой суд,"442150, Пензенская обл, г Нижний Ломов, ул Урицкого, д 56",https://nizhnelomovsky2.pnz.msudrf.ru/,nizhnelomovsky2.pnz.msudrf.ru,нет,58MS0062
Пензенская область,Нижний Ломов,,Судебный участок № 3 Нижнеломовского района Пензенской области,MS,Мировой суд,"442150, Пензенская обл, г Нижний Ломов, ул Урицкого, д 56",https://nizhnelomovsky3.pnz.msudrf.ru/,nizhnelomovsky3.pnz.msudrf.ru,нет,58MS0063
Пензенская область,Никольск,,Судебный участок № 1 Никольского района Пензенской области,MS,Мировой суд,"442680, Пензенская обл, г Никольск, ул Чайковского, д 1",https://nikolsky1.pnz.msudrf.ru/,nikolsky1.pnz.msudrf.ru,нет,58MS0059
Пензенская область,Никольск,,Судебный участок № 2 Никольского района Пензенской области,MS,Мировой суд,"442680, Пензенская обл, г Никольск, ул Чайковского, д 1",https://nikolsky2.pnz.msudrf.ru/,nikolsky2.pnz.msudrf.ru,нет,58MS0060
Пензенская область,Пачелма,,Судебный участок в границах Пачелмского района Пензенской области,MS,Мировой суд,"442100, Пензенская обл, рп Пачелма, ул Кирова, д 30",https://pachelmsky.pnz.msudrf.ru/,pachelmsky.pnz.msudrf.ru,нет,58MS0064
Пензенская область,Пенза,,Судебный участок № 1 Железнодорожного района г. Пензы,MS,Мировой суд,"440052, г Пенза, ул Куйбышева, д 56",https://zhelezn1.pnz.msudrf.ru/,zhelezn1.pnz.msudrf.ru,нет,58MS0007
Пензенская область,Пенза,,Судебный участок № 1 Ленинского района г. Пензы,MS,Мировой суд,"440052, г Пенза, ул Куйбышева, д 56",https://leninsky1.pnz.msudrf.ru/,leninsky1.pnz.msudrf.ru,нет,58MS0001
Пензенская область,Пенза,,Судебный участок № 1 Октябрьского района г. Пензы,MS,Мировой суд,"440052, г Пенза, ул Куйбышева, д 56",https://oktyabrsky1.pnz.msudrf.ru/,oktyabrsky1.pnz.msudrf.ru,нет,58MS0012
Пензенская область,Пенза,,Судебный участок № 1 Пензенского района Пензенской области,MS,Мировой суд,"440052, г Пенза, ул Куйбышева, д 56",https://penzensky1.pnz.msudrf.ru/,penzensky1.pnz.msudrf.ru,нет,58MS0065
Пензенская область,Пенза,,Судебный участок № 1 Первомайского района г. Пензы,MS,Мировой суд,"440052, г Пенза, ул Куйбышева, д 56",https://pervomaisky1.pnz.msudrf.ru/,pervomaisky1.pnz.msudrf.ru,нет,58MS0020
Пензенская область,Пенза,,Судебный участок № 2 Железнодорожного района г. Пензы,MS,Мировой суд,"440052, г Пенза, ул Куйбышева, д 56",https://zhelezn2.pnz.msudrf.ru/,zhelezn2.pnz.msudrf.ru,нет,58MS0008
Пензенская область,Пенза,,Судебный участок № 2 Ленинского района г. Пензы,MS,Мировой суд,"440052, г Пенза, ул Куйбышева, д 56",https://leninsky2.pnz.msudrf.ru/,leninsky2.pnz.msudrf.ru,нет,58MS0002
Пензенская область,Пенза,,Судебный участок № 2 Октябрьского района г. Пензы,MS,Мировой суд,"440052, г Пенза, ул Куйбышева, д 56",https://oktyabrsky2.pnz.msudrf.ru/,oktyabrsky2.pnz.msudrf.ru,нет,58MS0013
Пензенская область,Пенза,,Судебный участок № 2 Пензенского района Пензенской области,MS,Мировой суд,"440052, г Пенза, ул Куйбышева, д 56",https://penzensky2.pnz.msudrf.ru/,penzensky2.pnz.msudrf.ru,нет,58MS0066
Пензенская область,Пенза,,Судебный участок № 2 Первомайского района г. Пензы,MS,Мировой суд,"440052, г Пенза, ул Куйбышева, д 56",https://pervomaisky2.pnz.msudrf.ru/,pervomaisky2.pnz.msudrf.ru,нет,58MS0021
Пензенская область,Пенза,,Судебный участок № 3 Железнодорожного района г. Пензы,MS,Мировой суд,"440052, г Пенза, ул Куйбышева, д 56",https://zhelezn3.pnz.msudrf.ru/,zhelezn3.pnz.msudrf.ru,нет,58MS0009
Пензенская область,Пенза,,Судебный участок № 3 Ленинского района г. Пензы,MS,Мировой суд,"440052, г Пенза, ул Куйбышева, д 56",https://leninsky3.pnz.msudrf.ru/,leninsky3.pnz.msudrf.ru,нет,58MS0003
Пензенская область,Пенза,,Судебный участок № 3 Октябрьского района г. Пензы,MS,Мировой суд,"440052, г Пенза, ул Куйбышева, д 56",https://oktyabrsky3.pnz.msudrf.ru/,oktyabrsky3.pnz.msudrf.ru,нет,58MS0014
Пензенская область,Пенза,,Судебный участок № 3 Первомайского района г. Пензы,MS,Мировой суд,"440052, г Пенза, ул Куйбышева, д 56",https://pervomaisky3.pnz.msudrf.ru/,pervomaisky3.pnz.msudrf.ru,нет,58MS0022
Пензенская область,Пенза,,Судебный участок № 4 Железнодорожного района г. Пензы,MS,Мировой суд,"440052, г Пенза, ул Куйбышева, д 56",https://zhelezn4.pnz.msudrf.ru/,zhelezn4.pnz.msudrf.ru,нет,58MS0010
Пензенская область,Пенза,,Судебный участок № 4 Ленинского района г. Пензы,MS,Мировой суд,"440052, г Пенза, ул Куйбышева, д 56",https://leninsky4.pnz.msudrf.ru/,leninsky4.pnz.msudrf.ru,нет,58MS0004
Пензенская область,Пенза,,Судебный участок № 4 Октябрьского района г. Пензы,MS,Мировой суд,"440052, г Пенза, ул Куйбышева, д 56",https://oktyabrsky4.pnz.msudrf.ru/,oktyabrsky4.pnz.msudrf.ru,нет,58MS0015
Пензенская область,Пенза,,Судебный участок № 4 Пензенского района Пензенской области,MS,Мировой суд,"440052, г Пенза, ул Куйбышева, д 56",https://penzensky4.pnz.msudrf.ru/,penzensky4.pnz.msudrf.ru,нет,58MS0079
Пензенская область,Пенза,,Судебный участок № 4 Первомайского района г. Пензы,MS,Мировой суд,"440052, г Пенза, ул Куйбышева, д 56",https://pervomaisky4.pnz.msudrf.ru/,pervomaisky4.pnz.msudrf.ru,нет,58MS0023
Пензенская область,Пенза,,Судебный участок № 5 Железнодорожного района г. Пензы,MS,Мировой суд,"440052, г Пенза, ул Куйбышева, д 56",https://zhelezn5.pnz.msudrf.ru/,zhelezn5.pnz.msudrf.ru,нет,58MS0011
Пензенская область,Пенза,,Судебный участок № 5 Ленинского района г. Пензы,MS,Мировой суд,"440052, г Пенза, ул Куйбышева, д 56",https://leninsky5.pnz.msudrf.ru/,leninsky5.pnz.msudrf.ru,нет,58MS0005
Пензенская область,Пенза,,Судебный участок № 5 Октябрьского района г. Пензы,MS,Мировой суд,"440052, г Пенза, ул Куйбышева, д 56",https://oktyabrsky5.pnz.msudrf.ru/,oktyabrsky5.pnz.msudrf.ru,нет,58MS0016
Пензенская область,Пенза,,Судебный участок № 5 Первомайского района г. Пензы,MS,Мировой суд,"440052, г Пенза, ул Куйбышева, д 56",https://pervomaisky5.pnz.msudrf.ru/,pervomaisky5.pnz.msudrf.ru,нет,58MS0024
Пензенская область,Пенза,,Судебный участок № 6 Железнодорожного района г. Пензы,MS,Мировой суд,"440052, г Пенза, ул Куйбышева, д 56",https://zhelezn6.pnz.msudrf.ru/,zhelezn6.pnz.msudrf.ru,нет,58MS0077
Пензенская область,Пенза,,Судебный участок № 6 Ленинского района г. Пензы,MS,Мировой суд,"440052, г Пенза, ул Куйбышева, д 56",https://leninsky6.pnz.msudrf.ru/,leninsky6.pnz.msudrf.ru,нет,58MS0006
Пензенская область,Пенза,,Судебный участок № 6 Октябрьского района г. Пензы,MS,Мировой суд,"440052, г Пенза, ул Куйбышева, д 56",https://oktyabrsky6.pnz.msudrf.ru/,oktyabrsky6.pnz.msudrf.ru,нет,58MS0017
Пензенская область,Пенза,,Судебный участок № 6 Первомайского района г. Пензы,MS,Мировой суд,"440052, г Пенза, ул Куйбышева, д 56",https://pervomaisky6.pnz.msudrf.ru/,pervomaisky6.pnz.msudrf.ru,нет,58MS0025
Пензенская область,Пенза,,Судебный участок № 7 Ленинского района г. Пензы,MS,Мировой суд,"440052, г Пенза, ул Куйбышева, д 56",https://leninsky7.pnz.msudrf.ru/,leninsky7.pnz.msudrf.ru,нет,58MS0075
Пензенская область,Пенза,,Судебный участок № 7 Октябрьского района г. Пензы,MS,Мировой суд,"440052, г Пенза, ул Куйбышева, д 56",https://oktyabrsky7.pnz.msudrf.ru/,oktyabrsky7.pnz.msudrf.ru,нет,58MS0018
Пензенская область,Пенза,,Судебный участок № 8 Октябрьского района г. Пензы,MS,Мировой суд,"440052, г Пенза, ул Куйбышева, д 56",https://oktyabrsky8.pnz.msudrf.ru/,oktyabrsky8.pnz.msudrf.ru,нет,58MS0019
Пензенская область,Пенза,,Судебный участок № 9 Октябрьского района г. Пензы,MS,Мировой суд,"440052, г Пенза, ул Куйбышева, д 56",https://oktyabrsky9.pnz.msudrf.ru/,oktyabrsky9.pnz.msudrf.ru,нет,58MS0078
Пензенская область,Русский Камешкир,,Судебный участок в границах Камешкирского района Пензенской области,MS,Мировой суд,"442450, Пензенская обл, с Русский Камешкир, ул Автодорожная, д 3А",https://kameshkirsky.pnz.msudrf.ru/,kameshkirsky.pnz.msudrf.ru,нет,58MS0044
Пензенская область,Сердобск,,Судебный участок № 1 Сердобского района Пензенской области,MS,Мировой суд,"442895, Пензенская обл, г Сердобск, ул Чайковского, зд 96А",https://serdobsky1.pnz.msudrf.ru/,serdobsky1.pnz.msudrf.ru,нет,58MS0068
Пензенская область,Сердобск,,Судебный участок № 2 Сердобского района Пензенской области,MS,Мировой суд,"442895, Пензенская обл, г Сердобск, ул Чайковского, зд 96А",https://serdobsky2.pnz.msudrf.ru/,serdobsky2.pnz.msudrf.ru,нет,58MS0069
Пензенская область,Сердобск,,Судебный участок № 3 Сердобского района Пензенской области,MS,Мировой суд,"442895, Пензенская обл, г Сердобск, ул Чайковского, зд 96А",https://serdobsky3.pnz.msudrf.ru/,serdobsky3.pnz.msudrf.ru,нет,58MS0070
Пензенская область,Сосновоборск,,Судебный участок в границах Сосновоборского района Пензенской области,MS,Мировой суд,"442570, Пензенская обл, рп Сосновоборск, пер Ленинский, д 6А",https://sosnovoborsky.pnz.msudrf.ru/,sosnovoborsky.pnz.msudrf.ru,нет,58MS0074
Пензенская область,Спасск,,Судебный участок в границах Спасского района Пензенской области,MS,Мировой суд,"442600, Пензенская обл, г Спасск, ул Пролетарская, влд 77",https://spassky.pnz.msudrf.ru/,spassky.pnz.msudrf.ru,нет,58MS0071
Пензенская область,Тамала,,Судебный участок в границах Тамалинского района Пензенской области,MS,Мировой суд,"442900, Пензенская обл, рп Тамала, ул Советская, стр 2",https://tamalinsky.pnz.msudrf.ru/,tamalinsky.pnz.msudrf.ru,нет,58MS0072
Пензенская область,Шемышейка,,Судебный участок в границах Шемышейского района Пензенской области,MS,Мировой суд,"442430, Пензенская обл, рп Шемышейка, ул Ленина, влд 27",https://shemisheisky.pnz.msudrf.ru/,shemisheisky.pnz.msudrf.ru,нет,58MS0073
Вологодская область,,,Судебный участок № 43 Бабушкинского района,MS,Мировой суд,"161350, Вологодская обл, Бабушкинский р-н, с им. Бабушкина, ул Бабушкина, д 48",https://43.vld.msudrf.ru/,43.vld.msudrf.ru,нет,35MS0043
Вологодская область,Бабаево,,Судебный участок № 42 Бабаевского района,MS,Мировой суд,"162482, Вологодская обл, г Бабаево, ул Свердлова, д 54Б",https://42.vld.msudrf.ru/,42.vld.msudrf.ru,нет,35MS0042
Вологодская область,Белозерск,,Судебный участок № 44 Белозерского района,MS,Мировой суд,"161200, Вологодская обл, г Белозерск, пр-кт Советский, д 7",https://44.vld.msudrf.ru/,44.vld.msudrf.ru,нет,35MS0044
Вологодская область,Великий Устюг,,Судебный участок № 26 Великоустюгского района,MS,Мировой суд,"162391, Вологодская обл, г Великий Устюг, ул Щелкунова, д 35",https://26.vld.msudrf.ru/,26.vld.msudrf.ru,нет,35MS0026
Вологодская область,Великий Устюг,,Судебный участок № 27 Великоустюгского района,MS,Мировой суд,"162391, Вологодская обл, г Великий Устюг, ул Щелкунова, д 35",https://27.vld.msudrf.ru/,27.vld.msudrf.ru,нет,35MS0027
Вологодская область,Великий Устюг,,Судебный участок № 28 Великоустюгского района,MS,Мировой суд,"162391, Вологодская обл, г Великий Устюг, ул Щелкунова, д 35",https://28.vld.msudrf.ru/,28.vld.msudrf.ru,нет,35MS0028
Вологодская область,Верховажье,,Судебный участок № 46 Верховажского района,MS,Мировой суд,"162300, Вологодская обл, с Верховажье, ул Стебенева, д 26",https://46.vld.msudrf.ru/,46.vld.msudrf.ru,нет,35MS0046
Вологодская область,Вожега,,Судебный участок № 47 Вожегодского района,MS,Мировой суд,"162160, Вологодская обл, рп Вожега, ул Октябрьская, д 42А",https://47.vld.msudrf.ru/,47.vld.msudrf.ru,нет,35MS0047
Вологодская область,Вологда,,Судебный участок № 1 г. Вологды,MS,Мировой суд,"160017, г Вологда, ул Ленинградская, д 71Б",https://1.vld.msudrf.ru/,1.vld.msudrf.ru,нет,35MS0001
Вологодская область,Вологда,,Судебный участок № 10 г. Вологды,MS,Мировой суд,"160017, г Вологда, ул Ленинградская, д 71Б",https://10.vld.msudrf.ru/,10.vld.msudrf.ru,нет,35MS0010
Вологодская область,Вологда,,Судебный участок № 11 г. Вологды,MS,Мировой суд,"160017, г Вологда, ул Ленинградская, д 71Б",https://11.vld.msudrf.ru/,11.vld.msudrf.ru,нет,35MS0011
Вологодская область,Вологда,,Судебный участок № 12 г. Вологды,MS,Мировой суд,"160017, г Вологда, ул Ленинградская, д 71Б",https://12.vld.msudrf.ru/,12.vld.msudrf.ru,нет,35MS0012
Вологодская область,Вологда,,Судебный участок № 13 г. Вологды,MS,Мировой суд,"160017, г Вологда, ул Ленинградская, д 71Б",https://13.vld.msudrf.ru/,13.vld.msudrf.ru,нет,35MS0013
Вологодская область,Вологда,,Судебный участок № 2 г. Вологды,MS,Мировой суд,"160017, г Вологда, ул Ленинградская, д 71Б",https://2.vld.msudrf.ru/,2.vld.msudrf.ru,нет,35MS0002
Вологодская область,Вологда,,Судебный участок № 29 Вологодского района,MS,Мировой суд,"160017, г Вологда, ул Ленинградская, д 71Б",https://29.vld.msudrf.ru/,29.vld.msudrf.ru,нет,35MS0029
Вологодская область,Вологда,,Судебный участок № 3 г. Вологды,MS,Мировой суд,"160017, г Вологда, ул Ленинградская, д 71Б",https://3.vld.msudrf.ru/,3.vld.msudrf.ru,нет,35MS0003
Вологодская область,Вологда,,Судебный участок № 30 Вологодского района,MS,Мировой суд,"160017, г Вологда, ул Ленинградская, д 71Б",https://30.vld.msudrf.ru/,30.vld.msudrf.ru,нет,35MS0030
Вологодская область,Вологда,,Судебный участок № 4 г. Вологды,MS,Мировой суд,"160017, г Вологда, ул Ленинградская, д 71Б",https://4.vld.msudrf.ru/,4.vld.msudrf.ru,нет,35MS0004
Вологодская область,Вологда,,Судебный участок № 5 г. Вологды,MS,Мировой суд,"160017, г Вологда, ул Ленинградская, д 71Б",https://5.vld.msudrf.ru/,5.vld.msudrf.ru,нет,35MS0005
Вологодская область,Вологда,,Судебный участок № 6 г. Вологды,MS,Мировой суд,"160017, г Вологда, ул Ленинградская, д 71Б",https://6.vld.msudrf.ru/,6.vld.msudrf.ru,нет,35MS0006
Вологодская область,Вологда,,Судебный участок № 61 г. Вологды,MS,Мировой суд,"160017, г Вологда, ул Ленинградская, д 71Б",https://61.vld.msudrf.ru/,61.vld.msudrf.ru,нет,35MS0061
Вологодская область,Вологда,,Судебный участок № 62 Вологодского района,MS,Мировой суд,"160017, г Вологда, ул Ленинградская, д 71Б",https://62.vld.msudrf.ru/,62.vld.msudrf.ru,нет,35MS0062
Вологодская область,Вологда,,Судебный участок № 63 г. Вологды,MS,Мировой суд,"160017, г Вологда, ул Ленинградская, д 71Б",https://63.vld.msudrf.ru/,63.vld.msudrf.ru,нет,35MS0063
Вологодская область,Вологда,,Судебный участок № 67 г. Вологды,MS,Мировой суд,"160017, г Вологда, ул Ленинградская, д 71Б",https://67.vld.msudrf.ru/,67.vld.msudrf.ru,нет,35MS0067
Вологодская область,Вологда,,Судебный участок № 68 г. Вологды,MS,Мировой суд,"160017, г Вологда, ул Ленинградская, д 71Б",https://68.vld.msudrf.ru/,68.vld.msudrf.ru,нет,35MS0068
Вологодская область,Вологда,,Судебный участок № 7 г. Вологды,MS,Мировой суд,"160017, г Вологда, ул Ленинградская, д 71Б",https://7.vld.msudrf.ru/,7.vld.msudrf.ru,нет,35MS0007
Вологодская область,Вологда,,Судебный участок № 8 г. Вологды,MS,Мировой суд,"160017, г Вологда, ул Ленинградская, д 71Б",https://8.vld.msudrf.ru/,8.vld.msudrf.ru,нет,35MS0008
Вологодская область,Вологда,,Судебный участок № 9 г. Вологды,MS,Мировой суд,"160017, г Вологда, ул Ленинградская, д 71Б",https://9.vld.msudrf.ru/,9.vld.msudrf.ru,нет,35MS0009
Вологодская область,Вытегра,,Судебный участок № 31 Вытегорского района,MS,Мировой суд,"162900, Вологодская обл, г Вытегра, пр-кт Ленина, д 78",https://31.vld.msudrf.ru/,31.vld.msudrf.ru,нет,35MS0031
Вологодская область,Вытегра,,Судебный участок № 32 Вытегорского района,MS,Мировой суд,"162900, Вологодская обл, г Вытегра, пр-кт Ленина, д 78",https://32.vld.msudrf.ru/,32.vld.msudrf.ru,нет,35MS0032
Вологодская область,Грязовец,,Судебный участок № 33 Грязовецкого района,MS,Мировой суд,"162000, Вологодская обл, г Грязовец, ул Соколовская, д 34",https://33.vld.msudrf.ru/,33.vld.msudrf.ru,нет,35MS0033
Вологодская область,Грязовец,,Судебный участок № 34 Грязовецкого района,MS,Мировой суд,"162000, Вологодская обл, г Грязовец, ул Соколовская, д 34",https://34.vld.msudrf.ru/,34.vld.msudrf.ru,нет,35MS0034
Вологодская область,Кадуй,,Судебный участок № 48 Кадуйского района,MS,Мировой суд,"162511, Вологодская обл, Кадуйский р-н, рп Кадуй, ул Октябрьская, д 22",https://48.vld.msudrf.ru/,48.vld.msudrf.ru,нет,35MS0048
Вологодская область,Кириллов,,Судебный участок № 49 Кирилловского района,MS,Мировой суд,"161100, Вологодская обл, г Кириллов, ул Победы, д 22",https://49.vld.msudrf.ru/,49.vld.msudrf.ru,нет,35MS0049
Вологодская область,Кичменгский Городок,,Судебный участок № 50 Кич-Городецкого района,MS,Мировой суд,"161400, Вологодская обл, с Кичменгский Городок, ул Первомайская, д 20",https://50.vld.msudrf.ru/,50.vld.msudrf.ru,нет,35MS0050
Вологодская область,Липин Бор,,Судебный участок № 45 Вашкинского района,MS,Мировой суд,"161250, Вологодская обл, с Липин Бор, ул Первомайская, д 10",https://45.vld.msudrf.ru/,45.vld.msudrf.ru,нет,35MS0045
Вологодская область,Никольск,,Судебный участок № 52 Никольского района,MS,Мировой суд,"161440, Вологодская обл, г Никольск, пер Заводской, д 1В",https://52.vld.msudrf.ru/,52.vld.msudrf.ru,нет,35MS0052
Вологодская область,Нюксеница,,Судебный участок № 53 Нюксенского района,MS,Мировой суд,"161380, Вологодская обл, с Нюксеница, ул Советская, д 2",https://53.vld.msudrf.ru/,53.vld.msudrf.ru,нет,35MS0053
Вологодская область,Сокол,,Судебный участок № 35 Сокольского района,MS,Мировой суд,"162130, Вологодская обл, г Сокол, ул Советская, д 81",https://35.vld.msudrf.ru/,35.vld.msudrf.ru,нет,35MS0035
Вологодская область,Сокол,,Судебный участок № 36 Сокольского района,MS,Мировой суд,"162130, Вологодская обл, г Сокол, ул Советская, д 81",https://36.vld.msudrf.ru/,36.vld.msudrf.ru,нет,35MS0036
Вологодская область,Сокол,,Судебный участок № 37 Сокольского района,MS,Мировой суд,"162130, Вологодская обл, г Сокол, ул Советская, д 81",https://37.vld.msudrf.ru/,37.vld.msudrf.ru,нет,35MS0037
Вологодская область,Сямжа,,Судебный участок № 54 Сямженского района,MS,Мировой суд,"162220, Вологодская обл, с Сямжа, ул Западная, д 4",https://54.vld.msudrf.ru/,54.vld.msudrf.ru,нет,35MS0054
Вологодская область,Тарногский Городок,,Судебный участок № 55 Тарногского района,MS,Мировой суд,"161560, Вологодская обл, с Тарногский Городок, ул Советская, д 3",https://55.vld.msudrf.ru/,55.vld.msudrf.ru,нет,35MS0055
Вологодская область,Тотьма,,Судебный участок № 56 Тотемского района,MS,Мировой суд,"161300, Вологодская обл, г Тотьма, ул Садовая, д 45",https://56.vld.msudrf.ru/,56.vld.msudrf.ru,нет,35MS0056
Вологодская область,Устье,,Судебный участок № 58 Усть-Кубинского района,MS,Мировой суд,"161140, Вологодская обл, с Устье, ул Октябрьская, зд 56",https://58.vld.msudrf.ru/,58.vld.msudrf.ru,нет,35MS0058
Вологодская область,Устюжна,,Судебный участок № 57 Устюженского района,MS,Мировой суд,"162840, Вологодская обл, г Устюжна, пер Терешковой, д 5А",https://57.vld.msudrf.ru/,57.vld.msudrf.ru,нет,35MS0057
Вологодская область,Харовск,,Судебный участок № 59 Харовского района,MS,Мировой суд,"162250, Вологодская обл, г Харовск, ул Ленинградская, д 41",https://59.vld.msudrf.ru/,59.vld.msudrf.ru,нет,35MS0059
Вологодская область,Чагода,,Судебный участок № 60 Чагодощенского района,MS,Мировой суд,"162400, Вологодская обл, рп Чагода, ул Стекольщиков, д 7А",https://60.vld.msudrf.ru/,60.vld.msudrf.ru,нет,35MS0060
Вологодская область,Череповец,,Судебный участок № 14 г. Череповца,MS,Мировой суд,"162608, Вологодская обл, г Череповец, ул Металлургов, д 42",https://14.vld.msudrf.ru/,14.vld.msudrf.ru,нет,35MS0014
Вологодская область,Череповец,,Судебный участок № 15 г. Череповца,MS,Мировой суд,"162608, Вологодская обл, г Череповец, ул Металлургов, д 42",https://15.vld.msudrf.ru/,15.vld.msudrf.ru,нет,35MS0015
Вологодская область,Череповец,,Судебный участок № 16 г. Череповца,MS,Мировой суд,"162608, Вологодская обл, г Череповец, ул Металлургов, д 42",https://16.vld.msudrf.ru/,16.vld.msudrf.ru,нет,35MS0016
Вологодская область,Череповец,,Судебный участок № 17 г. Череповца,MS,Мировой суд,"162608, Вологодская обл, г Череповец, ул Металлургов, д 42",https://17.vld.msudrf.ru/,17.vld.msudrf.ru,нет,35MS0017
Вологодская область,Череповец,,Судебный участок № 18 г. Череповца,MS,Мировой суд,"162608, Вологодская обл, г Череповец, ул Металлургов, д 42",https://18.vld.msudrf.ru/,18.vld.msudrf.ru,нет,35MS0018
Вологодская область,Череповец,,Судебный участок № 19 г. Череповца,MS,Мировой суд,"162608, Вологодская обл, г Череповец, ул Металлургов, д 42",https://19.vld.msudrf.ru/,19.vld.msudrf.ru,нет,35MS0019
Вологодская область,Череповец,,Судебный участок № 20 г. Череповца,MS,Мировой суд,"162608, Вологодская обл, г Череповец, ул Металлургов, д 42",https://20.vld.msudrf.ru/,20.vld.msudrf.ru,нет,35MS0020
Вологодская область,Череповец,,Судебный участок № 21 г. Череповца,MS,Мировой суд,"162608, Вологодская обл, г Череповец, ул Металлургов, д 42",https://21.vld.msudrf.ru/,21.vld.msudrf.ru,нет,35MS0021
Вологодская область,Череповец,,Судебный участок № 22 г. Череповца,MS,Мировой суд,"162608, Вологодская обл, г Череповец, ул Металлургов, д 42",https://22.vld.msudrf.ru/,22.vld.msudrf.ru,нет,35MS0022
Вологодская область,Череповец,,Судебный участок № 23 г. Череповца,MS,Мировой суд,"162608, Вологодская обл, г Череповец, ул Металлургов, д 42",https://23.vld.msudrf.ru/,23.vld.msudrf.ru,нет,35MS0023
Вологодская область,Череповец,,Судебный участок № 24 г. Череповца,MS,Мировой суд,"162608, Вологодская обл, г Череповец, ул Металлургов, д 42",https://24.vld.msudrf.ru/,24.vld.msudrf.ru,нет,35MS0024
Вологодская область,Череповец,,Судебный участок № 25 г. Череповца,MS,Мировой суд,"162608, Вологодская обл, г Череповец, ул Металлургов, д 42",https://25.vld.msudrf.ru/,25.vld.msudrf.ru,нет,35MS0025
Вологодская область,Череповец,,Судебный участок № 38 Череповецкого района,MS,Мировой суд,"162608, Вологодская обл, г Череповец, ул Металлургов, д 42",https://38.vld.msudrf.ru/,38.vld.msudrf.ru,нет,35MS0038
Вологодская область,Череповец,,Судебный участок № 39 Череповецкого района,MS,Мировой суд,"162608, Вологодская обл, г Череповец, ул Металлургов, д 42",https://39.vld.msudrf.ru/,39.vld.msudrf.ru,нет,35MS0039
Вологодская область,Череповец,,Судебный участок № 64 г. Череповца,MS,Мировой суд,"162608, Вологодская обл, г Череповец, ул Металлургов, д 42",https://64.vld.msudrf.ru/,64.vld.msudrf.ru,нет,35MS0064
Вологодская область,Череповец,,Судебный участок № 65 г. Череповца,MS,Мировой суд,"162608, Вологодская обл, г Череповец, ул Металлургов, д 42",https://65.vld.msudrf.ru/,65.vld.msudrf.ru,нет,35MS0065
Вологодская область,Череповец,,Судебный участок № 66 г. Череповца,MS,Мировой суд,"162608, Вологодская обл, г Череповец, ул Металлургов, д 42",https://66.vld.msudrf.ru/,66.vld.msudrf.ru,нет,35MS0066
Вологодская область,Шексна,,Судебный участок № 40 Шекснинского района,MS,Мировой суд,"162562, Вологодская обл, рп Шексна, ул Шлюзовая, д 1",https://40.vld.msudrf.ru/,40.vld.msudrf.ru,нет,35MS0040
Вологодская область,Шексна,,Судебный участок № 41 Шекснинского района,MS,Мировой суд,"162562, Вологодская обл, рп Шексна, ул Шлюзовая, д 1",https://41.vld.msudrf.ru/,41.vld.msudrf.ru,нет,35MS0041
Вологодская область,Шуйское,,Судебный участок № 51 Междуреченского района,MS,Мировой суд,"161050, Вологодская обл, с Шуйское, ул Советская, д 23А",https://51.vld.msudrf.ru/,51.vld.msudrf.ru,нет,35MS0051
Липецкая область,Волово,,Воловский судебный участок Тербунского судебного района Липецкой области,MS,Мировой суд,"399580, Липецкая обл, с Волово, ул Ленина, д 11",https://volovo.lpk.msudrf.ru/,volovo.lpk.msudrf.ru,нет,48MS0001
Липецкая область,Грязи,,Грязинский судебный участок № 1 Грязинского судебного района Липецкой области,MS,Мировой суд,"399056, Липецкая обл, г Грязи, ул Привокзальная, д 2 к а",https://gryazi1.lpk.msudrf.ru/,gryazi1.lpk.msudrf.ru,нет,48MS0002
Липецкая область,Грязи,,Грязинский судебный участок № 2 Грязинского судебного района Липецкой области,MS,Мировой суд,"399056, Липецкая обл, г Грязи, ул Привокзальная, д 2 к а",https://gryazi2.lpk.msudrf.ru/,gryazi2.lpk.msudrf.ru,нет,48MS0003
Липецкая область,Грязи,,Грязинский судебный участок № 3 Грязинского судебного района Липецкой области,MS,Мировой суд,"399056, Липецкая обл, г Грязи, ул Привокзальная, д 2 к а",https://gryazi3.lpk.msudrf.ru/,gryazi3.lpk.msudrf.ru,нет,48MS0004
Липецкая область,Грязи,,Грязинский судебный участок № 4 Грязинского судебного района Липецкой области,MS,Мировой суд,"399056, Липецкая обл, г Грязи, ул Привокзальная, д 2 к а",https://gryazi4.lpk.msudrf.ru/,gryazi4.lpk.msudrf.ru,нет,48MS0005
Липецкая область,Данков,,Данковский судебный участок № 1 Данковского судебного района Липецкой области,MS,Мировой суд,"399851, Липецкая обл, г Данков, ул Чапаева, д 13",https://dankov1.lpk.msudrf.ru/,dankov1.lpk.msudrf.ru,нет,48MS0006
Липецкая область,Данков,,Данковский судебный участок № 2 Данковского судебного района Липецкой области,MS,Мировой суд,"399851, Липецкая обл, г Данков, ул Чапаева, д 13",https://dankov2.lpk.msudrf.ru/,dankov2.lpk.msudrf.ru,нет,48MS0007
Липецкая область,Добринка,,Добринский судебный участок № 1 Добринского судебного района Липецкой области,MS,Мировой суд,"399430, Липецкая обл, п Добринка, ул Кузнечная, д 1",https://dobrinka1.lpk.msudrf.ru/,dobrinka1.lpk.msudrf.ru,нет,48MS0008
Липецкая область,Добринка,,Добринский судебный участок № 2 Добринского судебного района Липецкой области,MS,Мировой суд,"399430, Липецкая обл, п Добринка, ул Кузнечная, д 1",https://dobrinka2.lpk.msudrf.ru/,dobrinka2.lpk.msudrf.ru,нет,48MS0009
Липецкая область,Доброе,,Добровский судебный участок Липецкого районного судебного района Липецкой области,MS,Мировой суд,"399140, Липецкая обл, с Доброе, ул 50 лет Октября, д 28",https://dobroe.lpk.msudrf.ru/,dobroe.lpk.msudrf.ru,нет,48MS0010
Липецкая область,Долгоруково,,Долгоруковский судебный участок Тербунского судебного района Липецкой области,MS,Мировой суд,"399510, Липецкая обл, с Долгоруково, ул Ленина, д 51",https://dolgorukovo.lpk.msudrf.ru/,dolgorukovo.lpk.msudrf.ru,нет,48MS0011
Липецкая область,Елец,,Елецкий районный судебный участок № 1 Елецкого районного судебного района Липецкой области,MS,Мировой суд,"399770, Липецкая обл, г Елец, ул Пушкина, д 80",https://mirsud.lipetsk.ru/,mirsud.lipetsk.ru,нет,48MS0012
Липецкая область,Елец,,Елецкий районный судебный участок № 2 Елецкого районного судебного района Липецкой области,MS,Мировой суд,"399770, Липецкая обл, г Елец, ул Пушкина, д 80",https://mirsud.lipetsk.ru/,mirsud.lipetsk.ru,нет,48MS0013
Липецкая область,Елец,,Судебный участок № 1 города Ельца Елецкого городского судебного района Липецкой области,MS,Мировой суд,"399770, Липецкая обл, г Елец, ул Коммунаров, д 32",https://elec1.lpk.msudrf.ru/,elec1.lpk.msudrf.ru,нет,48MS0024
Липецкая область,Елец,,Судебный участок № 2 города Ельца Елецкого городского судебного района Липецкой области,MS,Мировой суд,"399770, Липецкая обл, г Елец, ул Коммунаров, д 32",https://elec2.lpk.msudrf.ru/,elec2.lpk.msudrf.ru,нет,48MS0036
Липецкая область,Елец,,Судебный участок № 3 города Ельца Елецкого городского судебного района Липецкой области,MS,Мировой суд,"399770, Липецкая обл, г Елец, ул Коммунаров, д 32",https://elec3.lpk.msudrf.ru/,elec3.lpk.msudrf.ru,нет,48MS0047
Липецкая область,Елец,,Судебный участок № 4 города Ельца Елецкого городского судебного района Липецкой области,MS,Мировой суд,"399770, Липецкая обл, г Елец, ул Коммунаров, д 32",https://elec4.lpk.msudrf.ru/,elec4.lpk.msudrf.ru,нет,48MS0049
Липецкая область,Елец,,Судебный участок № 5 города Ельца Елецкого городского судебного района Липецкой области,MS,Мировой суд,"399770, Липецкая обл, г Елец, ул Коммунаров, д 32",https://elec5.lpk.msudrf.ru/,elec5.lpk.msudrf.ru,нет,48MS0051
Липецкая область,Елец,,Судебный участок № 6 города Ельца Елецкого городского судебного района Липецкой области,MS,Мировой суд,"399770, Липецкая обл, г Елец, ул Коммунаров, д 32",https://elec6.lpk.msudrf.ru/,elec6.lpk.msudrf.ru,нет,48MS0053
Липецкая область,Задонск,,Задонский судебный участок № 1 Задонского судебного района Липецкой области,MS,Мировой суд,"399200, Липецкая обл, г Задонск, ул Крупской, д 39А",https://zadonsk1.lpk.msudrf.ru/,zadonsk1.lpk.msudrf.ru,нет,48MS0014
Липецкая область,Задонск,,Задонский судебный участок № 2 Задонского судебного района Липецкой области,MS,Мировой суд,"399200, Липецкая обл, г Задонск, ул Крупской, д 39А",https://zadonsk2.lpk.msudrf.ru/,zadonsk2.lpk.msudrf.ru,нет,48MS0015
Липецкая область,Измалково,,Измалковский судебный участок Елецкого районного судебного района Липецкой области,MS,Мировой суд,"399000, Липецкая обл, с Измалково, ул Ленина, д 36",https://izmalk1.lpk.msudrf.ru/,izmalk1.lpk.msudrf.ru,нет,48MS0016
Липецкая область,Красное,,Краснинский судебный участок Становлянского судебного района Липецкой области,MS,Мировой суд,"399670, Липецкая обл, с Красное, ул Октябрьская, д 30",https://krasnoe1.lpk.msudrf.ru/,krasnoe1.lpk.msudrf.ru,нет,48MS0017
Липецкая область,Лебедянь,,Лебедянский судебный участок № 1 Лебедянского судебного района Липецкой области,MS,Мировой суд,"399610, Липецкая обл, г Лебедянь, ул Победы, д 5А",https://lebedyan1.lpk.msudrf.ru/,lebedyan1.lpk.msudrf.ru,нет,48MS0018
Липецкая область,Лебедянь,,Лебедянский судебный участок № 2 Лебедянского судебного района Липецкой области,MS,Мировой суд,"399610, Липецкая обл, г Лебедянь, ул Победы, д 5А",https://lebedyan2.lpk.msudrf.ru/,lebedyan2.lpk.msudrf.ru,нет,48MS0019
Липецкая область,Лев Толстой,,Лев-Толстовский судебный участок Чаплыгинского судебного района Липецкой области,MS,Мировой суд,"399870, Липецкая обл, п Лев Толстой, ул Коммунистическая, д 16",https://lev.lpk.msudrf.ru/,lev.lpk.msudrf.ru,нет,48MS0020
Липецкая область,Липецк,,Липецкий районный судебный участок № 1 Липецкого районного судебного района Липецкой области,MS,Мировой суд,"398037, г Липецк, проезд Боевой, д 23",https://lip-r1.lpk.msudrf.ru/,lip-r1.lpk.msudrf.ru,нет,48MS0021
Липецкая область,Липецк,,Липецкий районный судебный участок № 2 Липецкого районного судебного района Липецкой области,MS,Мировой суд,"398037, г Липецк, проезд Боевой, д 23",https://lip-r2.lpk.msudrf.ru/,lip-r2.lpk.msudrf.ru,нет,48MS0022
Липецкая область,Липецк,,Судебный участок № 1 Левобережного судебного района г. Липецка,MS,Мировой суд,"398017, г Липецк, пр-кт Мира, д 30/1",https://levober1.lpk.msudrf.ru/,levober1.lpk.msudrf.ru,нет,48MS0025
Липецкая область,Липецк,,Судебный участок № 10 Правобережного судебного района г. Липецка,MS,Мировой суд,"398024, г Липецк, ул Доватора, д 12Б",https://pravober10.lpk.msudrf.ru/,pravober10.lpk.msudrf.ru,нет,48MS0026
Липецкая область,Липецк,,Судебный участок № 11 Правобережного судебного района г. Липецка,MS,Мировой суд,"398024, г Липецк, ул Доватора, д 12Б",https://pravober11.lpk.msudrf.ru/,pravober11.lpk.msudrf.ru,нет,48MS0027
Липецкая область,Липецк,,Судебный участок № 12 Правобережного судебного района г. Липецка,MS,Мировой суд,"398024, г Липецк, ул Доватора, д 12Б",https://pravober12.lpk.msudrf.ru/,pravober12.lpk.msudrf.ru,нет,48MS0028
Липецкая область,Липецк,,Судебный участок № 13 Правобережного судебного района г. Липецка,MS,Мировой суд,"398024, г Липецк, ул Доватора, д 12Б",https://pravober13.lpk.msudrf.ru/,pravober13.lpk.msudrf.ru,нет,48MS0029
Липецкая область,Липецк,,Судебный участок № 14 Правобережного судебного района г. Липецка,MS,Мировой суд,"398024, г Липецк, ул Доватора, д 12Б",https://pravober14.lpk.msudrf.ru/,pravober14.lpk.msudrf.ru,нет,48MS0030
Липецкая область,Липецк,,Судебный участок № 15 Советского судебного района г. Липецка,MS,Мировой суд,"398016, г Липецк, ул Космонавтов, д 24",https://sovetsk15.lpk.msudrf.ru/,sovetsk15.lpk.msudrf.ru,нет,48MS0031
Липецкая область,Липецк,,Судебный участок № 16 Советского судебного района г. Липецка,MS,Мировой суд,"398016, г Липецк, ул Космонавтов, д 24",https://sovetsk16.lpk.msudrf.ru/,sovetsk16.lpk.msudrf.ru,нет,48MS0032
Липецкая область,Липецк,,Судебный участок № 17 Советского судебного района г. Липецка,MS,Мировой суд,"398043, г Липецк, ул Космонавтов, д 32",https://sovetsk17.lpk.msudrf.ru/,sovetsk17.lpk.msudrf.ru,нет,48MS0033
Липецкая область,Липецк,,Судебный участок № 18 Советского судебного района г. Липецка,MS,Мировой суд,"398043, г Липецк, ул Космонавтов, д 32",https://sovetsk18.lpk.msudrf.ru/,sovetsk18.lpk.msudrf.ru,нет,48MS0034
Липецкая область,Липецк,,Судебный участок № 19 Советского судебного района г. Липецка,MS,Мировой суд,"398043, г Липецк, ул Космонавтов, д 32",https://sovetsk19.lpk.msudrf.ru/,sovetsk19.lpk.msudrf.ru,нет,48MS0035
Липецкая область,Липецк,,Судебный участок № 2 Левобережного судебного района г. Липецка,MS,Мировой суд,"398017, г Липецк, пр-кт Мира, д 30/1",https://levober2.lpk.msudrf.ru/,levober2.lpk.msudrf.ru,нет,48MS0037
Липецкая область,Липецк,,Судебный участок № 20 Советского судебного района г. Липецка,MS,Мировой суд,"398016, г Липецк, ул Космонавтов, д 24",https://sovetsk20.lpk.msudrf.ru/,sovetsk20.lpk.msudrf.ru,нет,48MS0038
Липецкая область,Липецк,,Судебный участок № 21 Советского судебного района г. Липецка,MS,Мировой суд,"398055, г Липецк, ул Полиграфическая, д 5",https://sovetsk21.lpk.msudrf.ru/,sovetsk21.lpk.msudrf.ru,нет,48MS0039
Липецкая область,Липецк,,Судебный участок № 22 Советского судебного района г. Липецка,MS,Мировой суд,"398055, г Липецк, ул Полиграфическая, д 5",https://sovetsk22.lpk.msudrf.ru/,sovetsk22.lpk.msudrf.ru,нет,48MS0040
Липецкая область,Липецк,,Судебный участок № 23 Левобережного судебного района г. Липецка,MS,Мировой суд,"398017, г Липецк, пр-кт Мира, д 30/1",https://levober23.lpk.msudrf.ru/,levober23.lpk.msudrf.ru,нет,48MS0041
Липецкая область,Липецк,,Судебный участок № 24 Левобережного судебного района г. Липецка,MS,Мировой суд,"398017, г Липецк, пр-кт Мира, д 30/1",https://levober24.lpk.msudrf.ru/,levober24.lpk.msudrf.ru,нет,48MS0042
Липецкая область,Липецк,,Судебный участок № 25 Октябрьского судебного района г. Липецка,MS,Мировой суд,"398055, г Липецк, ул Полиграфическая, д 5",https://oktyabr25.lpk.msudrf.ru/,oktyabr25.lpk.msudrf.ru,нет,48MS0043
Липецкая область,Липецк,,Судебный участок № 26 Октябрьского судебного района г. Липецка,MS,Мировой суд,"398024, г Липецк, ул Механизаторов, д 15",https://oktyabr26.lpk.msudrf.ru/,oktyabr26.lpk.msudrf.ru,нет,48MS0044
Липецкая область,Липецк,,Судебный участок № 27 Октябрьского судебного района г. Липецка,MS,Мировой суд,"398055, г Липецк, ул Полиграфическая, д 5",https://oktyabr27.lpk.msudrf.ru/,oktyabr27.lpk.msudrf.ru,нет,48MS0045
Липецкая область,Липецк,,Судебный участок № 28 Советского судебного района г. Липецка,MS,Мировой суд,"398055, г Липецк, ул Полиграфическая, д 5",https://sovetsk28.lpk.msudrf.ru/,sovetsk28.lpk.msudrf.ru,нет,48MS0046
Липецкая область,Липецк,,Судебный участок № 3 Октябрьского судебного района г. Липецка,MS,Мировой суд,"398055, г Липецк, ул Полиграфическая, д 5",https://oktyabr3.lpk.msudrf.ru/,oktyabr3.lpk.msudrf.ru,нет,48MS0048
Липецкая область,Липецк,,Судебный участок № 4 Октябрьского судебного района г. Липецка,MS,Мировой суд,"398055, г Липецк, ул Полиграфическая, д 5",https://oktyabr4.lpk.msudrf.ru/,oktyabr4.lpk.msudrf.ru,нет,48MS0050
Липецкая область,Липецк,,Судебный участок № 5 Октябрьского судебного района г. Липецка,MS,Мировой суд,"398055, г Липецк, ул Полиграфическая, д 5",https://oktyabr5.lpk.msudrf.ru/,oktyabr5.lpk.msudrf.ru,нет,48MS0052
Липецкая область,Липецк,,Судебный участок № 6 Октябрьского судебного района г. Липецка,MS,Мировой суд,"398055, г Липецк, ул Полиграфическая, д 5",https://oktyabr6.lpk.msudrf.ru/,oktyabr6.lpk.msudrf.ru,нет,48MS0054
Липецкая область,Липецк,,Судебный участок № 7 Октябрьского судебного района г. Липецка,MS,Мировой суд,"398055, г Липецк, ул Полиграфическая, д 5",https://oktyabr7.lpk.msudrf.ru/,oktyabr7.lpk.msudrf.ru,нет,48MS0055
Липецкая область,Липецк,,Судебный участок № 8 Октябрьского судебного района г. Липецка,MS,Мировой суд,"398024, г Липецк, ул Механизаторов, д 15",https://oktyabr8.lpk.msudrf.ru/,oktyabr8.lpk.msudrf.ru,нет,48MS0056
Липецкая область,Липецк,,Судебный участок № 9 Октябрьского судебного района г. Липецка,MS,Мировой суд,"398024, г Липецк, ул Механизаторов, д 15",https://oktyabr9.lpk.msudrf.ru/,oktyabr9.lpk.msudrf.ru,нет,48MS0057
Липецкая область,Становое,,Становлянский судебный участок Липецкой области,MS,Мировой суд,"399710, Липецкая обл, с Становое, ул 50 лет Октября, д 3",https://stanovoe.lpk.msudrf.ru/,stanovoe.lpk.msudrf.ru,нет,48MS0023
Липецкая область,Тербуны,,Тербунский судебный участок Тербунского судебного района Липецкой области,MS,Мировой суд,"399540, Липецкая обл, с Тербуны, ул Ленина, д 75",https://terbun.lpk.msudrf.ru/,terbun.lpk.msudrf.ru,нет,48MS0058
Липецкая область,Усмань,,Усманский судебный участок № 1 Усманского судебного района Липецкой области,MS,Мировой суд,"399370, Липецкая обл, г Усмань, ул Советская, д 19",https://usman1.lpk.msudrf.ru/,usman1.lpk.msudrf.ru,нет,48MS0059
Липецкая область,Усмань,,Усманский судебный участок № 2 Усманского судебного района Липецкой области,MS,Мировой суд,"399370, Липецкая обл, г Усмань, ул Советская, д 19",https://usman2.lpk.msudrf.ru/,usman2.lpk.msudrf.ru,нет,48MS0060
Липецкая область,Усмань,,Усманский судебный участок № 3 Усманского судебного района Липецкой области,MS,Мировой суд,"399370, Липецкая обл, г Усмань, ул Советская, д 19",https://usman3.lpk.msudrf.ru/,usman3.lpk.msudrf.ru,нет,48MS0061
Липецкая область,Хлевное,,Хлевенский судебный участок Задонского судебного района Липецкой области,MS,Мировой суд,"399260, Липецкая обл, с Хлевное, ул Советская, д 1",https://hlevnoe.lpk.msudrf.ru/,hlevnoe.lpk.msudrf.ru,нет,48MS0062
Липецкая область,Чаплыгин,,Чаплыгинский судебный участок № 1 Чаплыгинского судебного района Липецкой области,MS,Мировой суд,"399900, Липецкая обл, г Чаплыгин, ул Свердлова, д 7",https://chaplygin1.lpk.msudrf.ru/,chaplygin1.lpk.msudrf.ru,нет,48MS0063
Липецкая область,Чаплыгин,,Чаплыгинский судебный участок № 2 Чаплыгинского судебного района Липецкой области,MS,Мировой суд,"399900, Липецкая обл, г Чаплыгин, ул Свердлова, д 7",https://chaplygin2.lpk.msudrf.ru/,chaplygin2.lpk.msudrf.ru,нет,48MS0064
Курганская область,Альменево,,Судебный участок № 1 Альменевского судебного района Курганской области,MS,Мировой суд,"641130, Курганская обл, с Альменево, пл Комсомола, д 2",https://1.krg.msudrf.ru/,1.krg.msudrf.ru,нет,45MS0001
Курганская область,Белозерское,,Судебный участок № 2 Белозерского судебного района Курганской области,MS,Мировой суд,"641360, Курганская обл, с Белозерское, ул Советская, д 38",https://2.krg.msudrf.ru/,2.krg.msudrf.ru,нет,45MS0002
Курганская область,Варгаши,,Судебный участок № 3 Варгашинского судебного района Курганской области,MS,Мировой суд,"641230, Курганская обл, рп Варгаши, ул Матросова, зд 8",https://3.krg.msudrf.ru/,3.krg.msudrf.ru,нет,45MS0003
Курганская область,Глядянское,,Судебный участок № 21 Притобольного судебного района Курганской области,MS,Мировой суд,"641400, Курганская обл, с Глядянское, ул Советская, зд 17",https://21.krg.msudrf.ru/,21.krg.msudrf.ru,нет,45MS0021
Курганская область,Далматово,,Судебный участок № 4 Далматовского судебного района Курганской области,MS,Мировой суд,"641730, Курганская обл, г Далматово, ул Советская, зд 112",https://4.krg.msudrf.ru/,4.krg.msudrf.ru,нет,45MS0004
Курганская область,Далматово,,Судебный участок № 5 Далматовского судебного района Курганской области,MS,Мировой суд,"641730, Курганская обл, г Далматово, ул Советская, зд 112",https://5.krg.msudrf.ru/,5.krg.msudrf.ru,нет,45MS0005
Курганская область,Звериноголовское,,Судебный участок № 6 Звериноголовского судебного района Курганской области,MS,Мировой суд,"641480, Курганская обл, с Звериноголовское, ул Гагарина, д 20",https://6.krg.msudrf.ru/,6.krg.msudrf.ru,нет,45MS0006
Курганская область,Каргаполье,,Судебный участок № 7 Каргапольского судебного района Курганской области,MS,Мировой суд,"641920, Курганская обл, Каргапольский р-н, рп Каргаполье, ул Грейдерная, зд 1Г",https://7.krg.msudrf.ru/,7.krg.msudrf.ru,нет,45MS0007
Курганская область,Каргаполье,,Судебный участок № 8 Каргапольского судебного района Курганской области,MS,Мировой суд,"641920, Курганская обл, Каргапольский р-н, рп Каргаполье, ул Грейдерная, зд 1Г",https://8.krg.msudrf.ru/,8.krg.msudrf.ru,нет,45MS0008
Курганская область,Катайск,,Судебный участок № 9 Катайского судебного района Курганской области,MS,Мировой суд,"641700, Курганская обл, г Катайск, ул Советская, д 23",https://9.krg.msudrf.ru/,9.krg.msudrf.ru,нет,45MS0009
Курганская область,Кетово,,Судебный участок № 10 Кетовского судебного района Курганской области,MS,Мировой суд,"641310, Курганская обл, с Кетово, ул Космонавтов, стр 38",https://10.krg.msudrf.ru/,10.krg.msudrf.ru,нет,45MS0056
Курганская область,Кетово,,Судебный участок № 11 Кетовского судебного района Курганской области,MS,Мировой суд,"641310, Курганская обл, с Кетово, ул Космонавтов, стр 38",https://11.krg.msudrf.ru/,11.krg.msudrf.ru,нет,45MS0011
Курганская область,Кетово,,Судебный участок № 12 Кетовского судебного района Курганской области,MS,Мировой суд,"641310, Курганская обл, с Кетово, ул Космонавтов, стр 38",https://12.krg.msudrf.ru/,12.krg.msudrf.ru,нет,45MS0012
Курганская область,Кетово,,Судебный участок № 50 Кетовского судебного района Курганской области,MS,Мировой суд,"641310, Курганская обл, с Кетово, ул Космонавтов, стр 38",https://50.krg.msudrf.ru/,50.krg.msudrf.ru,нет,45MS0050
Курганская область,Курган,,Cудебный участок № 52 судебного района г. Кургана Курганской области,MS,Мировой суд,"640021, г Курган, ул Коли Мяготина, д 124",https://52.krg.msudrf.ru/,52.krg.msudrf.ru,нет,45MS0054
Курганская область,Курган,,Судебный участок № 35 судебного района г. Кургана Курганской области,MS,Мировой суд,"640020, г Курган, ул Красина, д 21/1",https://35.krg.msudrf.ru/,35.krg.msudrf.ru,нет,45MS0035
Курганская область,Курган,,Судебный участок № 36 судебного района г. Кургана Курганской области,MS,Мировой суд,"640020, г Курган, ул Красина, д 21/1",https://36.krg.msudrf.ru/,36.krg.msudrf.ru,нет,45MS0036
Курганская область,Курган,,Судебный участок № 37 судебного района г. Кургана Курганской области,MS,Мировой суд,"640021, г Курган, ул Коли Мяготина, д 70",https://37.krg.msudrf.ru/,37.krg.msudrf.ru,нет,45MS0037
Курганская область,Курган,,Судебный участок № 38 судебного района г. Кургана Курганской области,MS,Мировой суд,"640021, г Курган, ул Коли Мяготина, д 70",https://38.krg.msudrf.ru/,38.krg.msudrf.ru,нет,45MS0038
Курганская область,Курган,,Судебный участок № 39 судебного района г. Кургана Курганской области,MS,Мировой суд,"640021, г Курган, ул Коли Мяготина, д 70",https://39.krg.msudrf.ru/,39.krg.msudrf.ru,нет,45MS0039
Курганская область,Курган,,Судебный участок № 40 судебного района г. Кургана Курганской области,MS,Мировой суд,"640021, г Курган, ул Коли Мяготина, д 70",https://40.krg.msudrf.ru/,40.krg.msudrf.ru,нет,45MS0040
Курганская область,Курган,,Судебный участок № 41 судебного района г. Кургана Курганской области,MS,Мировой суд,"640021, г Курган, ул Коли Мяготина, д 70",https://41.krg.msudrf.ru/,41.krg.msudrf.ru,нет,45MS0041
Курганская область,Курган,,Судебный участок № 42 судебного района г. Кургана Курганской области,MS,Мировой суд,"640020, г Курган, ул Красина, д 21/1",https://42.krg.msudrf.ru/,42.krg.msudrf.ru,нет,45MS0042
Курганская область,Курган,,Судебный участок № 43 судебного района г. Кургана Курганской области,MS,Мировой суд,"640020, г Курган, ул Красина, д 21/1",https://43.krg.msudrf.ru/,43.krg.msudrf.ru,нет,45MS0043
Курганская область,Курган,,Судебный участок № 44 судебного района г. Кургана Курганской области,MS,Мировой суд,"640021, г Курган, ул Коли Мяготина, д 70",https://44.krg.msudrf.ru/,44.krg.msudrf.ru,нет,45MS0044
Курганская область,Курган,,Судебный участок № 45 судебного района г. Кургана Курганской области,MS,Мировой суд,"640021, г Курган, ул Коли Мяготина, д 124",https://45.krg.msudrf.ru/,45.krg.msudrf.ru,нет,45MS0045
Курганская область,Курган,,Судебный участок № 46 судебного района г. Кургана Курганской области,MS,Мировой суд,"640021, г Курган, ул Коли Мяготина, д 124",https://46.krg.msudrf.ru/,46.krg.msudrf.ru,нет,45MS0046
Курганская область,Курган,,Судебный участок № 47 судебного района г. Кургана Курганской области,MS,Мировой суд,"640021, г Курган, ул Коли Мяготина, д 124",https://47.krg.msudrf.ru/,47.krg.msudrf.ru,нет,45MS0047
Курганская область,Курган,,Судебный участок № 48 судебного района г. Кургана Курганской области,MS,Мировой суд,"640021, г Курган, ул Коли Мяготина, д 124",https://48.krg.msudrf.ru/,48.krg.msudrf.ru,нет,45MS0048
Курганская область,Курган,,Судебный участок № 49 судебного района г. Кургана Курганской области,MS,Мировой суд,"640021, г Курган, ул Коли Мяготина, д 70",https://49.krg.msudrf.ru/,49.krg.msudrf.ru,нет,45MS0049
Курганская область,Курган,,Судебный участок № 51 судебного района г. Кургана Курганской области,MS,Мировой суд,"640021, г Курган, ул Коли Мяготина, д 124",https://51.krg.msudrf.ru/,51.krg.msudrf.ru,нет,45MS0055
Курганская область,Куртамыш,,Судебный участок № 13 Куртамышского судебного района Курганской области,MS,Мировой суд,"641430, Курганская обл, г Куртамыш, ул Чапаева, д 1",https://13.krg.msudrf.ru/,13.krg.msudrf.ru,нет,45MS0013
Курганская область,Куртамыш,,Судебный участок № 14 Куртамышского судебного района Курганской области,MS,Мировой суд,"641430, Курганская обл, г Куртамыш, ул Чапаева, д 1",https://14.krg.msudrf.ru/,14.krg.msudrf.ru,нет,45MS0014
Курганская область,Лебяжье,,Судебный участок № 15 Лебяжьевского судебного района Курганской области,MS,Мировой суд,"641500, Курганская обл, рп Лебяжье, ул Лукияновская, зд 58",https://15.krg.msudrf.ru/,15.krg.msudrf.ru,нет,45MS0015
Курганская область,Макушино,,Судебный участок № 16 Макушинского судебного района Курганской области,MS,Мировой суд,"641600, Курганская обл, г Макушино, ул Красная Площадь, д 9",https://16.krg.msudrf.ru/,16.krg.msudrf.ru,нет,45MS0016
Курганская область,Мишкино,,Судебный участок № 17 Мишкинского судебного района Курганской области,MS,Мировой суд,"641040, Курганская обл, рп Мишкино, ул Телеграфная, зд 3А",https://17.krg.msudrf.ru/,17.krg.msudrf.ru,нет,45MS0017
Курганская область,Мокроусово,,Судебный участок № 18 Мокроусовского судебного района Курганской области,MS,Мировой суд,"641530, Курганская обл, с Мокроусово, ул Советская, зд 35",https://18.krg.msudrf.ru/,18.krg.msudrf.ru,нет,45MS0018
Курганская область,Петухово,,Судебный участок № 19 Петуховского судебного района Курганской области,MS,Мировой суд,"641640, Курганская обл, г Петухово, ул К.Маркса, д 47",https://19.krg.msudrf.ru/,19.krg.msudrf.ru,нет,45MS0019
Курганская область,Половинное,,Судебный участок № 20 Половинского судебного района Курганской области,MS,Мировой суд,"641780, Курганская обл, с Половинное, ул Советская, зд 72",https://20.krg.msudrf.ru/,20.krg.msudrf.ru,нет,45MS0020
Курганская область,Сафакулево,,Судебный участок № 22 Сафакулевского судебного района Курганской области,MS,Мировой суд,"641080, Курганская обл, с Сафакулево, ул Ленина, зд 8А",https://22.krg.msudrf.ru/,22.krg.msudrf.ru,нет,45MS0022
Курганская область,Целинное,,Судебный участок № 23 Целинного судебного района Курганской области,MS,Мировой суд,"641150, Курганская обл, с Целинное, ул Бухарова, зд 59",https://23.krg.msudrf.ru/,23.krg.msudrf.ru,нет,45MS0023
Курганская область,Частоозерье,,Судебный участок № 24 Петуховского судебного района Курганской области,MS,Мировой суд,"641570, Курганская обл, с Частоозерье, ул Октябрьская, зд 117",https://24.krg.msudrf.ru/,24.krg.msudrf.ru,нет,45MS0024
Курганская область,Шадринск,,Судебный участок № 25 Шадринского судебного района Курганской области,MS,Мировой суд,"641870, Курганская обл, г Шадринск, ул Комсомольская, д 16 стр 2",https://25.krg.msudrf.ru/,25.krg.msudrf.ru,нет,45MS0025
Курганская область,Шадринск,,Судебный участок № 26 Шадринского судебного района Курганской области,MS,Мировой суд,"641870, Курганская обл, г Шадринск, ул Комсомольская, д 16 стр 2",https://26.krg.msudrf.ru/,26.krg.msudrf.ru,нет,45MS0026
Курганская область,Шадринск,,Судебный участок № 32 Шадринского судебного района Курганской области,MS,Мировой суд,"641870, Курганская обл, г Шадринск, ул Комсомольская, д 16 стр 2",https://32.krg.msudrf.ru/,32.krg.msudrf.ru,нет,45MS0032
Курганская область,Шадринск,,Судебный участок № 33 Шадринского судебного района Курганской области,MS,Мировой суд,"641870, Курганская обл, г Шадринск, ул Комсомольская, д 16 стр 2",https://33.krg.msudrf.ru/,33.krg.msudrf.ru,нет,45MS0033
Курганская область,Шадринск,,Судебный участок № 34 Шадринского судебного района Курганской области,MS,Мировой суд,"641870, Курганская обл, г Шадринск, ул Комсомольская, д 16 стр 2",https://34.krg.msudrf.ru/,34.krg.msudrf.ru,нет,45MS0034
Курганская область,Шадринск,,Судебный участок № 53 Шадринского судебного района Курганской области,MS,Мировой суд,"641870, Курганская обл, г Шадринск, ул Комсомольская, д 16 стр 2",https://53.krg.msudrf.ru/,53.krg.msudrf.ru,нет,45MS0053
Курганская область,Шатрово,,Судебный участок № 27 Шатровского судебного района Курганской области,MS,Мировой суд,"641960, Курганская обл, с Шатрово, ул Кирова, д 12",https://27.krg.msudrf.ru/,27.krg.msudrf.ru,нет,45MS0027
Курганская область,Шумиха,,Судебный участок № 28 Шумихинского судебного района Курганской области,MS,Мировой суд,"641100, Курганская обл, г Шумиха, ул Победы, д 23",https://28.krg.msudrf.ru/,28.krg.msudrf.ru,нет,45MS0028
Курганская область,Шумиха,,Судебный участок № 29 Шумихинского судебного района Курганской области,MS,Мировой суд,"641100, Курганская обл, г Шумиха, ул Победы, д 23",https://29.krg.msudrf.ru/,29.krg.msudrf.ru,нет,45MS0029
Курганская область,Щучье,,Судебный участок № 30 Щучанского судебного района Курганской области,MS,Мировой суд,"641010, Курганская обл, г Щучье, ул Калинина, д 41",https://30.krg.msudrf.ru/,30.krg.msudrf.ru,нет,45MS0030
Курганская область,Юргамыш,,Судебный участок № 31 Юргамышского судебного района Курганской области,MS,Мировой суд,"641200, Курганская обл, рп Юргамыш, ул Ленина, д 41",https://31.krg.msudrf.ru/,31.krg.msudrf.ru,нет,45MS0031
Псковская область,Бежаницы,,Судебный участок № 1 Бежаницкого района Псковской области,MS,Мировой суд,"182840, Псковская обл, рп Бежаницы, ул Советская, д 12",https://mirsud.pskov.ru/,mirsud.pskov.ru,нет,60MS0001
Псковская область,Великие Луки,,Судебный участок № 2 Великолукского района Псковской области,MS,Мировой суд,"182113, Псковская обл, г Великие Луки, ул Пионерская, д 9",https://mirsud.pskov.ru/,mirsud.pskov.ru,нет,60MS0002
Псковская область,Великие Луки,,Судебный участок № 33 г. Великие Луки Псковской области,MS,Мировой суд,"182113, Псковская обл, г Великие Луки, ул К.Либкнехта, д 11",https://mirsud.pskov.ru/,mirsud.pskov.ru,нет,60MS0033
Псковская область,Великие Луки,,Судебный участок № 34 г. Великие Луки Псковской области,MS,Мировой суд,"182113, Псковская обл, г Великие Луки, ул К.Либкнехта, д 11",https://mirsud.pskov.ru/,mirsud.pskov.ru,нет,60MS0034
Псковская область,Великие Луки,,Судебный участок № 35 г. Великие Луки Псковской области,MS,Мировой суд,"182113, Псковская обл, г Великие Луки, ул К.Либкнехта, д 11",https://mirsud.pskov.ru/,mirsud.pskov.ru,нет,60MS0035
Псковская область,Великие Луки,,Судебный участок № 36 г. Великие Луки Псковской области,MS,Мировой суд,"182113, Псковская обл, г Великие Луки, ул К.Либкнехта, д 11",https://mirsud.pskov.ru/,mirsud.pskov.ru,нет,60MS0036
Псковская область,Великие Луки,,Судебный участок № 39 г. Великие Луки Псковской области,MS,Мировой суд,"182113, Псковская обл, г Великие Луки, ул К.Либкнехта, д 11",https://mirsud.pskov.ru/,mirsud.pskov.ru,нет,60MS0039
Псковская область,Великие Луки,,Судебный участок № 40 г. Великие Луки Псковской области,MS,Мировой суд,"182113, Псковская обл, г Великие Луки, ул К.Либкнехта, д 11",https://mirsud.pskov.ru/,mirsud.pskov.ru,нет,60MS0040
Псковская область,Гдов,,Судебный участок № 3 Гдовского района Псковской области,MS,Мировой суд,"181600, Псковская обл, г Гдов, ул К.Маркса, д 29",https://mirsud.pskov.ru/,mirsud.pskov.ru,нет,60MS0003
Псковская область,Дедовичи,,Судебный участок № 4 Дедовического района Псковской области,MS,Мировой суд,"182710, Псковская обл, рп Дедовичи, ул Бундзена, д 2А",https://mirsud.pskov.ru/,mirsud.pskov.ru,нет,60MS0004
Псковская область,Дно,,Судебный участок № 5 Дновского района Псковской области,MS,Мировой суд,"182670, Псковская обл, г Дно, ул Космонавтов, д 84",https://mirsud.pskov.ru/,mirsud.pskov.ru,нет,60MS0005
Псковская область,Красногородск,,Судебный участок № 6 Красногородского района Псковской области,MS,Мировой суд,"182370, Псковская обл, рп Красногородск, ул Советская, д 24",https://mirsud.pskov.ru/,mirsud.pskov.ru,нет,60MS0006
Псковская область,Кунья,,Судебный участок № 7 Куньинского района Псковской области,MS,Мировой суд,"182010, Псковская обл, рп Кунья, ул Дзержинского, д 5",https://mirsud.pskov.ru/,mirsud.pskov.ru,нет,60MS0007
Псковская область,Локня,,Судебный участок № 8 Локнянского района Псковской области,MS,Мировой суд,"182900, Псковская обл, рп Локня, ул Чкалова, д 2А",https://mirsud.pskov.ru/,mirsud.pskov.ru,нет,60MS0008
Псковская область,Невель,,Судебный участок № 20 Невельского района Псковской области,MS,Мировой суд,"182500, Псковская обл, г Невель, ул Интернациональная, д 4А",https://mirsud.pskov.ru/,mirsud.pskov.ru,нет,60MS0020
Псковская область,Новоржев,,Судебный участок № 9 Новоржевского района Псковской области,MS,Мировой суд,"182440, Псковская обл, г Новоржев, ул Германа, д 71",https://mirsud.pskov.ru/,mirsud.pskov.ru,нет,60MS0009
Псковская область,Новосокольники,,Судебный участок № 10 Новосокольнического района Псковской области,MS,Мировой суд,"182200, Псковская обл, г Новосокольники, ул Садовая, д 1",https://mirsud.pskov.ru/,mirsud.pskov.ru,нет,60MS0010
Псковская область,Опочка,,Судебный участок № 11 Опочецкого района Псковской области,MS,Мировой суд,"182330, Псковская обл, г Опочка, ул им М.И.Кутузова, д 1",https://mirsud.pskov.ru/,mirsud.pskov.ru,нет,60MS0011
Псковская область,Остров,,Судебный участок № 21 г. Острова и Островского района Псковской области,MS,Мировой суд,"181350, Псковская обл, г Остров, ул 111 Стрелковой дивизии, д 4",https://mirsud.pskov.ru/,mirsud.pskov.ru,нет,60MS0021
Псковская область,Остров,,Судебный участок № 22 г. Острова и Островского района Псковской области,MS,Мировой суд,"181350, Псковская обл, г Остров, ул 111 Стрелковой дивизии, д 4",https://mirsud.pskov.ru/,mirsud.pskov.ru,нет,60MS0022
Псковская область,Палкино,,Судебный участок № 12 Палкинского района Псковской области,MS,Мировой суд,"181270, Псковская обл, рп Палкино, ул Изборская, д 13",https://mirsud.pskov.ru/,mirsud.pskov.ru,нет,60MS0012
Псковская область,Печоры,,Судебный участок № 13 Печорского района Псковской области,MS,Мировой суд,"181500, Псковская обл, г Печоры, ул Мира, д 21",https://mirsud.pskov.ru/,mirsud.pskov.ru,нет,60MS0013
Псковская область,Плюсса,,Судебный участок № 15 Плюсского района Псковской области,MS,Мировой суд,"181000, Псковская обл, рп Плюсса, ул В.Гнаровской, д 10",https://mirsud.pskov.ru/,mirsud.pskov.ru,нет,60MS0015
Псковская область,Порхов,,Судебный участок № 23 Порховского района Псковской области,MS,Мировой суд,"182620, Псковская обл, г Порхов, ул Плеханова, д 3",https://mirsud.pskov.ru/,mirsud.pskov.ru,нет,60MS0023
Псковская область,Псков,,Судебный участок № 24 Псковского района Псковской области,MS,Мировой суд,"180019, г Псков, ул Текстильная, д 7",https://mirsud.pskov.ru/,mirsud.pskov.ru,нет,60MS0024
Псковская область,Псков,,Судебный участок № 26 г. Пскова Псковской области,MS,Мировой суд,"180014, г Псков, ул Николая Васильева, д 79",https://mirsud.pskov.ru/,mirsud.pskov.ru,нет,60MS0026
Псковская область,Псков,,Судебный участок № 27 г. Пскова Псковской области,MS,Мировой суд,"180014, г Псков, ул Николая Васильева, д 79",https://mirsud.pskov.ru/,mirsud.pskov.ru,нет,60MS0027
Псковская область,Псков,,Судебный участок № 28 г. Пскова Псковской области,MS,Мировой суд,"180014, г Псков, ул Николая Васильева, д 79",https://mirsud.pskov.ru/,mirsud.pskov.ru,нет,60MS0028
Псковская область,Псков,,Судебный участок № 29 г. Пскова Псковской области,MS,Мировой суд,"180014, г Псков, ул Николая Васильева, д 79",https://mirsud.pskov.ru/,mirsud.pskov.ru,нет,60MS0029
Псковская область,Псков,,Судебный участок № 30 г. Пскова Псковской области,MS,Мировой суд,"180014, г Псков, ул Николая Васильева, д 79",https://mirsud.pskov.ru/,mirsud.pskov.ru,нет,60MS0030
Псковская область,Псков,,Судебный участок № 31 г. Пскова Псковской области,MS,Мировой суд,"180014, г Псков, ул Николая Васильева, д 79",https://mirsud.pskov.ru/,mirsud.pskov.ru,нет,60MS0031
Псковская область,Псков,,Судебный участок № 32 г. Пскова Псковской области,MS,Мировой суд,"180014, г Псков, ул Николая Васильева, д 79",https://mirsud.pskov.ru/,mirsud.pskov.ru,нет,60MS0032
Псковская область,Псков,,Судебный участок № 37 Псковского района Псковской области,MS,Мировой суд,"180019, г Псков, ул Текстильная, д 7",https://mirsud.pskov.ru/,mirsud.pskov.ru,нет,60MS0037
Псковская область,Псков,,Судебный участок № 38 г. Пскова Псковской области,MS,Мировой суд,"180014, г Псков, ул Николая Васильева, д 79",https://mirsud.pskov.ru/,mirsud.pskov.ru,нет,60MS0038
Псковская область,Псков,,Судебный участок № 42 г. Пскова Псковской области,MS,Мировой суд,"180014, г Псков, ул Николая Васильева, д 79",https://mirsud.pskov.ru/,mirsud.pskov.ru,нет,60MS0042
Псковская область,Псков,,Судебный участок № 43 г. Пскова Псковской области,MS,Мировой суд,"180014, г Псков, ул Николая Васильева, д 79",https://mirsud.pskov.ru/,mirsud.pskov.ru,нет,60MS0043
Псковская область,Пскова Псковской области,,Судебный участок №41 г. Пскова Псковской области,MS,Мировой суд,,https://mirsud.pskov.ru/,mirsud.pskov.ru,нет,60MS0044
Псковская область,Пустошка,,Судебный участок № 14 Пустошкинского района Псковской области,MS,Мировой суд,"182300, Псковская обл, г Пустошка, ул Октябрьская, д 61",https://mirsud.pskov.ru/,mirsud.pskov.ru,нет,60MS0014
Псковская область,Пушкинские Горы,,Судебный участок № 16 Пушкиногорского района Псковской области,MS,Мировой суд,"181370, Псковская обл, рп Пушкинские Горы, ул Ленина, д 18",https://mirsud.pskov.ru/,mirsud.pskov.ru,нет,60MS0016
Псковская область,Пыталово,,Судебный участок № 17 Пыталовского района Псковской области,MS,Мировой суд,"181410, Псковская обл, г Пыталово, ул Красноармейская, д 39",https://mirsud.pskov.ru/,mirsud.pskov.ru,нет,60MS0017
Псковская область,Себеж,,Судебный участок № 18 Себежского района Псковской области,MS,Мировой суд,"182250, Псковская обл, г Себеж, ул 7 Ноября, д 5",https://mirsud.pskov.ru/,mirsud.pskov.ru,нет,60MS0018
Псковская область,Струги Красные,,Судебный участок № 19 Стругокрасненского района Псковской области,MS,Мировой суд,"181110, Псковская обл, рп Струги Красные, ул Советская, д 16",https://mirsud.pskov.ru/,mirsud.pskov.ru,нет,60MS0019
Псковская область,Усвяты,,Судебный участок № 25 Усвятского района Псковской области,MS,Мировой суд,"182570, Псковская обл, Усвятский р-н, рп Усвяты, ул М.Горького, д 37",https://mirsud.pskov.ru/,mirsud.pskov.ru,нет,60MS0025
Республика Карелия,Беломорск,,Судебный участок Беломорского района,MS,Мировой суд,"186500, Респ Карелия, г Беломорск, ул Первомайская, д 8",https://belomorsk.kar.msudrf.ru/,belomorsk.kar.msudrf.ru,нет,10MS0026
Республика Карелия,Калевала,,Судебный участок Калевальского района,MS,Мировой суд,"186910, Респ Карелия, пгт Калевала, ул Стрельникова, д 15А",https://kalevala.kar.msudrf.ru/,kalevala.kar.msudrf.ru,нет,10MS0030
Республика Карелия,Кемь,,Судебный участок Кемского района,MS,Мировой суд,"186610, Респ Карелия, Кемский р-н, г Кемь, ул Каменева, д 12",https://kem.kar.msudrf.ru/,kem.kar.msudrf.ru,нет,10MS0027
Республика Карелия,Кондопога,,Судебный участок № 1 Кондопожского района,MS,Мировой суд,"186220, Респ Карелия, г Кондопога, ул Комсомольская, д 2А",https://kondopoga1.kar.msudrf.ru/,kondopoga1.kar.msudrf.ru,нет,10MS0024
Республика Карелия,Кондопога,,Судебный участок № 2 Кондопожского района,MS,Мировой суд,"186220, Респ Карелия, г Кондопога, ул Комсомольская, д 2А",https://kondopoga2.kar.msudrf.ru/,kondopoga2.kar.msudrf.ru,нет,10MS0025
Республика Карелия,Костомукша,,Судебный участок № 1 г. Костомукша,MS,Мировой суд,"186930, Респ Карелия, г Костомукша, ул Звездная, д 21",https://kostomuksha1.kar.msudrf.ru/,kostomuksha1.kar.msudrf.ru,нет,10MS0020
Республика Карелия,Костомукша,,Судебный участок № 2 г. Костомукша,MS,Мировой суд,"186930, Респ Карелия, г Костомукша, ул Звездная, д 21",https://kostomuksha2.kar.msudrf.ru/,kostomuksha2.kar.msudrf.ru,нет,10MS0021
Республика Карелия,Лахденпохья,,Судебный участок Лахденпохского района,MS,Мировой суд,"186730, Респ Карелия, г Лахденпохья, ул Заходского, д 1",https://lahdenpohja.kar.msudrf.ru/,lahdenpohja.kar.msudrf.ru,нет,10MS0035
Республика Карелия,Лоухи,,Судебный участок Лоухского района,MS,Мировой суд,"186660, Респ Карелия, пгт Лоухи, ул Первомайская, д 9",https://louhi.kar.msudrf.ru/,louhi.kar.msudrf.ru,нет,10MS0028
Республика Карелия,Медвежьегорск,,Судебный участок № 1 Медвежьегорского района,MS,Мировой суд,"186350, Респ Карелия, г Медвежьегорск, ул М.Горького, д 31",https://medgora1.kar.msudrf.ru/,medgora1.kar.msudrf.ru,нет,10MS0015
Республика Карелия,Медвежьегорск,,Судебный участок № 2 Медвежьегорского района,MS,Мировой суд,"186350, Респ Карелия, г Медвежьегорск, ул М.Горького, д 31",https://medgora2.kar.msudrf.ru/,medgora2.kar.msudrf.ru,нет,10MS0016
Республика Карелия,Муезерский,,Судебный участок Муезерского района,MS,Мировой суд,"186960, Респ Карелия, пгт Муезерский, ул Гагарина, д 32А",https://muezerka.kar.msudrf.ru/,muezerka.kar.msudrf.ru,нет,10MS0029
Республика Карелия,Олонец,,Судебный участок Олонецкого района,MS,Мировой суд,"186000, Респ Карелия, г Олонец, ул 30-летия Победы, д 3",https://olonec.kar.msudrf.ru/,olonec.kar.msudrf.ru,нет,10MS0023
Республика Карелия,Петрозаводск,,Судебный участок Прионежского района,MS,Мировой суд,"185005, г Петрозаводск, р-н Зарека, наб Гюллинга, д 13",https://prioneg1.kar.msudrf.ru/,prioneg1.kar.msudrf.ru,нет,10MS0022
Республика Карелия,Петрозаводск,,Судебный участок № 1 г. Петрозаводска,MS,Мировой суд,"185005, г Петрозаводск, р-н Зарека, наб Гюллинга, д 13",https://ptz1.kar.msudrf.ru/,ptz1.kar.msudrf.ru,нет,10MS0001
Республика Карелия,Петрозаводск,,Судебный участок № 10 г. Петрозаводска,MS,Мировой суд,"185005, г Петрозаводск, р-н Зарека, наб Гюллинга, д 13",https://ptz10.kar.msudrf.ru/,ptz10.kar.msudrf.ru,нет,10MS0010
Республика Карелия,Петрозаводск,,Судебный участок № 11 г. Петрозаводска,MS,Мировой суд,"185005, г Петрозаводск, р-н Зарека, наб Гюллинга, д 13",https://ptz11.kar.msudrf.ru/,ptz11.kar.msudrf.ru,нет,10MS0011
Республика Карелия,Петрозаводск,,Судебный участок № 12 г. Петрозаводска,MS,Мировой суд,"185005, г Петрозаводск, р-н Зарека, наб Гюллинга, д 13",https://ptz12.kar.msudrf.ru/,ptz12.kar.msudrf.ru,нет,10MS0012
Республика Карелия,Петрозаводск,,Судебный участок № 13 г. Петрозаводска,MS,Мировой суд,"185005, г Петрозаводск, р-н Зарека, наб Гюллинга, д 13",https://ptz13.kar.msudrf.ru/,ptz13.kar.msudrf.ru,нет,10MS0013
Республика Карелия,Петрозаводск,,Судебный участок № 14 г. Петрозаводска,MS,Мировой суд,"185005, г Петрозаводск, р-н Зарека, наб Гюллинга, д 13",https://ptz14.kar.msudrf.ru/,ptz14.kar.msudrf.ru,нет,10MS0014
Республика Карелия,Петрозаводск,,Судебный участок № 15 г. Петрозаводска,MS,Мировой суд,"185005, г Петрозаводск, р-н Зарека, наб Гюллинга, д 13",https://ptz15.kar.msudrf.ru/,ptz15.kar.msudrf.ru,нет,10MS0039
Республика Карелия,Петрозаводск,,Судебный участок № 2 г. Петрозаводска,MS,Мировой суд,"185005, г Петрозаводск, р-н Зарека, наб Гюллинга, д 13",https://ptz2.kar.msudrf.ru/,ptz2.kar.msudrf.ru,нет,10MS0002
Республика Карелия,Петрозаводск,,Судебный участок № 3 г. Петрозаводска,MS,Мировой суд,"185005, г Петрозаводск, р-н Зарека, наб Гюллинга, д 13",https://ptz3.kar.msudrf.ru/,ptz3.kar.msudrf.ru,нет,10MS0003
Республика Карелия,Петрозаводск,,Судебный участок № 4 г. Петрозаводска,MS,Мировой суд,"185005, г Петрозаводск, р-н Зарека, наб Гюллинга, д 13",https://ptz4.kar.msudrf.ru/,ptz4.kar.msudrf.ru,нет,10MS0004
Республика Карелия,Петрозаводск,,Судебный участок № 5 г. Петрозаводска,MS,Мировой суд,"185005, г Петрозаводск, р-н Зарека, наб Гюллинга, д 13",https://ptz5.kar.msudrf.ru/,ptz5.kar.msudrf.ru,нет,10MS0005
Республика Карелия,Петрозаводск,,Судебный участок № 6 г. Петрозаводска,MS,Мировой суд,"185005, г Петрозаводск, р-н Зарека, наб Гюллинга, д 13",https://ptz6.kar.msudrf.ru/,ptz6.kar.msudrf.ru,нет,10MS0006
Республика Карелия,Петрозаводск,,Судебный участок № 7 г. Петрозаводска,MS,Мировой суд,"185005, г Петрозаводск, р-н Зарека, наб Гюллинга, д 13",https://ptz7.kar.msudrf.ru/,ptz7.kar.msudrf.ru,нет,10MS0007
Республика Карелия,Петрозаводск,,Судебный участок № 8 г. Петрозаводска,MS,Мировой суд,"185005, г Петрозаводск, р-н Зарека, наб Гюллинга, д 13",https://ptz8.kar.msudrf.ru/,ptz8.kar.msudrf.ru,нет,10MS0008
Республика Карелия,Петрозаводск,,Судебный участок № 9 г. Петрозаводска,MS,Мировой суд,"185005, г Петрозаводск, р-н Зарека, наб Гюллинга, д 13",https://ptz9.kar.msudrf.ru/,ptz9.kar.msudrf.ru,нет,10MS0009
Республика Карелия,Питкяранта,,Судебный участок Питкярантского района,MS,Мировой суд,"186810, Респ Карелия, г Питкяранта, ул Привокзальная, д 24",https://pitkaranta.kar.msudrf.ru/,pitkaranta.kar.msudrf.ru,нет,10MS0017
Республика Карелия,Пряжа,,Судебный участок Пряжинского района,MS,Мировой суд,"186120, Респ Карелия, пгт Пряжа, ул Советская, д 59",https://prazha.kar.msudrf.ru/,prazha.kar.msudrf.ru,нет,10MS0031
Республика Карелия,Пудож,,Судебный участок Пудожского района,MS,Мировой суд,"186150, Респ Карелия, г Пудож, ул Ленина, д 88",https://pudozh2.kar.msudrf.ru/,pudozh2.kar.msudrf.ru,нет,10MS0019
Республика Карелия,Сегежа,,Судебный участок № 1 Сегежского района,MS,Мировой суд,"186420, Респ Карелия, г Сегежа, ул Лесная, д 2А",https://segezha1.kar.msudrf.ru/,segezha1.kar.msudrf.ru,нет,10MS0036
Республика Карелия,Сегежа,,Судебный участок № 2 Сегежского района,MS,Мировой суд,"186420, Респ Карелия, г Сегежа, ул Лесная, д 2А",https://segezha2.kar.msudrf.ru/,segezha2.kar.msudrf.ru,нет,10MS0037
Республика Карелия,Сегежа,,Судебный участок № 3 Сегежского района,MS,Мировой суд,"186420, Респ Карелия, г Сегежа, ул Лесная, д 2А",https://segezha3.kar.msudrf.ru/,segezha3.kar.msudrf.ru,нет,10MS0038
Республика Карелия,Сортавала,,Судебный участок № 1 г. Сортавала,MS,Мировой суд,"186790, Респ Карелия, г Сортавала, ул Гагарина, д 12",https://sortavala1.kar.msudrf.ru/,sortavala1.kar.msudrf.ru,нет,10MS0033
Республика Карелия,Сортавала,,Судебный участок № 2 г. Сортавала,MS,Мировой суд,"186790, Респ Карелия, г Сортавала, ул Гагарина, д 12",https://sortavala2.kar.msudrf.ru/,sortavala2.kar.msudrf.ru,нет,10MS0034
Республика Карелия,Суоярви,,Судебный участок Суоярвского района,MS,Мировой суд,"186870, Респ Карелия, г Суоярви, ул Победы, стр 18А",https://suojarvi.kar.msudrf.ru/,suojarvi.kar.msudrf.ru,нет,10MS0032
Республика Калмыкия,Большой Царын,,Судебный участок № 2 Малодербетовского судебного района Республики Калмыкия,MS,Мировой суд,"359450, Респ Калмыкия, п Большой Царын, ул Карла Маркса, д 5/2",https://osu.kalm.msudrf.ru/,osu.kalm.msudrf.ru,нет,08MS0017
Республика Калмыкия,Городовиковск,,Судебный участок Городовиковского судебного района Республики Калмыкия,MS,Мировой суд,"359050, Респ Калмыкия, г Городовиковск, ул Садовая, зд 27",https://gsu.kalm.msudrf.ru/,gsu.kalm.msudrf.ru,нет,08MS0007
Республика Калмыкия,Ики-Бурул,,Судебный участок № 2 Приютненского судебного района Республики Калмыкия,MS,Мировой суд,"359130, Респ Калмыкия, п Ики-Бурул, ул Микрорайон, д 31",https://isu.kalm.msudrf.ru/,isu.kalm.msudrf.ru,нет,08MS0019
Республика Калмыкия,Кетченеры,,Судебный участок № 2 Сарпинского судебного района Республики Калмыкия,MS,Мировой суд,"359120, Респ Калмыкия, п Кетченеры, ул Ленина, д 101",https://ksu.kalm.msudrf.ru/,ksu.kalm.msudrf.ru,нет,08MS0015
Республика Калмыкия,Комсомольский,,Судебный участок Черноземельского судебного района Республики Калмыкия,MS,Мировой суд,"359240, Респ Калмыкия, п Комсомольский, ул Аллея Памяти, д 19",https://chsu.kalm.msudrf.ru/,chsu.kalm.msudrf.ru,нет,08MS0012
Республика Калмыкия,Лагань,,Судебный участок Лаганского судебного района Республики Калмыкия,MS,Мировой суд,"359220, Респ Калмыкия, г Лагань, ул Баташова, д 1",https://lsu.kalm.msudrf.ru/,lsu.kalm.msudrf.ru,нет,08MS0008
Республика Калмыкия,Малые Дербеты,,Судебный участок № 1 Малодербетовского судебного района Республики Калмыкия,MS,Мировой суд,"359420, Респ Калмыкия, с Малые Дербеты, ул Карла Маркса, д 25",https://msu.kalm.msudrf.ru/,msu.kalm.msudrf.ru,нет,08MS0016
Республика Калмыкия,Приютное,,Судебный участок № 1 Приютненского судебного района Республики Калмыкия,MS,Мировой суд,"359030, Респ Калмыкия, с Приютное, ул Московская, д 89",https://psu.kalm.msudrf.ru/,psu.kalm.msudrf.ru,нет,08MS0009
Республика Калмыкия,Садовое,,Судебный участок № 1 Сарпинского судебного района Республики Калмыкия,MS,Мировой суд,"359410, Респ Калмыкия, с Садовое, ул Ленина, д 68",https://ssu.kalm.msudrf.ru/,ssu.kalm.msudrf.ru,нет,08MS0010
Республика Калмыкия,Троицкое,,Судебный участок Целинного судебного района Республики Калмыкия,MS,Мировой суд,"359180, Респ Калмыкия, с Троицкое, ул 40 лет Октября, д 19",https://csu.kalm.msudrf.ru/,csu.kalm.msudrf.ru,нет,08MS0011
Республика Калмыкия,Цаган Аман,,Судебный участок Юстинского судебного района Республики Калмыкия,MS,Мировой суд,"359300, Респ Калмыкия, п Цаган Аман, ул Октябрьская, д 93",https://ysu.kalm.msudrf.ru/,ysu.kalm.msudrf.ru,нет,08MS0018
Республика Калмыкия,Элиста,,Судебный участок № 1 Элистинского судебного района Республики Калмыкия,MS,Мировой суд,"358009, г Элиста, ул А.С.Пушкина, д 20",https://su1.kalm.msudrf.ru/,su1.kalm.msudrf.ru,нет,08MS0001
Республика Калмыкия,Элиста,,Судебный участок № 2 Элистинского судебного района Республики Калмыкия,MS,Мировой суд,"358009, г Элиста, ул А.С.Пушкина, д 20",https://su2.kalm.msudrf.ru/,su2.kalm.msudrf.ru,нет,08MS0002
Республика Калмыкия,Элиста,,Судебный участок № 3 Элистинского судебного района Республики Калмыкия,MS,Мировой суд,"358009, г Элиста, ул А.С.Пушкина, д 20",https://su3.kalm.msudrf.ru/,su3.kalm.msudrf.ru,нет,08MS0003
Республика Калмыкия,Элиста,,Судебный участок № 4 Элистинского судебного района Республики Калмыкия,MS,Мировой суд,"358009, г Элиста, мкр 3, д 20",https://su4.kalm.msudrf.ru/,su4.kalm.msudrf.ru,нет,08MS0004
Республика Калмыкия,Элиста,,Судебный участок № 5 Элистинского судебного района Республики Калмыкия,MS,Мировой суд,"358014, Республика Калмыкия, г. Элиста, АТО Город Шахмат, к. 9. 1. 3",https://su5.kalm.msudrf.ru/,su5.kalm.msudrf.ru,нет,08MS0005
Республика Калмыкия,Элиста,,Судебный участок № 6 Элистинского судебного района Республики Калмыкия,MS,Мировой суд,"358014, Республика Калмыкия, г. Элиста, АТО Город Шахмат, к. 9. 1. 4",https://su6.kalm.msudrf.ru/,su6.kalm.msudrf.ru,нет,08MS0006
Республика Калмыкия,Яшалта,,Судебный участок Яшалтинского судебного района Республики Калмыкия,MS,Мировой суд,"359010, Респ Калмыкия, с Яшалта, ул 50 лет Октября, д 13",https://iasu.kalm.msudrf.ru/,iasu.kalm.msudrf.ru,нет,08MS0013
Республика Калмыкия,Яшкуль,,Судебный участок Яшкульского судебного района Республики Калмыкия,MS,Мировой суд,"359150, Респ Калмыкия, п Яшкуль, ул Коломейцева, д 13",https://iashsu.kalm.msudrf.ru/,iashsu.kalm.msudrf.ru,нет,08MS0014
Чукотский АО,Анадырь,,Судебный участок мирового судьи г. Анадырь,MS,Мировой суд,"689000, г Анадырь, ул Отке, д 37",https://anadyr.chao.msudrf.ru/,anadyr.chao.msudrf.ru,нет,87MS0001
Чукотский АО,Билибино,,Судебный участок мирового судьи Билибинского района,MS,Мировой суд,"689450, Чукотский АО, г Билибино, мкр Восточный, д 1 к 7",https://bilibinsky-r.chao.msudrf.ru/,bilibinsky-r.chao.msudrf.ru,нет,87MS0003
Чукотский АО,Певек,,Судебный участок мирового судьи Чаунского района,MS,Мировой суд,"689400, Чукотский АО, г Певек, ул Обручева, д 17",https://chaunsky-r.chao.msudrf.ru/,chaunsky-r.chao.msudrf.ru,нет,87MS0004
Чукотский АО,Угольные Копи,,Судебный участок мирового судьи Анадырского района,MS,Мировой суд,"689501, Чукотский АО, пгт Угольные Копи, ул Первомайская, д 9",https://anadyr-r.chao.msudrf.ru/,anadyr-r.chao.msudrf.ru,нет,87MS0002
