РЕГИОН,ГОРОД,РАЙОН,НАЗВАНИЕ,ТИП,ТИП_НАЗВАНИЕ,АДРЕС,САЙТ,ДОМЕН_SUDRF,ПАРСЕР,КОД
Ростовская область,,,Судебный участок № 4 Семикаракорского судебного района Ростовской области,MS,Мировой суд,"346660, Ростовская обл, сл Большая Мартыновка, ул Ленина, д 88",https://mrtn1.ros.msudrf.ru/,mrtn1.ros.msudrf.ru,нет,61MS0138
Ростовская область,,,Судебный участок № 5 Миллеровского судебного района Ростовской области,MS,Мировой суд,"346200, Ростовская обл, сл Кашары, ул Ленина, д 61",https://kshr1.ros.msudrf.ru/,kshr1.ros.msudrf.ru,нет,61MS0127
Ростовская область,,,Судебный участок № 5 Семикаракорского судебного района Ростовской области,MS,Мировой суд,"346660, Ростовская обл, сл Большая Мартыновка, ул Ленина, д 88",https://mrtn2.ros.msudrf.ru/,mrtn2.ros.msudrf.ru,нет,61MS0139
Ростовская область,,,Судебный участок № 7 Новошахтинского судебного района Ростовской области,MS,Мировой суд,"346580, Ростовская обл, сл Родионово-Несветайская, ул Пушкинская, д 23",https://r-n1.ros.msudrf.ru/,r-n1.ros.msudrf.ru,нет,61MS0181
Ростовская область,Азов,,Судебный участок № 1 Азовского судебного района Ростовской области,MS,Мировой суд,"346780, Ростовская обл, г Азов, ул Макаровского, д 29Б",https://azov1.ros.msudrf.ru/,azov1.ros.msudrf.ru,нет,61MS0058
Ростовская область,Азов,,Судебный участок № 2 Азовского судебного района Ростовской области,MS,Мировой суд,"346780, Ростовская обл, г Азов, ул Макаровского, д 29Б",https://azov2.ros.msudrf.ru/,azov2.ros.msudrf.ru,нет,61MS0059
Ростовская область,Азов,,Судебный участок № 3 Азовского судебного района Ростовской области,MS,Мировой суд,"346780, Ростовская обл, г Азов, ул Макаровского, д 29Б",https://azov3.ros.msudrf.ru/,azov3.ros.msudrf.ru,нет,61MS0060
Ростовская область,Азов,,Судебный участок № 4 Азовского судебного района Ростовской области,MS,Мировой суд,"346780, Ростовская обл, г Азов, ул Макаровского, д 29Б",https://azov4.ros.msudrf.ru/,azov4.ros.msudrf.ru,нет,61MS0061
Ростовская область,Азов,,Судебный участок № 5 Азовского судебного района Ростовской области,MS,Мировой суд,"346780, Ростовская область, г. Азов, ул. Ленинградская/Чехова, д. 36/7",https://azov5.ros.msudrf.ru/,azov5.ros.msudrf.ru,нет,61MS0062
Ростовская область,Азов,,Судебный участок № 6 Азовского судебного района Ростовской области,MS,Мировой суд,"346780, Ростовская область, г. Азов, ул. Ленинградская/Чехова, д. 36/7",https://azov6.ros.msudrf.ru/,azov6.ros.msudrf.ru,нет,61MS0063
Ростовская область,Азов,,Судебный участок № 7 Азовского судебного района Ростовской области,MS,Мировой суд,"346751, Ростовская область, г. Азов, с. Самарское, К. Маркса, д. 35",https://azov7.ros.msudrf.ru/,azov7.ros.msudrf.ru,нет,61MS0064
Ростовская область,Азов,,Судебный участок № 8 Азовского судебного района Ростовской области,MS,Мировой суд,"346780, Ростовская обл, г Азов, ул Макаровского, д 29Б",https://azov8.ros.msudrf.ru/,azov8.ros.msudrf.ru,нет,61MS0065
Ростовская область,Аксай,,Судебный участок № 1 Аксайского судебного района Ростовской области,MS,Мировой суд,"346720, Ростовская обл, г Аксай, пр-кт Ленина, зд 12",https://aksaisky1.ros.msudrf.ru/,aksaisky1.ros.msudrf.ru,нет,61MS0066
Ростовская область,Аксай,,Судебный участок № 2 Аксайского судебного района Ростовской области,MS,Мировой суд,"346720, Ростовская обл, г Аксай, пр-кт Ленина, зд 12",https://aksaisky2.ros.msudrf.ru/,aksaisky2.ros.msudrf.ru,нет,61MS0067
Ростовская область,Аксай,,Судебный участок № 3 Аксайского судебного района Ростовской области,MS,Мировой суд,"346720, Ростовская обл, г Аксай, пр-кт Ленина, зд 12",https://aksaisky3.ros.msudrf.ru/,aksaisky3.ros.msudrf.ru,нет,61MS0068
Ростовская область,Аксай,,Судебный участок № 4 Аксайского судебного района Ростовской области,MS,Мировой суд,"346720, Ростовская обл, г Аксай, пр-кт Ленина, зд 12",https://aksaisky4.ros.msudrf.ru/,aksaisky4.ros.msudrf.ru,нет,61MS0069
Ростовская область,Аксай,,Судебный участок № 5 Аксайского судебного района Ростовской области,MS,Мировой суд,"346720, Ростовская обл, г Аксай, пр-кт Ленина, зд 12",https://aksaisky5.ros.msudrf.ru/,aksaisky5.ros.msudrf.ru,нет,61MS0233
Ростовская область,Багаевская,,Судебный участок № 1 Багаевского судебного района Ростовской области,MS,Мировой суд,"346610, Ростовская обл, ст-ца Багаевская, ул Красноармейская, зд 9",https://bagaevsky1.ros.msudrf.ru/,bagaevsky1.ros.msudrf.ru,нет,61MS0075
Ростовская область,Багаевская,,Судебный участок № 2 Багаевского судебного района Ростовской области,MS,Мировой суд,"346610, Ростовская обл, ст-ца Багаевская, ул Красноармейская, зд 9",https://bagaevsky2.ros.msudrf.ru/,bagaevsky2.ros.msudrf.ru,нет,61MS0076
Ростовская область,Батайск,,Судебный участок № 1 Батайского судебного района Ростовской области,MS,Мировой суд,"346892, Ростовская обл, г Батайск, ул Куйбышева, д 186",https://bataisk1.ros.msudrf.ru/,bataisk1.ros.msudrf.ru,нет,61MS0070
Ростовская область,Батайск,,Судебный участок № 2 Батайского судебного района Ростовской области,MS,Мировой суд,"346892, Ростовская обл, г Батайск, ул Куйбышева, д 186",https://bataisk2.ros.msudrf.ru/,bataisk2.ros.msudrf.ru,нет,61MS0071
Ростовская область,Батайск,,Судебный участок № 3 Батайского судебного района Ростовской области,MS,Мировой суд,"346892, Ростовская обл, г Батайск, ул Куйбышева, д 186",https://bataisk3.ros.msudrf.ru/,bataisk3.ros.msudrf.ru,нет,61MS0072
Ростовская область,Батайск,,Судебный участок № 4 Батайского судебного района Ростовской области,MS,Мировой суд,"346892, Ростовская обл, г Батайск, ул Куйбышева, д 186",https://bataisk4.ros.msudrf.ru/,bataisk4.ros.msudrf.ru,нет,61MS0073
Ростовская область,Батайск,,Судебный участок № 5 Батайского судебного района Ростовской области,MS,Мировой суд,"346892, Ростовская обл, г Батайск, ул Куйбышева, д 186",https://bataisk5.ros.msudrf.ru/,bataisk5.ros.msudrf.ru,нет,61MS0074
Ростовская область,Белая Калитва,,Судебный участок № 1 Белокалитвинского судебного района Ростовской области,MS,Мировой суд,"347042, Ростовская обл, г Белая Калитва, ул Калинина, д 27",https://kalitvinsky1.ros.msudrf.ru/,kalitvinsky1.ros.msudrf.ru,нет,61MS0078
Ростовская область,Белая Калитва,,Судебный участок № 2 Белокалитвинского судебного района Ростовской области,MS,Мировой суд,"347042, Ростовская обл, г Белая Калитва, ул Калинина, д 27",https://kalitvinsky2.ros.msudrf.ru/,kalitvinsky2.ros.msudrf.ru,нет,61MS0079
Ростовская область,Белая Калитва,,Судебный участок № 6 Белокалитвинского судебного района Ростовской области,MS,Мировой суд,"347042, Ростовская обл, г Белая Калитва, ул Калинина, д 27",https://kalitvinsky6.ros.msudrf.ru/,kalitvinsky6.ros.msudrf.ru,нет,61MS0083
Ростовская область,Боковская,,Судебный участок № 3 Шолоховского судебного района Ростовской области,MS,Мировой суд,"346250, Ростовская обл, ст-ца Боковская, пер Чкалова, д 17",https://bokovsky1.ros.msudrf.ru/,bokovsky1.ros.msudrf.ru,нет,61MS0077
Ростовская область,Веселый,,Судебный участок № 3 Багаевского судебного района Ростовской области,MS,Мировой суд,"347781, Ростовская обл, п Веселый, ул Ленинская, стр 90",https://veselovsky1.ros.msudrf.ru/,veselovsky1.ros.msudrf.ru,нет,61MS0096
Ростовская область,Вешенская,,Судебный участок № 1 Шолоховского судебного района Ростовской области,MS,Мировой суд,"346270, Ростовская обл, ст-ца Вешенская, ул Ленина, зд 66",https://shlhvr1.ros.msudrf.ru/,shlhvr1.ros.msudrf.ru,нет,61MS0229
Ростовская область,Вешенская,,Судебный участок № 2 Шолоховского судебного района Ростовской области,MS,Мировой суд,"346270, Ростовская обл, ст-ца Вешенская, ул Ленина, зд 66",https://shlhvr2.ros.msudrf.ru/,shlhvr2.ros.msudrf.ru,нет,61MS0230
Ростовская область,Волгодонск,,Судебный участок № 1 Волгодонского судебного района Ростовской области,MS,Мировой суд,"347366, Ростовская обл, г Волгодонск, ул Ленина, д 21А",https://volgodonsk1.ros.msudrf.ru/,volgodonsk1.ros.msudrf.ru,нет,61MS0084
Ростовская область,Волгодонск,,Судебный участок № 2 Волгодонского судебного района Ростовской области,MS,Мировой суд,"347366, Ростовская обл, г Волгодонск, ул Ленина, д 21А",https://volgodonsk2.ros.msudrf.ru/,volgodonsk2.ros.msudrf.ru,нет,61MS0085
Ростовская область,Волгодонск,,Судебный участок № 3 Волгодонского судебного района Ростовской области,MS,Мировой суд,"347366, Ростовская обл, г Волгодонск, ул Ленина, д 21А",https://volgodonsk3.ros.msudrf.ru/,volgodonsk3.ros.msudrf.ru,нет,61MS0086
Ростовская область,Волгодонск,,Судебный участок № 4 Волгодонского судебного района Ростовской области,MS,Мировой суд,"347366, Ростовская обл, г Волгодонск, ул Ленина, д 21А",https://volgodonsk4.ros.msudrf.ru/,volgodonsk4.ros.msudrf.ru,нет,61MS0087
Ростовская область,Волгодонск,,Судебный участок № 5 Волгодонского судебного района Ростовской области,MS,Мировой суд,"347366, Ростовская обл, г Волгодонск, ул Ленина, д 21А",https://volgodonsk5.ros.msudrf.ru/,volgodonsk5.ros.msudrf.ru,нет,61MS0088
Ростовская область,Волгодонск,,Судебный участок № 6-1 Волгодонского судебного района Ростовской области,MS,Мировой суд,"347366, Ростовская обл, г Волгодонск, ул Ленина, д 21А",https://volgodonsk6-1.ros.msudrf.ru/,volgodonsk6-1.ros.msudrf.ru,нет,61MS0089
Ростовская область,Волгодонск,,Судебный участок № 6-2 Волгодонского судебного района Ростовской области,MS,Мировой суд,"347366, Ростовская обл, г Волгодонск, ул Ленина, д 21А",https://volgodonsk6-2.ros.msudrf.ru/,volgodonsk6-2.ros.msudrf.ru,нет,61MS0090
Ростовская область,Волгодонск,,Судебный участок № 7-1 Волгодонского судебного района Ростовской области,MS,Мировой суд,"347366, Ростовская обл, г Волгодонск, ул Морская, д 7",https://volgodonsk7-1.ros.msudrf.ru/,volgodonsk7-1.ros.msudrf.ru,нет,61MS0091
Ростовская область,Волгодонск,,Судебный участок № 7-2 Волгодонского судебного района Ростовской области,MS,Мировой суд,"347366, Ростовская обл, г Волгодонск, ул Морская, д 7",https://volgodonsk7-2.ros.msudrf.ru/,volgodonsk7-2.ros.msudrf.ru,нет,61MS0092
Ростовская область,Восточно-Горняцкий,,Судебный участок № 5 Белокалитвинского судебного района Ростовской области,MS,Мировой суд,"347023, Ростовская область, п. Восточно-Горняцкий, ул. Центральная, д. 8",https://kalitvinsky5.ros.msudrf.ru/,kalitvinsky5.ros.msudrf.ru,нет,61MS0082
Ростовская область,Глубокий,,Судебный участок № 7 Каменского судебного района Ростовской области,MS,Мировой суд,"347850, Ростовская обл, рп Глубокий, ул Ленина, зд 16",https://kamensky2.ros.msudrf.ru/,kamensky2.ros.msudrf.ru,нет,61MS0123
Ростовская область,Гуково,,Судебный участок № 1 Гуковский судебный район Ростовской области,MS,Мировой суд,"347871, Ростовская обл, г Гуково, ул Мира, д 29",https://gukovo1.ros.msudrf.ru/,gukovo1.ros.msudrf.ru,нет,61MS0098
Ростовская область,Гуково,,Судебный участок № 2 Гуковский судебный район Ростовской области,MS,Мировой суд,"347871, Ростовская обл, г Гуково, ул Мира, д 29",https://gukovo2.ros.msudrf.ru/,gukovo2.ros.msudrf.ru,нет,61MS0099
Ростовская область,Гуково,,Судебный участок № 3 Гуковский судебный район Ростовской области,MS,Мировой суд,"347871, Ростовская обл, г Гуково, ул Мира, д 29",https://gukovo3.ros.msudrf.ru/,gukovo3.ros.msudrf.ru,нет,61MS0100
Ростовская область,Гуково,,Судебный участок № 4 Гуковский судебный район Ростовской области,MS,Мировой суд,"347871, Ростовская обл, г Гуково, ул Мира, д 29",https://gukovo4.ros.msudrf.ru/,gukovo4.ros.msudrf.ru,нет,61MS0101
Ростовская область,Донецк,,Судебный участок № 1 Донецкий судебный район Ростовской области,MS,Мировой суд,"346338, Ростовская обл, г Донецк, кв-л 12-й, д 10",https://donetsk1.ros.msudrf.ru/,donetsk1.ros.msudrf.ru,нет,61MS0102
Ростовская область,Донецк,,Судебный участок № 2 Донецкий судебный район Ростовской области,MS,Мировой суд,"346338, Ростовская обл, г Донецк, кв-л 12-й, д 10",https://donetsk2.ros.msudrf.ru/,donetsk2.ros.msudrf.ru,нет,61MS0103
Ростовская область,Донецк,,Судебный участок № 3 Донецкий судебный район Ростовской области,MS,Мировой суд,"346338, Ростовская обл, г Донецк, кв-л 12-й, д 10",https://donetsk3.ros.msudrf.ru/,donetsk3.ros.msudrf.ru,нет,61MS0104
Ростовская область,Дубовское,,Судебный участок № 3 Зимовниковского судебного района Ростовской области,MS,Мировой суд,"347410, Ростовская обл, с Дубовское, ул Первомайская, стр 5",https://dubovsky1.ros.msudrf.ru/,dubovsky1.ros.msudrf.ru,нет,61MS0105
Ростовская область,Егорлыкская,,Судебный участок № 1 Егорлыкского судебного района Ростовской области,MS,Мировой суд,"347660, Ростовская обл, ст-ца Егорлыкская, ул Орджоникидзе, д 55",https://egrl1.ros.msudrf.ru/,egrl1.ros.msudrf.ru,нет,61MS0107
Ростовская область,Егорлыкская,,Судебный участок № 2 Егорлыкского судебного района Ростовской области,MS,Мировой суд,"347660, Ростовская обл, ст-ца Егорлыкская, ул Орджоникидзе, д 55",https://egrl2.ros.msudrf.ru/,egrl2.ros.msudrf.ru,нет,61MS0108
Ростовская область,Заветное,,Судебный участок № 2 Ремонтненского судебного района Ростовской области,MS,Мировой суд,"347430, Ростовская обл, с Заветное, ул Ломоносова, д 21",https://zvt1.ros.msudrf.ru/,zvt1.ros.msudrf.ru,нет,61MS0109
Ростовская область,Зверево,,Судебный участок № 5 Красносулинского судебного района Ростовской области,MS,Мировой суд,"346312, Ростовская обл, г Зверево, ул Малышева, д 27",https://zverevo1.ros.msudrf.ru/,zverevo1.ros.msudrf.ru,нет,61MS0110
Ростовская область,Зверево,,Судебный участок № 6 Красносулинского судебного района Ростовской области,MS,Мировой суд,"346312, Ростовская обл, г Зверево, ул Малышева, д 27",https://zverevo2.ros.msudrf.ru/,zverevo2.ros.msudrf.ru,нет,61MS0111
Ростовская область,Зерноград,,Судебный участок № 1 Зерноградского судебного района Ростовской области,MS,Мировой суд,"347740, Ростовская обл, г Зерноград, ул Мира, д 18",https://zrng1.ros.msudrf.ru/,zrng1.ros.msudrf.ru,нет,61MS0112
Ростовская область,Зерноград,,Судебный участок № 2 Зерноградского судебного района Ростовской области,MS,Мировой суд,"347740, Ростовская обл, г Зерноград, ул Мира, д 18",https://zrng2.ros.msudrf.ru/,zrng2.ros.msudrf.ru,нет,61MS0113
Ростовская область,Зерноград,,Судебный участок № 3 Зерноградского судебного района Ростовской области,MS,Мировой суд,"347740, Ростовская обл, г Зерноград, ул Мира, д 18",https://znrg3.ros.msudrf.ru/,znrg3.ros.msudrf.ru,нет,61MS0114
Ростовская область,Зимовники,,Судебный участок № 1 Зимовниковского судебного района Ростовской области,MS,Мировой суд,"347460, Ростовская обл, п Зимовники, ул Скибы, д 147",https://zim1.ros.msudrf.ru/,zim1.ros.msudrf.ru,нет,61MS0115
Ростовская область,Зимовники,,Судебный участок № 2 Зимовниковского судебного района Ростовской области,MS,Мировой суд,"347460, Ростовская обл, п Зимовники, ул Скибы, д 147",https://zim2.ros.msudrf.ru/,zim2.ros.msudrf.ru,нет,61MS0116
Ростовская область,Кагальницкая,,Судебный участок № 4 Зерноградского судебного района Ростовской области,MS,Мировой суд,"347700, Ростовская обл, ст-ца Кагальницкая, ул Степная, д 1",https://kgln1.ros.msudrf.ru/,kgln1.ros.msudrf.ru,нет,61MS0125
Ростовская область,Кагальницкая,,Судебный участок № 5 Зерноградского судебного района Ростовской области,MS,Мировой суд,"347700, Ростовская обл, ст-ца Кагальницкая, ул Степная, д 1",https://kgln2.ros.msudrf.ru/,kgln2.ros.msudrf.ru,нет,61MS0126
Ростовская область,Казанская,,Судебный участок № 4 Шолоховского судебного района Ростовской области,MS,Мировой суд,"346170, Ростовская обл, ст-ца Казанская, ул Ленина, зд 27",https://vrhd1.ros.msudrf.ru/,vrhd1.ros.msudrf.ru,нет,61MS0095
Ростовская область,Каменоломни,,Судебный участок № 1 Октябрьского судебного района Ростовской области,MS,Мировой суд,"346480, Ростовская обл, рп Каменоломни, ул 40 лет Октября, д 84",https://oktbr1.ros.msudrf.ru/,oktbr1.ros.msudrf.ru,нет,61MS0170
Ростовская область,Каменоломни,,Судебный участок № 2 Октябрьского судебного района Ростовской области,MS,Мировой суд,"346480, Ростовская обл, рп Каменоломни, ул 40 лет Октября, д 84",https://oktbr2.ros.msudrf.ru/,oktbr2.ros.msudrf.ru,нет,61MS0171
Ростовская область,Каменоломни,,Судебный участок № 3 Октябрьского судебного района Ростовской области,MS,Мировой суд,"346480, Ростовская обл, рп Каменоломни, ул 40 лет Октября, д 84",https://oktbr3.ros.msudrf.ru/,oktbr3.ros.msudrf.ru,нет,61MS0172
Ростовская область,Каменоломни,,Судебный участок № 4 Октябрьского судебного района Ростовской области,MS,Мировой суд,"346480, Ростовская обл, рп Каменоломни, ул 40 лет Октября, д 84",https://oktbr4.ros.msudrf.ru/,oktbr4.ros.msudrf.ru,нет,61MS0173
Ростовская область,Каменск-Шахтинский,,Судебный участок № 1 Каменского судебного района Ростовской области,MS,Мировой суд,"347809, Ростовская обл, г Каменск-Шахтинский, ул Героев Пионеров, д 11",https://k-h1.ros.msudrf.ru/,k-h1.ros.msudrf.ru,нет,61MS0117
Ростовская область,Каменск-Шахтинский,,Судебный участок № 2 Каменского судебного района Ростовской области,MS,Мировой суд,"347809, Ростовская обл, г Каменск-Шахтинский, ул Героев Пионеров, д 11",https://k-h2.ros.msudrf.ru/,k-h2.ros.msudrf.ru,нет,61MS0118
Ростовская область,Каменск-Шахтинский,,Судебный участок № 3 Каменского судебного района Ростовской области,MS,Мировой суд,"347809, Ростовская обл, г Каменск-Шахтинский, ул Героев Пионеров, д 11",https://k-h3.ros.msudrf.ru/,k-h3.ros.msudrf.ru,нет,61MS0119
Ростовская область,Каменск-Шахтинский,,Судебный участок № 4 Каменского судебного района Ростовской области,MS,Мировой суд,"347809, Ростовская обл, г Каменск-Шахтинский, ул Героев Пионеров, д 11",https://k-h4.ros.msudrf.ru/,k-h4.ros.msudrf.ru,нет,61MS0120
Ростовская область,Каменск-Шахтинский,,Судебный участок № 5 Каменского судебного района Ростовской области,MS,Мировой суд,"347820, Ростовская обл, г Каменск-Шахтинский, мкр Лиховской, ул Гагарина, д 16",https://k-h5.ros.msudrf.ru/,k-h5.ros.msudrf.ru,нет,61MS0121
Ростовская область,Константиновск,,Судебный участок № 3 Усть-Донецкого судебного района Ростовской области,MS,Мировой суд,"347250, Ростовская обл, г Константиновск, ул 25 Октября, д 47/25",https://knstn1.ros.msudrf.ru/,knstn1.ros.msudrf.ru,нет,61MS0133
Ростовская область,Константиновск,,Судебный участок № 4 Усть-Донецкого судебного района Ростовской области,MS,Мировой суд,"347250, Ростовская обл, г Константиновск, ул 25 Октября, д 47/25",https://knstn2.ros.msudrf.ru/,knstn2.ros.msudrf.ru,нет,61MS0134
Ростовская область,Красный Сулин,,Судебный участок № 1 Красносулинского судебного района Ростовской области,MS,Мировой суд,"346350, Ростовская обл, г Красный Сулин, ул Ленина, д 14",https://krsn1.ros.msudrf.ru/,krsn1.ros.msudrf.ru,нет,61MS0129
Ростовская область,Красный Сулин,,Судебный участок № 2 Красносулинского судебного района Ростовской области,MS,Мировой суд,"346350, Ростовская обл, г Красный Сулин, ул Ленина, д 14",https://krsn2.ros.msudrf.ru/,krsn2.ros.msudrf.ru,нет,61MS0130
Ростовская область,Красный Сулин,,Судебный участок № 3 Красносулинского судебного района Ростовской области,MS,Мировой суд,"346350, Ростовская обл, г Красный Сулин, ул Ленина, д 14",https://krsn3.ros.msudrf.ru/,krsn3.ros.msudrf.ru,нет,61MS0131
Ростовская область,Красный Сулин,,Судебный участок № 4 Красносулинского судебного района Ростовской области,MS,Мировой суд,"346350, Ростовская обл, г Красный Сулин, ул Ленина, д 14",https://krsn4.ros.msudrf.ru/,krsn4.ros.msudrf.ru,нет,61MS0132
Ростовская область,Куйбышево,,Судебный участок № 3 Матвеево-Курганского судебного района Ростовской области,MS,Мировой суд,"346940, Ростовская обл, с Куйбышево, ул Пролетарская, зд 2Б",https://kbsh1.ros.msudrf.ru/,kbsh1.ros.msudrf.ru,нет,61MS0135
Ростовская область,Матвеев Курган,,Судебный участок № 1 Матвеево-Курганского судебного района Ростовской области,MS,Мировой суд,"346970, Ростовская обл, п Матвеев Курган, ул Таганрогская, д 112А",https://m-k1.ros.msudrf.ru/,m-k1.ros.msudrf.ru,нет,61MS0136
Ростовская область,Матвеев Курган,,Судебный участок № 2 Матвеево-Курганского судебного района Ростовской области,MS,Мировой суд,"346970, Ростовская обл, п Матвеев Курган, ул 1-я Пятилетка, зд 100",https://m-k2.ros.msudrf.ru/,m-k2.ros.msudrf.ru,нет,61MS0137
Ростовская область,Миллерово,,Судебный участок № 1 Миллеровского судебного района Ростовской области,MS,Мировой суд,"346130, Ростовская обл, г Миллерово, ул Плеханова, зд 6",https://mlrn1.ros.msudrf.ru/,mlrn1.ros.msudrf.ru,нет,61MS0141
Ростовская область,Миллерово,,Судебный участок № 2 Миллеровского судебного района Ростовской области,MS,Мировой суд,"346130, Ростовская обл, г Миллерово, ул Плеханова, зд 6",https://mlrn2.ros.msudrf.ru/,mlrn2.ros.msudrf.ru,нет,61MS0142
Ростовская область,Миллерово,,Судебный участок № 3 Миллеровского судебного района Ростовской области,MS,Мировой суд,"346130, Ростовская обл, г Миллерово, ул Плеханова, зд 6",https://mlrn3.ros.msudrf.ru/,mlrn3.ros.msudrf.ru,нет,61MS0143
Ростовская область,Миллерово,,Судебный участок № 4 Миллеровского судебного района Ростовской области,MS,Мировой суд,"346130, Ростовская обл, г Миллерово, ул Плеханова, зд 6",https://mlrn4.ros.msudrf.ru/,mlrn4.ros.msudrf.ru,нет,61MS0144
Ростовская область,Милютинская,,Судебный участок № 3 Морозовского судебного района Ростовской области,MS,Мировой суд,"347120, Ростовская обл, ст-ца Милютинская, ул Комсомольская, д 14",https://mltn1.ros.msudrf.ru/,mltn1.ros.msudrf.ru,нет,61MS0140
Ростовская область,Морозовск,,Судебный участок № 1 Морозовского судебного района Ростовской области,MS,Мировой суд,"347210, Ростовская обл, г Морозовск, ул Ленина, зд 206",https://morozovsky1.ros.msudrf.ru/,morozovsky1.ros.msudrf.ru,нет,61MS0145
Ростовская область,Морозовск,,Судебный участок № 2 Морозовского судебного района Ростовской области,MS,Мировой суд,"347210, Ростовская обл, г Морозовск, ул Ленина, зд 206",https://morozovsky2.ros.msudrf.ru/,morozovsky2.ros.msudrf.ru,нет,61MS0146
Ростовская область,Новочеркасск,,Судебный участок № 1 Новочеркасский судебный район Ростовской области,MS,Мировой суд,"346410, Ростовская обл, г Новочеркасск, ул Маяковского, д 67",https://nchr1.ros.msudrf.ru/,nchr1.ros.msudrf.ru,нет,61MS0159
Ростовская область,Новочеркасск,,Судебный участок № 10 Новочеркасский судебный район Ростовской области,MS,Мировой суд,"346410, Ростовская обл, г Новочеркасск, ул Маяковского, д 67",https://nchr10.ros.msudrf.ru/,nchr10.ros.msudrf.ru,нет,61MS0168
Ростовская область,Новочеркасск,,Судебный участок № 2 Новочеркасский судебный район Ростовской области,MS,Мировой суд,"346410, Ростовская обл, г Новочеркасск, ул Маяковского, д 67",https://nchr2.ros.msudrf.ru/,nchr2.ros.msudrf.ru,нет,61MS0160
Ростовская область,Новочеркасск,,Судебный участок № 3 Новочеркасский судебный район Ростовской области,MS,Мировой суд,"346410, Ростовская обл, г Новочеркасск, ул Маяковского, д 67",https://nchr3.ros.msudrf.ru/,nchr3.ros.msudrf.ru,нет,61MS0161
Ростовская область,Новочеркасск,,Судебный участок № 4 Новочеркасский судебный район Ростовской области,MS,Мировой суд,"346410, Ростовская обл, г Новочеркасск, ул Маяковского, д 67",https://nchr4.ros.msudrf.ru/,nchr4.ros.msudrf.ru,нет,61MS0162
Ростовская область,Новочеркасск,,Судебный участок № 5 Новочеркасский судебный район Ростовской области,MS,Мировой суд,"346410, Ростовская обл, г Новочеркасск, ул Маяковского, д 67",https://nchr5.ros.msudrf.ru/,nchr5.ros.msudrf.ru,нет,61MS0163
Ростовская область,Новочеркасск,,Судебный участок № 6 Новочеркасский судебный район Ростовской области,MS,Мировой суд,"346410, Ростовская обл, г Новочеркасск, ул Маяковского, д 67",https://nchr6.ros.msudrf.ru/,nchr6.ros.msudrf.ru,нет,61MS0164
Ростовская область,Новочеркасск,,Судебный участок № 7 Новочеркасский судебный район Ростовской области,MS,Мировой суд,"346410, Ростовская обл, г Новочеркасск, ул Маяковского, д 67",https://nchr7.ros.msudrf.ru/,nchr7.ros.msudrf.ru,нет,61MS0165
Ростовская область,Новочеркасск,,Судебный участок № 8 Новочеркасский судебный район Ростовской области,MS,Мировой суд,"346410, Ростовская обл, г Новочеркасск, ул Маяковского, д 67",https://nchr8.ros.msudrf.ru/,nchr8.ros.msudrf.ru,нет,61MS0166
Ростовская область,Новочеркасск,,Судебный участок № 9 Новочеркасский судебный район Ростовской области,MS,Мировой суд,"346410, Ростовская обл, г Новочеркасск, ул Маяковского, д 67",https://nchr9.ros.msudrf.ru/,nchr9.ros.msudrf.ru,нет,61MS0167
Ростовская область,Новошахтинск,,Судебный участок № 1 Новошахтинский судебный район Ростовской области,MS,Мировой суд,"346919, Ростовская обл, г Новошахтинск, ул Социалистическая, д 29",https://nshht1.ros.msudrf.ru/,nshht1.ros.msudrf.ru,нет,61MS0153
Ростовская область,Новошахтинск,,Судебный участок № 2 Новошахтинский судебный район Ростовской области,MS,Мировой суд,"346919, Ростовская обл, г Новошахтинск, ул Социалистическая, д 29",https://nshht2.ros.msudrf.ru/,nshht2.ros.msudrf.ru,нет,61MS0154
Ростовская область,Новошахтинск,,Судебный участок № 3 Новошахтинский судебный район Ростовской области,MS,Мировой суд,"346919, Ростовская обл, г Новошахтинск, ул Социалистическая, д 29",https://nshht3.ros.msudrf.ru/,nshht3.ros.msudrf.ru,нет,61MS0155
Ростовская область,Новошахтинск,,Судебный участок № 4 Новошахтинский судебный район Ростовской области,MS,Мировой суд,"346919, Ростовская обл, г Новошахтинск, ул Социалистическая, д 29",https://nshht4.ros.msudrf.ru/,nshht4.ros.msudrf.ru,нет,61MS0156
Ростовская область,Новошахтинск,,Судебный участок № 5 Новошахтинский судебный район Ростовской области,MS,Мировой суд,"346919, Ростовская обл, г Новошахтинск, ул Социалистическая, д 29",https://nshht5.ros.msudrf.ru/,nshht5.ros.msudrf.ru,нет,61MS0157
Ростовская область,Новошахтинск,,Судебный участок № 6 Новошахтинский судебный район Ростовской области,MS,Мировой суд,"346919, Ростовская обл, г Новошахтинск, ул Социалистическая, д 29",https://nshht6.ros.msudrf.ru/,nshht6.ros.msudrf.ru,нет,61MS0158
Ростовская область,Обливская,,Судебный участок № 1 Обливского судебного района Ростовской области,MS,Мировой суд,"347140, Ростовская обл, ст-ца Обливская, ул Ленина, д 40",https://oblv1.ros.msudrf.ru/,oblv1.ros.msudrf.ru,нет,61MS0169
Ростовская область,Орловский,,Судебный участок № 3 Пролетарского судебного района Ростовской области,MS,Мировой суд,"347510, Ростовская обл, п Орловский, ул Пионерская, зд 60А",https://orlv1.ros.msudrf.ru/,orlv1.ros.msudrf.ru,нет,61MS0174
Ростовская область,Орловский,,Судебный участок № 4 Пролетарского судебного района Ростовской области,MS,Мировой суд,"347510, Ростовская обл, п Орловский, ул Пионерская, зд 60А",https://orlv2.ros.msudrf.ru/,orlv2.ros.msudrf.ru,нет,61MS0175
Ростовская область,Песчанокопское,,Судебный участок № 7 Сальского судебного района Ростовской области,MS,Мировой суд,"347572, Ростовская обл, с Песчанокопское, ул Суворова, д 14",https://pschr1.ros.msudrf.ru/,pschr1.ros.msudrf.ru,нет,61MS0178
Ростовская область,Песчанокопское,,Судебный участок № 8 Сальского судебного района Ростовской области,MS,Мировой суд,"347572, Ростовская обл, с Песчанокопское, ул Суворова, д 14",https://pschr2.ros.msudrf.ru/,pschr2.ros.msudrf.ru,нет,61MS0179
Ростовская область,Покровское,,Судебный участок № 1 Неклиновского судебного района Ростовской области,MS,Мировой суд,"346830, Ростовская обл, с Покровское, ул Ленина, д 286А",https://nkln1.ros.msudrf.ru/,nkln1.ros.msudrf.ru,нет,61MS0149
Ростовская область,Покровское,,Судебный участок № 2 Неклиновского судебного района Ростовской области,MS,Мировой суд,"346831, Ростовская обл, с Покровское, ул Привокзальная, д 82",https://nkln2.ros.msudrf.ru/,nkln2.ros.msudrf.ru,нет,61MS0150
Ростовская область,Покровское,,Судебный участок № 3 Неклиновского судебного района Ростовской области,MS,Мировой суд,"346830, Ростовская обл, с Покровское, ул Ленина, д 286А",https://nkln3.ros.msudrf.ru/,nkln3.ros.msudrf.ru,нет,61MS0151
Ростовская область,Покровское,,Судебный участок № 4 Неклиновского судебного района Ростовской области,MS,Мировой суд,"346831, Ростовская обл, с Покровское, ул Привокзальная, д 82",https://nkln4.ros.msudrf.ru/,nkln4.ros.msudrf.ru,нет,61MS0152
Ростовская область,Пролетарск,,Судебный участок № 1 Пролетарского судебного района Ростовской области,MS,Мировой суд,"347540, Ростовская обл, г Пролетарск, ул Пионерская, зд 72",https://prltr1.ros.msudrf.ru/,prltr1.ros.msudrf.ru,нет,61MS0176
Ростовская область,Пролетарск,,Судебный участок № 2 Пролетарского судебного района Ростовской области,MS,Мировой суд,"347540, Ростовская обл, г Пролетарск, ул Пионерская, зд 72",https://prtlr2.ros.msudrf.ru/,prtlr2.ros.msudrf.ru,нет,61MS0177
Ростовская область,Ремонтное,,Судебный участок № 1 Ремонтненского судебного района Ростовской области,MS,Мировой суд,"347480, Ростовская обл, с Ремонтное, ул Дзержинского, зд 40",https://remr1.ros.msudrf.ru/,remr1.ros.msudrf.ru,нет,61MS0180
Ростовская область,Романовская,,Судебный участок № 8 Волгодонского судебного района Ростовской области,MS,Мировой суд,"347350, Ростовская обл, ст-ца Романовская, пер Кожанова, зд 45",https://vlgd-r1.ros.msudrf.ru/,vlgd-r1.ros.msudrf.ru,нет,61MS0093
Ростовская область,Романовская,,Судебный участок № 9 Волгодонского судебного района Ростовской области,MS,Мировой суд,"347350, Ростовская обл, ст-ца Романовская, пер Кожанова, зд 45",https://vlgd-r2.ros.msudrf.ru/,vlgd-r2.ros.msudrf.ru,нет,61MS0094
Ростовская область,Ростов-на-Дону,,Судебный участок № 1 Ворошиловского судебного района г. Ростова-на-Дону,MS,Мировой суд,"344068, г Ростов-на-Дону, ул Криворожская, д 56",https://vrsh1.ros.msudrf.ru/,vrsh1.ros.msudrf.ru,нет,61MS0001
Ростовская область,Ростов-на-Дону,,Судебный участок № 1 Железнодорожного судебного района г. Ростова-на-Дону,MS,Мировой суд,"344116, г Ростов-на-Дону, ул Кулагина, д 62/45Б",https://zhldr1.ros.msudrf.ru/,zhldr1.ros.msudrf.ru,нет,61MS0010
Ростовская область,Ростов-на-Дону,,Судебный участок № 1 Кировского судебного района г. Ростова-на-Дону,MS,Мировой суд,"344 002, г. Ростов-на-Дону, ул, Большая садовая, д. 88",https://kir1-1.ros.msudrf.ru/,kir1-1.ros.msudrf.ru,нет,61MS0016
Ростовская область,Ростов-на-Дону,,Судебный участок № 1 Кировского судебного района г. Ростова-на-Дону,MS,Мировой суд,"344 002, г. Ростов-на-Дону, ул, Большая садовая, д. 88",https://kir1-2.ros.msudrf.ru/,kir1-2.ros.msudrf.ru,нет,61MS0017
Ростовская область,Ростов-на-Дону,,Судебный участок № 1 Ленинского судебного района г. Ростова-на-Дону,MS,Мировой суд,"344011, г Ростов-на-Дону, ул Лермонтовская, д 11",https://len1-1.ros.msudrf.ru/,len1-1.ros.msudrf.ru,нет,61MS0022
Ростовская область,Ростов-на-Дону,,Судебный участок № 1 Ленинского судебного района г. Ростова-на-Дону,MS,Мировой суд,"344011, г Ростов-на-Дону, ул Лермонтовская, д 11",https://len1-2.ros.msudrf.ru/,len1-2.ros.msudrf.ru,нет,61MS0023
Ростовская область,Ростов-на-Дону,,Судебный участок № 1 Октябрьского судебного района г. Ростова-на-Дону,MS,Мировой суд,"344003, г Ростов-на-Дону, пр-кт Ворошиловский, д 91/2",https://okt1.ros.msudrf.ru/,okt1.ros.msudrf.ru,нет,61MS0028
Ростовская область,Ростов-на-Дону,,Судебный участок № 1 Первомайского судебного района г. Ростова-на-Дону,MS,Мировой суд,"344029, г Ростов-на-Дону, пр-кт Мира, д 8",https://prvm1.ros.msudrf.ru/,prvm1.ros.msudrf.ru,нет,61MS0035
Ростовская область,Ростов-на-Дону,,Судебный участок № 1 Пролетарского судебного района г. Ростова-на-Дону,MS,Мировой суд,"344037, г Ростов-на-Дону, ул 20-я линия, д 32-34/27",https://prlt1.ros.msudrf.ru/,prlt1.ros.msudrf.ru,нет,61MS0044
Ростовская область,Ростов-на-Дону,,Судебный участок № 1 Советского судебного района г. Ростова-на-Дону,MS,Мировой суд,"344103, г Ростов-на-Дону, ул Содружества, д 84",https://sov1.ros.msudrf.ru/,sov1.ros.msudrf.ru,нет,61MS0051
Ростовская область,Ростов-на-Дону,,Судебный участок № 2 Ворошиловского судебного района г. Ростова-на-Дону,MS,Мировой суд,"344068, г Ростов-на-Дону, ул Криворожская, д 56",https://vrsh2.ros.msudrf.ru/,vrsh2.ros.msudrf.ru,нет,61MS0002
Ростовская область,Ростов-на-Дону,,Судебный участок № 2 Железнодорожного судебного района г. Ростова-на-Дону,MS,Мировой суд,"344116, г Ростов-на-Дону, ул Кулагина, д 62/45Б",https://zhldr2.ros.msudrf.ru/,zhldr2.ros.msudrf.ru,нет,61MS0011
Ростовская область,Ростов-на-Дону,,Судебный участок № 2 Кировского судебного района г. Ростова-на-Дону,MS,Мировой суд,"344 002, г. Ростов-на-Дону, ул, Большая садовая, д. 88",https://kir2-1.ros.msudrf.ru/,kir2-1.ros.msudrf.ru,нет,61MS0018
Ростовская область,Ростов-на-Дону,,Судебный участок № 2 Кировского судебного района г. Ростова-на-Дону,MS,Мировой суд,"344 002, г. Ростов-на-Дону, ул, Большая садовая, д. 88",https://kir2-2.ros.msudrf.ru/,kir2-2.ros.msudrf.ru,нет,61MS0019
Ростовская область,Ростов-на-Дону,,Судебный участок № 2 Ленинского судебного района г. Ростова-на-Дону,MS,Мировой суд,"344011, г Ростов-на-Дону, ул Лермонтовская, д 11",https://len2-1.ros.msudrf.ru/,len2-1.ros.msudrf.ru,нет,61MS0024
Ростовская область,Ростов-на-Дону,,Судебный участок № 2 Ленинского судебного района г. Ростова-на-Дону,MS,Мировой суд,"344011, г Ростов-на-Дону, ул Лермонтовская, д 11",https://len2-2.ros.msudrf.ru/,len2-2.ros.msudrf.ru,нет,61MS0025
Ростовская область,Ростов-на-Дону,,Судебный участок № 2 Октябрьского судебного района г. Ростова-на-Дону,MS,Мировой суд,"344003, г Ростов-на-Дону, пр-кт Ворошиловский, д 91/2",https://okt2.ros.msudrf.ru/,okt2.ros.msudrf.ru,нет,61MS0029
Ростовская область,Ростов-на-Дону,,Судебный участок № 2 Первомайского судебного района г. Ростова-на-Дону,MS,Мировой суд,"344029, г Ростов-на-Дону, пр-кт Мира, д 23",https://prvm2.ros.msudrf.ru/,prvm2.ros.msudrf.ru,нет,61MS0036
Ростовская область,Ростов-на-Дону,,Судебный участок № 2 Пролетарского судебного района г. Ростова-на-Дону,MS,Мировой суд,"344037, г Ростов-на-Дону, ул 20-я линия, д 32-34/27",https://prlt2.ros.msudrf.ru/,prlt2.ros.msudrf.ru,нет,61MS0045
Ростовская область,Ростов-на-Дону,,Судебный участок № 2 Советского судебного района г. Ростова-на-Дону,MS,Мировой суд,"344103, г Ростов-на-Дону, ул Содружества, д 84",https://sov2.ros.msudrf.ru/,sov2.ros.msudrf.ru,нет,61MS0052
Ростовская область,Ростов-на-Дону,,Судебный участок № 3 Ворошиловского судебного района г. Ростова-на-Дону,MS,Мировой суд,"344068, г Ростов-на-Дону, ул Криворожская, д 56",https://vrsh3.ros.msudrf.ru/,vrsh3.ros.msudrf.ru,нет,61MS0003
Ростовская область,Ростов-на-Дону,,Судебный участок № 3 Железнодорожного судебного района г. Ростова-на-Дону,MS,Мировой суд,"344116, г Ростов-на-Дону, ул Кулагина, д 62/45Б",https://zhldr3.ros.msudrf.ru/,zhldr3.ros.msudrf.ru,нет,61MS0012
Ростовская область,Ростов-на-Дону,,Судебный участок № 3 Кировского судебного района г. Ростова-на-Дону,MS,Мировой суд,"344 002, г. Ростов-на-Дону, ул, Большая садовая, д. 88",https://kir3-1.ros.msudrf.ru/,kir3-1.ros.msudrf.ru,нет,61MS0020
Ростовская область,Ростов-на-Дону,,Судебный участок № 3 Кировского судебного района г. Ростова-на-Дону,MS,Мировой суд,"344 002, г. Ростов-на-Дону, ул, Большая садовая, д. 88",https://kir3-2.ros.msudrf.ru/,kir3-2.ros.msudrf.ru,нет,61MS0021
Ростовская область,Ростов-на-Дону,,Судебный участок № 3 Ленинского судебного района г. Ростова-на-Дону,MS,Мировой суд,"344011, г Ростов-на-Дону, ул Лермонтовская, д 11",https://len3.ros.msudrf.ru/,len3.ros.msudrf.ru,нет,61MS0026
Ростовская область,Ростов-на-Дону,,Судебный участок № 3 Октябрьского судебного района г. Ростова-на-Дону,MS,Мировой суд,"344012, г Ростов-на-Дону, ул Юфимцева, д 12/2",https://okt3.ros.msudrf.ru/,okt3.ros.msudrf.ru,нет,61MS0030
Ростовская область,Ростов-на-Дону,,Судебный участок № 3 Первомайского судебного района г. Ростова-на-Дону,MS,Мировой суд,"344029, г Ростов-на-Дону, пр-кт Мира, д 8",https://prvm3.ros.msudrf.ru/,prvm3.ros.msudrf.ru,нет,61MS0037
Ростовская область,Ростов-на-Дону,,Судебный участок № 3 Пролетарского судебного района г. Ростова-на-Дону,MS,Мировой суд,"344037, г Ростов-на-Дону, ул 20-я линия, д 32-34/27",https://prlt3.ros.msudrf.ru/,prlt3.ros.msudrf.ru,нет,61MS0046
Ростовская область,Ростов-на-Дону,,Судебный участок № 3 Советского судебного района г. Ростова-на-Дону,MS,Мировой суд,"344103, г Ростов-на-Дону, ул Содружества, д 84",https://sov3.ros.msudrf.ru/,sov3.ros.msudrf.ru,нет,61MS0053
Ростовская область,Ростов-на-Дону,,Судебный участок № 4 Ворошиловского судебного района г. Ростова-на-Дону,MS,Мировой суд,"344068, г Ростов-на-Дону, ул Криворожская, д 56",https://vrsh4.ros.msudrf.ru/,vrsh4.ros.msudrf.ru,нет,61MS0004
Ростовская область,Ростов-на-Дону,,Судебный участок № 4 Железнодорожного судебного района г. Ростова-на-Дону,MS,Мировой суд,"344116, г Ростов-на-Дону, ул Кулагина, д 62/45Б",https://zhldr4.ros.msudrf.ru/,zhldr4.ros.msudrf.ru,нет,61MS0013
Ростовская область,Ростов-на-Дону,,Судебный участок № 4 Ленинского судебного района г. Ростова-на-Дону,MS,Мировой суд,"344011, г Ростов-на-Дону, ул Лермонтовская, д 11",https://len4.ros.msudrf.ru/,len4.ros.msudrf.ru,нет,61MS0027
Ростовская область,Ростов-на-Дону,,Судебный участок № 4 Октябрьского судебного района г. Ростова-на-Дону,MS,Мировой суд,"344003, г Ростов-на-Дону, пр-кт Ворошиловский, д 91/2",https://okt4.ros.msudrf.ru/,okt4.ros.msudrf.ru,нет,61MS0031
Ростовская область,Ростов-на-Дону,,Судебный участок № 4 Первомайского судебного района г. Ростова-на-Дону,MS,Мировой суд,"344029, г Ростов-на-Дону, пр-кт Мира, д 8",https://prvm4.ros.msudrf.ru/,prvm4.ros.msudrf.ru,нет,61MS0038
Ростовская область,Ростов-на-Дону,,Судебный участок № 4 Пролетарского судебного района г. Ростова-на-Дону,MS,Мировой суд,"344037, г Ростов-на-Дону, ул 20-я линия, д 32-34/27",https://prlt4.ros.msudrf.ru/,prlt4.ros.msudrf.ru,нет,61MS0047
Ростовская область,Ростов-на-Дону,,Судебный участок № 4 Советского судебного района г. Ростова-на-Дону,MS,Мировой суд,"344103, г Ростов-на-Дону, ул Содружества, д 84",https://sov4.ros.msudrf.ru/,sov4.ros.msudrf.ru,нет,61MS0054
Ростовская область,Ростов-на-Дону,,Судебный участок № 5 Ворошиловского судебного района г. Ростова-на-Дону,MS,Мировой суд,"344068, г Ростов-на-Дону, ул Криворожская, д 56",https://vrsh5.ros.msudrf.ru/,vrsh5.ros.msudrf.ru,нет,61MS0005
Ростовская область,Ростов-на-Дону,,Судебный участок № 5 Железнодорожного судебного района г. Ростова-на-Дону,MS,Мировой суд,"344116, г Ростов-на-Дону, ул Кулагина, д 62/45Б",https://zhldr5.ros.msudrf.ru/,zhldr5.ros.msudrf.ru,нет,61MS0014
Ростовская область,Ростов-на-Дону,,Судебный участок № 5 Октябрьского судебного района г. Ростова-на-Дону,MS,Мировой суд,"344003, г Ростов-на-Дону, пр-кт Ворошиловский, д 91/2",https://okt5.ros.msudrf.ru/,okt5.ros.msudrf.ru,нет,61MS0032
Ростовская область,Ростов-на-Дону,,Судебный участок № 5 Первомайского судебного района г. Ростова-на-Дону,MS,Мировой суд,"344029, г Ростов-на-Дону, пр-кт Мира, д 8",https://prvm5.ros.msudrf.ru/,prvm5.ros.msudrf.ru,нет,61MS0039
Ростовская область,Ростов-на-Дону,,Судебный участок № 5 Пролетарского судебного района г. Ростова-на-Дону,MS,Мировой суд,"344037, г Ростов-на-Дону, ул 20-я линия, д 32-34/27",https://prlt5.ros.msudrf.ru/,prlt5.ros.msudrf.ru,нет,61MS0048
Ростовская область,Ростов-на-Дону,,Судебный участок № 5 Советского судебного района г. Ростова-на-Дону,MS,Мировой суд,"344103, г Ростов-на-Дону, ул Содружества, д 84",https://sov5.ros.msudrf.ru/,sov5.ros.msudrf.ru,нет,61MS0055
Ростовская область,Ростов-на-Дону,,Судебный участок № 6 Ворошиловского судебного района г. Ростова-на-Дону,MS,Мировой суд,"344068, г Ростов-на-Дону, ул Криворожская, д 56",https://vrsh6.ros.msudrf.ru/,vrsh6.ros.msudrf.ru,нет,61MS0006
Ростовская область,Ростов-на-Дону,,Судебный участок № 6 Железнодорожного судебного района г. Ростова-на-Дону,MS,Мировой суд,"344116, г Ростов-на-Дону, ул Кулагина, д 62/45Б",https://zhldr6.ros.msudrf.ru/,zhldr6.ros.msudrf.ru,нет,61MS0015
Ростовская область,Ростов-на-Дону,,Судебный участок № 6 Октябрьского судебного района г. Ростова-на-Дону,MS,Мировой суд,"344012, г Ростов-на-Дону, ул Юфимцева, д 12/2",https://okt6.ros.msudrf.ru/,okt6.ros.msudrf.ru,нет,61MS0033
Ростовская область,Ростов-на-Дону,,Судебный участок № 6 Первомайского судебного района г. Ростова-на-Дону,MS,Мировой суд,"344029, г Ростов-на-Дону, пр-кт Мира, д 23",https://prvm6.ros.msudrf.ru/,prvm6.ros.msudrf.ru,нет,61MS0040
Ростовская область,Ростов-на-Дону,,Судебный участок № 6 Пролетарского судебного района г. Ростова-на-Дону,MS,Мировой суд,"344037, г Ростов-на-Дону, ул 20-я линия, д 32-34/27",https://prlt6.ros.msudrf.ru/,prlt6.ros.msudrf.ru,нет,61MS0049
Ростовская область,Ростов-на-Дону,,Судебный участок № 6 Советского судебного района г. Ростова-на-Дону,MS,Мировой суд,"344103, г Ростов-на-Дону, ул Содружества, д 84",https://sov6.ros.msudrf.ru/,sov6.ros.msudrf.ru,нет,61MS0056
Ростовская область,Ростов-на-Дону,,Судебный участок № 7 Ворошиловского судебного района г. Ростова-на-Дону,MS,Мировой суд,"344092, г Ростов-на-Дону, пр-кт Космонавтов, д 2/1",https://vrsh7.ros.msudrf.ru/,vrsh7.ros.msudrf.ru,нет,61MS0007
Ростовская область,Ростов-на-Дону,,Судебный участок № 7 Октябрьского судебного района г. Ростова-на-Дону,MS,Мировой суд,"344003, г Ростов-на-Дону, пр-кт Ворошиловский, д 91/2",https://okt7.ros.msudrf.ru/,okt7.ros.msudrf.ru,нет,61MS0034
Ростовская область,Ростов-на-Дону,,Судебный участок № 7 Первомайского судебного района г. Ростова-на-Дону,MS,Мировой суд,"344029, г Ростов-на-Дону, пр-кт Мира, д 23",https://prvm7.ros.msudrf.ru/,prvm7.ros.msudrf.ru,нет,61MS0041
Ростовская область,Ростов-на-Дону,,Судебный участок № 7 Пролетарского судебного района г. Ростова-на-Дону,MS,Мировой суд,"344037, г Ростов-на-Дону, ул 20-я линия, д 32-34/27",https://prlt7.ros.msudrf.ru/,prlt7.ros.msudrf.ru,нет,61MS0050
Ростовская область,Ростов-на-Дону,,Судебный участок № 7 Советского судебного района г. Ростова-на-Дону,MS,Мировой суд,"344103, г Ростов-на-Дону, ул Содружества, д 84",https://sov7.ros.msudrf.ru/,sov7.ros.msudrf.ru,нет,61MS0057
Ростовская область,Ростов-на-Дону,,Судебный участок № 8 Ворошиловского судебного района г. Ростова-на-Дону,MS,Мировой суд,"344092, г Ростов-на-Дону, пр-кт Космонавтов, д 2/1",https://vrsh8.ros.msudrf.ru/,vrsh8.ros.msudrf.ru,нет,61MS0008
Ростовская область,Ростов-на-Дону,,Судебный участок № 8 Октябрьского судебного района г. Ростова-на-Дону,MS,Мировой суд,"344012, г Ростов-на-Дону, ул Юфимцева, д 12/2",https://okt8.ros.msudrf.ru/,okt8.ros.msudrf.ru,нет,61MS0232
Ростовская область,Ростов-на-Дону,,Судебный участок № 8 Первомайского судебного района г. Ростова-на-Дону,MS,Мировой суд,"344029, г Ростов-на-Дону, пр-кт Мира, д 8",https://prvm8.ros.msudrf.ru/,prvm8.ros.msudrf.ru,нет,61MS0042
Ростовская область,Ростов-на-Дону,,Судебный участок № 8 Советского судебного района г. Ростова-на-Дону,MS,Мировой суд,"344103, г Ростов-на-Дону, ул Содружества, д 84",https://sov8.ros.msudrf.ru/,sov8.ros.msudrf.ru,нет,61MS0231
Ростовская область,Ростов-на-Дону,,Судебный участок № 9 Ворошиловского судебного района г. Ростова-на-Дону,MS,Мировой суд,"344092, г Ростов-на-Дону, пр-кт Космонавтов, д 2/1",https://vrsh9.ros.msudrf.ru/,vrsh9.ros.msudrf.ru,нет,61MS0009
Ростовская область,Ростов-на-Дону,,Судебный участок № 9 Первомайского судебного района г. Ростова-на-Дону,MS,Мировой суд,"344029, г Ростов-на-Дону, пр-кт Мира, д 8",https://prvm9.ros.msudrf.ru/,prvm9.ros.msudrf.ru,нет,61MS0043
Ростовская область,Сальск,,Судебный участок № 1 Сальского судебного района Ростовской области,MS,Мировой суд,"347630, Ростовская обл, г Сальск, ул Ленина, д 29",https://salsky1.ros.msudrf.ru/,salsky1.ros.msudrf.ru,нет,61MS0182
Ростовская область,Сальск,,Судебный участок № 2 Сальского судебного района Ростовской области,MS,Мировой суд,"347630, Ростовская обл, г Сальск, ул Ленина, д 21",https://salsky2.ros.msudrf.ru/,salsky2.ros.msudrf.ru,нет,61MS0183
Ростовская область,Сальск,,Судебный участок № 3 Сальского судебного района Ростовской области,MS,Мировой суд,"347630, Ростовская обл, г Сальск, ул Ленина, д 29",https://salsky3.ros.msudrf.ru/,salsky3.ros.msudrf.ru,нет,61MS0184
Ростовская область,Сальск,,Судебный участок № 4 Сальского судебного района Ростовской области,MS,Мировой суд,"347630, Ростовская обл, г Сальск, ул Ленина, д 29",https://salsky4.ros.msudrf.ru/,salsky4.ros.msudrf.ru,нет,61MS0185
Ростовская область,Сальск,,Судебный участок № 5 Сальского судебного района Ростовской области,MS,Мировой суд,"347630, Ростовская обл, г Сальск, ул Ленина, д 21",https://salsky5.ros.msudrf.ru/,salsky5.ros.msudrf.ru,нет,61MS0186
Ростовская область,Сальск,,Судебный участок № 6 Сальского судебного района Ростовской области,MS,Мировой суд,"347630, Ростовская обл, г Сальск, ул Ленина, д 29",https://salsky6.ros.msudrf.ru/,salsky6.ros.msudrf.ru,нет,61MS0187
Ростовская область,Семикаракорск,,Судебный участок № 1 Семикаракорского судебного района Ростовской области,MS,Мировой суд,"346630, Ростовская обл, г Семикаракорск, ул Набережная, зд 13/1",https://smkrk1.ros.msudrf.ru/,smkrk1.ros.msudrf.ru,нет,61MS0189
Ростовская область,Семикаракорск,,Судебный участок № 2 Семикаракорского судебного района Ростовской области,MS,Мировой суд,"346630, Ростовская обл, г Семикаракорск, ул Набережная, зд 13/1",https://smkrk2.ros.msudrf.ru/,smkrk2.ros.msudrf.ru,нет,61MS0190
Ростовская область,Семикаракорск,,Судебный участок № 3 Семикаракорского судебного района Ростовской области,MS,Мировой суд,"346630, Ростовская обл, г Семикаракорск, ул Набережная, зд 13/1",https://smkrk3.ros.msudrf.ru/,smkrk3.ros.msudrf.ru,нет,61MS0191
Ростовская область,Синегорский,,Судебный участок № 4 Белокалитвинского судебного района Ростовской области,MS,Мировой суд,"347027, Ростовская обл, Белокалитвинский р-н, п Синегорский, мкр ВГСЧ, зд 9",https://kalitvinsky4.ros.msudrf.ru/,kalitvinsky4.ros.msudrf.ru,нет,61MS0081
Ростовская область,Советская,,Судебный участок № 2 Обливского судебного района Ростовской области,MS,Мировой суд,"347180, Ростовская обл, ст-ца Советская, ул Орджоникидзе, зд 11А",https://svtr1.ros.msudrf.ru/,svtr1.ros.msudrf.ru,нет,61MS0188
Ростовская область,Старая Станица,,Судебный участок № 6 Каменского судебного района Ростовской области,MS,Мировой суд,"347830, Ростовская обл, Каменский р-н, х Старая Станица, ул Сосновая, д 1А",https://kamensky1.ros.msudrf.ru/,kamensky1.ros.msudrf.ru,нет,61MS0122
Ростовская область,Старая Станица,,Судебный участок № 8 Каменского судебного района Ростовской области,MS,Мировой суд,"347830, Ростовская обл, Каменский р-н, х Старая Станица, ул Сосновая, д 1А",https://kamensky3.ros.msudrf.ru/,kamensky3.ros.msudrf.ru,нет,61MS0124
Ростовская область,Таганрог,,Судебный участок № 1 Таганрогского судебного района Ростовской области,MS,Мировой суд,"347913, Ростовская обл, г Таганрог, ул Большая Бульварная, д 8 к 3",https://taganrog1.ros.msudrf.ru/,taganrog1.ros.msudrf.ru,нет,61MS0194
Ростовская область,Таганрог,,Судебный участок № 10 Таганрогского судебного района Ростовской области,MS,Мировой суд,"347913, Ростовская обл, г Таганрог, ул Большая Бульварная, д 8 к 3",https://taganrog10.ros.msudrf.ru/,taganrog10.ros.msudrf.ru,нет,61MS0203
Ростовская область,Таганрог,,Судебный участок № 11 Таганрогского судебного района Ростовской области,MS,Мировой суд,"347913, Ростовская обл, г Таганрог, ул Большая Бульварная, д 8 к 3",https://taganrog11.ros.msudrf.ru/,taganrog11.ros.msudrf.ru,нет,61MS0204
Ростовская область,Таганрог,,Судебный участок № 12 Таганрогского судебного района Ростовской области,MS,Мировой суд,"347913, Ростовская обл, г Таганрог, ул Большая Бульварная, д 8 к 3",https://taganrog12.ros.msudrf.ru/,taganrog12.ros.msudrf.ru,нет,61MS0205
Ростовская область,Таганрог,,Судебный участок № 13 Таганрогского судебного района Ростовской области,MS,Мировой суд,"347913, Ростовская обл, г Таганрог, ул Большая Бульварная, д 8 к 3",https://taganrog13.ros.msudrf.ru/,taganrog13.ros.msudrf.ru,нет,61MS0206
Ростовская область,Таганрог,,Судебный участок № 2 Таганрогского судебного района Ростовской области,MS,Мировой суд,"347913, Ростовская обл, г Таганрог, ул Большая Бульварная, д 8 к 3",https://taganrog2.ros.msudrf.ru/,taganrog2.ros.msudrf.ru,нет,61MS0195
Ростовская область,Таганрог,,Судебный участок № 3 Таганрогского судебного района Ростовской области,MS,Мировой суд,"347913, Ростовская обл, г Таганрог, ул Большая Бульварная, д 8 к 3",https://taganrog3.ros.msudrf.ru/,taganrog3.ros.msudrf.ru,нет,61MS0196
Ростовская область,Таганрог,,Судебный участок № 4 Таганрогского судебного района Ростовской области,MS,Мировой суд,"347913, Ростовская обл, г Таганрог, ул Большая Бульварная, д 8 к 3",https://taganrog4.ros.msudrf.ru/,taganrog4.ros.msudrf.ru,нет,61MS0197
Ростовская область,Таганрог,,Судебный участок № 5 Таганрогского судебного района Ростовской области,MS,Мировой суд,"347913, Ростовская обл, г Таганрог, ул Большая Бульварная, д 8 к 3",https://taganrog5.ros.msudrf.ru/,taganrog5.ros.msudrf.ru,нет,61MS0198
Ростовская область,Таганрог,,Судебный участок № 6 Таганрогского судебного района Ростовской области,MS,Мировой суд,"347913, Ростовская обл, г Таганрог, ул Большая Бульварная, д 8 к 3",https://taganrog6.ros.msudrf.ru/,taganrog6.ros.msudrf.ru,нет,61MS0199
Ростовская область,Таганрог,,Судебный участок № 7 Таганрогского судебного района Ростовской области,MS,Мировой суд,"347913, Ростовская обл, г Таганрог, ул Большая Бульварная, д 8 к 3",https://taganrog7.ros.msudrf.ru/,taganrog7.ros.msudrf.ru,нет,61MS0200
Ростовская область,Таганрог,,Судебный участок № 8 Таганрогского судебного района Ростовской области,MS,Мировой суд,"347913, Ростовская обл, г Таганрог, ул Большая Бульварная, д 8 к 3",https://taganrog8.ros.msudrf.ru/,taganrog8.ros.msudrf.ru,нет,61MS0201
Ростовская область,Таганрог,,Судебный участок № 9 Таганрогского судебного района Ростовской области,MS,Мировой суд,"347913, Ростовская обл, г Таганрог, ул Большая Бульварная, д 8 к 3",https://taganrog9.ros.msudrf.ru/,taganrog9.ros.msudrf.ru,нет,61MS0202
Ростовская область,Тарасовский,,Судебный участок № 6 Миллеровского судебного района Ростовской области,MS,Мировой суд,"346050, Ростовская обл, п Тарасовский, ул Вишневая, д 26",https://trsv1.ros.msudrf.ru/,trsv1.ros.msudrf.ru,нет,61MS0192
Ростовская область,Тарасовский,,Судебный участок № 7 Миллеровского судебного района Ростовской области,MS,Мировой суд,"346050, Ростовская обл, п Тарасовский, ул Вишневая, д 26",https://trsv2.ros.msudrf.ru/,trsv2.ros.msudrf.ru,нет,61MS0193
Ростовская область,Тацинская,,Судебный участок № 7 Белокалитвинского судебного района Ростовской области,MS,Мировой суд,"347060, Ростовская обл, ст-ца Тацинская, ул Лесная, д 33",https://tcnr1.ros.msudrf.ru/,tcnr1.ros.msudrf.ru,нет,61MS0207
Ростовская область,Тацинская,,Судебный участок № 8 Белокалитвинского судебного района Ростовской области,MS,Мировой суд,"347060, Ростовская обл, ст-ца Тацинская, ул Лесная, д 33",https://tcnr2.ros.msudrf.ru/,tcnr2.ros.msudrf.ru,нет,61MS0208
Ростовская область,Усть-Донецкий,,Судебный участок № 1 Усть-Донецкого судебного района Ростовской области,MS,Мировой суд,"346550, Ростовская обл, рп Усть-Донецкий, ул Строителей, д 85А",https://u-d1.ros.msudrf.ru/,u-d1.ros.msudrf.ru,нет,61MS0209
Ростовская область,Усть-Донецкий,,Судебный участок № 2 Усть-Донецкого судебного района Ростовской области,MS,Мировой суд,"346550, Ростовская обл, рп Усть-Донецкий, ул Строителей, д 85А",https://u-d2.ros.msudrf.ru/,u-d2.ros.msudrf.ru,нет,61MS0210
Ростовская область,Целина,,Судебный участок № 3 Егорлыкского судебного района Ростовской области,MS,Мировой суд,"347760, Ростовская обл, п Целина, ул Советская, д 19",https://clnr1.ros.msudrf.ru/,clnr1.ros.msudrf.ru,нет,61MS0211
Ростовская область,Целина,,Судебный участок № 4 Егорлыкского судебного района Ростовской области,MS,Мировой суд,"347760, Ростовская обл, п Целина, ул Советская, д 19",https://clnr2.ros.msudrf.ru/,clnr2.ros.msudrf.ru,нет,61MS0212
Ростовская область,Цимлянск,,Судебный участок № 1 Цимлянского судебного района Ростовской области,MS,Мировой суд,"347320, Ростовская обл, г Цимлянск, ул Советская, д 6/24",https://cmlnr1.ros.msudrf.ru/,cmlnr1.ros.msudrf.ru,нет,61MS0213
Ростовская область,Цимлянск,,Судебный участок № 2 Цимлянского судебного района Ростовской области,MS,Мировой суд,"347320, Ростовская обл, г Цимлянск, ул Советская, д 6/24",https://cmlnr2.ros.msudrf.ru/,cmlnr2.ros.msudrf.ru,нет,61MS0214
Ростовская область,Чалтырь,,Судебный участок № 1 Мясниковского судебного района Ростовской области,MS,Мировой суд,"346800, Ростовская обл, с Чалтырь, ул 6-я Линия, зд 8",https://msnk1.ros.msudrf.ru/,msnk1.ros.msudrf.ru,нет,61MS0147
Ростовская область,Чалтырь,,Судебный участок № 2 Мясниковского судебного района Ростовской области,MS,Мировой суд,"346800, Ростовская обл, с Чалтырь, ул 6-я Линия, зд 8",https://msnk2.ros.msudrf.ru/,msnk2.ros.msudrf.ru,нет,61MS0148
Ростовская область,Чертково,,Судебный участок № 1 Чертковского судебного района Ростовской области,MS,Мировой суд,"346000, Ростовская обл, п Чертково, ул Розы Люксембург, д 106А",https://chrtkr1.ros.msudrf.ru/,chrtkr1.ros.msudrf.ru,нет,61MS0215
Ростовская область,Чертково,,Судебный участок № 2 Чертковского судебного района Ростовской области,MS,Мировой суд,"346000, Ростовская обл, п Чертково, ул Розы Люксембург, д 106А",https://chrtkr2.ros.msudrf.ru/,chrtkr2.ros.msudrf.ru,нет,61MS0216
Ростовская область,Шахты,,Судебный участок № 1 Шахтинского судебного района Ростовской области,MS,Мировой суд,"346500, Ростовская обл, г Шахты, пер Короткий, д 50А",https://shahti1.ros.msudrf.ru/,shahti1.ros.msudrf.ru,нет,61MS0217
Ростовская область,Шахты,,Судебный участок № 10 Шахтинского судебного района Ростовской области,MS,Мировой суд,"346500, Ростовская обл, г Шахты, пер Короткий, д 50А",https://shahti10.ros.msudrf.ru/,shahti10.ros.msudrf.ru,нет,61MS0226
Ростовская область,Шахты,,Судебный участок № 11 Шахтинского судебного района Ростовской области,MS,Мировой суд,"346500, Ростовская обл, г Шахты, пер Короткий, д 50А",https://shahti11.ros.msudrf.ru/,shahti11.ros.msudrf.ru,нет,61MS0227
Ростовская область,Шахты,,Судебный участок № 12 Шахтинского судебного района Ростовской области,MS,Мировой суд,"346500, Ростовская обл, г Шахты, пер Короткий, д 50А",https://shahti12.ros.msudrf.ru/,shahti12.ros.msudrf.ru,нет,61MS0228
Ростовская область,Шахты,,Судебный участок № 2 Шахтинского судебного района Ростовской области,MS,Мировой суд,"346500, Ростовская обл, г Шахты, пер Короткий, д 50А",https://shahti2.ros.msudrf.ru/,shahti2.ros.msudrf.ru,нет,61MS0218
Ростовская область,Шахты,,Судебный участок № 3 Шахтинского судебного района Ростовской области,MS,Мировой суд,"346500, Ростовская обл, г Шахты, пер Короткий, д 50А",https://shahti3.ros.msudrf.ru/,shahti3.ros.msudrf.ru,нет,61MS0219
Ростовская область,Шахты,,Судебный участок № 4 Шахтинского судебного района Ростовской области,MS,Мировой суд,"346500, Ростовская обл, г Шахты, пер Короткий, д 50А",https://shahti4.ros.msudrf.ru/,shahti4.ros.msudrf.ru,нет,61MS0220
Ростовская область,Шахты,,Судебный участок № 5 Шахтинского судебного района Ростовской области,MS,Мировой суд,"346500, Ростовская обл, г Шахты, пер Короткий, д 50А",https://shahti5.ros.msudrf.ru/,shahti5.ros.msudrf.ru,нет,61MS0221
Ростовская область,Шахты,,Судебный участок № 6 Шахтинского судебного района Ростовской области,MS,Мировой суд,"346500, Ростовская обл, г Шахты, пер Короткий, д 50А",https://shahti6.ros.msudrf.ru/,shahti6.ros.msudrf.ru,нет,61MS0222
Ростовская область,Шахты,,Судебный участок № 7 Шахтинского судебного района Ростовской области,MS,Мировой суд,"346500, Ростовская обл, г Шахты, пер Короткий, д 50А",https://shahti7.ros.msudrf.ru/,shahti7.ros.msudrf.ru,нет,61MS0223
Ростовская область,Шахты,,Судебный участок № 8 Шахтинского судебного района Ростовской области,MS,Мировой суд,"346500, Ростовская обл, г Шахты, пер Короткий, д 50А",https://shahti8.ros.msudrf.ru/,shahti8.ros.msudrf.ru,нет,61MS0224
Ростовская область,Шахты,,Судебный участок № 9 Шахтинского судебного района Ростовской области,MS,Мировой суд,"346500, Ростовская обл, г Шахты, пер Короткий, д 50А",https://shahti9.ros.msudrf.ru/,shahti9.ros.msudrf.ru,нет,61MS0225
Ростовская область,Шолоховский,,Судебный участок № 3 Белокалитвинского судебного района Ростовской области,MS,Мировой суд,"347022, Ростовская обл, Белокалитвинский р-н, рп Шолоховский, ул Комсомольская, зд 21",https://kalitvinsky3.ros.msudrf.ru/,kalitvinsky3.ros.msudrf.ru,нет,61MS0080
Красноярский край,,,Судебный участок N 15 в Большемуртинском районе,MS,Мировой суд,"663060, п. Б. Мурта, ул. Партизанская, 100",https://ms15.mirsud24.ru/,ms15.mirsud24.ru,нет,24MS0015
Красноярский край,,,Судебный участок N 167 в Эвенкийском районе,MS,Мировой суд,,https://aodms.mirsud24.ru/,aodms.mirsud24.ru,нет,24MS0167
Красноярский край,Абан,,Судебный участок N 1 в Абанском районе,MS,Мировой суд,"663740, Красноярский край, п Абан, ул Советская, д 56",https://ms1.mirsud24.ru/,ms1.mirsud24.ru,нет,24MS0001
Красноярский край,Агинское,,Судебный участок N 121 в Саянском районе,MS,Мировой суд,"663580, Красноярский край, с Агинское, ул Советская, д 99",https://ms121.mirsud24.ru/,ms121.mirsud24.ru,нет,24MS0121
Красноярский край,Ачинск,,Судебный участок N 134 в г. Ачинске и Ачинском районе,MS,Мировой суд,"662161, Красноярский край, Ачинский р-н, г Ачинск, мкр 5-й, д 3",https://ms134.mirsud24.ru/,ms134.mirsud24.ru,нет,24MS0134
Красноярский край,Ачинск,,Судебный участок N 145 в г. Ачинске и Ачинском районе,MS,Мировой суд,"662161, Красноярский край, Ачинский р-н, г Ачинск, мкр 5-й, д 3",https://ms145.mirsud24.ru/,ms145.mirsud24.ru,нет,24MS0145
Красноярский край,Ачинск,,Судебный участок N 2 в г. Ачинске,MS,Мировой суд,"662161, Красноярский край, Ачинский р-н, г Ачинск, мкр 5-й, д 3",https://ms2.mirsud24.ru/,ms2.mirsud24.ru,нет,24MS0002
Красноярский край,Ачинск,,Судебный участок N 3 в г. Ачинске,MS,Мировой суд,"662161, Красноярский край, Ачинский р-н, г Ачинск, мкр 5-й, д 3",https://ms3.mirsud24.ru/,ms3.mirsud24.ru,нет,24MS0003
Красноярский край,Ачинск,,Судебный участок N 4 в г. Ачинске и Ачинском районе,MS,Мировой суд,"662161, Красноярский край, Ачинский р-н, г Ачинск, мкр 5-й, д 3",https://ms4.mirsud24.ru/,ms4.mirsud24.ru,нет,24MS0004
Красноярский край,Ачинск,,Судебный участок N 5 в г. Ачинске,MS,Мировой суд,"662161, Красноярский край, Ачинский р-н, г Ачинск, мкр 5-й, д 3",https://ms5.mirsud24.ru/,ms5.mirsud24.ru,нет,24MS0005
Красноярский край,Ачинск,,Судебный участок N 6 в г. Ачинске и Ачинском районе,MS,Мировой суд,"662161, Красноярский край, Ачинский р-н, г Ачинск, мкр 5-й, д 3",https://ms6.mirsud24.ru/,ms6.mirsud24.ru,нет,24MS0006
Красноярский край,Балахта,,Судебный участок N 7 в Балахтинском районе,MS,Мировой суд,"662340, пгт. Балахта, ул. Заречная, 34, строение 1",https://ms7.mirsud24.ru/,ms7.mirsud24.ru,нет,24MS0007
Красноярский край,Боготол,,Судебный участок N 11 в г. Боготоле и Боготольском районе,MS,Мировой суд,"662060, Красноярский край, Боготольский р-н, г Боготол, ул Советская, д 55А, помещ 3",https://ms11.mirsud24.ru/,ms11.mirsud24.ru,нет,24MS0011
Красноярский край,Боготол,,Судебный участок N 12 в г. Боготоле и Боготольском районе,MS,Мировой суд,"662060, Красноярский край, Боготольский р-н, г Боготол, ул Советская, д 55А, помещ 3",https://ms12.mirsud24.ru/,ms12.mirsud24.ru,нет,24MS0012
Красноярский край,Богучаны,,Судебный участок N 13 в Богучанском районе,MS,Мировой суд,"663430, с. Богучаны, ул. Ленина, 127, помещение 1",https://ms13.mirsud24.ru/,ms13.mirsud24.ru,нет,24MS0013
Красноярский край,Богучаны,,Судебный участок N 14 в Богучанском районе,MS,Мировой суд,"663430, с. Богучаны, ул. Ленина, 127, помещение 1",https://ms14.mirsud24.ru/,ms14.mirsud24.ru,нет,24MS0014
Красноярский край,Большой Улуй,,Судебный участок N 16 в Большеулуйском районе,MS,Мировой суд,"662110, Красноярский край, с Большой Улуй, ул Просвещения, зд 20",https://ms16.mirsud24.ru/,ms16.mirsud24.ru,нет,24MS0016
Красноярский край,Бородино,,Судебный участок N 17 в г. Бородино,MS,Мировой суд,"663981, Красноярский край, Рыбинский р-н, г Бородино, ул Ленина, д 6",https://ms17.mirsud24.ru/,ms17.mirsud24.ru,нет,24MS0017
Красноярский край,Ванавара,,Судебный участок N 166 в Эвенкийском районе,MS,Мировой суд,"648490, Красноярский край, Эвенкийский р-н, с Ванавара, ул Нефтеразведочная, д 5А",https://ms166.mirsud24.ru/,ms166.mirsud24.ru,нет,24MS0166
Красноярский край,Дзержинское,,Судебный участок N 18 в Дзержинском районе,MS,Мировой суд,"663700, Красноярский край, с Дзержинское, ул Кирова, зд 3А",https://ms18.mirsud24.ru/,ms18.mirsud24.ru,нет,24MS0018
Красноярский край,Дивногорск,,Судебный участок N 19 в г. Дивногорске,MS,Мировой суд,"663090, Красноярский край, г Дивногорск, ул Комсомольская, зд 2",https://ms19.mirsud24.ru/,ms19.mirsud24.ru,нет,24MS0019
Красноярский край,Дивногорск,,Судебный участок N 20 в г. Дивногорске,MS,Мировой суд,"663090, Красноярский край, г Дивногорск, ул Комсомольская, зд 2",https://ms20.mirsud24.ru/,ms20.mirsud24.ru,нет,24MS0020
Красноярский край,Дудинка,,Судебный участок N 159 в Таймырском Долгано-Ненецком районе,MS,Мировой суд,"647000, Красноярский край, г Дудинка, ул Спортивная, д 17А",https://ms159.mirsud24.ru/,ms159.mirsud24.ru,нет,24MS0159
Красноярский край,Дудинка,,Судебный участок N 160 в Таймырском Долгано-Ненецком районе,MS,Мировой суд,"647000, Красноярский край, г Дудинка, ул Спортивная, д 17А",https://ms160.mirsud24.ru/,ms160.mirsud24.ru,нет,24MS0160
Красноярский край,Емельяново,,Судебный участок N 135 в Емельяновском районе и п. Кедровом,MS,Мировой суд,"663020, пгт. Емельяново, ул. Посадская, д. 23А",https://ms135.mirsud24.ru/,ms135.mirsud24.ru,нет,24MS0135
Красноярский край,Емельяново,,Судебный участок N 21 в Емельяновском районе,MS,Мировой суд,"663020, пгт. Емельяново, ул. Посадская, д. 23А",https://ms21.mirsud24.ru/,ms21.mirsud24.ru,нет,24MS0021
Красноярский край,Емельяново,,Судебный участок N 22 в Емельяновском районе,MS,Мировой суд,"663020, пгт. Емельяново, ул. Посадская, д. 23А",https://ms22.mirsud24.ru/,ms22.mirsud24.ru,нет,24MS0022
Красноярский край,Енисейск,,Судебный участок N 23 в г. Енисейске и Енисейском районе,MS,Мировой суд,"663180, Красноярский край, Енисейский р-н, г Енисейск, ул Кирова, зд 68",https://ms23.mirsud24.ru/,ms23.mirsud24.ru,нет,24MS0023
Красноярский край,Енисейск,,Судебный участок N 24 в г. Енисейске и Енисейском районе,MS,Мировой суд,"663180, Красноярский край, Енисейский р-н, г Енисейск, ул Кирова, зд 68",https://ms24.mirsud24.ru/,ms24.mirsud24.ru,нет,24MS0024
Красноярский край,Ермаковское,,Судебный участок N 25 в Ермаковском районе,MS,Мировой суд,"662821, с. Ермаковское, ул. Карла Маркса, 118 В",https://ms25.mirsud24.ru/,ms25.mirsud24.ru,нет,24MS0025
Красноярский край,Железногорск,,Судебный участок N 146 в ЗАТО г. Железногорск,MS,Мировой суд,"662971, Красноярский край, г Железногорск, ул Ленина, д 8А",https://ms146.mirsud24.ru/,ms146.mirsud24.ru,нет,24MS0146
Красноярский край,Железногорск,,Судебный участок N 26 в ЗАТО г. Железногорск,MS,Мировой суд,"662971, Красноярский край, г Железногорск, ул Ленина, д 8А",https://ms26.mirsud24.ru/,ms26.mirsud24.ru,нет,24MS0026
Красноярский край,Железногорск,,Судебный участок N 27 в ЗАТО г. Железногорск,MS,Мировой суд,"662971, Красноярский край, г Железногорск, ул Ленина, д 8А",https://ms27.mirsud24.ru/,ms27.mirsud24.ru,нет,24MS0027
Красноярский край,Железногорск,,Судебный участок N 28 в ЗАТО г. Железногорск,MS,Мировой суд,"662971, Красноярский край, г Железногорск, ул Ленина, д 8А",https://ms28.mirsud24.ru/,ms28.mirsud24.ru,нет,24MS0028
Красноярский край,Железногорск,,Судебный участок N 29 в ЗАТО г. Железногорск,MS,Мировой суд,"662971, Красноярский край, г Железногорск, ул Ленина, д 8А",https://ms29.mirsud24.ru/,ms29.mirsud24.ru,нет,24MS0029
Красноярский край,Заозерный,,Судебный участок N 119 в Рыбинском районе,MS,Мировой суд,"663960, Красноярский край, Рыбинский р-н, г Заозерный, ул Мира, зд 3А",https://ms119.mirsud24.ru/,ms119.mirsud24.ru,нет,24MS0119
Красноярский край,Заозерный,,Судебный участок N 120 в Рыбинском районе,MS,Мировой суд,"663960, Красноярский край, Рыбинский р-н, г Заозерный, ул Мира, зд 3А",https://ms120.mirsud24.ru/,ms120.mirsud24.ru,нет,24MS0120
Красноярский край,Зеленогорск,,Судебный участок N 136 в ЗАТО г. Зеленогорск,MS,Мировой суд,"663690, Красноярский край, г Зеленогорск, ул Мира, д 52",https://ms136.mirsud24.ru/,ms136.mirsud24.ru,нет,24MS0136
Красноярский край,Зеленогорск,,Судебный участок N 30 в ЗАТО г. Зеленогорск,MS,Мировой суд,"663690, Красноярский край, г Зеленогорск, ул Мира, д 52",https://ms30.mirsud24.ru/,ms30.mirsud24.ru,нет,24MS0030
Красноярский край,Зеленогорск,,Судебный участок N 31 в ЗАТО г. Зеленогорск,MS,Мировой суд,"663690, Красноярский край, г Зеленогорск, ул Мира, д 52",https://ms31.mirsud24.ru/,ms31.mirsud24.ru,нет,24MS0031
Красноярский край,Зеленогорск,,Судебный участок № 113 Зеленогорского судебного района Санкт-Петербурга,MS,Мировой суд,"663690, Красноярский край, г Зеленогорск, ул Ленина, д 18 литера а",https://mirsud.spb.ru/,mirsud.spb.ru,нет,78MS0113
Красноярский край,Игарка,,Судебный участок N 32 в г. Игарке,MS,Мировой суд,"663200, Красноярский край, Туруханский р-н, г Игарка, мкр 2-й, д 8",https://ms32.mirsud24.ru/,ms32.mirsud24.ru,нет,24MS0032
Красноярский край,Идринское,,Судебный участок N 33 в Идринском районе,MS,Мировой суд,"662680, Красноярский край, с Идринское, ул Мира, д 14",https://ms33.mirsud24.ru/,ms33.mirsud24.ru,нет,24MS0033
Красноярский край,Иланский,,Судебный участок N 34 в Иланском районе,MS,Мировой суд,"663800, Красноярский край, г Иланский, ул Коммунистическая, зд 42",https://ms34.mirsud24.ru/,ms34.mirsud24.ru,нет,24MS0034
Красноярский край,Ирбейское,,Судебный участок N 35 в Ирбейском районе,MS,Мировой суд,"663650, Красноярский край, с Ирбейское, пл Ленинская, д 8",https://ms35.mirsud24.ru/,ms35.mirsud24.ru,нет,24MS0035
Красноярский край,Казачинское,,Судебный участок N 36 в Казачинском районе,MS,Мировой суд,"663100, Красноярский край, с Казачинское, ул Красноармейская, зд 3",https://ms36.mirsud24.ru/,ms36.mirsud24.ru,нет,24MS0036
Красноярский край,Канск,,Судебный участок N 137 в Канском районе,MS,Мировой суд,"663600, Красноярский край, Канский р-н, г Канск, ул Краснопартизанская, д 57",https://ms137.mirsud24.ru/,ms137.mirsud24.ru,нет,24MS0137
Красноярский край,Канск,,Судебный участок N 147 в г. Канске,MS,Мировой суд,"663600, Красноярский край, Канский р-н, г Канск, ул Краснопартизанская, д 57",https://ms147.mirsud24.ru/,ms147.mirsud24.ru,нет,24MS0147
Красноярский край,Канск,,Судебный участок N 37 в г. Канске,MS,Мировой суд,"663600, Красноярский край, Канский р-н, г Канск, ул Краснопартизанская, д 57",https://ms37.mirsud24.ru/,ms37.mirsud24.ru,нет,24MS0037
Красноярский край,Канск,,Судебный участок N 38 в г. Канске,MS,Мировой суд,"663600, Красноярский край, Канский р-н, г Канск, ул Краснопартизанская, д 57",https://ms38.mirsud24.ru/,ms38.mirsud24.ru,нет,24MS0038
Красноярский край,Канск,,Судебный участок N 39 в г. Канске,MS,Мировой суд,"663600, Красноярский край, Канский р-н, г Канск, ул Краснопартизанская, д 57",https://ms39.mirsud24.ru/,ms39.mirsud24.ru,нет,24MS0039
Красноярский край,Канск,,Судебный участок N 40 в г. Канске,MS,Мировой суд,"663600, Красноярский край, Канский р-н, г Канск, ул Краснопартизанская, д 57",https://ms40.mirsud24.ru/,ms40.mirsud24.ru,нет,24MS0040
Красноярский край,Канск,,Судебный участок N 41 в Канском районе,MS,Мировой суд,"663600, Красноярский край, Канский р-н, г Канск, ул Краснопартизанская, д 57",https://ms41.mirsud24.ru/,ms41.mirsud24.ru,нет,24MS0041
Красноярский край,Каратузское,,Судебный участок N 42 в Каратузском районе,MS,Мировой суд,"662850, Красноярский край, с Каратузское, ул Щетинкина, д 2Б, помещ 4",https://ms42.mirsud24.ru/,ms42.mirsud24.ru,нет,24MS0042
Красноярский край,Кодинск,,Судебный участок N 148 в Кежемском районе,MS,Мировой суд,"663491, Красноярский край, г Кодинск, ул Маяковского, д 8",https://ms148.mirsud24.ru/,ms148.mirsud24.ru,нет,24MS0148
Красноярский край,Кодинск,,Судебный участок N 43 в Кежемском районе,MS,Мировой суд,"663491, Красноярский край, г Кодинск, ул Маяковского, д 8",https://ms43.mirsud24.ru/,ms43.mirsud24.ru,нет,24MS0043
Красноярский край,Козулька,,Судебный участок N 44 в Козульском районе,MS,Мировой суд,"662050, пгт. Козулька, ул. Зеленая роща, 6",https://ms44.mirsud24.ru/,ms44.mirsud24.ru,нет,24MS0044
Красноярский край,Краснокаменск,,Судебный участок N 94 в Курагинском районе,MS,Мировой суд,"662955, пгт. Краснокаменск, ул. Центральная, 8",https://ms94.mirsud24.ru/,ms94.mirsud24.ru,нет,24MS0094
Красноярский край,Краснотуранск,,Судебный участок N 45 в Краснотуранском районе,MS,Мировой суд,"662660, Красноярский край, Краснотуранский р-н, с Краснотуранск, ул Ленина, д 63",https://ms45.mirsud24.ru/,ms45.mirsud24.ru,нет,24MS0045
Красноярский край,Красноярск,,Судебный участок N 138 в Железнодорожном районе,MS,Мировой суд,"660021, г Красноярск, ул Бограда, д 116",https://ms138.mirsud24.ru/,ms138.mirsud24.ru,нет,24MS0138
Красноярский край,Красноярск,,Судебный участок N 139 в Центральном районе,MS,Мировой суд,"660021, г Красноярск, ул Ленина, д 143",https://ms139.mirsud24.ru/,ms139.mirsud24.ru,нет,24MS0139
Красноярский край,Красноярск,,Судебный участок N 149 в Кировском районе,MS,Мировой суд,"660025, г Красноярск, пр-кт им.газеты ""Красноярский рабочий"", д 124",https://ms149.mirsud24.ru/,ms149.mirsud24.ru,нет,24MS0149
Красноярский край,Красноярск,,Судебный участок N 161 в Центральном районе г. Красноярска,MS,Мировой суд,"660021, г Красноярск, ул Ленина, д 143",https://ms161.mirsud24.ru/,ms161.mirsud24.ru,нет,24MS0161
Красноярский край,Красноярск,,Судебный участок N 163 в Центральном районе г. Красноярска,MS,Мировой суд,"660021, г Красноярск, ул Ленина, д 143",https://ms163.mirsud24.ru/,ms163.mirsud24.ru,нет,24MS0163
Красноярский край,Красноярск,,Судебный участок N 46 в Железнодорожном районе г. Красноярска,MS,Мировой суд,"660021, г Красноярск, ул Бограда, д 116",https://ms46.mirsud24.ru/,ms46.mirsud24.ru,нет,24MS0046
Красноярский край,Красноярск,,Судебный участок N 47 в Железнодорожном районе г. Красноярска,MS,Мировой суд,"660021, г Красноярск, ул Бограда, д 116",https://ms47.mirsud24.ru/,ms47.mirsud24.ru,нет,24MS0047
Красноярский край,Красноярск,,Судебный участок N 48 в Железнодорожном районе г. Красноярска,MS,Мировой суд,"660021, г Красноярск, ул Бограда, д 116",https://ms48.mirsud24.ru/,ms48.mirsud24.ru,нет,24MS0048
Красноярский край,Красноярск,,Судебный участок N 49 в Железнодорожном районе г. Красноярска,MS,Мировой суд,"660021, г Красноярск, ул Бограда, д 116",https://ms49.mirsud24.ru/,ms49.mirsud24.ru,нет,24MS0049
Красноярский край,Красноярск,,Судебный участок N 50 в Железнодорожном районе г. Красноярска,MS,Мировой суд,"660021, г Красноярск, ул Бограда, д 116",https://ms50.mirsud24.ru/,ms50.mirsud24.ru,нет,24MS0050
Красноярский край,Красноярск,,Судебный участок N 51 в Кировском районе г. Красноярска,MS,Мировой суд,"660025, г Красноярск, пр-кт им.газеты ""Красноярский рабочий"", д 124",https://ms51.mirsud24.ru/,ms51.mirsud24.ru,нет,24MS0051
Красноярский край,Красноярск,,Судебный участок N 52 в Кировском районе г. Красноярска,MS,Мировой суд,"660025, г Красноярск, пр-кт им.газеты ""Красноярский рабочий"", д 124",https://ms52.mirsud24.ru/,ms52.mirsud24.ru,нет,24MS0052
Красноярский край,Красноярск,,Судебный участок N 53 в Кировском районе г. Красноярска,MS,Мировой суд,"660025, г Красноярск, пр-кт им.газеты ""Красноярский рабочий"", д 124",https://ms53.mirsud24.ru/,ms53.mirsud24.ru,нет,24MS0053
Красноярский край,Красноярск,,Судебный участок N 54 в Кировском районе г. Красноярска,MS,Мировой суд,"660025, г Красноярск, пр-кт им.газеты ""Красноярский рабочий"", д 124",https://ms54.mirsud24.ru/,ms54.mirsud24.ru,нет,24MS0054
Красноярский край,Красноярск,,Судебный участок N 55 в Кировском районе г. Красноярска,MS,Мировой суд,"660025, г Красноярск, пр-кт им.газеты ""Красноярский рабочий"", д 124",https://ms55.mirsud24.ru/,ms55.mirsud24.ru,нет,24MS0055
Красноярский край,Красноярск,,Судебный участок N 56 в Кировском районе г. Красноярска,MS,Мировой суд,"660025, г Красноярск, пр-кт им.газеты ""Красноярский рабочий"", д 124",https://ms56.mirsud24.ru/,ms56.mirsud24.ru,нет,24MS0056
Красноярский край,Красноярск,,Судебный участок N 57 в Ленинском районе г. Красноярска,MS,Мировой суд,"660094, г Красноярск, ул Щербакова, д 12",https://ms57.mirsud24.ru/,ms57.mirsud24.ru,нет,24MS0057
Красноярский край,Красноярск,,Судебный участок N 58 в Ленинском районе г. Красноярска,MS,Мировой суд,"660094, г Красноярск, ул Щербакова, д 12",https://ms58.mirsud24.ru/,ms58.mirsud24.ru,нет,24MS0058
Красноярский край,Красноярск,,Судебный участок N 59 в Ленинском районе г. Красноярска,MS,Мировой суд,"660094, г Красноярск, ул Щербакова, д 12",https://ms59.mirsud24.ru/,ms59.mirsud24.ru,нет,24MS0059
Красноярский край,Красноярск,,Судебный участок N 60 в Ленинском районе г. Красноярска,MS,Мировой суд,"660094, г Красноярск, ул Щербакова, д 12",https://ms60.mirsud24.ru/,ms60.mirsud24.ru,нет,24MS0060
Красноярский край,Красноярск,,Судебный участок N 61 в Ленинском районе г. Красноярска,MS,Мировой суд,"660094, г Красноярск, ул Щербакова, д 12",https://ms61.mirsud24.ru/,ms61.mirsud24.ru,нет,24MS0061
Красноярский край,Красноярск,,Судебный участок N 62 в Ленинском районе г. Красноярска,MS,Мировой суд,"660094, г Красноярск, ул Щербакова, д 12",https://ms62.mirsud24.ru/,ms62.mirsud24.ru,нет,24MS0062
Красноярский край,Красноярск,,Судебный участок N 63 в Ленинском районе г. Красноярска,MS,Мировой суд,"660094, г Красноярск, ул Щербакова, д 12",https://ms63.mirsud24.ru/,ms63.mirsud24.ru,нет,24MS0063
Красноярский край,Красноярск,,Судебный участок N 64 в Октябрьском районе г. Красноярска,MS,Мировой суд,"660062, г Красноярск, ул Вильского, д 22",https://ms64.mirsud24.ru/,ms64.mirsud24.ru,нет,24MS0064
Красноярский край,Красноярск,,Судебный участок N 65 в Октябрьском районе г. Красноярска,MS,Мировой суд,"660062, г Красноярск, ул Вильского, д 22",https://ms65.mirsud24.ru/,ms65.mirsud24.ru,нет,24MS0065
Красноярский край,Красноярск,,Судебный участок N 66 в Октябрьском районе г. Красноярска,MS,Мировой суд,"660062, г Красноярск, ул Вильского, д 22",https://ms66.mirsud24.ru/,ms66.mirsud24.ru,нет,24MS0066
Красноярский край,Красноярск,,Судебный участок N 67 в Октябрьском районе г. Красноярска,MS,Мировой суд,"660062, г Красноярск, ул Вильского, д 22",https://ms67.mirsud24.ru/,ms67.mirsud24.ru,нет,24MS0067
Красноярский край,Красноярск,,Судебный участок N 68 в Октябрьском районе г. Красноярска,MS,Мировой суд,"660062, г Красноярск, ул Вильского, д 22",https://ms68.mirsud24.ru/,ms68.mirsud24.ru,нет,24MS0068
Красноярский край,Красноярск,,Судебный участок N 69 в Октябрьском районе г. Красноярска,MS,Мировой суд,"660062, г Красноярск, ул Вильского, д 22",https://ms69.mirsud24.ru/,ms69.mirsud24.ru,нет,24MS0069
Красноярский край,Красноярск,,Судебный участок N 70 в Октябрьском районе г. Красноярска,MS,Мировой суд,"660062, г Красноярск, ул Вильского, д 22",https://ms70.mirsud24.ru/,ms70.mirsud24.ru,нет,24MS0070
Красноярский край,Красноярск,,Судебный участок N 71 в Свердловском районе г. Красноярска,MS,Мировой суд,"660064, г Красноярск, ул Академика Вавилова, д 1",https://ms71.mirsud24.ru/,ms71.mirsud24.ru,нет,24MS0071
Красноярский край,Красноярск,,Судебный участок N 72 в Свердловском районе г. Красноярска,MS,Мировой суд,"660064, г Красноярск, ул Академика Вавилова, д 1",https://ms72.mirsud24.ru/,ms72.mirsud24.ru,нет,24MS0072
Красноярский край,Красноярск,,Судебный участок N 73 в Свердловском районе г. Красноярска,MS,Мировой суд,"660064, г Красноярск, ул Академика Вавилова, д 1",https://ms73.mirsud24.ru/,ms73.mirsud24.ru,нет,24MS0073
Красноярский край,Красноярск,,Судебный участок N 74 в Свердловском районе г. Красноярска,MS,Мировой суд,"660064, г Красноярск, ул Академика Вавилова, д 1",https://ms74.mirsud24.ru/,ms74.mirsud24.ru,нет,24MS0074
Красноярский край,Красноярск,,Судебный участок N 75 в Свердловском районе г. Красноярска,MS,Мировой суд,"660064, г Красноярск, ул Академика Вавилова, д 1",https://ms75.mirsud24.ru/,ms75.mirsud24.ru,нет,24MS0075
Красноярский край,Красноярск,,Судебный участок N 76 в Свердловском районе г. Красноярска,MS,Мировой суд,"660064, г Красноярск, ул Академика Вавилова, д 1",https://ms76.mirsud24.ru/,ms76.mirsud24.ru,нет,24MS0076
Красноярский край,Красноярск,,Судебный участок N 77 в Свердловском районе г. Красноярска,MS,Мировой суд,"660064, г Красноярск, ул Академика Вавилова, д 1",https://ms77.mirsud24.ru/,ms77.mirsud24.ru,нет,24MS0077
Красноярский край,Красноярск,,Судебный участок N 78 в Советском районе г. Красноярска,MS,Мировой суд,"660125, г Красноярск, пр-кт Комсомольский, д 22, помещ 94",https://ms78.mirsud24.ru/,ms78.mirsud24.ru,нет,24MS0078
Красноярский край,Красноярск,,Судебный участок N 79 в Советском районе г. Красноярска,MS,Мировой суд,"660020, г Красноярск, ул 6-я Полярная, д 2",https://ms79.mirsud24.ru/,ms79.mirsud24.ru,нет,24MS0079
Красноярский край,Красноярск,,Судебный участок N 8 в Березовском районе,MS,Мировой суд,"662520, Красноярский край, г Красноярск, гп Березовка, ул Чкалова, зд 19А",https://ms8.mirsud24.ru/,ms8.mirsud24.ru,нет,24MS0008
Красноярский край,Красноярск,,Судебный участок N 80 в Советском районе г. Красноярска,MS,Мировой суд,"660112, г Красноярск, пр-кт Металлургов, д 14",https://ms80.mirsud24.ru/,ms80.mirsud24.ru,нет,24MS0080
Красноярский край,Красноярск,,Судебный участок N 81 в Советском районе г. Красноярска,MS,Мировой суд,"660020, г Красноярск, ул 6-я Полярная, д 2",https://ms81.mirsud24.ru/,ms81.mirsud24.ru,нет,24MS0081
Красноярский край,Красноярск,,Судебный участок N 82 в Советском районе г. Красноярска,MS,Мировой суд,"660125, г Красноярск, пр-кт Комсомольский, д 22, помещ 94",https://ms82.mirsud24.ru/,ms82.mirsud24.ru,нет,24MS0082
Красноярский край,Красноярск,,Судебный участок N 83 в Советском районе г. Красноярска,MS,Мировой суд,"660125, г Красноярск, пр-кт Комсомольский, д 22, помещ 94",https://ms83.mirsud24.ru/,ms83.mirsud24.ru,нет,24MS0083
Красноярский край,Красноярск,,Судебный участок N 84 в Советском районе г. Красноярска,MS,Мировой суд,"660112, г Красноярск, пр-кт Металлургов, д 14",https://ms84.mirsud24.ru/,ms84.mirsud24.ru,нет,24MS0084
Красноярский край,Красноярск,,Судебный участок N 85 в Советском районе г. Красноярска,MS,Мировой суд,"660112, г Красноярск, пр-кт Металлургов, д 14",https://ms85.mirsud24.ru/,ms85.mirsud24.ru,нет,24MS0085
Красноярский край,Красноярск,,Судебный участок N 86 в Советском районе г. Красноярска,MS,Мировой суд,,https://mirsud24.ru/,mirsud24.ru,нет,24MS0086
Красноярский край,Красноярск,,Судебный участок N 87 в Советском районе г. Красноярска,MS,Мировой суд,"660125, г Красноярск, пр-кт Комсомольский, д 22, помещ 94",https://ms87.mirsud24.ru/,ms87.mirsud24.ru,нет,24MS0087
Красноярский край,Красноярск,,Судебный участок N 88 в Советском районе г. Красноярска,MS,Мировой суд,"660112, г Красноярск, пр-кт Металлургов, д 14",https://ms88.mirsud24.ru/,ms88.mirsud24.ru,нет,24MS0088
Красноярский край,Красноярск,,Судебный участок N 89 в Центральном районе г. Красноярска,MS,Мировой суд,"660021, г Красноярск, ул Ленина, д 143",https://ms89.mirsud24.ru/,ms89.mirsud24.ru,нет,24MS0089
Красноярский край,Красноярск,,Судебный участок N 9 в Березовском районе,MS,Мировой суд,"662520, Красноярский край, г Красноярск, гп Березовка, ул Чкалова, зд 19А",https://ms9.mirsud24.ru/,ms9.mirsud24.ru,нет,24MS0009
Красноярский край,Красноярск,,Судебный участок N 91 в Центральном районе г. Красноярска,MS,Мировой суд,"660021, г Красноярск, ул Ленина, д 143",https://ms91.mirsud24.ru/,ms91.mirsud24.ru,нет,24MS0091
Красноярский край,Красноярск,,Судебный участок N 92 в Центральном районе г. Красноярска,MS,Мировой суд,"660021, г Красноярск, ул Ленина, д 143",https://ms92.mirsud24.ru/,ms92.mirsud24.ru,нет,24MS0092
Красноярский край,Красноярск,,Судебный участок № 144 в Советском районе г. Красноярска,MS,Мировой суд,"660020, г Красноярск, ул 6-я Полярная, д 2",https://ms144.mirsud24.ru/,ms144.mirsud24.ru,нет,24MS0144
Красноярский край,Красноярск,,Судебный участок № 158 в Ленинском районе г. Красноярска,MS,Мировой суд,"660094, г Красноярск, ул Щербакова, д 12",https://ms158.mirsud24.ru/,ms158.mirsud24.ru,нет,24MS0158
Красноярский край,Красноярск,,Судебный участок № 90 в Советском районе г. Красноярска,MS,Мировой суд,"660020, г Красноярск, ул 6-я Полярная, д 2",https://ms90.mirsud24.ru/,ms90.mirsud24.ru,нет,24MS0090
Красноярский край,Курагино,,Судебный участок N 150 в Курагинском районе,MS,Мировой суд,"662910, пгт. Курагино, ул. Партизанская, 144",https://ms150.mirsud24.ru/,ms150.mirsud24.ru,нет,24MS0150
Красноярский край,Курагино,,Судебный участок N 93 в Курагинском районе,MS,Мировой суд,"662910, пгт. Курагино, ул. Партизанская, 144",https://ms93.mirsud24.ru/,ms93.mirsud24.ru,нет,24MS0093
Красноярский край,Лесосибирск,,Судебный участок N 151 в г. Лесосибирске,MS,Мировой суд,"662547, Красноярский край, Енисейский р-н, г Лесосибирск, ул Горького, д 114",https://ms151.mirsud24.ru/,ms151.mirsud24.ru,нет,24MS0151
Красноярский край,Лесосибирск,,Судебный участок N 95 в г. Лесосибирске,MS,Мировой суд,"662547, Красноярский край, Енисейский р-н, г Лесосибирск, ул Горького, д 114",https://ms95.mirsud24.ru/,ms95.mirsud24.ru,нет,24MS0095
Красноярский край,Лесосибирск,,Судебный участок N 96 в г. Лесосибирске,MS,Мировой суд,"662547, Красноярский край, Енисейский р-н, г Лесосибирск, ул Горького, д 114",https://ms96.mirsud24.ru/,ms96.mirsud24.ru,нет,24MS0096
Красноярский край,Лесосибирск,,Судебный участок N 97 в г. Лесосибирске,MS,Мировой суд,"662547, Красноярский край, Енисейский р-н, г Лесосибирск, ул Горького, д 114",https://ms97.mirsud24.ru/,ms97.mirsud24.ru,нет,24MS0097
Красноярский край,Минусинск,,Судебный участок N 100 в г. Минусинске и Минусинском районе,MS,Мировой суд,"662601, Красноярский край, Минусинский р-н, г Минусинск, ул Михайлова, зд 13",https://ms100.mirsud24.ru/,ms100.mirsud24.ru,нет,24MS0100
Красноярский край,Минусинск,,Судебный участок N 140 в г. Минусинске и Минусинском районе,MS,Мировой суд,"662601, Красноярский край, Минусинский р-н, г Минусинск, ул Михайлова, зд 13",https://ms140.mirsud24.ru/,ms140.mirsud24.ru,нет,24MS0140
Красноярский край,Минусинск,,Судебный участок N 152 в г. Минусинске и Минусинском районе,MS,Мировой суд,"662601, Красноярский край, Минусинский р-н, г Минусинск, ул Михайлова, зд 13",https://ms152.mirsud24.ru/,ms152.mirsud24.ru,нет,24MS0152
Красноярский край,Минусинск,,Судебный участок N 153 в г. Минусинске и Минусинском районе,MS,Мировой суд,"662601, Красноярский край, Минусинский р-н, г Минусинск, ул Михайлова, зд 13",https://ms153.mirsud24.ru/,ms153.mirsud24.ru,нет,24MS0153
Красноярский край,Минусинск,,Судебный участок N 99 в г. Минусинске и Минусинском районе,MS,Мировой суд,"662601, Красноярский край, Минусинский р-н, г Минусинск, ул Михайлова, зд 13",https://ms99.mirsud24.ru/,ms99.mirsud24.ru,нет,24MS0099
Красноярский край,Мотыгино,,Судебный участок N 101 в Мотыгинском районе,MS,Мировой суд,"663400, пгт. Мотыгино, ул. Комсомольская, 21",https://ms101.mirsud24.ru/,ms101.mirsud24.ru,нет,24MS0101
Красноярский край,Назарово,,Судебный участок N 102 в г. Назарово и Назаровском районе,MS,Мировой суд,"662200, Красноярский край, Назаровский р-н, г Назарово, ул К.Маркса, д 27А",https://ms102.mirsud24.ru/,ms102.mirsud24.ru,нет,24MS0102
Красноярский край,Назарово,,Судебный участок N 103 в г. Назарово и Назаровском районе,MS,Мировой суд,"662200, Красноярский край, Назаровский р-н, г Назарово, ул К.Маркса, д 27А",https://ms103.mirsud24.ru/,ms103.mirsud24.ru,нет,24MS0103
Красноярский край,Назарово,,Судебный участок N 104 в г. Назарово и Назаровском районе,MS,Мировой суд,"662201, Красноярский край, Назаровский р-н, г Назарово, ул Арбузова, д 118В",https://ms104.mirsud24.ru/,ms104.mirsud24.ru,нет,24MS0104
Красноярский край,Назарово,,Судебный участок N 154 в г. Назарово и Назаровском районе,MS,Мировой суд,"662201, Красноярский край, Назаровский р-н, г Назарово, ул Арбузова, д 118В",https://ms154.mirsud24.ru/,ms154.mirsud24.ru,нет,24MS0154
Красноярский край,Нижний Ингаш,,Судебный участок N 105 в Нижнеингашском районе,MS,Мировой суд,"663850, пгт. Нижний Ингаш, ул. Ленина, 160",https://ms105.mirsud24.ru/,ms105.mirsud24.ru,нет,24MS0105
Красноярский край,Нижняя Пойма,,Судебный участок N 141 в Нижнеингашском районе,MS,Мировой суд,"663840, пгт. Нижняя Пойма, ул. Дзержинского, 12",https://ms141.mirsud24.ru/,ms141.mirsud24.ru,нет,24MS0141
Красноярский край,Новобирилюссы,,Судебный участок N 10 в Бирилюсском районе,MS,Мировой суд,"662120, Красноярский край, с Новобирилюссы, ул Школьная, д 2",https://ms10.mirsud24.ru/,ms10.mirsud24.ru,нет,24MS0010
Красноярский край,Новоселово,,Судебный участок N 106 в Новоселовском районе,MS,Мировой суд,"662430, Красноярский край, с Новоселово, ул Ленина, зд 19",https://ms106.mirsud24.ru/,ms106.mirsud24.ru,нет,24MS0106
Красноярский край,Норильск,,Судебный участок N 107 в Центральном районе г. Норильска,MS,Мировой суд,"663302, Красноярский край, г Норильск, ул Завенягина, д 7",https://ms107.mirsud24.ru/,ms107.mirsud24.ru,нет,24MS0107
Красноярский край,Норильск,,Судебный участок N 108 в Центральном районе г. Норильска,MS,Мировой суд,"663302, Красноярский край, г Норильск, ул Завенягина, д 7",https://ms108.mirsud24.ru/,ms108.mirsud24.ru,нет,24MS0108
Красноярский край,Норильск,,Судебный участок N 109 в Центральном районе г. Норильска,MS,Мировой суд,"663302, Красноярский край, г Норильск, ул Завенягина, д 7",https://ms109.mirsud24.ru/,ms109.mirsud24.ru,нет,24MS0109
Красноярский край,Норильск,,Судебный участок N 110 в Центральном районе г. Норильска,MS,Мировой суд,"663302, Красноярский край, г Норильск, ул Завенягина, д 7",https://ms110.mirsud24.ru/,ms110.mirsud24.ru,нет,24MS0110
Красноярский край,Норильск,,Судебный участок N 111 в Центральном районе г. Норильска,MS,Мировой суд,"663302, Красноярский край, г Норильск, ул Завенягина, д 7",https://ms111.mirsud24.ru/,ms111.mirsud24.ru,нет,24MS0111
Красноярский край,Норильск,,Судебный участок N 112 в Центральном районе г. Норильска,MS,Мировой суд,"663302, Красноярский край, г Норильск, ул Завенягина, д 7",https://ms112.mirsud24.ru/,ms112.mirsud24.ru,нет,24MS0112
Красноярский край,Норильск,,Судебный участок N 113 в Центральном районе г. Норильска,MS,Мировой суд,"663302, Красноярский край, г Норильск, ул Завенягина, д 7",https://ms113.mirsud24.ru/,ms113.mirsud24.ru,нет,24MS0113
Красноярский край,Норильск,,Судебный участок N 114 в районе Талнах г. Норильска,MS,Мировой суд,"663330, Красноярский край, г Норильск, ул Таймырская, д 16",https://ms114.mirsud24.ru/,ms114.mirsud24.ru,нет,24MS0114
Красноярский край,Норильск,,Судебный участок N 115 в районе Талнах г. Норильска,MS,Мировой суд,"663330, Красноярский край, г Норильск, ул Таймырская, д 16",https://ms115.mirsud24.ru/,ms115.mirsud24.ru,нет,24MS0115
Красноярский край,Норильск,,Судебный участок N 116 в районе Кайеркан г. Норильска,MS,Мировой суд,"663340, Красноярский край, г Норильск, ул Шахтерская, д 11Б",https://ms116.mirsud24.ru/,ms116.mirsud24.ru,нет,24MS0116
Красноярский край,Норильск,,Судебный участок N 155 в районе Кайеркан г. Норильска,MS,Мировой суд,"663340, Красноярский край, г Норильск, ул Строительная, д 5",https://ms155.mirsud24.ru/,ms155.mirsud24.ru,нет,24MS0155
Красноярский край,Норильск,,Судебный участок N 156 в районе Талнах г. Норильска,MS,Мировой суд,"663330, Красноярский край, г Норильск, ул Таймырская, д 16",https://ms156.mirsud24.ru/,ms156.mirsud24.ru,нет,24MS0156
Красноярский край,Партизанское,,Судебный участок N 117 в Партизанском районе,MS,Мировой суд,"663540, Красноярский край, с Партизанское, ул Гагарина, д 29",https://ms117.mirsud24.ru/,ms117.mirsud24.ru,нет,24MS0117
Красноярский край,Пировское,,Судебный участок N 118 в Пировском районе,MS,Мировой суд,"663120, Красноярский край, с Пировское, ул Ленина, стр 27",https://ms118.mirsud24.ru/,ms118.mirsud24.ru,нет,24MS0118
Красноярский край,Северо-Енисейский,,Судебный участок N 122 в Северо-Енисейском районе,MS,Мировой суд,"663282, пгт. Северо-Енисейский, ул. Ленина, 14, помещение 4",https://ms122.mirsud24.ru/,ms122.mirsud24.ru,нет,24MS0122
Красноярский край,Сосновоборск,,Судебный участок N 123 в г. Сосновоборске,MS,Мировой суд,"662500, Красноярский край, г Сосновоборск, ул Энтузиастов, д 13",https://ms123.mirsud24.ru/,ms123.mirsud24.ru,нет,24MS0123
Красноярский край,Сосновоборск,,Судебный участок N 157 в г. Сосновоборске,MS,Мировой суд,"662500, Красноярский край, г Сосновоборск, ул Солнечная, д 3",https://ms157.mirsud24.ru/,ms157.mirsud24.ru,нет,24MS0157
Красноярский край,Сухобузимское,,Судебный участок N 124 в Сухобузимском районе,MS,Мировой суд,"663040, Красноярский край, с Сухобузимское, ул Портнягина, д 13",https://ms124.mirsud24.ru/,ms124.mirsud24.ru,нет,24MS0124
Красноярский край,Тасеево,,Судебный участок N 125 в Тасеевском районе,MS,Мировой суд,"663770, Красноярский край, с Тасеево, ул Луначарского, зд 35",https://ms125.mirsud24.ru/,ms125.mirsud24.ru,нет,24MS0125
Красноярский край,Тура,,Судебный участок N 165 в Эвенкийском районе,MS,Мировой суд,"648000, Красноярский край, п Тура, ул Кочечумская, д 18",https://ms165.mirsud24.ru/,ms165.mirsud24.ru,нет,24MS0165
Красноярский край,Туруханск,,Судебный участок N 126 в Туруханском районе,MS,Мировой суд,"663230, Красноярский край, с Туруханск, ул Шадрина А.Е., д 8",https://ms126.mirsud24.ru/,ms126.mirsud24.ru,нет,24MS0126
Красноярский край,Тюхтет,,Судебный участок N 127 в Тюхтетском районе,MS,Мировой суд,"662010, Красноярский край, с Тюхтет, ул Кирова, д 53",https://ms127.mirsud24.ru/,ms127.mirsud24.ru,нет,24MS0127
Красноярский край,Ужур,,Судебный участок N 128 в Ужурском районе,MS,Мировой суд,"662252, Красноярский край, г Ужур, ул Кирова, д 71",https://ms128.mirsud24.ru/,ms128.mirsud24.ru,нет,24MS0128
Красноярский край,Ужур,,Судебный участок N 142 в Ужурском районе и ЗАТО п. Солнечный,MS,Мировой суд,"662252, Красноярский край, г Ужур, ул Кирова, д 71",https://ms142.mirsud24.ru/,ms142.mirsud24.ru,нет,24MS0142
Красноярский край,Уяр,,Судебный участок N 129 в Уярском районе,MS,Мировой суд,"663920, Красноярский край, г Уяр, ул Сургуладзе, д 71/4",https://ms129.mirsud24.ru/,ms129.mirsud24.ru,нет,24MS0129
Красноярский край,Хатанга,,Судебный участок N 162 в Таймырском Долгано-Ненецком районе,MS,Мировой суд,"647460, Красноярский край, Таймырский Долгано-Ненецкий р-н, с Хатанга, ул Советская, д 25",https://ms162.mirsud24.ru/,ms162.mirsud24.ru,нет,24MS0162
Красноярский край,Шалинское,,Судебный участок N 98 в Манском районе,MS,Мировой суд,"663510, с. Шалинское, ул. Ленина, 18, пом. 2,3",https://ms98.mirsud24.ru/,ms98.mirsud24.ru,нет,24MS0098
Красноярский край,Шарыпово,,Судебный участок N 130 в г. Шарыпово,MS,Мировой суд,"662311, Красноярский край, Шарыповский р-н, г Шарыпово, мкр Пионерный, д 13/14",https://ms130.mirsud24.ru/,ms130.mirsud24.ru,нет,24MS0130
Красноярский край,Шарыпово,,Судебный участок N 131 в Шарыповском районе,MS,Мировой суд,"662311, Красноярский край, Шарыповский р-н, г Шарыпово, мкр Пионерный, д 13/14",https://ms131.mirsud24.ru/,ms131.mirsud24.ru,нет,24MS0131
Красноярский край,Шарыпово,,Судебный участок N 132 в г. Шарыпово,MS,Мировой суд,"662311, Красноярский край, Шарыповский р-н, г Шарыпово, мкр Пионерный, д 13/14",https://ms132.mirsud24.ru/,ms132.mirsud24.ru,нет,24MS0132
Красноярский край,Шарыпово,,Судебный участок N 164 в г. Шарыпово,MS,Мировой суд,"662311, Красноярский край, Шарыповский р-н, г Шарыпово, мкр Пионерный, д 13/14",https://ms164.mirsud24.ru/,ms164.mirsud24.ru,нет,24MS0164
Красноярский край,Шушенское,,Судебный участок N 133 в Шушенском районе,MS,Мировой суд,"662713, пгт. Шушенское, ул. Ленина, д. 67",https://ms133.mirsud24.ru/,ms133.mirsud24.ru,нет,24MS0133
Красноярский край,Шушенское,,Судебный участок N 143 в Шушенском районе,MS,Мировой суд,"662713, пгт. Шушенское, ул. Ленина, д. 67",https://ms143.mirsud24.ru/,ms143.mirsud24.ru,нет,24MS0143
Ставропольский край,,,Судебный участок мирового судьи № 3 Курского района,MS,Мировой суд,,https://stavmirsud.ru/,stavmirsud.ru,нет,26MS0154
Ставропольский край,,,Судебный участок № 2 Степновского района Ставропольского края,MS,Мировой суд,,https://stavmirsud.ru/,stavmirsud.ru,нет,26MS0145
Ставропольский край,,,Судебный участок № 6 Шпаковского района Ставропольского края,MS,Мировой суд,,https://stavmirsud.ru/,stavmirsud.ru,нет,26MS0146
Ставропольский край,,,Судебный участок № 7 Шпаковского района Ставропольского края,MS,Мировой суд,,https://stavmirsud.ru/,stavmirsud.ru,нет,26MS0150
Ставропольский край,,,Судебный участок № 8 Шпаковского района,MS,Мировой суд,,https://stavmirsud.ru/,stavmirsud.ru,нет,26MS0156
Ставропольский край,Александровское,,Судебный участок № 1 Александровского района Ставропольского края,MS,Мировой суд,"356300, Ставропольский край, с Александровское, ул К.Маркса, д 50",https://stavmirsud.ru/,stavmirsud.ru,нет,26MS0001
Ставропольский край,Александровское,,Судебный участок № 2 Александровского района Ставропольского края,MS,Мировой суд,"356300, Ставропольский край, с Александровское, ул К.Маркса, д 50",https://stavmirsud.ru/,stavmirsud.ru,нет,26MS0002
Ставропольский край,Арзгир,,Судебный участок № 1 Арзгирского района Ставропольского края,MS,Мировой суд,"356570, Ставропольский край, с Арзгир, ул Матросова, зд 15А",https://stavmirsud.ru/,stavmirsud.ru,нет,26MS0007
Ставропольский край,Арзгир,,Судебный участок № 2 Арзгирского района Ставропольского края,MS,Мировой суд,"356570, Ставропольский край, с Арзгир, ул Матросова, зд 15А",https://stavmirsud.ru/,stavmirsud.ru,нет,26MS0008
Ставропольский край,Благодарный,,Судебный участок № 1 Благодарненского района Ставропольского края,MS,Мировой суд,"356420, Ставропольский край, г Благодарный, ул Советская, зд 363А",https://stavmirsud.ru/,stavmirsud.ru,нет,26MS0009
Ставропольский край,Благодарный,,Судебный участок № 2 Благодарненского района Ставропольского края,MS,Мировой суд,"356420, Ставропольский край, г Благодарный, ул Советская, зд 363А",https://stavmirsud.ru/,stavmirsud.ru,нет,26MS0010
Ставропольский край,Благодарный,,Судебный участок № 3 Благодарненского района Ставропольского края,MS,Мировой суд,"356420, Ставропольский край, г Благодарный, ул Советская, зд 363А",https://stavmirsud.ru/,stavmirsud.ru,нет,26MS0011
Ставропольский край,Буденновск,,Судебный участок № 1 города Буденновска и Буденновского района Ставропольского края,MS,Мировой суд,"356809, Ставропольский край, г Буденновск, мкр 7, д 31",https://stavmirsud.ru/,stavmirsud.ru,нет,26MS0012
Ставропольский край,Буденновск,,Судебный участок № 2 города Буденновска и Буденновского района Ставропольского края,MS,Мировой суд,"356809, Ставропольский край, г Буденновск, мкр 7, д 31",https://stavmirsud.ru/,stavmirsud.ru,нет,26MS0013
Ставропольский край,Буденновск,,Судебный участок № 3 города Буденновска и Буденновского района Ставропольского края,MS,Мировой суд,"356809, Ставропольский край, г Буденновск, мкр 7, д 31",https://stavmirsud.ru/,stavmirsud.ru,нет,26MS0014
Ставропольский край,Буденновск,,Судебный участок № 4 города Буденновска и Буденновского района Ставропольского края,MS,Мировой суд,"356809, Ставропольский край, г Буденновск, мкр 7, д 31",https://stavmirsud.ru/,stavmirsud.ru,нет,26MS0015
Ставропольский край,Буденновск,,Судебный участок № 5 города Буденновска и Буденновского района Ставропольского края,MS,Мировой суд,"356809, Ставропольский край, г Буденновск, мкр 7, д 31",https://stavmirsud.ru/,stavmirsud.ru,нет,26MS0017
Ставропольский край,Георгиевск,,Судебный участок № 1 города Георгиевска и Георгиевского района Ставропольского края,MS,Мировой суд,"357823, Ставропольский край, г Георгиевск, ул Калинина, д 97/7",https://stavmirsud.ru/,stavmirsud.ru,нет,26MS0018
Ставропольский край,Георгиевск,,Судебный участок № 2 города Георгиевска и Георгиевского района Ставропольского края,MS,Мировой суд,"357823, Ставропольский край, г Георгиевск, ул Калинина, д 97/7",https://stavmirsud.ru/,stavmirsud.ru,нет,26MS0019
Ставропольский край,Георгиевск,,Судебный участок № 3 города Георгиевска и Георгиевского района Ставропольского края,MS,Мировой суд,"357823, Ставропольский край, г Георгиевск, ул Калинина, д 97/7",https://stavmirsud.ru/,stavmirsud.ru,нет,26MS0020
Ставропольский край,Георгиевск,,Судебный участок № 4 города Георгиевска и Георгиевского района Ставропольского края,MS,Мировой суд,"357823, Ставропольский край, г Георгиевск, ул Калинина, д 97/7",https://stavmirsud.ru/,stavmirsud.ru,нет,26MS0021
Ставропольский край,Георгиевск,,Судебный участок № 5 города Георгиевска и Георгиевского района Ставропольского края,MS,Мировой суд,"357823, Ставропольский край, г Георгиевск, ул Калинина, д 97/7",https://stavmirsud.ru/,stavmirsud.ru,нет,26MS0022
Ставропольский край,Георгиевск,,Судебный участок № 6 города Георгиевска и Георгиевского района Ставропольского края,MS,Мировой суд,"357823, Ставропольский край, г Георгиевск, ул Калинина, д 97/7",https://stavmirsud.ru/,stavmirsud.ru,нет,26MS0023
Ставропольский край,Георгиевск,,Судебный участок № 7 города Георгиевска и Георгиевского района Ставропольского края,MS,Мировой суд,"357823, Ставропольский край, г Георгиевск, ул Калинина, д 97/7",https://stavmirsud.ru/,stavmirsud.ru,нет,26MS0024
Ставропольский край,Георгиевска и Георгиевского района Ставропольского краь,,Судебный участок № 8 города Георгиевска и Георгиевского района Ставропольского края,MS,Мировой суд,,https://stavmirsud.ru/,stavmirsud.ru,нет,26MS0147
Ставропольский край,Грачевка,,Судебный участок № 1 Грачевского района Ставропольского края,MS,Мировой суд,"356250, Ставропольский край, с Грачевка, ул Ставропольская, д 38",https://stavmirsud.ru/,stavmirsud.ru,нет,26MS0025
Ставропольский край,Грачевка,,Судебный участок № 2 Грачевского района Ставропольского края,MS,Мировой суд,"356250, Ставропольский край, с Грачевка, ул Ставропольская, д 38",https://stavmirsud.ru/,stavmirsud.ru,нет,26MS0026
Ставропольский край,Дивное,,Судебный участок № 1 Апанасенковского района Ставропольского края,MS,Мировой суд,"356720, Ставропольский край, с Дивное, пер Почтовый, д 14",https://stavmirsud.ru/,stavmirsud.ru,нет,26MS0005
Ставропольский край,Дивное,,Судебный участок № 2 Апанасенковского района Ставропольского края,MS,Мировой суд,"356720, Ставропольский край, с Дивное, пер Почтовый, д 14",https://stavmirsud.ru/,stavmirsud.ru,нет,26MS0006
Ставропольский край,Донское,,Судебный участок № 1 Труновского района Ставропольского края,MS,Мировой суд,"356170, Ставропольский край, с Донское, ул Крестьянская, зд 115В",https://stavmirsud.ru/,stavmirsud.ru,нет,26MS0135
Ставропольский край,Донское,,Судебный участок № 2 Труновского района Ставропольского края,MS,Мировой суд,"356170, Ставропольский край, с Донское, ул Крестьянская, зд 115В",https://stavmirsud.ru/,stavmirsud.ru,нет,26MS0136
Ставропольский край,Ессентуки,,Судебный участок № 1 города Ессентуки Ставропольского края,MS,Мировой суд,"357635, Ставропольский край, г Ессентуки, ул Шмидта, д 72",https://stavmirsud.ru/,stavmirsud.ru,нет,26MS0027
Ставропольский край,Ессентуки,,Судебный участок № 2 города Ессентуки Ставропольского края,MS,Мировой суд,"357635, Ставропольский край, г Ессентуки, ул Шмидта, д 72",https://stavmirsud.ru/,stavmirsud.ru,нет,26MS0028
Ставропольский край,Ессентуки,,Судебный участок № 3 города Ессентуки Ставропольского края,MS,Мировой суд,"357635, Ставропольский край, г Ессентуки, ул Шмидта, д 72",https://stavmirsud.ru/,stavmirsud.ru,нет,26MS0029
Ставропольский край,Ессентуки,,Судебный участок № 4 города Ессентуки Ставропольского края,MS,Мировой суд,"357635, Ставропольский край, г Ессентуки, ул Шмидта, д 72",https://stavmirsud.ru/,stavmirsud.ru,нет,26MS0030
Ставропольский край,Ессентуки,,Судебный участок № 5 города Ессентуки Ставропольского края,MS,Мировой суд,"357635, Ставропольский край, г Ессентуки, ул Шмидта, д 72",https://stavmirsud.ru/,stavmirsud.ru,нет,26MS0031
Ставропольский край,Ессентукская,,Судебный участок № 1 Предгорного района Ставропольского края,MS,Мировой суд,"357350, Ставропольский край, ст-ца Ессентукская, ул Садовое кольцо, д 4/2",https://stavmirsud.ru/,stavmirsud.ru,нет,26MS0109
Ставропольский край,Ессентукская,,Судебный участок № 2 Предгорного района Ставропольского края,MS,Мировой суд,"357350, Ставропольский край, ст-ца Ессентукская, ул Садовое кольцо, д 4/2",https://stavmirsud.ru/,stavmirsud.ru,нет,26MS0110
Ставропольский край,Ессентукская,,Судебный участок № 3 Предгорного района Ставропольского края,MS,Мировой суд,"357350, Ставропольский край, ст-ца Ессентукская, ул Садовое кольцо, д 4/2",https://stavmirsud.ru/,stavmirsud.ru,нет,26MS0111
Ставропольский край,Ессентукская,,Судебный участок № 4 Предгорного района Ставропольского края,MS,Мировой суд,"357350, Ставропольский край, ст-ца Ессентукская, ул Садовое кольцо, д 4/2",https://stavmirsud.ru/,stavmirsud.ru,нет,26MS0112
Ставропольский край,Ессентукская,,Судебный участок № 5 Предгорного района Ставропольского края,MS,Мировой суд,"357350, Ставропольский край, ст-ца Ессентукская, ул Садовое кольцо, д 4/2",https://stavmirsud.ru/,stavmirsud.ru,нет,26MS0113
Ставропольский край,Ессентукская,,Судебный участок № 6 Предгорного района Ставропольского края,MS,Мировой суд,"357350, Ставропольский край, ст-ца Ессентукская, ул Садовое кольцо, д 4/2",https://stavmirsud.ru/,stavmirsud.ru,нет,26MS0114
Ставропольский край,Железноводск,,Судебный участок № 1 города Железноводска Ставропольского края,MS,Мировой суд,"357400, Ставропольский край, г Железноводск, ул Ленина, д 69",https://stavmirsud.ru/,stavmirsud.ru,нет,26MS0032
Ставропольский край,Железноводск,,Судебный участок № 2 города Железноводска Ставропольского края,MS,Мировой суд,"357400, Ставропольский край, г Железноводск, ул Ленина, д 69",https://stavmirsud.ru/,stavmirsud.ru,нет,26MS0033
Ставропольский край,Железноводск,,Судебный участок № 3 города Железноводска Ставропольского края,MS,Мировой суд,"357400, Ставропольский край, г Железноводск, ул Ленина, д 69",https://stavmirsud.ru/,stavmirsud.ru,нет,26MS0034
Ставропольский край,Зеленокумск,,Судебный участок № 1 Советского района Ставропольского края,MS,Мировой суд,"357910, Ставропольский край, г Зеленокумск, пл Ленина, д 3",https://stavmirsud.ru/,stavmirsud.ru,нет,26MS0131
Ставропольский край,Зеленокумск,,Судебный участок № 2 Советского района Ставропольского края,MS,Мировой суд,"357910, Ставропольский край, г Зеленокумск, ул Ленина, д 12А",https://stavmirsud.ru/,stavmirsud.ru,нет,26MS0132
Ставропольский край,Зеленокумск,,Судебный участок № 3 Советского района Ставропольского края,MS,Мировой суд,"357910, Ставропольский край, г Зеленокумск, ул Ленина, д 12А",https://stavmirsud.ru/,stavmirsud.ru,нет,26MS0133
Ставропольский край,Изобильный,,Судебный участок № 1 Изобильненского района Ставропольского края,MS,Мировой суд,"356140, Ставропольский край, г Изобильный, ул Пролетарская, стр 51",https://stavmirsud.ru/,stavmirsud.ru,нет,26MS0035
Ставропольский край,Изобильный,,Судебный участок № 2 Изобильненского района Ставропольского края,MS,Мировой суд,"356140, Ставропольский край, г Изобильный, ул Интернациональная, зд 2",https://stavmirsud.ru/,stavmirsud.ru,нет,26MS0036
Ставропольский край,Изобильный,,Судебный участок № 3 Изобильненского района Ставропольского края,MS,Мировой суд,"356140, Ставропольский край, г Изобильный, ул Интернациональная, зд 2",https://stavmirsud.ru/,stavmirsud.ru,нет,26MS0037
Ставропольский край,Изобильный,,Судебный участок № 4 Изобильненского района Ставропольского края,MS,Мировой суд,"356140, Ставропольский край, г Изобильный, ул Пролетарская, стр 51",https://stavmirsud.ru/,stavmirsud.ru,нет,26MS0038
Ставропольский край,Изобильный,,Судебный участок № 5 Изобильненского района Ставропольского края,MS,Мировой суд,"356140, Ставропольский край, г Изобильный, ул Пролетарская, стр 51",https://stavmirsud.ru/,stavmirsud.ru,нет,26MS0039
Ставропольский край,Ипатово,,Судебный участок № 1 Ипатовского района Ставропольского края,MS,Мировой суд,"356630, Ставропольский край, г Ипатово, ул Гагарина, д 67",https://stavmirsud.ru/,stavmirsud.ru,нет,26MS0040
Ставропольский край,Ипатово,,Судебный участок № 2 Ипатовского района Ставропольского края,MS,Мировой суд,"356630, Ставропольский край, г Ипатово, ул Гагарина, д 67",https://stavmirsud.ru/,stavmirsud.ru,нет,26MS0041
Ставропольский край,Ипатово,,Судебный участок № 3 Ипатовского района Ставропольского края,MS,Мировой суд,"356630, Ставропольский край, г Ипатово, ул Гагарина, д 67",https://stavmirsud.ru/,stavmirsud.ru,нет,26MS0042
Ставропольский край,Кисловодск,,Судебный участок № 1 города Кисловодска Ставропольского края,MS,Мировой суд,"357700, Ставропольский край, г Кисловодск, пр-кт Первомайский, д 9",https://stavmirsud.ru/,stavmirsud.ru,нет,26MS0047
Ставропольский край,Кисловодск,,Судебный участок № 2 города Кисловодска Ставропольского края,MS,Мировой суд,"357700, Ставропольский край, г Кисловодск, пр-кт Первомайский, д 9",https://stavmirsud.ru/,stavmirsud.ru,нет,26MS0048
Ставропольский край,Кисловодск,,Судебный участок № 3 города Кисловодска Ставропольского края,MS,Мировой суд,"357700, Ставропольский край, г Кисловодск, пр-кт Первомайский, д 9",https://stavmirsud.ru/,stavmirsud.ru,нет,26MS0049
Ставропольский край,Кисловодск,,Судебный участок № 4 города Кисловодска Ставропольского края,MS,Мировой суд,"357700, Ставропольский край, г Кисловодск, пр-кт Первомайский, д 9",https://stavmirsud.ru/,stavmirsud.ru,нет,26MS0050
Ставропольский край,Кисловодск,,Судебный участок № 5 города Кисловодска Ставропольского края,MS,Мировой суд,"357700, Ставропольский край, г Кисловодск, пр-кт Первомайский, д 9",https://stavmirsud.ru/,stavmirsud.ru,нет,26MS0051
Ставропольский край,Кисловодск,,Судебный участок № 6 города Кисловодска Ставропольского края,MS,Мировой суд,"357700, Ставропольский край, г Кисловодск, пр-кт Первомайский, д 9",https://stavmirsud.ru/,stavmirsud.ru,нет,26MS0052
Ставропольский край,Кочубеевское,,Судебный участок № 1 Кочубеевского района Ставропольского края,MS,Мировой суд,"357000, Ставропольский край, с Кочубеевское, ул Октябрьской Революции, д 15",https://stavmirsud.ru/,stavmirsud.ru,нет,26MS0054
Ставропольский край,Кочубеевское,,Судебный участок № 2 Кочубеевского района Ставропольского края,MS,Мировой суд,"357000, Ставропольский край, с Кочубеевское, ул Октябрьской Революции, д 15",https://stavmirsud.ru/,stavmirsud.ru,нет,26MS0055
Ставропольский край,Кочубеевское,,Судебный участок № 3 Кочубеевского района Ставропольского края,MS,Мировой суд,"357000, Ставропольский край, с Кочубеевское, ул Октябрьской Революции, д 15",https://stavmirsud.ru/,stavmirsud.ru,нет,26MS0056
Ставропольский край,Кочубеевское,,Судебный участок № 4 Кочубеевского района Ставропольского края,MS,Мировой суд,"357000, Ставропольский край, с Кочубеевское, ул Октябрьской Революции, д 15",https://stavmirsud.ru/,stavmirsud.ru,нет,26MS0057
Ставропольский край,Красногвардейское,,Судебный участок № 1 Красногвардейского района Ставропольского края,MS,Мировой суд,"356030, Ставропольский край, с Красногвардейское, ул Ленина, д 71",https://stavmirsud.ru/,stavmirsud.ru,нет,26MS0058
Ставропольский край,Красногвардейское,,Судебный участок № 1 Курского района Ставропольского края,MS,Мировой суд,"356030, Ставропольский край, с Красногвардейское, ул Ленина, д 71",https://stavmirsud.ru/,stavmirsud.ru,нет,26MS0061
Ставропольский край,Красногвардейское,,Судебный участок № 2 Красногвардейского района Ставропольского края,MS,Мировой суд,"356030, Ставропольский край, с Красногвардейское, ул Ленина, д 71",https://stavmirsud.ru/,stavmirsud.ru,нет,26MS0059
Ставропольский край,Красногвардейское,,Судебный участок № 2 Курского района Ставропольского края,MS,Мировой суд,"356030, Ставропольский край, с Красногвардейское, ул Ленина, д 71",https://stavmirsud.ru/,stavmirsud.ru,нет,26MS0062
Ставропольский край,Курсавка,,Судебный участок № 1 Андроповского района Ставропольского края,MS,Мировой суд,"357070, Ставропольский край, с Курсавка, ул Красная, д 29",https://stavmirsud.ru/,stavmirsud.ru,нет,26MS0003
Ставропольский край,Курсавка,,Судебный участок № 2 Андроповского района Ставропольского края,MS,Мировой суд,"357070, Ставропольский край, с Курсавка, ул Красная, д 29",https://stavmirsud.ru/,stavmirsud.ru,нет,26MS0004
Ставропольский край,Левокумское,,Судебный участок № 1 Левокумского района Ставропольского края,MS,Мировой суд,"357961, Ставропольский край, с Левокумское, ул Свободы, д 20",https://stavmirsud.ru/,stavmirsud.ru,нет,26MS0069
Ставропольский край,Левокумское,,Судебный участок № 2 Левокумского района Ставропольского края,MS,Мировой суд,"357961, Ставропольский край, с Левокумское, ул Свободы, д 20",https://stavmirsud.ru/,stavmirsud.ru,нет,26MS0070
Ставропольский край,Лермонтов,,Судебный участок мирового судьи № 2 г. Лермонтов,MS,Мировой суд,,https://stavmirsud.ru/,stavmirsud.ru,нет,26MS0153
Ставропольский край,Лермонтов,,Судебный участок № 1 города Лермонтова Ставропольского края,MS,Мировой суд,"357340, Ставропольский край, г Лермонтов, ул Матвиенко, д 1",https://stavmirsud.ru/,stavmirsud.ru,нет,26MS0071
Ставропольский край,Летняя Ставка,,Судебный участок № 1 Туркменского района Ставропольского края,MS,Мировой суд,"356540, Ставропольский край, с Летняя Ставка, ул Советская, д 124А",https://stavmirsud.ru/,stavmirsud.ru,нет,26MS0137
Ставропольский край,Летняя Ставка,,Судебный участок № 2 Туркменского района Ставропольского края,MS,Мировой суд,"356540, Ставропольский край, с Летняя Ставка, ул Советская, д 124А",https://stavmirsud.ru/,stavmirsud.ru,нет,26MS0138
Ставропольский край,Минеральные Воды,,Судебный участок № 1 города Минеральные Воды и Минераловодского района Ставропольского края,MS,Мировой суд,"357212, Ставропольский край, г Минеральные Воды, ул Пятигорская, зд 33/1",https://stavmirsud.ru/,stavmirsud.ru,нет,26MS0072
Ставропольский край,Минеральные Воды,,Судебный участок № 2 города Минеральные Воды и Минераловодского района Ставропольского края,MS,Мировой суд,"357212, Ставропольский край, г Минеральные Воды, ул Пятигорская, зд 33/1",https://stavmirsud.ru/,stavmirsud.ru,нет,26MS0073
Ставропольский край,Минеральные Воды,,Судебный участок № 3 города Минеральные Воды и Минераловодского района Ставропольского края,MS,Мировой суд,"357212, Ставропольский край, г Минеральные Воды, ул Пятигорская, зд 33/1",https://stavmirsud.ru/,stavmirsud.ru,нет,26MS0074
Ставропольский край,Минеральные Воды,,Судебный участок № 4 города Минеральные Воды и Минераловодского района Ставропольского края,MS,Мировой суд,"357212, Ставропольский край, г Минеральные Воды, ул Пятигорская, зд 33/1",https://stavmirsud.ru/,stavmirsud.ru,нет,26MS0075
Ставропольский край,Минеральные Воды,,Судебный участок № 5 города Минеральные Воды и Минераловодского района Ставропольского края,MS,Мировой суд,"357212, Ставропольский край, г Минеральные Воды, ул Пятигорская, зд 33/1",https://stavmirsud.ru/,stavmirsud.ru,нет,26MS0076
Ставропольский край,Минеральные Воды,,Судебный участок № 6 города Минеральные Воды и Минераловодского района Ставропольского края,MS,Мировой суд,"357212, Ставропольский край, г Минеральные Воды, ул Пятигорская, зд 33/1",https://stavmirsud.ru/,stavmirsud.ru,нет,26MS0077
Ставропольский край,Минеральные Воды,,Судебный участок № 7 города Минеральные Воды и Минераловодского района Ставропольского края,MS,Мировой суд,"357212, Ставропольский край, г Минеральные Воды, ул Пятигорская, зд 33/1",https://stavmirsud.ru/,stavmirsud.ru,нет,26MS0078
Ставропольский край,Михайловск,,Судебный участок № 1 Шпаковского района Ставропольского края,MS,Мировой суд,"356240, Ставропольский край, г Михайловск, ул Войкова, д 379",https://stavmirsud.ru/,stavmirsud.ru,нет,26MS0139
Ставропольский край,Михайловск,,Судебный участок № 2 Шпаковского района Ставропольского края,MS,Мировой суд,"356240, Ставропольский край, г Михайловск, ул Войкова, д 379",https://stavmirsud.ru/,stavmirsud.ru,нет,26MS0140
Ставропольский край,Михайловск,,Судебный участок № 3 Шпаковского района Ставропольского края,MS,Мировой суд,"356240, Ставропольский край, г Михайловск, ул Войкова, д 379",https://stavmirsud.ru/,stavmirsud.ru,нет,26MS0141
Ставропольский край,Михайловск,,Судебный участок № 4 Шпаковского района Ставропольского края,MS,Мировой суд,"356240, Ставропольский край, г Михайловск, ул Войкова, д 379",https://stavmirsud.ru/,stavmirsud.ru,нет,26MS0142
Ставропольский край,Михайловск,,Судебный участок № 5 Шпаковского района Ставропольского края,MS,Мировой суд,"356240, Ставропольский край, г Михайловск, ул Войкова, д 379",https://stavmirsud.ru/,stavmirsud.ru,нет,26MS0143
Ставропольский край,Невинномысск,,Судебный участок № 1 города Невинномысска Ставропольского края,MS,Мировой суд,"357100, Ставропольский край, г Невинномысск, ул Гагарина, д 55",https://stavmirsud.ru/,stavmirsud.ru,нет,26MS0083
Ставропольский край,Невинномысск,,Судебный участок № 2 города Невинномысска Ставропольского края,MS,Мировой суд,"357100, Ставропольский край, г Невинномысск, ул Гагарина, д 55",https://stavmirsud.ru/,stavmirsud.ru,нет,26MS0084
Ставропольский край,Невинномысск,,Судебный участок № 3 города Невинномысска Ставропольского края,MS,Мировой суд,"357100, Ставропольский край, г Невинномысск, ул Гагарина, д 55",https://stavmirsud.ru/,stavmirsud.ru,нет,26MS0085
Ставропольский край,Невинномысск,,Судебный участок № 4 города Невинномысска Ставропольского края,MS,Мировой суд,"357100, Ставропольский край, г Невинномысск, ул Гагарина, д 55",https://stavmirsud.ru/,stavmirsud.ru,нет,26MS0086
Ставропольский край,Невинномысск,,Судебный участок № 5 города Невинномысска Ставропольского края,MS,Мировой суд,"357100, Ставропольский край, г Невинномысск, ул Гагарина, д 55",https://stavmirsud.ru/,stavmirsud.ru,нет,26MS0087
Ставропольский край,Невинномысск,,Судебный участок № 6 города Невинномысска Ставропольского края,MS,Мировой суд,"357100, Ставропольский край, г Невинномысск, ул Гагарина, д 55",https://stavmirsud.ru/,stavmirsud.ru,нет,26MS0088
Ставропольский край,Нефтекумск,,Судебный участок № 1 Нефтекумского района Ставропольского края,MS,Мировой суд,"356880, Ставропольский край, г Нефтекумск, ул Шоссейная, д 9Б",https://stavmirsud.ru/,stavmirsud.ru,нет,26MS0079
Ставропольский край,Нефтекумск,,Судебный участок № 2 Нефтекумского района Ставропольского края,MS,Мировой суд,"356880, Ставропольский край, г Нефтекумск, ул Шоссейная, д 9Б",https://stavmirsud.ru/,stavmirsud.ru,нет,26MS0080
Ставропольский край,Нефтекумск,,Судебный участок № 3 Нефтекумского района Ставропольского края,MS,Мировой суд,"356880, Ставропольский край, г Нефтекумск, ул Шоссейная, д 9Б",https://stavmirsud.ru/,stavmirsud.ru,нет,26MS0082
Ставропольский край,Новоалександровск,,Судебный участок № 1 Новоалександровского района Ставропольского края,MS,Мировой суд,"356000, Ставропольский край, г Новоалександровск, ул Набережная, д 1",https://stavmirsud.ru/,stavmirsud.ru,нет,26MS0089
Ставропольский край,Новоалександровск,,Судебный участок № 2 Новоалександровского района Ставропольского края,MS,Мировой суд,"356000, Ставропольский край, г Новоалександровск, ул Набережная, д 1",https://stavmirsud.ru/,stavmirsud.ru,нет,26MS0090
Ставропольский край,Новоалександровск,,Судебный участок № 3 Новоалександровского района Ставропольского края,MS,Мировой суд,"356000, Ставропольский край, г Новоалександровск, ул Набережная, д 1",https://stavmirsud.ru/,stavmirsud.ru,нет,26MS0091
Ставропольский край,Новопавловск,,Судебный участок № 1 Кировского района Ставропольского края,MS,Мировой суд,"357300, Ставропольский край, г Новопавловск, ул Комсомольская, д 7",https://stavmirsud.ru/,stavmirsud.ru,нет,26MS0044
Ставропольский край,Новопавловск,,Судебный участок № 2 Кировского района Ставропольского края,MS,Мировой суд,"357300, Ставропольский край, г Новопавловск, ул Комсомольская, д 7",https://stavmirsud.ru/,stavmirsud.ru,нет,26MS0045
Ставропольский край,Новопавловск,,Судебный участок № 3 Кировского района Ставропольского края,MS,Мировой суд,"357300, Ставропольский край, г Новопавловск, ул Комсомольская, д 7",https://stavmirsud.ru/,stavmirsud.ru,нет,26MS0046
Ставропольский край,Новоселицкое,,Судебный участок № 1 Новоселицкого района Ставропольского края,MS,Мировой суд,"356350, Ставропольский край, с Новоселицкое, ул Школьная, д 39",https://stavmirsud.ru/,stavmirsud.ru,нет,26MS0093
Ставропольский край,Новоселицкое,,Судебный участок № 2 Новоселицкого района Ставропольского края,MS,Мировой суд,"356350, Ставропольский край, с Новоселицкое, ул Школьная, д 39",https://stavmirsud.ru/,stavmirsud.ru,нет,26MS0094
Ставропольский край,Пятигорск,,Судебный участок № 1 города Пятигорска Ставропольского края,MS,Мировой суд,"357502, Ставропольский край, г Пятигорск, ул Университетская, д 17, кв 19",https://stavmirsud.ru/,stavmirsud.ru,нет,26MS0119
Ставропольский край,Пятигорск,,Судебный участок № 10 города Пятигорска Ставропольского края,MS,Мировой суд,"357502, Ставропольский край, г Пятигорск, ул Университетская, д 17/19",https://stavmirsud.ru/,stavmirsud.ru,нет,26MS0128
Ставропольский край,Пятигорск,,Судебный участок № 2 города Пятигорска Ставропольского края,MS,Мировой суд,"357502, Ставропольский край, г Пятигорск, ул Университетская, д 17/19",https://stavmirsud.ru/,stavmirsud.ru,нет,26MS0120
Ставропольский край,Пятигорск,,Судебный участок № 3 города Пятигорска Ставропольского края,MS,Мировой суд,"357502, Ставропольский край, г Пятигорск, ул Университетская, д 17/19",https://stavmirsud.ru/,stavmirsud.ru,нет,26MS0121
Ставропольский край,Пятигорск,,Судебный участок № 4 города Пятигорска Ставропольского края,MS,Мировой суд,"357502, Ставропольский край, г Пятигорск, ул Университетская, д 17/19",https://stavmirsud.ru/,stavmirsud.ru,нет,26MS0122
Ставропольский край,Пятигорск,,Судебный участок № 5 города Пятигорска Ставропольского края,MS,Мировой суд,"357502, Ставропольский край, г Пятигорск, ул Университетская, д 17/19",https://stavmirsud.ru/,stavmirsud.ru,нет,26MS0123
Ставропольский край,Пятигорск,,Судебный участок № 6 города Пятигорска Ставропольского края,MS,Мировой суд,"357502, Ставропольский край, г Пятигорск, ул Университетская, д 17/19",https://stavmirsud.ru/,stavmirsud.ru,нет,26MS0124
Ставропольский край,Пятигорск,,Судебный участок № 7 города Пятигорска Ставропольского края,MS,Мировой суд,"357502, Ставропольский край, г Пятигорск, ул Университетская, д 17/19",https://stavmirsud.ru/,stavmirsud.ru,нет,26MS0125
Ставропольский край,Пятигорск,,Судебный участок № 8 города Пятигорска Ставропольского края,MS,Мировой суд,"357502, Ставропольский край, г Пятигорск, ул Университетская, д 17/19",https://stavmirsud.ru/,stavmirsud.ru,нет,26MS0126
Ставропольский край,Пятигорск,,Судебный участок № 9 города Пятигорска Ставропольского края,MS,Мировой суд,"357502, Ставропольский край, г Пятигорск, ул Университетская, д 17/19",https://stavmirsud.ru/,stavmirsud.ru,нет,26MS0127
Ставропольский край,Светлоград,,Судебный участок № 1 Петровского района Ставропольского края,MS,Мировой суд,"356530, Ставропольский край, г Светлоград, ул Пушкина, зд 8",https://stavmirsud.ru/,stavmirsud.ru,нет,26MS0115
Ставропольский край,Светлоград,,Судебный участок № 2 Петровского района Ставропольского края,MS,Мировой суд,"356530, Ставропольский край, г Светлоград, ул Пушкина, зд 8",https://stavmirsud.ru/,stavmirsud.ru,нет,26MS0117
Ставропольский край,Светлоград,,Судебный участок № 3 Петровского района Ставропольского края,MS,Мировой суд,"356530, Ставропольский край, г Светлоград, ул Пушкина, зд 8",https://stavmirsud.ru/,stavmirsud.ru,нет,26MS0118
Ставропольский край,Ставрополь,,Судебный участок № 1 Ленинского района г. Ставрополя,MS,Мировой суд,"355035, г Ставрополь, ул Ленина, д 221",https://stavmirsud.ru/,stavmirsud.ru,нет,26MS0063
Ставропольский край,Ставрополь,,Судебный участок № 1 Октябрьского района г. Ставрополя,MS,Мировой суд,"355035, г Ставрополь, ул Ленина, д 221",https://stavmirsud.ru/,stavmirsud.ru,нет,26MS0095
Ставропольский край,Ставрополь,,Судебный участок № 1 Промышленного района г. Ставрополя,MS,Мировой суд,"355006, г Ставрополь, ул Шаумяна, д 18",https://stavmirsud.ru/,stavmirsud.ru,нет,26MS0099
Ставропольский край,Ставрополь,,Судебный участок № 10 Промышленного района г. Ставрополя,MS,Мировой суд,"355006, г Ставрополь, ул Шаумяна, д 18",https://stavmirsud.ru/,stavmirsud.ru,нет,26MS0108
Ставропольский край,Ставрополь,,Судебный участок № 11 Промышленного района г. Ставрополя,MS,Мировой суд,,https://stavmirsud.ru/,stavmirsud.ru,нет,26MS0144
Ставропольский край,Ставрополь,,Судебный участок № 12 Промышленного района г. Ставрополя,MS,Мировой суд,,https://stavmirsud.ru/,stavmirsud.ru,нет,26MS0148
Ставропольский край,Ставрополь,,Судебный участок № 13 Промышленного района г. Ставрополя,MS,Мировой суд,,https://stavmirsud.ru/,stavmirsud.ru,нет,26MS0152
Ставропольский край,Ставрополь,,Судебный участок № 14 Промышленного района г. Ставрополя,MS,Мировой суд,,https://stavmirsud.ru/,stavmirsud.ru,нет,26MS0155
Ставропольский край,Ставрополь,,Судебный участок № 2 Ленинского района г. Ставрополя,MS,Мировой суд,"355035, г Ставрополь, ул Ленина, д 221",https://stavmirsud.ru/,stavmirsud.ru,нет,26MS0064
Ставропольский край,Ставрополь,,Судебный участок № 2 Октябрьского района г. Ставрополя,MS,Мировой суд,"355006, г Ставрополь, ул Шаумяна, д 18",https://stavmirsud.ru/,stavmirsud.ru,нет,26MS0096
Ставропольский край,Ставрополь,,Судебный участок № 2 Промышленного района г. Ставрополя,MS,Мировой суд,"355006, г Ставрополь, ул Шаумяна, д 18",https://stavmirsud.ru/,stavmirsud.ru,нет,26MS0100
Ставропольский край,Ставрополь,,Судебный участок № 3 Ленинского района г. Ставрополя,MS,Мировой суд,"355035, г Ставрополь, ул Ленина, д 221",https://stavmirsud.ru/,stavmirsud.ru,нет,26MS0065
Ставропольский край,Ставрополь,,Судебный участок № 3 Октябрьского района г. Ставрополя,MS,Мировой суд,"355006, г Ставрополь, ул Шаумяна, д 18",https://stavmirsud.ru/,stavmirsud.ru,нет,26MS0097
Ставропольский край,Ставрополь,,Судебный участок № 3 Промышленного района г. Ставрополя,MS,Мировой суд,"355006, г Ставрополь, ул Шаумяна, д 18",https://stavmirsud.ru/,stavmirsud.ru,нет,26MS0101
Ставропольский край,Ставрополь,,Судебный участок № 4 Ленинского района г. Ставрополя,MS,Мировой суд,"355035, г Ставрополь, ул Ленина, д 221",https://stavmirsud.ru/,stavmirsud.ru,нет,26MS0066
Ставропольский край,Ставрополь,,Судебный участок № 4 Октябрьского района г. Ставрополя,MS,Мировой суд,"355006, г Ставрополь, ул Шаумяна, д 18",https://stavmirsud.ru/,stavmirsud.ru,нет,26MS0098
Ставропольский край,Ставрополь,,Судебный участок № 4 Промышленного района г. Ставрополя,MS,Мировой суд,"355006, г Ставрополь, ул Шаумяна, д 18",https://stavmirsud.ru/,stavmirsud.ru,нет,26MS0102
Ставропольский край,Ставрополь,,Судебный участок № 5 Ленинского района г. Ставрополя,MS,Мировой суд,"355035, г Ставрополь, ул Ленина, д 221",https://stavmirsud.ru/,stavmirsud.ru,нет,26MS0067
Ставропольский край,Ставрополь,,Судебный участок № 5 Октябрьского района г. Ставрополя,MS,Мировой суд,,https://stavmirsud.ru/,stavmirsud.ru,нет,26MS0149
Ставропольский край,Ставрополь,,Судебный участок № 5 Промышленного района г. Ставрополя,MS,Мировой суд,"355006, г Ставрополь, ул Шаумяна, д 18",https://stavmirsud.ru/,stavmirsud.ru,нет,26MS0103
Ставропольский край,Ставрополь,,Судебный участок № 6 Ленинского района г. Ставрополя,MS,Мировой суд,"355035, г Ставрополь, ул Ленина, д 221",https://stavmirsud.ru/,stavmirsud.ru,нет,26MS0068
Ставропольский край,Ставрополь,,Судебный участок № 6 Октябрьского района г. Ставрополя,MS,Мировой суд,,https://stavmirsud.ru/,stavmirsud.ru,нет,26MS0151
Ставропольский край,Ставрополь,,Судебный участок № 6 Промышленного района г. Ставрополя,MS,Мировой суд,"355006, г Ставрополь, ул Шаумяна, д 18",https://stavmirsud.ru/,stavmirsud.ru,нет,26MS0104
Ставропольский край,Ставрополь,,Судебный участок № 7 Промышленного района г. Ставрополя,MS,Мировой суд,"355006, г Ставрополь, ул Шаумяна, д 18",https://stavmirsud.ru/,stavmirsud.ru,нет,26MS0105
Ставропольский край,Ставрополь,,Судебный участок № 8 Промышленного района г. Ставрополя,MS,Мировой суд,"355006, г Ставрополь, ул Шаумяна, д 18",https://stavmirsud.ru/,stavmirsud.ru,нет,26MS0106
Ставропольский край,Ставрополь,,Судебный участок № 9 Промышленного района г. Ставрополя,MS,Мировой суд,"355006, г Ставрополь, ул Шаумяна, д 18",https://stavmirsud.ru/,stavmirsud.ru,нет,26MS0107
Ставропольский край,Степное,,Судебный участок № 1 Степновского района Ставропольского края,MS,Мировой суд,"357930, Ставропольский край, с Степное, ул Додонова, д 25",https://stavmirsud.ru/,stavmirsud.ru,нет,26MS0134
Оренбургская область,Абдулино,,Судебный участок № 1 г. Абдулино и Абдулинского района Оренбургской области,MS,Мировой суд,"461744, Оренбургская обл, г Абдулино, ул Коммунистическая, зд 49",https://abd.kodms.ru/,abd.kodms.ru,нет,56MS0001
Оренбургская область,Адамовка,,Судебный участок № 1 Адамовского района Оренбургской области,MS,Мировой суд,"462830, Оренбургская обл, п Адамовка, ул Майская, д 93",https://adm1.kodms.ru/,adm1.kodms.ru,нет,56MS0003
Оренбургская область,Адамовка,,Судебный участок № 2 Адамовского района Оренбургской области,MS,Мировой суд,"462830, Оренбургская обл, п Адамовка, ул Майская, д 93",https://adm2.kodms.ru/,adm2.kodms.ru,нет,56MS0004
Оренбургская область,Акбулак,,Судебный участок № 1 Акбулакского района Оренбургской области,MS,Мировой суд,"461551, Оренбургская обл, п Акбулак, ул Терещенко, д 105",https://akb1.kodms.ru/,akb1.kodms.ru,нет,56MS0005
Оренбургская область,Акбулак,,Судебный участок № 2 Акбулакского района Оренбургской области,MS,Мировой суд,"461551, Оренбургская обл, п Акбулак, ул Терещенко, д 105",https://akb2.kodms.ru/,akb2.kodms.ru,нет,56MS0006
Оренбургская область,Александровка,,Судебный участок в административно-территориальных границах всего Александровского района Оренбургской области,MS,Мировой суд,"461830, Оренбургская обл, с Александровка, ул Рощепкина, зд 3",https://alex.kodms.ru/,alex.kodms.ru,нет,56MS0007
Оренбургская область,Асекеево,,Судебный участок в административно-территориальных границах всего Асекеевского района Оренбургской области,MS,Мировой суд,"461710, Оренбургская обл, с Асекеево, ул Садовая, д 1",https://asek.kodms.ru/,asek.kodms.ru,нет,56MS0008
Оренбургская область,Беляевка,,Судебный участок в административно-территориальных границах всего Беляевского района Оренбургской области,MS,Мировой суд,"461330, Оренбургская обл, с Беляевка, ул Советская, д 63А",https://bel.kodms.ru/,bel.kodms.ru,нет,56MS0009
Оренбургская область,Бугуруслан,,Судебный участок № 1 г. Бугуруслана и Бугурусланского района Оренбургской области,MS,Мировой суд,"461630, Оренбургская обл, г Бугуруслан, ул Чапаевская, зд 93",https://bug1.kodms.ru/,bug1.kodms.ru,нет,56MS0010
Оренбургская область,Бугуруслан,,Судебный участок № 2 г. Бугуруслана и Бугурусланского района Оренбургской области,MS,Мировой суд,"461630, Оренбургская обл, г Бугуруслан, ул Чапаевская, зд 93",https://bug2.kodms.ru/,bug2.kodms.ru,нет,56MS0011
Оренбургская область,Бугуруслан,,Судебный участок № 3 г. Бугуруслана и Бугурусланского района Оренбургской области,MS,Мировой суд,"461630, Оренбургская обл, г Бугуруслан, ул Чапаевская, зд 93",https://bug3.kodms.ru/,bug3.kodms.ru,нет,56MS0012
Оренбургская область,Бузулук,,Судебный участок № 1 Бузулукского района Оренбургской области,MS,Мировой суд,"461040, Оренбургская обл, г Бузулук, ул Ленина, стр 7",https://buzr1.kodms.ru/,buzr1.kodms.ru,нет,56MS0017
Оренбургская область,Бузулук,,Судебный участок № 1 г. Бузулука Оренбургской области,MS,Мировой суд,"461040, Оренбургская обл, г Бузулук, ул Ленина, стр 7",https://buz1.kodms.ru/,buz1.kodms.ru,нет,56MS0014
Оренбургская область,Бузулук,,Судебный участок № 2 Бузулукского района Оренбургской области,MS,Мировой суд,"461040, Оренбургская обл, г Бузулук, ул Ленина, стр 7",https://buzr2.kodms.ru/,buzr2.kodms.ru,нет,56MS0018
Оренбургская область,Бузулук,,Судебный участок № 2 г. Бузулука Оренбургской области,MS,Мировой суд,"461040, Оренбургская обл, г Бузулук, ул Ленина, стр 7",https://buz2.kodms.ru/,buz2.kodms.ru,нет,56MS0015
Оренбургская область,Бузулук,,Судебный участок № 3 г. Бузулука Оренбургской области,MS,Мировой суд,"461040, Оренбургская обл, г Бузулук, ул Ленина, стр 7",https://buz3.kodms.ru/,buz3.kodms.ru,нет,56MS0016
Оренбургская область,Володарский,,Судебный участок в административно-территориальных границах всего Первомайского района Оренбургской области,MS,Мировой суд,"461980, Оренбургская обл, Первомайский р-н, п Володарский, ул Победы, зд 7А",https://perm.kodms.ru/,perm.kodms.ru,нет,56MS0086
Оренбургская область,Гай,,Судебный участок № 1 города Гая и в административно-территориальных границах всего Гайского района Оренбургской области,MS,Мировой суд,"462635, Оренбургская обл, г Гай, ул Орская, зд 123",https://gair.kodms.ru/,gair.kodms.ru,нет,56MS0038
Оренбургская область,Гай,,Судебный участок № 2 г. Гая Оренбургской области,MS,Мировой суд,"462635, Оренбургская обл, г Гай, ул Орская, зд 123",https://gai2.kodms.ru/,gai2.kodms.ru,нет,56MS0036
Оренбургская область,Грачевка,,Судебный участок в административно-территориальных границах всего Грачевского района Оренбургской области,MS,Мировой суд,"461800, Оренбургская обл, с Грачевка, ул Юбилейная, д 24Б",https://gr.kodms.ru/,gr.kodms.ru,нет,56MS0039
Оренбургская область,Домбаровский,,Судебный участок в администратино-территориальных границах всего Домбаровского района Оренбургской области,MS,Мировой суд,"462734, Оренбургская обл, п Домбаровский, ул Железнодорожная, д 11А",https://dom.kodms.ru/,dom.kodms.ru,нет,56MS0025
Оренбургская область,Донское,,Судебный участок в административно-территориальных границах всего Красногвардейского района Оренбургской области,MS,Мировой суд,"461150, Оренбургская обл, Красногвардейский р-н, с Донское, ул Полевая, зд 2А",https://krs.kodms.ru/,krs.kodms.ru,нет,56MS0041
Оренбургская область,Илек,,Судебный участок в административно-территориальных границах всего Илекского района Оренбургской области,MS,Мировой суд,"461350, Оренбургская обл, с Илек, ул Оренбургская, д 21",https://ilek.kodms.ru/,ilek.kodms.ru,нет,56MS0040
Оренбургская область,Кваркено,,Судебный участок в административно-территориальных границах всего Кваркенского района Оренбургской области,MS,Мировой суд,"462860, Оренбургская обл, с Кваркено, ул Центральная, зд 23А",https://kvr.kodms.ru/,kvr.kodms.ru,нет,56MS0045
Оренбургская область,Кувандык,,Судебный участок № 1 г. Кувандыка и Кувандыкского района Оренбургской области,MS,Мировой суд,"462243, Оренбургская обл, г Кувандык, ул Октябрьская, зд 3А",https://kuv1.kodms.ru/,kuv1.kodms.ru,нет,56MS0043
Оренбургская область,Кувандык,,Судебный участок № 2 г. Кувандыка и Кувандыкского района Оренбургской области,MS,Мировой суд,"462243, Оренбургская обл, г Кувандык, ул Октябрьская, зд 3А",https://kuv2.kodms.ru/,kuv2.kodms.ru,нет,56MS0044
Оренбургская область,Курманаевка,,Судебный участок в административно-территориальных границах всего Курманаевского района Оренбургской области,MS,Мировой суд,"461060, Оренбургская обл, с Курманаевка, ул Крестьянская, зд 8, помещ 1",https://kurm.kodms.ru/,kurm.kodms.ru,нет,56MS0042
Оренбургская область,Матвеевка,,Судебный участок № 2 Абдулинского района и в административно-территориальных границах всего Матвеевского района Оренбургской области,MS,Мировой суд,"461880, Оренбургская обл, с Матвеевка, ул Комсомольская, д 15В",https://matv.kodms.ru/,matv.kodms.ru,нет,56MS0002
Оренбургская область,Медногорск,,Судебный участок № 1 г. Медногорска Оренбургской области,MS,Мировой суд,"462281, Оренбургская обл, г Медногорск, ул Кирова, д 19",https://med1.kodms.ru/,med1.kodms.ru,нет,56MS0057
Оренбургская область,Медногорск,,Судебный участок № 2 г. Медногорска Оренбургской области,MS,Мировой суд,"462281, Оренбургская обл, г Медногорск, ул Кирова, д 19",https://med2.kodms.ru/,med2.kodms.ru,нет,56MS0058
Оренбургская область,Новоорск,,Судебный участок № 1 Новоорского района Оренбургской области,MS,Мировой суд,"462800, Оренбургская обл, п Новоорск, ул Рабочая, д 36",https://nvsk1.kodms.ru/,nvsk1.kodms.ru,нет,56MS0061
Оренбургская область,Новоорск,,Судебный участок № 2 Новоорского района Оренбургской области,MS,Мировой суд,"462800, Оренбургская обл, п Новоорск, ул Рабочая, д 36",https://nvsk2.kodms.ru/,nvsk2.kodms.ru,нет,56MS0062
Оренбургская область,Новосергиевка,,Судебный участок № 1 Новосергиевского района Оренбургской области,MS,Мировой суд,"461200, Оренбургская обл, п Новосергиевка, ул Краснопартизанская, д 18",https://nvs1.kodms.ru/,nvs1.kodms.ru,нет,56MS0059
Оренбургская область,Новосергиевка,,Судебный участок № 2 Новосергиевского района Оренбургской области,MS,Мировой суд,"461200, Оренбургская обл, п Новосергиевка, ул Краснопартизанская, д 18",https://nvs2.kodms.ru/,nvs2.kodms.ru,нет,56MS0060
Оренбургская область,Новотроицк,,Судебный участок № 1 г. Новотроицка Оренбургской области,MS,Мировой суд,"462359, Оренбургская обл, г Новотроицк, ул Советская, д 49",https://nwtr1.kodms.ru/,nwtr1.kodms.ru,нет,56MS0063
Оренбургская область,Новотроицк,,Судебный участок № 2 г. Новотроицка Оренбургской области,MS,Мировой суд,"462359, Оренбургская обл, г Новотроицк, ул Советская, д 49",https://nwtr2.kodms.ru/,nwtr2.kodms.ru,нет,56MS0064
Оренбургская область,Новотроицк,,Судебный участок № 3 г. Новотроицка Оренбургской области,MS,Мировой суд,"462359, Оренбургская обл, г Новотроицк, ул Советская, д 49",https://nwtr3.kodms.ru/,nwtr3.kodms.ru,нет,56MS0065
Оренбургская область,Новотроицк,,Судебный участок № 4 г. Новотроицка Оренбургской области,MS,Мировой суд,"462359, Оренбургская обл, г Новотроицк, ул Советская, д 49",https://nwtr4.kodms.ru/,nwtr4.kodms.ru,нет,56MS0066
Оренбургская область,Новотроицк,,Судебный участок № 5 г. Новотроицка Оренбургской области,MS,Мировой суд,"462359, Оренбургская обл, г Новотроицк, ул Советская, д 49",https://nwtr5.kodms.ru/,nwtr5.kodms.ru,нет,56MS0115
Оренбургская область,Новотроицк,,Судебный участок № 6 города Новотроицка Оренбургской области,MS,Мировой суд,"462359, Оренбургская обл, г Новотроицк, ул Советская, д 49",https://nwtr6.kodms.ru/,nwtr6.kodms.ru,нет,56MS0119
Оренбургская область,Октябрьское,,Судебный участок в административно-территориальных границах всего Октябрьского района Оренбургской области,MS,Мировой суд,"462030, Оренбургская обл, с Октябрьское, ул Транспортная, д 32",https://okt.kodms.ru/,okt.kodms.ru,нет,56MS0067
Оренбургская область,Оренбург,,Судебный участок № 1 Дзержинского района г. Оренбурга,MS,Мировой суд,"460042, г Оренбург, ул Карагандинская, д 59/3",https://dz1.kodms.ru/,dz1.kodms.ru,нет,56MS0026
Оренбургская область,Оренбург,,Судебный участок № 1 Ленинского района г. Оренбурга,MS,Мировой суд,"460042, г Оренбург, ул Карагандинская, д 59/3",https://len1.kodms.ru/,len1.kodms.ru,нет,56MS0046
Оренбургская область,Оренбург,,Судебный участок № 1 Оренбургского района Оренбургской области,MS,Мировой суд,"460042, г Оренбург, ул Карагандинская, д 59/3",https://or1.kodms.ru/,or1.kodms.ru,нет,56MS0068
Оренбургская область,Оренбург,,Судебный участок № 1 Центрального района г. Оренбурга,MS,Мировой суд,"460042, г Оренбург, ул Карагандинская, д 59/3",https://centr1.kodms.ru/,centr1.kodms.ru,нет,56MS0019
Оренбургская область,Оренбург,,Судебный участок № 10 Ленинского района г. Оренбурга,MS,Мировой суд,"460042, г Оренбург, ул Карагандинская, д 59/3",https://len10.kodms.ru/,len10.kodms.ru,нет,56MS0047
Оренбургская область,Оренбург,,Судебный участок № 10 Промышленного района г. Оренбурга,MS,Мировой суд,"460042, г Оренбург, ул Карагандинская, д 59/3",https://prom10.kodms.ru/,prom10.kodms.ru,нет,56MS0088
Оренбургская область,Оренбург,,Судебный участок № 11 Ленинского района г. Оренбурга,MS,Мировой суд,"460042, г Оренбург, ул Карагандинская, д 59/3",https://len11.kodms.ru/,len11.kodms.ru,нет,56MS0114
Оренбургская область,Оренбург,,Судебный участок № 11 Промышленного района г. Оренбурга,MS,Мировой суд,"460042, г Оренбург, ул Карагандинская, д 59/3",https://prom11.kodms.ru/,prom11.kodms.ru,нет,56MS0089
Оренбургская область,Оренбург,,Судебный участок № 12 Промышленного района г. Оренбурга,MS,Мировой суд,"460042, г Оренбург, ул Карагандинская, д 59/3",https://prom12.kodms.ru/,prom12.kodms.ru,нет,56MS0090
Оренбургская область,Оренбург,,Судебный участок № 13 Промышленного района г. Оренбурга,MS,Мировой суд,"460042, г Оренбург, ул Карагандинская, д 59/3",https://prom13.kodms.ru/,prom13.kodms.ru,нет,56MS0091
Оренбургская область,Оренбург,,Судебный участок № 14 Промышленного района г. Оренбурга,MS,Мировой суд,"460042, г Оренбург, ул Карагандинская, д 59/3",https://prom14.kodms.ru/,prom14.kodms.ru,нет,56MS0092
Оренбургская область,Оренбург,,Судебный участок № 2 Дзержинского района г. Оренбурга,MS,Мировой суд,"460042, г Оренбург, ул Карагандинская, д 59/3",https://dz2.kodms.ru/,dz2.kodms.ru,нет,56MS0027
Оренбургская область,Оренбург,,Судебный участок № 2 Ленинского района г. Оренбурга,MS,Мировой суд,"460042, г Оренбург, ул Карагандинская, д 59/3",https://len2.kodms.ru/,len2.kodms.ru,нет,56MS0048
Оренбургская область,Оренбург,,Судебный участок № 2 Оренбургского района Оренбургской области,MS,Мировой суд,"460042, г Оренбург, ул Карагандинская, д 59/3",https://or2.kodms.ru/,or2.kodms.ru,нет,56MS0069
Оренбургская область,Оренбург,,Судебный участок № 2 Центрального района г. Оренбурга,MS,Мировой суд,"460042, г Оренбург, ул Карагандинская, д 59/3",https://centr2.kodms.ru/,centr2.kodms.ru,нет,56MS0020
Оренбургская область,Оренбург,,Судебный участок № 3 Дзержинского района г. Оренбурга,MS,Мировой суд,"460042, г Оренбург, ул Карагандинская, д 59/3",https://dz3.kodms.ru/,dz3.kodms.ru,нет,56MS0028
Оренбургская область,Оренбург,,Судебный участок № 3 Ленинского района г. Оренбурга,MS,Мировой суд,"460042, г Оренбург, ул Карагандинская, д 59/3",https://len3.kodms.ru/,len3.kodms.ru,нет,56MS0049
Оренбургская область,Оренбург,,Судебный участок № 3 Оренбургского района Оренбургской области,MS,Мировой суд,"460042, г Оренбург, ул Карагандинская, д 59/3",https://or3.kodms.ru/,or3.kodms.ru,нет,56MS0070
Оренбургская область,Оренбург,,Судебный участок № 3 Центрального района г. Оренбурга,MS,Мировой суд,"460042, г Оренбург, ул Карагандинская, д 59/3",https://centr3.kodms.ru/,centr3.kodms.ru,нет,56MS0021
Оренбургская область,Оренбург,,Судебный участок № 4 Дзержинского района г. Оренбурга,MS,Мировой суд,"460042, г Оренбург, ул Карагандинская, д 59/3",https://dz4.kodms.ru/,dz4.kodms.ru,нет,56MS0029
Оренбургская область,Оренбург,,Судебный участок № 4 Ленинского района г. Оренбурга,MS,Мировой суд,"460042, г Оренбург, ул Карагандинская, д 59/3",https://len4.kodms.ru/,len4.kodms.ru,нет,56MS0050
Оренбургская область,Оренбург,,Судебный участок № 4 Оренбургского района Оренбургской области,MS,Мировой суд,"460042, г Оренбург, ул Карагандинская, д 59/3",https://or4.kodms.ru/,or4.kodms.ru,нет,56MS0116
Оренбургская область,Оренбург,,Судебный участок № 4 Центрального района г. Оренбурга,MS,Мировой суд,"460042, г Оренбург, ул Карагандинская, д 59/3",https://centr4.kodms.ru/,centr4.kodms.ru,нет,56MS0022
Оренбургская область,Оренбург,,Судебный участок № 5 Дзержинского района г. Оренбурга,MS,Мировой суд,"460040, г Оренбург, ул Карагандинская, д 59/4",https://dz5.kodms.ru/,dz5.kodms.ru,нет,56MS0030
Оренбургская область,Оренбург,,Судебный участок № 5 Ленинского района г. Оренбурга,MS,Мировой суд,"460042, г Оренбург, ул Карагандинская, д 59/3",https://len5.kodms.ru/,len5.kodms.ru,нет,56MS0051
Оренбургская область,Оренбург,,Судебный участок № 5 Оренбургского района Оренбургской области,MS,Мировой суд,"460042, г Оренбург, ул Карагандинская, д 59/3",https://or5.kodms.ru/,or5.kodms.ru,нет,56MS0118
Оренбургская область,Оренбург,,Судебный участок № 5 Центрального района г. Оренбурга,MS,Мировой суд,"460042, г Оренбург, ул Карагандинская, д 59/3",https://centr5.kodms.ru/,centr5.kodms.ru,нет,56MS0023
Оренбургская область,Оренбург,,Судебный участок № 6 Дзержинского района г. Оренбурга,MS,Мировой суд,"460042, г Оренбург, ул Карагандинская, д 59/3",https://dz6.kodms.ru/,dz6.kodms.ru,нет,56MS0031
Оренбургская область,Оренбург,,Судебный участок № 6 Ленинского района г. Оренбурга,MS,Мировой суд,"460042, г Оренбург, ул Карагандинская, д 59/3",https://len6.kodms.ru/,len6.kodms.ru,нет,56MS0052
Оренбургская область,Оренбург,,Судебный участок № 6 Центрального района г. Оренбурга,MS,Мировой суд,"460042, г Оренбург, ул Карагандинская, д 59/3",https://centr6.kodms.ru/,centr6.kodms.ru,нет,56MS0024
Оренбургская область,Оренбург,,Судебный участок № 7 Дзержинского района г. Оренбурга,MS,Мировой суд,"460042, г Оренбург, ул Карагандинская, д 59/3",https://dz7.kodms.ru/,dz7.kodms.ru,нет,56MS0032
Оренбургская область,Оренбург,,Судебный участок № 7 Ленинского района г. Оренбурга,MS,Мировой суд,"460042, г Оренбург, ул Карагандинская, д 59/3",https://len7.kodms.ru/,len7.kodms.ru,нет,56MS0053
Оренбургская область,Оренбург,,Судебный участок № 7 Центрального района г. Оренбурга,MS,Мировой суд,"460042, г Оренбург, ул Карагандинская, д 59/3",https://centr7.kodms.ru/,centr7.kodms.ru,нет,56MS0117
Оренбургская область,Оренбург,,Судебный участок № 8 Дзержинского района г. Оренбурга,MS,Мировой суд,"460042, г Оренбург, ул Карагандинская, д 59/3",https://dz8.kodms.ru/,dz8.kodms.ru,нет,56MS0033
Оренбургская область,Оренбург,,Судебный участок № 8 Ленинского района г. Оренбурга,MS,Мировой суд,"460042, г Оренбург, ул Карагандинская, д 59/3",https://len8.kodms.ru/,len8.kodms.ru,нет,56MS0054
Оренбургская область,Оренбург,,Судебный участок № 8 Промышленного района г. Оренбурга,MS,Мировой суд,"460042, г Оренбург, ул Карагандинская, д 59/3",https://prom8.kodms.ru/,prom8.kodms.ru,нет,56MS0093
Оренбургская область,Оренбург,,Судебный участок № 9 Дзержинского района г. Оренбурга,MS,Мировой суд,"460042, г Оренбург, ул Карагандинская, д 59/3",https://dz9.kodms.ru/,dz9.kodms.ru,нет,56MS0034
Оренбургская область,Оренбург,,Судебный участок № 9 Ленинского района г. Оренбурга,MS,Мировой суд,"460042, г Оренбург, ул Карагандинская, д 59/3",https://len9.kodms.ru/,len9.kodms.ru,нет,56MS0055
Оренбургская область,Оренбург,,Судебный участок № 9 Промышленного района г. Оренбурга,MS,Мировой суд,"460042, г Оренбург, ул Карагандинская, д 59/3",https://prom9.kodms.ru/,prom9.kodms.ru,нет,56MS0094
Оренбургская область,Орск,,Судебный участок № 1 Октябрьского района г. Орска Оренбургской области,MS,Мировой суд,"462419, Оренбургская обл, г Орск, ул Московская, д 3А",https://orskok1.kodms.ru/,orskok1.kodms.ru,нет,56MS0075
Оренбургская область,Орск,,Судебный участок № 10 Советского района г. Орска Оренбургской области,MS,Мировой суд,"462408, Оренбургская обл, г Орск, ул Вокзальная, д 43А",https://orsks10.kodms.ru/,orsks10.kodms.ru,нет,56MS0080
Оренбургская область,Орск,,Судебный участок № 11 Советского района г. Орска Оренбургской области,MS,Мировой суд,"462408, Оренбургская обл, г Орск, ул Вокзальная, д 43А",https://orsks11.kodms.ru/,orsks11.kodms.ru,нет,56MS0081
Оренбургская область,Орск,,Судебный участок № 12 Советского района г. Орска Оренбургской области,MS,Мировой суд,"462408, Оренбургская обл, г Орск, ул Вокзальная, д 43А",https://orsks12.kodms.ru/,orsks12.kodms.ru,нет,56MS0082
Оренбургская область,Орск,,Судебный участок № 2 Октябрьского района г. Орска Оренбургской области,MS,Мировой суд,"462419, Оренбургская обл, г Орск, ул Московская, д 3А",https://orskok2.kodms.ru/,orskok2.kodms.ru,нет,56MS0076
Оренбургская область,Орск,,Судебный участок № 3 Октябрьского района г. Орска Оренбургской области,MS,Мировой суд,"462419, Оренбургская обл, г Орск, ул Московская, д 3А",https://orskok3.kodms.ru/,orskok3.kodms.ru,нет,56MS0077
Оренбургская область,Орск,,Судебный участок № 4 Октябрьского района г. Орска Оренбургской области,MS,Мировой суд,"462419, Оренбургская обл, г Орск, ул Московская, д 3А",https://orskok4.kodms.ru/,orskok4.kodms.ru,нет,56MS0078
Оренбургская область,Орск,,Судебный участок № 5 Ленинского района г. Орска Оренбургской области,MS,Мировой суд,"462419, Оренбургская обл, г Орск, ул Московская, д 3А",https://orskl5.kodms.ru/,orskl5.kodms.ru,нет,56MS0071
Оренбургская область,Орск,,Судебный участок № 5 Октябрьского района г. Орска Оренбургской области,MS,Мировой суд,"462419, Оренбургская обл, г Орск, ул Московская, д 3А",https://orskok5.kodms.ru/,orskok5.kodms.ru,нет,56MS0079
Оренбургская область,Орск,,Судебный участок № 6 Ленинского района г. Орска Оренбургской области,MS,Мировой суд,"462419, Оренбургская обл, г Орск, ул Московская, д 3А",https://orskl6.kodms.ru/,orskl6.kodms.ru,нет,56MS0072
Оренбургская область,Орск,,Судебный участок № 7 Ленинского района г. Орска Оренбургской области,MS,Мировой суд,"462419, Оренбургская обл, г Орск, ул Московская, д 3А",https://orskl7.kodms.ru/,orskl7.kodms.ru,нет,56MS0073
Оренбургская область,Орск,,Судебный участок № 8 Ленинского района г. Орска Оренбургской области,MS,Мировой суд,"462419, Оренбургская обл, г Орск, ул Московская, д 3А",https://orskl8.kodms.ru/,orskl8.kodms.ru,нет,56MS0074
Оренбургская область,Орск,,Судебный участок № 9 Советского района г. Орска Оренбургской области,MS,Мировой суд,"462408, Оренбургская обл, г Орск, ул Вокзальная, д 43А",https://orsks9.kodms.ru/,orsks9.kodms.ru,нет,56MS0083
Оренбургская область,Переволоцкий,,Судебный участок в административно-территориальных границах всего Переволоцкого района Оренбургской области,MS,Мировой суд,"461262, Оренбургская обл, п Переволоцкий, ул Ленинская, д 115А",https://perev.kodms.ru/,perev.kodms.ru,нет,56MS0120
Оренбургская область,Пономаревка,,Судебный участок в административно-территориальных границах всего Пономаревского района Оренбургской области,MS,Мировой суд,"461780, Оренбургская обл, с Пономаревка, ул Куйбышева, зд 74",https://pon.kodms.ru/,pon.kodms.ru,нет,56MS0087
Оренбургская область,Сакмара,,Судебный участок в административно-территориальных границах всего Сакмарского района Оренбургской области,MS,Мировой суд,"461420, Оренбургская обл, с Сакмара, ул Фельдшерская, д 24В",https://sak.kodms.ru/,sak.kodms.ru,нет,56MS0095
Оренбургская область,Саракташ,,Судебный участок № 1 Саракташского района Оренбургской области,MS,Мировой суд,"462100, Оренбургская область, п. Саракташ, ул. Мира, д. 94/ул. Партизанская, д. 10",https://sar1.kodms.ru/,sar1.kodms.ru,нет,56MS0096
Оренбургская область,Саракташ,,Судебный участок № 2 Саракташского района Оренбургской области,MS,Мировой суд,"462100, Оренбургская область, п. Саракташ, ул. Мира, д. 94/ул, Партизанская, д. 10.",https://sar2.kodms.ru/,sar2.kodms.ru,нет,56MS0097
Оренбургская область,Светлый,,Судебный участок в административно-территориальных границах всего Светлинского района Оренбургской области,MS,Мировой суд,"462740, Оренбургская обл, п Светлый, ул Пролетарская, д 3",https://sv.kodms.ru/,sv.kodms.ru,нет,56MS0106
Оренбургская область,Северное,,Судебный участок в административно-территориальных границах всего Северного района Оренбургской области,MS,Мировой суд,"461670, Оренбургская обл, с Северное, ул Советская, зд 22",https://sev.kodms.ru/,sev.kodms.ru,нет,56MS0098
Оренбургская область,Соль-Илецк,,Судебный участок № 1 Соль-Илецкого района Оренбургской области,MS,Мировой суд,"461500, Оренбургская обл, г Соль-Илецк, ул Цвиллинга, д 68/1",https://si1.kodms.ru/,si1.kodms.ru,нет,56MS0113
Оренбургская область,Соль-Илецк,,Судебный участок № 2 Соль-Илецкого района Оренбургской области,MS,Мировой суд,"461500, Оренбургская обл, г Соль-Илецк, ул Цвиллинга, д 68/1",https://si2.kodms.ru/,si2.kodms.ru,нет,56MS0101
Оренбургская область,Соль-Илецк,,Судебный участок № 3 Соль-Илецкого района Оренбургской области,MS,Мировой суд,"461500, Оренбургская обл, г Соль-Илецк, ул Цвиллинга, д 68/1",https://si3.kodms.ru/,si3.kodms.ru,нет,56MS0102
Оренбургская область,Сорочинск,,Судебный участок № 1 г. Сорочинска и Сорочинского района Оренбургской области,MS,Мировой суд,"461906, Оренбургская обл, г Сорочинск, пр-кт Парковый, зд 22",https://srk1.kodms.ru/,srk1.kodms.ru,нет,56MS0103
Оренбургская область,Сорочинск,,Судебный участок № 2 г. Сорочинска и Сорочинского района Оренбургской области,MS,Мировой суд,"461906, Оренбургская обл, г Сорочинск, пр-кт Парковый, зд 22",https://srk2.kodms.ru/,srk2.kodms.ru,нет,56MS0104
Оренбургская область,Ташла,,Судебный участок в административно территориальных границах всего Ташлинского района Оренбургской области,MS,Мировой суд,"461170, Оренбургская обл, с Ташла, ул Дружбы, зд 29А",https://tas.kodms.ru/,tas.kodms.ru,нет,56MS0107
Оренбургская область,Тоцкое,,Судебный участок № 1 Тоцкого района Оренбургской области,MS,Мировой суд,"461131, Оренбургская обл, с Тоцкое, ул Ленина, зд 4А",https://tock1.kodms.ru/,tock1.kodms.ru,нет,56MS0108
Оренбургская область,Тоцкое,,Судебный участок № 2 Тоцкого района Оренбургской области,MS,Мировой суд,"461131, Оренбургская обл, с Тоцкое, ул Ленина, зд 4А",https://tock2.kodms.ru/,tock2.kodms.ru,нет,56MS0109
Оренбургская область,Тюльган,,Судебный участок в административно-территориальных границах всего Тюльганского района Оренбургской области,MS,Мировой суд,"462010, Оренбургская обл, п Тюльган, ул Ленина, зд 39",https://tul.kodms.ru/,tul.kodms.ru,нет,56MS0110
Оренбургская область,Шарлык,,Судебный участок в административно-территориальных границах всего Шарлыкского района Оренбургской области,MS,Мировой суд,"461450, Оренбургская обл, с Шарлык, ул Строителей, зд 38А",https://shr.kodms.ru/,shr.kodms.ru,нет,56MS0099
Оренбургская область,Ясный,,Судебный участок в административно-территориальных границах всего Ясненского района и ЗАТО поселок Комаровский Оренбургской области,MS,Мировой суд,"462781, Оренбургская обл, г Ясный, ш Фабричное, д 2",https://yasn1.kodms.ru/,yasn1.kodms.ru,нет,56MS0112
Оренбургская область,Ясный,,Судебный участок в административно-территориальных границах всего г. Ясного Оренбургской области,MS,Мировой суд,"462781, Оренбургская обл, г Ясный, ш Фабричное, д 2",https://yasn2.kodms.ru/,yasn2.kodms.ru,нет,56MS0111
Республика Удмуртская,Алнаши,,Судебный участок Алнашского района Удмуртской Республики,MS,Мировой суд,"427880, Респ Удмуртская, с Алнаши, ул Комсомольская, д 9А",https://alnashmir.udm.msudrf.ru/,alnashmir.udm.msudrf.ru,нет,18MS0033
Республика Удмуртская,Балезино,,Судебный участок № 1 Балезинского района Удмуртской Республики,MS,Мировой суд,"427550, Респ Удмуртская, Балезинский р-н, п Балезино, ул Советская, зд 16А",https://balezmir1.udm.msudrf.ru/,balezmir1.udm.msudrf.ru,нет,18MS0034
Республика Удмуртская,Балезино,,Судебный участок № 2 Балезинского района Удмуртской Республики,MS,Мировой суд,"427550, Респ Удмуртская, Балезинский р-н, п Балезино, ул Советская, зд 16А",https://balezmir2.udm.msudrf.ru/,balezmir2.udm.msudrf.ru,нет,18MS0035
Республика Удмуртская,Вавож,,Судебный участок Вавожского района Удмуртской Республики,MS,Мировой суд,"427310, Респ Удмуртская, с Вавож, ул Интернациональная, стр 44",https://vavozhmir.udm.msudrf.ru/,vavozhmir.udm.msudrf.ru,нет,18MS0042
Республика Удмуртская,Воткинск,,Судебный участок № 1 Воткинского района Удмуртской Республики,MS,Мировой суд,"427430, Респ Удмуртская, г Воткинск, ул Ленина, д 55",https://votmir.udm.msudrf.ru/,votmir.udm.msudrf.ru,нет,18MS0041
Республика Удмуртская,Воткинск,,Судебный участок № 1 города Воткинска Удмуртской Республики,MS,Мировой суд,"427430, Респ Удмуртская, г Воткинск, ул Ленина, д 55",https://votmir1.udm.msudrf.ru/,votmir1.udm.msudrf.ru,нет,18MS0036
Республика Удмуртская,Воткинск,,Судебный участок № 2 Воткинского района Удмуртской Республики,MS,Мировой суд,"427430, Респ Удмуртская, г Воткинск, ул Ленина, д 55",https://votkmir2.udm.msudrf.ru/,votkmir2.udm.msudrf.ru,нет,18MS0082
Республика Удмуртская,Воткинск,,Судебный участок № 2 города Воткинска Удмуртской Республики,MS,Мировой суд,"427430, Респ Удмуртская, г Воткинск, ул Ленина, д 55",https://votmir2.udm.msudrf.ru/,votmir2.udm.msudrf.ru,нет,18MS0037
Республика Удмуртская,Воткинск,,Судебный участок № 3 города Воткинска Удмуртской Республики,MS,Мировой суд,"427430, Респ Удмуртская, г Воткинск, ул Ленина, д 55",https://votmir3.udm.msudrf.ru/,votmir3.udm.msudrf.ru,нет,18MS0038
Республика Удмуртская,Воткинск,,Судебный участок № 4 города Воткинска Удмуртской Республики,MS,Мировой суд,"427430, Респ Удмуртская, г Воткинск, ул Ленина, д 55",https://votmir4.udm.msudrf.ru/,votmir4.udm.msudrf.ru,нет,18MS0039
Республика Удмуртская,Воткинск,,Судебный участок № 5 города Воткинска Удмуртской Республики,MS,Мировой суд,"427430, Респ Удмуртская, г Воткинск, ул Ленина, д 55",https://votmir5.udm.msudrf.ru/,votmir5.udm.msudrf.ru,нет,18MS0040
Республика Удмуртская,Глазов,,Судебный участок Глазовского района Удмуртской Республики,MS,Мировой суд,"427621, Респ Удмуртская, г Глазов, пл Свободы, д 7",https://glazmir.udm.msudrf.ru/,glazmir.udm.msudrf.ru,нет,18MS0048
Республика Удмуртская,Глазов,,Судебный участок № 1 города Глазова Удмуртской Республики,MS,Мировой суд,"427621, Респ Удмуртская, г Глазов, пл Свободы, д 7",https://glazmir1.udm.msudrf.ru/,glazmir1.udm.msudrf.ru,нет,18MS0043
Республика Удмуртская,Глазов,,Судебный участок № 2 города Глазова Удмуртской Республики,MS,Мировой суд,"427621, Респ Удмуртская, г Глазов, пл Свободы, д 7",https://glazmir2.udm.msudrf.ru/,glazmir2.udm.msudrf.ru,нет,18MS0044
Республика Удмуртская,Глазов,,Судебный участок № 3 города Глазова Удмуртской Республики,MS,Мировой суд,"427621, Респ Удмуртская, г Глазов, пл Свободы, д 7",https://glazmir3.udm.msudrf.ru/,glazmir3.udm.msudrf.ru,нет,18MS0045
Республика Удмуртская,Глазов,,Судебный участок № 4 города Глазова Удмуртской Республики,MS,Мировой суд,"427621, Респ Удмуртская, г Глазов, пл Свободы, д 7",https://glazmir4.udm.msudrf.ru/,glazmir4.udm.msudrf.ru,нет,18MS0046
Республика Удмуртская,Глазов,,Судебный участок № 5 города Глазова Удмуртской Республики,MS,Мировой суд,"427621, Респ Удмуртская, г Глазов, пл Свободы, д 7",https://glazmir5.udm.msudrf.ru/,glazmir5.udm.msudrf.ru,нет,18MS0047
Республика Удмуртская,Грахово,,Судебный участок Граховского района Удмуртской Республики,MS,Мировой суд,"427730, Респ Удмуртская, с Грахово, ул Колпакова, д 18",https://grahmir.udm.msudrf.ru/,grahmir.udm.msudrf.ru,нет,18MS0049
Республика Удмуртская,Дебёсы,,Судебный участок Дебесского района Удмуртской Республики,MS,Мировой суд,"427060, Респ Удмуртская, с Дебёсы, ул Советская, д 98",https://debmir.udm.msudrf.ru/,debmir.udm.msudrf.ru,нет,18MS0050
Республика Удмуртская,Завьялово,,Судебный участок № 1 Завьяловского района Удмуртской Республики,MS,Мировой суд,"427000, Респ Удмуртская, с Завьялово, ул Чкалова, зд 16",https://zavmir1.udm.msudrf.ru/,zavmir1.udm.msudrf.ru,нет,18MS0051
Республика Удмуртская,Завьялово,,Судебный участок № 2 Завьяловского района Удмуртской Республики,MS,Мировой суд,"427000, Респ Удмуртская, с Завьялово, ул Калинина, д 64",https://zavmir2.udm.msudrf.ru/,zavmir2.udm.msudrf.ru,нет,18MS0052
Республика Удмуртская,Завьялово,,Судебный участок № 3 Завьяловского района Удмуртской Республики,MS,Мировой суд,"427000, Респ Удмуртская, с Завьялово, ул Чкалова, зд 16",https://zavmir3.udm.msudrf.ru/,zavmir3.udm.msudrf.ru,нет,18MS0053
Республика Удмуртская,Завьялово,,Судебный участок № 4 Завьяловского района Удмуртской Республики,MS,Мировой суд,"427000, Респ Удмуртская, с Завьялово, ул Калинина, д 64",https://zavmir4.udm.msudrf.ru/,zavmir4.udm.msudrf.ru,нет,18MS0054
Республика Удмуртская,Игра,,Судебный участок № 1 Игринского района Удмуртской Республики,MS,Мировой суд,"427145, Респ Удмуртская, п Игра, ул Советская, д 27",https://igramir1.udm.msudrf.ru/,igramir1.udm.msudrf.ru,нет,18MS0055
Республика Удмуртская,Игра,,Судебный участок № 2 Игринского района Удмуртской Республики,MS,Мировой суд,"427145, Респ Удмуртская, п Игра, ул Советская, д 27",https://igramir2.udm.msudrf.ru/,igramir2.udm.msudrf.ru,нет,18MS0056
Республика Удмуртская,Ижевск,,Судебный участок № 1 Индустриального района г. Ижевска Удмуртской Республики,MS,Мировой суд,"426039, г Ижевск, ш Воткинское, д 140",https://indmir1.udm.msudrf.ru/,indmir1.udm.msudrf.ru,нет,18MS0001
Республика Удмуртская,Ижевск,,Судебный участок № 1 Ленинского района г. Ижевска Удмуртской Республики,MS,Мировой суд,"426006, г Ижевск, ул Клубная, д 70 к 5",https://lenmir1.udm.msudrf.ru/,lenmir1.udm.msudrf.ru,нет,18MS0014
Республика Удмуртская,Ижевск,,Судебный участок № 1 Октябрьского района г. Ижевска Удмуртской Республики,MS,Мировой суд,"426034, г Ижевск, ул Удмуртская, д 249В",https://octmir1.udm.msudrf.ru/,octmir1.udm.msudrf.ru,нет,18MS0020
Республика Удмуртская,Ижевск,,Судебный участок № 1 Первомайского района г. Ижевска Удмуртской Республики,MS,Мировой суд,"426004, г Ижевск, ул Советская, д 49",https://pervomir1.udm.msudrf.ru/,pervomir1.udm.msudrf.ru,нет,18MS0007
Республика Удмуртская,Ижевск,,Судебный участок № 1 Устиновского района г. Ижевска Удмуртской Республики,MS,Мировой суд,"426076, г Ижевск, ул Свободы, д 139",https://ustmir1.udm.msudrf.ru/,ustmir1.udm.msudrf.ru,нет,18MS0027
Республика Удмуртская,Ижевск,,Судебный участок № 2 Индустриального района г. Ижевска Удмуртской Республики,MS,Мировой суд,"426039, г Ижевск, ш Воткинское, д 140",https://indmir2.udm.msudrf.ru/,indmir2.udm.msudrf.ru,нет,18MS0002
Республика Удмуртская,Ижевск,,Судебный участок № 2 Ленинского района г. Ижевска Удмуртской Республики,MS,Мировой суд,"426006, г Ижевск, ул Клубная, д 70 к 5",https://lenmir2.udm.msudrf.ru/,lenmir2.udm.msudrf.ru,нет,18MS0015
Республика Удмуртская,Ижевск,,Судебный участок № 2 Октябрьского района г. Ижевска Удмуртской Республики,MS,Мировой суд,"426034, г Ижевск, ул Удмуртская, д 249В",https://octmir2.udm.msudrf.ru/,octmir2.udm.msudrf.ru,нет,18MS0021
Республика Удмуртская,Ижевск,,Судебный участок № 2 Первомайского района г. Ижевска Удмуртской Республики,MS,Мировой суд,"426004, г Ижевск, ул Советская, д 49",https://pervomir2.udm.msudrf.ru/,pervomir2.udm.msudrf.ru,нет,18MS0008
Республика Удмуртская,Ижевск,,Судебный участок № 2 Устиновского района г. Ижевска Удмуртской Республики,MS,Мировой суд,"426076, г Ижевск, ул Свободы, д 139",https://ustmir2.udm.msudrf.ru/,ustmir2.udm.msudrf.ru,нет,18MS0028
Республика Удмуртская,Ижевск,,Судебный участок № 3 Индустриального района г. Ижевска Удмуртской Республики,MS,Мировой суд,"426039, г Ижевск, ш Воткинское, д 140",https://indmir3.udm.msudrf.ru/,indmir3.udm.msudrf.ru,нет,18MS0003
Республика Удмуртская,Ижевск,,Судебный участок № 3 Ленинского района г. Ижевска Удмуртской Республики,MS,Мировой суд,"426006, г Ижевск, ул Клубная, д 70 к 5",https://lenmir3.udm.msudrf.ru/,lenmir3.udm.msudrf.ru,нет,18MS0016
Республика Удмуртская,Ижевск,,Судебный участок № 3 Октябрьского района г. Ижевска Удмуртской Республики,MS,Мировой суд,"426034, г Ижевск, ул Удмуртская, д 249В",https://octmir3.udm.msudrf.ru/,octmir3.udm.msudrf.ru,нет,18MS0022
Республика Удмуртская,Ижевск,,Судебный участок № 3 Первомайского района г. Ижевска Удмуртской Республики,MS,Мировой суд,"426004, г Ижевск, ул Советская, д 49",https://pervomir3.udm.msudrf.ru/,pervomir3.udm.msudrf.ru,нет,18MS0009
Республика Удмуртская,Ижевск,,Судебный участок № 3 Устиновского района г. Ижевска Удмуртской Республики,MS,Мировой суд,"426076, г Ижевск, ул Свободы, д 139",https://ustmir3.udm.msudrf.ru/,ustmir3.udm.msudrf.ru,нет,18MS0029
Республика Удмуртская,Ижевск,,Судебный участок № 4 Индустриального района г. Ижевска Удмуртской Республики,MS,Мировой суд,"426039, Удмуртская Республика, г. Ижевск, ул. Воткинское Шоссе, д. 140 каб.",https://indmir4.udm.msudrf.ru/,indmir4.udm.msudrf.ru,нет,18MS0004
Республика Удмуртская,Ижевск,,Судебный участок № 4 Ленинского района г. Ижевска Удмуртской Республики,MS,Мировой суд,"426006, г Ижевск, ул Клубная, д 70 к 5",https://lenmir4.udm.msudrf.ru/,lenmir4.udm.msudrf.ru,нет,18MS0017
Республика Удмуртская,Ижевск,,Судебный участок № 4 Октябрьского района г. Ижевска Удмуртской Республики,MS,Мировой суд,"426034, г Ижевск, ул Удмуртская, д 249В",https://octmir4.udm.msudrf.ru/,octmir4.udm.msudrf.ru,нет,18MS0023
Республика Удмуртская,Ижевск,,Судебный участок № 4 Первомайского района г. Ижевска Удмуртской Республики,MS,Мировой суд,"426004, г Ижевск, ул Советская, д 49",https://pervomir4.udm.msudrf.ru/,pervomir4.udm.msudrf.ru,нет,18MS0010
Республика Удмуртская,Ижевск,,Судебный участок № 4 Устиновского района г. Ижевска Удмуртской Республики,MS,Мировой суд,"426076, г Ижевск, ул Свободы, д 139",https://ustmir4.udm.msudrf.ru/,ustmir4.udm.msudrf.ru,нет,18MS0030
Республика Удмуртская,Ижевск,,Судебный участок № 5 Индустриального района г. Ижевска Удмуртской Республики,MS,Мировой суд,"426039, г Ижевск, ш Воткинское, д 140, офис 108",https://indmir5.udm.msudrf.ru/,indmir5.udm.msudrf.ru,нет,18MS0005
Республика Удмуртская,Ижевск,,Судебный участок № 5 Ленинского района г. Ижевска Удмуртской Республики,MS,Мировой суд,"426006, г Ижевск, ул Клубная, д 70 к 5",https://lenmir5.udm.msudrf.ru/,lenmir5.udm.msudrf.ru,нет,18MS0018
Республика Удмуртская,Ижевск,,Судебный участок № 5 Октябрьского района г. Ижевска Удмуртской Республики,MS,Мировой суд,"426034, г Ижевск, ул Удмуртская, д 249В",https://octmir5.udm.msudrf.ru/,octmir5.udm.msudrf.ru,нет,18MS0024
Республика Удмуртская,Ижевск,,Судебный участок № 5 Первомайского района г. Ижевска Удмуртской Республики,MS,Мировой суд,"426004, г Ижевск, ул Советская, д 49",https://pervomir5.udm.msudrf.ru/,pervomir5.udm.msudrf.ru,нет,18MS0011
Республика Удмуртская,Ижевск,,Судебный участок № 5 Устиновского района г. Ижевска Удмуртской Республики,MS,Мировой суд,"426076, г Ижевск, ул Свободы, д 139",https://ustmir5.udm.msudrf.ru/,ustmir5.udm.msudrf.ru,нет,18MS0031
Республика Удмуртская,Ижевск,,Судебный участок № 6 Индустриального района г. Ижевска Удмуртской Республики,MS,Мировой суд,"426039, г Ижевск, ш Воткинское, д 140",https://indmir6.udm.msudrf.ru/,indmir6.udm.msudrf.ru,нет,18MS0006
Республика Удмуртская,Ижевск,,Судебный участок № 6 Ленинского района г. Ижевска Удмуртской Республики,MS,Мировой суд,"426006, г Ижевск, ул Клубная, д 70 к 5",https://lenmir6.udm.msudrf.ru/,lenmir6.udm.msudrf.ru,нет,18MS0019
Республика Удмуртская,Ижевск,,Судебный участок № 6 Октябрьского района г. Ижевска Удмуртской Республики,MS,Мировой суд,"426034, г Ижевск, ул Удмуртская, д 249В",https://octmir6.udm.msudrf.ru/,octmir6.udm.msudrf.ru,нет,18MS0025
Республика Удмуртская,Ижевск,,Судебный участок № 6 Первомайского района г. Ижевска Удмуртской Республики,MS,Мировой суд,"426004, г Ижевск, ул Советская, д 49",https://pervomir6.udm.msudrf.ru/,pervomir6.udm.msudrf.ru,нет,18MS0012
Республика Удмуртская,Ижевск,,Судебный участок № 6 Устиновского района г. Ижевска Удмуртской Республики,MS,Мировой суд,"426076, г Ижевск, ул Свободы, д 139",https://ustmir6.udm.msudrf.ru/,ustmir6.udm.msudrf.ru,нет,18MS0032
Республика Удмуртская,Ижевск,,Судебный участок № 7 Октябрьского района г. Ижевска Удмуртской Республики,MS,Мировой суд,"426034, г Ижевск, ул Удмуртская, д 249В",https://octmir7.udm.msudrf.ru/,octmir7.udm.msudrf.ru,нет,18MS0026
Республика Удмуртская,Ижевск,,Судебный участок № 7 Первомайского района г. Ижевска Удмуртской Республики,MS,Мировой суд,"426004, г Ижевск, ул Советская, д 49",https://pervomir7.udm.msudrf.ru/,pervomir7.udm.msudrf.ru,нет,18MS0013
Республика Удмуртская,Камбарка,,Судебный участок Камбарского района Удмуртской Республики,MS,Мировой суд,"427950, Респ Удмуртская, г Камбарка, ул Первомайская, зд 120",https://kambmir.udm.msudrf.ru/,kambmir.udm.msudrf.ru,нет,18MS0057
Республика Удмуртская,Каракулино,,Судебный участок Каракулинского района Удмуртской Республики,MS,Мировой суд,"427920, Респ Удмуртская, с Каракулино, ул Кирьянова, д 27",https://karakmir.udm.msudrf.ru/,karakmir.udm.msudrf.ru,нет,18MS0062
Республика Удмуртская,Кез,,Судебный участок Кезского района Удмуртской Республики,MS,Мировой суд,"427580, Респ Удмуртская, Кезский р-н, п Кез, ул Кооперативная, зд 16",https://kezmir.udm.msudrf.ru/,kezmir.udm.msudrf.ru,нет,18MS0058
Республика Удмуртская,Кизнер,,Судебный участок Кизнерского района Удмуртской Республики,MS,Мировой суд,"427710, Респ Удмуртская, Кизнерский р-н, п Кизнер, ул Карла Маркса, д 13",https://kiznermir.udm.msudrf.ru/,kiznermir.udm.msudrf.ru,нет,18MS0059
Республика Удмуртская,Киясово,,Судебный участок Киясовского района Удмуртской Республики,MS,Мировой суд,"427840, Респ Удмуртская, с Киясово, ул М.Горького, д 4",https://kiyasmir.udm.msudrf.ru/,kiyasmir.udm.msudrf.ru,нет,18MS0060
Республика Удмуртская,Красногорское,,Судебный участок Красногорского района Удмуртской Республики,MS,Мировой суд,"427650, Респ Удмуртская, с Красногорское, ул Ленина, зд 64",https://krasmir.udm.msudrf.ru/,krasmir.udm.msudrf.ru,нет,18MS0061
Республика Удмуртская,Малая Пурга,,Судебный участок № 1 Малопургинского района Удмуртской Республики,MS,Мировой суд,"427820, Респ Удмуртская, с Малая Пурга, ул Пионерская, соор 43",https://purgamir.udm.msudrf.ru/,purgamir.udm.msudrf.ru,нет,18MS0063
Республика Удмуртская,Малая Пурга,,Судебный участок № 2 Малопургинского района Удмуртской Республики,MS,Мировой суд,"427820, Респ Удмуртская, с Малая Пурга, ул Пионерская, соор 43",https://purgamir2.udm.msudrf.ru/,purgamir2.udm.msudrf.ru,нет,18MS0083
Республика Удмуртская,Можга,,Судебный участок № 1 Можгинского района Удмуртской Республики,MS,Мировой суд,"427790, Респ Удмуртская, г Можга, ул Наговицына, д 29",https://mozhgamir.udm.msudrf.ru/,mozhgamir.udm.msudrf.ru,нет,18MS0067
Республика Удмуртская,Можга,,Судебный участок № 1 города Можги Удмуртской Республики,MS,Мировой суд,"427790, Респ Удмуртская, г Можга, ул Наговицына, д 29",https://mozhgamir1.udm.msudrf.ru/,mozhgamir1.udm.msudrf.ru,нет,18MS0064
Республика Удмуртская,Можга,,Судебный участок № 2 Можгинского района Удмуртской Республики,MS,Мировой суд,"427790, Респ Удмуртская, г Можга, ул Наговицына, д 29",https://mozhgmir2.udm.msudrf.ru/,mozhgmir2.udm.msudrf.ru,нет,18MS0084
Республика Удмуртская,Можга,,Судебный участок № 2 города Можги Удмуртской Республики,MS,Мировой суд,"427790, Респ Удмуртская, г Можга, ул Наговицына, д 29",https://mozhgamir2.udm.msudrf.ru/,mozhgamir2.udm.msudrf.ru,нет,18MS0065
Республика Удмуртская,Можга,,Судебный участок № 3 города Можги Удмуртской Республики,MS,Мировой суд,"427790, Респ Удмуртская, г Можга, ул Наговицына, д 29",https://mozhgamir3.udm.msudrf.ru/,mozhgamir3.udm.msudrf.ru,нет,18MS0066
Республика Удмуртская,Сарапул,,Судебный участок № 1 Сарапульского района Удмуртской Республики,MS,Мировой суд,"427960, Респ Удмуртская, г Сарапул, ул Горького, д 4",https://sarapmir.udm.msudrf.ru/,sarapmir.udm.msudrf.ru,нет,18MS0073
Республика Удмуртская,Сарапул,,Судебный участок № 1 города Сарапула Удмуртской Республики,MS,Мировой суд,"427960, Респ Удмуртская, г Сарапул, ул Горького, д 1",https://sarmir1.udm.msudrf.ru/,sarmir1.udm.msudrf.ru,нет,18MS0068
Республика Удмуртская,Сарапул,,Судебный участок № 2 Сарапульского района Удмуртской Республики,MS,Мировой суд,"427960, Респ Удмуртская, г Сарапул, ул Горького, д 4",https://sarapmir2.udm.msudrf.ru/,sarapmir2.udm.msudrf.ru,нет,18MS0085
Республика Удмуртская,Сарапул,,Судебный участок № 2 города Сарапула Удмуртской Республики,MS,Мировой суд,"427960, Респ Удмуртская, г Сарапул, ул Горького, д 1",https://sarmir2.udm.msudrf.ru/,sarmir2.udm.msudrf.ru,нет,18MS0069
Республика Удмуртская,Сарапул,,Судебный участок № 3 города Сарапула Удмуртской Республики,MS,Мировой суд,"427960, Респ Удмуртская, г Сарапул, ул Горького, д 1",https://sarmir3.udm.msudrf.ru/,sarmir3.udm.msudrf.ru,нет,18MS0070
Республика Удмуртская,Сарапул,,Судебный участок № 4 города Сарапула Удмуртской Республики,MS,Мировой суд,"427960, Респ Удмуртская, г Сарапул, ул Горького, д 1",https://sarmir4.udm.msudrf.ru/,sarmir4.udm.msudrf.ru,нет,18MS0071
Республика Удмуртская,Сарапул,,Судебный участок № 5 города Сарапула Удмуртской Республики,MS,Мировой суд,"427960, Респ Удмуртская, г Сарапул, ул Горького, д 1",https://sarmir5.udm.msudrf.ru/,sarmir5.udm.msudrf.ru,нет,18MS0072
Республика Удмуртская,Селты,,Судебный участок Селтинского района Удмуртской Республики,MS,Мировой суд,"427270, Респ Удмуртская, с Селты, ул Юбилейная, д 4",https://seltinmir.udm.msudrf.ru/,seltinmir.udm.msudrf.ru,нет,18MS0074
Республика Удмуртская,Сюмси,,Судебный участок Сюмсинского района Удмуртской Республики,MS,Мировой суд,"427370, Респ Удмуртская, с Сюмси, ул Базарная, стр 7",https://sumsimir.udm.msudrf.ru/,sumsimir.udm.msudrf.ru,нет,18MS0075
Республика Удмуртская,Ува,,Судебный участок № 1 Увинского района Удмуртской Республики,MS,Мировой суд,"427260, Респ Удмуртская, п Ува, ул Энгельса, зд 8",https://uvamir1.udm.msudrf.ru/,uvamir1.udm.msudrf.ru,нет,18MS0076
Республика Удмуртская,Ува,,Судебный участок № 2 Увинского района Удмуртской Республики,MS,Мировой суд,"427260, Респ Удмуртская, п Ува, ул Энгельса, зд 8",https://uvamir2.udm.msudrf.ru/,uvamir2.udm.msudrf.ru,нет,18MS0077
Республика Удмуртская,Шаркан,,Судебный участок Шарканского района Удмуртской Республики,MS,Мировой суд,"427070, Респ Удмуртская, с Шаркан, ул Советская, д 17",https://sharmir.udm.msudrf.ru/,sharmir.udm.msudrf.ru,нет,18MS0078
Республика Удмуртская,Юкаменское,,Судебный участок Юкаменского района Удмуртской Республики,MS,Мировой суд,"427680, Респ Удмуртская, с Юкаменское, ул Первомайская, стр 22",https://yukammir.udm.msudrf.ru/,yukammir.udm.msudrf.ru,нет,18MS0079
Республика Удмуртская,Якшур-Бодья,,Судебный участок Якшур-Бодьинского района Удмуртской Республики,MS,Мировой суд,"427100, Респ Удмуртская, с Якшур-Бодья, ул Пушиной, д 78",https://yak-mir.udm.msudrf.ru/,yak-mir.udm.msudrf.ru,нет,18MS0081
Республика Удмуртская,Яр,,Судебный участок Ярского района Удмуртской Республики,MS,Мировой суд,"427500, Респ Удмуртская, Ярский р-н, п Яр, ул Советская, зд 53",https://yarsmir.udm.msudrf.ru/,yarsmir.udm.msudrf.ru,нет,18MS0080
Владимирская область,Александров,,Судебный участок № 1 г. Александрова и Александровского судебного района,MS,Мировой суд,"601654, Владимирская обл, г Александров, ул Свердлова, д 2",https://aleks1.wld.msudrf.ru/,aleks1.wld.msudrf.ru,нет,33MS0019
Владимирская область,Александров,,Судебный участок № 2 г. Александрова и Александровского судебного района,MS,Мировой суд,"601654, Владимирская обл, г Александров, ул Свердлова, д 2",https://aleks2.wld.msudrf.ru/,aleks2.wld.msudrf.ru,нет,33MS0020
Владимирская область,Александров,,Судебный участок № 3 г. Александрова и Александровского судебного района,MS,Мировой суд,"601654, Владимирская обл, г Александров, ул Свердлова, д 2",https://aleks3.wld.msudrf.ru/,aleks3.wld.msudrf.ru,нет,33MS0021
Владимирская область,Александров,,Судебный участок № 6 г. Александрова и Александровского судебного района,MS,Мировой суд,"601654, Владимирская обл, г Александров, ул Свердлова, д 2",https://aleks6.wld.msudrf.ru/,aleks6.wld.msudrf.ru,нет,33MS0024
Владимирская область,Владимир,,Судебный участок № 1 Ленинского судебного района г. Владимира,MS,Мировой суд,"600033, г Владимир, ул Диктора Левитана, д 27А",https://len1.wld.msudrf.ru/,len1.wld.msudrf.ru,нет,33MS0001
Владимирская область,Владимир,,Судебный участок № 1 Октябрьского судебного района г. Владимира,MS,Мировой суд,"600000, г Владимир, пр-кт Октябрьский, д 14",https://oct1.wld.msudrf.ru/,oct1.wld.msudrf.ru,нет,33MS0007
Владимирская область,Владимир,,Судебный участок № 1 Фрунзенского судебного района г. Владимира,MS,Мировой суд,"600000, г Владимир, пр-кт Октябрьский, д 14",https://frun1.wld.msudrf.ru/,frun1.wld.msudrf.ru,нет,33MS0013
Владимирская область,Владимир,,Судебный участок № 2 Ленинского судебного района г. Владимира,MS,Мировой суд,"600033, г Владимир, ул Диктора Левитана, д 27А",https://len2.wld.msudrf.ru/,len2.wld.msudrf.ru,нет,33MS0002
Владимирская область,Владимир,,Судебный участок № 2 Октябрьского судебного района г. Владимира,MS,Мировой суд,"600000, г Владимир, пр-кт Октябрьский, д 14",https://oct2.wld.msudrf.ru/,oct2.wld.msudrf.ru,нет,33MS0008
Владимирская область,Владимир,,Судебный участок № 2 Фрунзенского судебного района г. Владимира,MS,Мировой суд,"600000, г Владимир, пр-кт Октябрьский, д 14",https://frun2.wld.msudrf.ru/,frun2.wld.msudrf.ru,нет,33MS0014
Владимирская область,Владимир,,Судебный участок № 3 Ленинского судебного района г. Владимира,MS,Мировой суд,"600033, г Владимир, ул Диктора Левитана, д 27А",https://len3.wld.msudrf.ru/,len3.wld.msudrf.ru,нет,33MS0003
Владимирская область,Владимир,,Судебный участок № 3 Октябрьского судебного района г. Владимира,MS,Мировой суд,"600000, г Владимир, пр-кт Октябрьский, д 14",https://oct3.wld.msudrf.ru/,oct3.wld.msudrf.ru,нет,33MS0009
Владимирская область,Владимир,,Судебный участок № 3 Фрунзенского судебного района г. Владимира,MS,Мировой суд,"600000, г Владимир, пр-кт Октябрьский, д 14",https://frun3.wld.msudrf.ru/,frun3.wld.msudrf.ru,нет,33MS0015
Владимирская область,Владимир,,Судебный участок № 4 Ленинского судебного района г. Владимира,MS,Мировой суд,"600033, г Владимир, ул Диктора Левитана, д 27А",https://len4.wld.msudrf.ru/,len4.wld.msudrf.ru,нет,33MS0004
Владимирская область,Владимир,,Судебный участок № 4 Октябрьского судебного района г. Владимира,MS,Мировой суд,"600000, г Владимир, пр-кт Октябрьский, д 14",https://oct4.wld.msudrf.ru/,oct4.wld.msudrf.ru,нет,33MS0010
Владимирская область,Владимир,,Судебный участок № 4 Фрунзенского судебного района г. Владимира,MS,Мировой суд,"600000, г Владимир, пр-кт Октябрьский, д 14",https://frun4.wld.msudrf.ru/,frun4.wld.msudrf.ru,нет,33MS0016
Владимирская область,Владимир,,Судебный участок № 5 Ленинского судебного района г. Владимира,MS,Мировой суд,"600033, г Владимир, ул Диктора Левитана, д 27А",https://len5.wld.msudrf.ru/,len5.wld.msudrf.ru,нет,33MS0005
Владимирская область,Владимир,,Судебный участок № 5 Октябрьского судебного района г. Владимира,MS,Мировой суд,"600000, г Владимир, пр-кт Октябрьский, д 14",https://oct5.wld.msudrf.ru/,oct5.wld.msudrf.ru,нет,33MS0011
Владимирская область,Владимир,,Судебный участок № 5 Фрунзенского судебного района г. Владимира,MS,Мировой суд,"600000, г Владимир, пр-кт Октябрьский, д 14",https://frun5.wld.msudrf.ru/,frun5.wld.msudrf.ru,нет,33MS0017
Владимирская область,Владимир,,Судебный участок № 6 Ленинского судебного района г. Владимира,MS,Мировой суд,"600033, г Владимир, ул Диктора Левитана, д 27А",https://len6.wld.msudrf.ru/,len6.wld.msudrf.ru,нет,33MS0006
Владимирская область,Владимир,,Судебный участок № 6 Октябрьского судебного района г. Владимира,MS,Мировой суд,"600000, г Владимир, пр-кт Октябрьский, д 14",https://oct6.wld.msudrf.ru/,oct6.wld.msudrf.ru,нет,33MS0012
Владимирская область,Владимир,,Судебный участок № 7 Октябрьского района г. Владимира,MS,Мировой суд,"600000, г Владимир, пр-кт Октябрьский, д 14",https://oct7.wld.msudrf.ru/,oct7.wld.msudrf.ru,нет,33MS0076
Владимирская область,Вязники,,Судебный участок № 1 г. Вязники и Вязниковского судебного района,MS,Мировой суд,"601441, Владимирская обл, г Вязники, ул Институтская, д 14",https://vzn1.wld.msudrf.ru/,vzn1.wld.msudrf.ru,нет,33MS0025
Владимирская область,Вязники,,Судебный участок № 2 г. Вязники и Вязниковского судебного района,MS,Мировой суд,"601441, Владимирская обл, г Вязники, ул Институтская, д 14",https://vzn2.wld.msudrf.ru/,vzn2.wld.msudrf.ru,нет,33MS0026
Владимирская область,Вязники,,Судебный участок № 3 г. Вязники и Вязниковского судебного района,MS,Мировой суд,"601441, Владимирская обл, г Вязники, ул Институтская, д 14",https://vzn3.wld.msudrf.ru/,vzn3.wld.msudrf.ru,нет,33MS0027
Владимирская область,Вязники,,Судебный участок № 4 г. Вязники и Вязниковского судебного района,MS,Мировой суд,"601441, Владимирская обл, г Вязники, ул Институтская, д 14",https://vzn4.wld.msudrf.ru/,vzn4.wld.msudrf.ru,нет,33MS0028
Владимирская область,Гороховец,,Судебный участок № 1 г. Гороховец и Гороховецкого судебного района,MS,Мировой суд,"601480, Владимирская обл, г Гороховец, ул Ленина, д 91",https://gor1.wld.msudrf.ru/,gor1.wld.msudrf.ru,нет,33MS0029
Владимирская область,Гусь-Хрустальный,,Судебный участок № 1 г. Гусь-Хрустального и Гусь-Хрустального судебного района,MS,Мировой суд,"601501, Владимирская обл, г Гусь-Хрустальный, ул Добролюбова, д 6",https://gus1.wld.msudrf.ru/,gus1.wld.msudrf.ru,нет,33MS0030
Владимирская область,Гусь-Хрустальный,,Судебный участок № 2 г. Гусь-Хрустального и Гусь-Хрустального судебного района,MS,Мировой суд,"601501, Владимирская обл, г Гусь-Хрустальный, ул Калинина, зд 15",https://gus2.wld.msudrf.ru/,gus2.wld.msudrf.ru,нет,33MS0031
Владимирская область,Гусь-Хрустальный,,Судебный участок № 3 г. Гусь-Хрустального и Гусь-Хрустального судебного района,MS,Мировой суд,"601501, Владимирская обл, г Гусь-Хрустальный, ул Калинина, зд 15",https://gus3.wld.msudrf.ru/,gus3.wld.msudrf.ru,нет,33MS0032
Владимирская область,Гусь-Хрустальный,,Судебный участок № 4 г. Гусь-Хрустального и Гусь-Хрустального судебного района,MS,Мировой суд,"601501, Владимирская обл, г Гусь-Хрустальный, ул Калинина, зд 15",https://gus4.wld.msudrf.ru/,gus4.wld.msudrf.ru,нет,33MS0033
Владимирская область,Гусь-Хрустальный,,Судебный участок № 5 г. Гусь-Хрустального и Гусь-Хрустального судебного района,MS,Мировой суд,"601501, Владимирская обл, г Гусь-Хрустальный, ул Добролюбова, д 6",https://gus5.wld.msudrf.ru/,gus5.wld.msudrf.ru,нет,33MS0034
Владимирская область,Гусь-Хрустальный,,Судебный участок № 6 г. Гусь-Хрустального и Гусь-Хрустального судебного района,MS,Мировой суд,"601501, Владимирская обл, г Гусь-Хрустальный, ул Калинина, зд 15",https://gus6.wld.msudrf.ru/,gus6.wld.msudrf.ru,нет,33MS0035
Владимирская область,Камешково,,Судебный участок № 1 г. Камешково и Камешковского судебного района,MS,Мировой суд,"601300, Владимирская обл, г Камешково, ул Свердлова, д 14",https://kam1.wld.msudrf.ru/,kam1.wld.msudrf.ru,нет,33MS0036
Владимирская область,Камешково,,Судебный участок № 2 г. Камешково и Камешковского судебного района,MS,Мировой суд,"601300, Владимирская обл, г Камешково, ул Свердлова, д 14",https://kam2.wld.msudrf.ru/,kam2.wld.msudrf.ru,нет,33MS0037
Владимирская область,Карабаново,,Судебный участок № 4 г. Александрова и Александровского судебного района,MS,Мировой суд,"601642, Владимирская обл, Александровский р-н, г Карабаново, пл Лермонтова, д 1",https://aleks4.wld.msudrf.ru/,aleks4.wld.msudrf.ru,нет,33MS0022
Владимирская область,Киржач,,Судебный участок № 1 г. Киржач и Киржачского судебного района,MS,Мировой суд,"601010, Владимирская обл, г Киржач, ул Гагарина, д 8",https://kir1.wld.msudrf.ru/,kir1.wld.msudrf.ru,нет,33MS0038
Владимирская область,Киржач,,Судебный участок № 2 г. Киржач и Киржачского судебного района,MS,Мировой суд,"601010, Владимирская обл, г Киржач, ул Гагарина, д 8",https://kir2.wld.msudrf.ru/,kir2.wld.msudrf.ru,нет,33MS0039
Владимирская область,Ковров,,Судебный участок № 1 г. Коврова и Ковровского судебного района,MS,Мировой суд,"601900, Владимирская обл, г Ковров, ул Октябрьская, д 22А",https://kov1.wld.msudrf.ru/,kov1.wld.msudrf.ru,нет,33MS0040
Владимирская область,Ковров,,Судебный участок № 2 г. Коврова и Ковровского судебного района,MS,Мировой суд,"601900, Владимирская обл, г Ковров, ул Октябрьская, д 22А",https://kov2.wld.msudrf.ru/,kov2.wld.msudrf.ru,нет,33MS0041
Владимирская область,Ковров,,Судебный участок № 3 г. Коврова и Ковровского судебного района,MS,Мировой суд,"601900, Владимирская обл, г Ковров, ул Октябрьская, д 22А",https://kov3.wld.msudrf.ru/,kov3.wld.msudrf.ru,нет,33MS0042
Владимирская область,Ковров,,Судебный участок № 4 г. Коврова и Ковровского судебного района,MS,Мировой суд,"601900, Владимирская обл, г Ковров, ул Октябрьская, д 22А",https://kov4.wld.msudrf.ru/,kov4.wld.msudrf.ru,нет,33MS0043
Владимирская область,Ковров,,Судебный участок № 5 г. Коврова и Ковровского судебного района,MS,Мировой суд,"601900, Владимирская обл, г Ковров, ул Октябрьская, д 22А",https://kov5.wld.msudrf.ru/,kov5.wld.msudrf.ru,нет,33MS0044
Владимирская область,Ковров,,Судебный участок № 6 г. Коврова и Ковровского судебного района,MS,Мировой суд,"601900, Владимирская обл, г Ковров, ул Октябрьская, д 22А",https://kov6.wld.msudrf.ru/,kov6.wld.msudrf.ru,нет,33MS0045
Владимирская область,Ковров,,Судебный участок № 7 г. Коврова и Ковровского судебного района,MS,Мировой суд,"601900, Владимирская обл, г Ковров, ул Октябрьская, д 22А",https://kov7.wld.msudrf.ru/,kov7.wld.msudrf.ru,нет,33MS0046
Владимирская область,Ковров,,Судебный участок № 8 г. Коврова и Ковровского судебного района,MS,Мировой суд,"601900, Владимирская обл, г Ковров, ул Октябрьская, д 22А",https://kov8.wld.msudrf.ru/,kov8.wld.msudrf.ru,нет,33MS0047
Владимирская область,Ковров,,Судебный участок № 9 г. Коврова и Ковровского судебного района,MS,Мировой суд,"601900, Владимирская обл, г Ковров, ул Октябрьская, д 22А",https://kov9.wld.msudrf.ru/,kov9.wld.msudrf.ru,нет,33MS0048
Владимирская область,Кольчугино,,Судебный участок № 1 г. Кольчугино и Кольчугинского судебного района,MS,Мировой суд,"601781, Владимирская обл, г Кольчугино, ул Поселок Лесосплава, д 23 стр 1",https://kol1.wld.msudrf.ru/,kol1.wld.msudrf.ru,нет,33MS0049
Владимирская область,Кольчугино,,Судебный участок № 2 г. Кольчугино и Кольчугинского судебного района,MS,Мировой суд,"601781, Владимирская обл, г Кольчугино, ул Поселок Лесосплава, д 23 стр 1",https://kol2.wld.msudrf.ru/,kol2.wld.msudrf.ru,нет,33MS0050
Владимирская область,Кольчугино,,Судебный участок № 3 г. Кольчугино и Кольчугинского судебного района,MS,Мировой суд,"601781, Владимирская обл, г Кольчугино, ул Поселок Лесосплава, д 23 стр 1",https://kol3.wld.msudrf.ru/,kol3.wld.msudrf.ru,нет,33MS0051
Владимирская область,Красная Горбатка,,Судебный участок № 1 пос. Красная Горбатка и Селивановского судебного района,MS,Мировой суд,"602332, Владимирская обл, п Красная Горбатка, ул Красноармейская, д 4",https://sel1.wld.msudrf.ru/,sel1.wld.msudrf.ru,нет,33MS0066
Владимирская область,Меленки,,Судебный участок № 1 г. Меленки и Меленковского судебного района,MS,Мировой суд,"602102, Владимирская обл, г Меленки, ул Ленина, д 68",https://mel1.wld.msudrf.ru/,mel1.wld.msudrf.ru,нет,33MS0052
Владимирская область,Меленки,,Судебный участок № 2 г. Меленки и Меленковского судебного района,MS,Мировой суд,"602102, Владимирская обл, г Меленки, ул Ленина, д 68",https://mel2.wld.msudrf.ru/,mel2.wld.msudrf.ru,нет,33MS0053
Владимирская область,Муром,,Судебный участок № 1 г. Мурома и Муромского судебного района,MS,Мировой суд,"602264, Владимирская обл, г Муром, ш Радиозаводское, д 14А",https://mur1.wld.msudrf.ru/,mur1.wld.msudrf.ru,нет,33MS0054
Владимирская область,Муром,,Судебный участок № 2 г. Мурома и Муромского судебного района,MS,Мировой суд,"602264, Владимирская обл, г Муром, ш Радиозаводское, д 14А",https://mur2.wld.msudrf.ru/,mur2.wld.msudrf.ru,нет,33MS0055
Владимирская область,Муром,,Судебный участок № 3 г. Мурома и Муромского судебного района,MS,Мировой суд,"602264, Владимирская обл, г Муром, ш Радиозаводское, д 14А",https://mur3.wld.msudrf.ru/,mur3.wld.msudrf.ru,нет,33MS0056
Владимирская область,Муром,,Судебный участок № 4 г. Мурома и Муромского судебного района,MS,Мировой суд,"602264, Владимирская обл, г Муром, ш Радиозаводское, д 14А",https://mur4.wld.msudrf.ru/,mur4.wld.msudrf.ru,нет,33MS0057
Владимирская область,Муром,,Судебный участок № 5 г. Мурома и Муромского судебного района,MS,Мировой суд,"602264, Владимирская обл, г Муром, ш Радиозаводское, д 14А",https://mur5.wld.msudrf.ru/,mur5.wld.msudrf.ru,нет,33MS0058
Владимирская область,Муром,,Судебный участок № 6 г. Мурома и Муромского судебного района,MS,Мировой суд,"602264, Владимирская обл, г Муром, ш Радиозаводское, д 14А",https://mur6.wld.msudrf.ru/,mur6.wld.msudrf.ru,нет,33MS0059
Владимирская область,Муром,,Судебный участок № 7 г. Мурома и Муромского судебного района,MS,Мировой суд,"602264, Владимирская обл, г Муром, ш Радиозаводское, д 14А",https://mur7.wld.msudrf.ru/,mur7.wld.msudrf.ru,нет,33MS0060
Владимирская область,Муром,,Судебный участок № 8 г. Мурома и Муромского судебного района,MS,Мировой суд,"602264, Владимирская обл, г Муром, ш Радиозаводское, д 14А",https://mur8.wld.msudrf.ru/,mur8.wld.msudrf.ru,нет,33MS0061
Владимирская область,Петушки,,Судебный участок № 1 г. Петушки и Петушинского судебного района,MS,Мировой суд,"601144, Владимирская обл, г Петушки, ул Строителей, д 8",https://pet1.wld.msudrf.ru/,pet1.wld.msudrf.ru,нет,33MS0062
Владимирская область,Петушки,,Судебный участок № 3 г. Петушки и Петушинского судебного района,MS,Мировой суд,"601144, Владимирская обл, г Петушки, ул Строителей, д 8",https://pet3.wld.msudrf.ru/,pet3.wld.msudrf.ru,нет,33MS0064
Владимирская область,Покров,,Судебный участок № 2 г. Петушки и Петушинского судебного района,MS,Мировой суд,"601120, Владимирская обл, Петушинский р-н, г Покров, ул Быкова, д 1",https://pet2.wld.msudrf.ru/,pet2.wld.msudrf.ru,нет,33MS0063
Владимирская область,Радужный,,"Судебный участок № 4 г. Собинки, Собинского района и ЗАТО г. Радужный",MS,Мировой суд,"600910, Владимирская обл, г Радужный, кв-л 17-й, д 111",https://rad1.wld.msudrf.ru/,rad1.wld.msudrf.ru,нет,33MS0065
Владимирская область,Садовый,,Судебный участок № 2 г. Суздаля и Суздальского судебного района,MS,Мировой суд,"601271, Владимирская обл, Суздальский р-н, п Садовый, ул Центральная, д 4А",https://suz2.wld.msudrf.ru/,suz2.wld.msudrf.ru,нет,33MS0073
Владимирская область,Собинка,,"Судебный участок № 1 г. Собинки, Собинского района и ЗАТО г. Радужный",MS,Мировой суд,"601204, Владимирская обл, г Собинка, ул Чайковского, д 7",https://sob1.wld.msudrf.ru/,sob1.wld.msudrf.ru,нет,33MS0067
Владимирская область,Собинка,,"Судебный участок № 2 г. Собинки, Собинского района и ЗАТО г. Радужный",MS,Мировой суд,"601204, Владимирская обл, г Собинка, ул Чайковского, д 7",https://sob2.wld.msudrf.ru/,sob2.wld.msudrf.ru,нет,33MS0068
Владимирская область,Ставрово,,"Судебный участок № 3 г. Собинки, Собинского района и ЗАТО г. Радужный",MS,Мировой суд,"601220, Владимирская обл, Собинский р-н, п Ставрово, ул Октябрьская, д 118",https://sob3.wld.msudrf.ru/,sob3.wld.msudrf.ru,нет,33MS0069
Владимирская область,Струнино,,Судебный участок № 5 г. Александрова и Александровского судебного района,MS,Мировой суд,"601670, Владимирская обл, Александровский р-н, г Струнино, кв-л Дубки, д 13",https://aleks5.wld.msudrf.ru/,aleks5.wld.msudrf.ru,нет,33MS0023
Владимирская область,Судогда,,Судебный участок № 1 г. Судогды и Судогодского судебного района,MS,Мировой суд,"601351, Владимирская обл, г Судогда, ул Муромское шоссе, д 5",https://sdg1.wld.msudrf.ru/,sdg1.wld.msudrf.ru,нет,33MS0070
Владимирская область,Судогда,,Судебный участок № 2 г. Судогды и Судогодского судебного района,MS,Мировой суд,"601351, Владимирская обл, г Судогда, ул Муромское шоссе, д 5",https://sdg2.wld.msudrf.ru/,sdg2.wld.msudrf.ru,нет,33MS0071
Владимирская область,Суздаль,,Судебный участок № 1 г. Суздаля и Суздальского судебного района,MS,Мировой суд,"601293, Владимирская обл, г Суздаль, ул Васильевская, д 44",https://suz1.wld.msudrf.ru/,suz1.wld.msudrf.ru,нет,33MS0072
Владимирская область,Юрьев-Польский,,Судебный участок № 1 г. Юрьев-Польский и Юрьев-Польского судебного района,MS,Мировой суд,"601803, Владимирская обл, г Юрьев-Польский, пер Авангардский, д 22",https://jurp1.wld.msudrf.ru/,jurp1.wld.msudrf.ru,нет,33MS0074
Владимирская область,Юрьев-Польский,,Судебный участок № 2 г. Юрьев-Польский и Юрьев-Польского судебного района,MS,Мировой суд,"601803, Владимирская обл, г Юрьев-Польский, пер Авангардский, д 22",https://jurp2.wld.msudrf.ru/,jurp2.wld.msudrf.ru,нет,33MS0075
Ярославская область,Большое Село,,Судебный участок № 1 Большесельского судебного района Ярославской области,MS,Мировой суд,"152360, Ярославская обл, с Большое Село, ул Сурикова, д 14",https://1bls.jrs.msudrf.ru/,1bls.jrs.msudrf.ru,нет,76MS0033
Ярославская область,Борисоглебский,,Судебный участок № 4 Ростовского судебного района Ярославской области,MS,Мировой суд,"152170, Ярославская обл, рп Борисоглебский, ул Транспортная, д 3",https://4rst.jrs.msudrf.ru/,4rst.jrs.msudrf.ru,нет,76MS0073
Ярославская область,Брейтово,,Судебный участок № 1 Брейтовского судебного района Ярославской области,MS,Мировой суд,"152760, Ярославская обл, с Брейтово, ул Республиканская, д 7",https://1bryt.jrs.msudrf.ru/,1bryt.jrs.msudrf.ru,нет,76MS0035
Ярославская область,Гаврилов-Ям,,Судебный участок № 1 Гаврилов-Ямского судебного района Ярославской области,MS,Мировой суд,"152240, Ярославская обл, г Гаврилов-Ям, ул Победы, д 66А",https://1gyam.jrs.msudrf.ru/,1gyam.jrs.msudrf.ru,нет,76MS0036
Ярославская область,Гаврилов-Ям,,Судебный участок № 2 Гаврилов-Ямского судебного района Ярославской области,MS,Мировой суд,"152240, Ярославская обл, г Гаврилов-Ям, ул Победы, д 66А",https://2gyam.jrs.msudrf.ru/,2gyam.jrs.msudrf.ru,нет,76MS0037
Ярославская область,Данилов,,Судебный участок № 1 Даниловского судебного района Ярославской области,MS,Мировой суд,"152072, Ярославская обл, г Данилов, ул Ленина, зд 19А",https://1dan.jrs.msudrf.ru/,1dan.jrs.msudrf.ru,нет,76MS0038
Ярославская область,Данилов,,Судебный участок № 2 Даниловского судебного района Ярославской области,MS,Мировой суд,"152072, Ярославская обл, г Данилов, ул Ленина, зд 19А",https://2dan.jrs.msudrf.ru/,2dan.jrs.msudrf.ru,нет,76MS0039
Ярославская область,Любим,,Судебный участок № 1 Любимского судебного района Ярославской области,MS,Мировой суд,"152470, Ярославская обл, г Любим, ул Октябрьская, д 5/13А",https://1lyb.jrs.msudrf.ru/,1lyb.jrs.msudrf.ru,нет,76MS0040
Ярославская область,Мышкин,,Судебный участок № 1 Мышкинского судебного района Ярославской области,MS,Мировой суд,"152830, Ярославская обл, г Мышкин, ул Карла Либкнехта, д 19",https://1mysh.jrs.msudrf.ru/,1mysh.jrs.msudrf.ru,нет,76MS0041
Ярославская область,Некрасовское,,Судебный участок № 1 Некрасовского судебного района Ярославской области,MS,Мировой суд,"152260, Ярославская обл, Некрасовский р-н, рп Некрасовское, ул Кооперативная, д 13",https://1nekr.jrs.msudrf.ru/,1nekr.jrs.msudrf.ru,нет,76MS0043
Ярославская область,Новый Некоуз,,Судебный участок № 1 Некоузского судебного района Ярославской области,MS,Мировой суд,"152730, Ярославская обл, с Новый Некоуз, ул Лесная, д 12",https://1nekz.jrs.msudrf.ru/,1nekz.jrs.msudrf.ru,нет,76MS0042
Ярославская область,Переславль-Залесский,,Судебный участок № 1 Переславского судебного района Ярославской области,MS,Мировой суд,"152020, Ярославская обл, г Переславль-Залесский, ул Плещеевская, д 12",https://1prs.jrs.msudrf.ru/,1prs.jrs.msudrf.ru,нет,76MS0045
Ярославская область,Переславль-Залесский,,Судебный участок № 2 Переславского судебного района Ярославской области,MS,Мировой суд,"152020, Ярославская обл, г Переславль-Залесский, ул Плещеевская, д 12",https://2prs.jrs.msudrf.ru/,2prs.jrs.msudrf.ru,нет,76MS0046
Ярославская область,Переславль-Залесский,,Судебный участок № 3 Переславского судебного района Ярославской области,MS,Мировой суд,"152020, Ярославская обл, г Переславль-Залесский, ул Плещеевская, д 12",https://3prs.jrs.msudrf.ru/,3prs.jrs.msudrf.ru,нет,76MS0047
Ярославская область,Пошехонье,,Судебный участок № 1 Пошехонского судебного района Ярославской области,MS,Мировой суд,"152850, Ярославская обл, г Пошехонье, ул Рыбинская, д 1",https://1psh.jrs.msudrf.ru/,1psh.jrs.msudrf.ru,нет,76MS0048
Ярославская область,Пречистое,,Судебный участок № 1 Первомайского судебного района Ярославской области,MS,Мировой суд,"152430, Ярославская обл, рп Пречистое, ул Вологодская, д 41",https://1prv.jrs.msudrf.ru/,1prv.jrs.msudrf.ru,нет,76MS0044
Ярославская область,Ростов Великий,,Судебный участок № 1 Ростовского судебного района Ярославской области,MS,Мировой суд,"152150, Ярославская обл, г Ростов Великий, мкр N1, д 36",https://1rst.jrs.msudrf.ru/,1rst.jrs.msudrf.ru,нет,76MS0049
Ярославская область,Ростов Великий,,Судебный участок № 2 Ростовского судебного района Ярославской области,MS,Мировой суд,"152150, Ярославская обл, г Ростов Великий, мкр N1, д 36",https://2rst.jrs.msudrf.ru/,2rst.jrs.msudrf.ru,нет,76MS0050
Ярославская область,Ростов Великий,,Судебный участок № 3 Ростовского судебного района Ярославской области,MS,Мировой суд,"152150, Ярославская обл, г Ростов Великий, мкр N1, д 36",https://3rst.jrs.msudrf.ru/,3rst.jrs.msudrf.ru,нет,76MS0051
Ярославская область,Рыбинск,,Судебный участок № 1 Рыбинского судебного района Ярославской области,MS,Мировой суд,"152930, Ярославская обл, г Рыбинск, пр-кт Революции, д 48А",https://1ryb.jrs.msudrf.ru/,1ryb.jrs.msudrf.ru,нет,76MS0052
Ярославская область,Рыбинск,,Судебный участок № 10 Рыбинского судебного района Ярославской области,MS,Мировой суд,"152912, Ярославская обл, г Рыбинск, ул Молодежная, д 16",https://10ryb.jrs.msudrf.ru/,10ryb.jrs.msudrf.ru,нет,76MS0061
Ярославская область,Рыбинск,,Судебный участок № 11 Рыбинского судебного района Ярославской области,MS,Мировой суд,"152912, Ярославская обл, г Рыбинск, ул Баженова, д 1",https://11ryb.jrs.msudrf.ru/,11ryb.jrs.msudrf.ru,нет,76MS0062
Ярославская область,Рыбинск,,Судебный участок № 2 Рыбинского судебного района Ярославской области,MS,Мировой суд,"152930, Ярославская обл, г Рыбинск, пр-кт Революции, д 48А",https://2ryb.jrs.msudrf.ru/,2ryb.jrs.msudrf.ru,нет,76MS0053
Ярославская область,Рыбинск,,Судебный участок № 3 Рыбинского судебного района Ярославской области,MS,Мировой суд,"152912, Ярославская обл, г Рыбинск, ул Баженова, д 1",https://3ryb.jrs.msudrf.ru/,3ryb.jrs.msudrf.ru,нет,76MS0054
Ярославская область,Рыбинск,,Судебный участок № 4 Рыбинского судебного района Ярославской области,MS,Мировой суд,"152912, Ярославская обл, г Рыбинск, ул Баженова, д 1",https://4ryb.jrs.msudrf.ru/,4ryb.jrs.msudrf.ru,нет,76MS0055
Ярославская область,Рыбинск,,Судебный участок № 5 Рыбинского судебного района Ярославской области,MS,Мировой суд,"152912, Ярославская обл, г Рыбинск, ул Баженова, д 1",https://5ryb.jrs.msudrf.ru/,5ryb.jrs.msudrf.ru,нет,76MS0056
Ярославская область,Рыбинск,,Судебный участок № 6 Рыбинского судебного района Ярославской области,MS,Мировой суд,"152912, Ярославская обл, г Рыбинск, ул Баженова, д 1",https://6ryb.jrs.msudrf.ru/,6ryb.jrs.msudrf.ru,нет,76MS0057
Ярославская область,Рыбинск,,Судебный участок № 7 Рыбинского судебного района Ярославской области,MS,Мировой суд,"152912, Ярославская обл, г Рыбинск, ул Молодежная, д 16",https://7ryb.jrs.msudrf.ru/,7ryb.jrs.msudrf.ru,нет,76MS0058
Ярославская область,Рыбинск,,Судебный участок № 8 Рыбинского судебного района Ярославской области,MS,Мировой суд,"152912, Ярославская обл, г Рыбинск, ул Молодежная, д 16",https://8ryb.jrs.msudrf.ru/,8ryb.jrs.msudrf.ru,нет,76MS0059
Ярославская область,Рыбинск,,Судебный участок № 9 Рыбинского судебного района Ярославской области,MS,Мировой суд,"152912, Ярославская обл, г Рыбинск, ул Баженова, д 1",https://9ryb.jrs.msudrf.ru/,9ryb.jrs.msudrf.ru,нет,76MS0060
Ярославская область,Тутаев,,Судебный участок № 1 Тутаевского судебного района Ярославской области,MS,Мировой суд,"152300, Ярославская обл, г Тутаев, ул Ярославская, зд 93",https://1ttv.jrs.msudrf.ru/,1ttv.jrs.msudrf.ru,нет,76MS0065
Ярославская область,Тутаев,,Судебный участок № 2 Тутаевского судебного района Ярославской области,MS,Мировой суд,"152300, Ярославская обл, г Тутаев, ул Ярославская, зд 93",https://2ttv.jrs.msudrf.ru/,2ttv.jrs.msudrf.ru,нет,76MS0066
Ярославская область,Тутаев,,Судебный участок № 3 Тутаевского судебного района Ярославской области,MS,Мировой суд,"152300, Ярославская обл, г Тутаев, ул Ярославская, зд 93",https://3ttv.jrs.msudrf.ru/,3ttv.jrs.msudrf.ru,нет,76MS0067
Ярославская область,Углич,,Судебный участок № 1 Угличского судебного района Ярославской области,MS,Мировой суд,"152613, Ярославская обл, г Углич, ул Никонова, д 17",https://1ugl.jrs.msudrf.ru/,1ugl.jrs.msudrf.ru,нет,76MS0068
Ярославская область,Углич,,Судебный участок № 2 Угличского судебного района Ярославской области,MS,Мировой суд,"152613, Ярославская обл, г Углич, ул Никонова, д 17",https://2ugl.jrs.msudrf.ru/,2ugl.jrs.msudrf.ru,нет,76MS0069
Ярославская область,Углич,,Судебный участок № 3 Угличского судебного района Ярославской области,MS,Мировой суд,"152613, Ярославская обл, г Углич, ул Никонова, д 17",https://3ugl.jrs.msudrf.ru/,3ugl.jrs.msudrf.ru,нет,76MS0070
Ярославская область,Ярославль,,Судебный участок № 1 Дзержинского судебного района г. Ярославля,MS,Мировой суд,"150063, г Ярославль, ул Громова, д 52 к 2",https://1dzr.jrs.msudrf.ru/,1dzr.jrs.msudrf.ru,нет,76MS0001
Ярославская область,Ярославль,,Судебный участок № 1 Заволжского судебного района г. Ярославля,MS,Мировой суд,"150034, г Ярославль, ул 50 лет ВЛКСМ, д 12/2",https://1zav.jrs.msudrf.ru/,1zav.jrs.msudrf.ru,нет,76MS0009
Ярославская область,Ярославль,,Судебный участок № 1 Кировского судебного района г. Ярославля,MS,Мировой суд,"150040, г Ярославль, ул Володарского, д 63/29",https://1kir.jrs.msudrf.ru/,1kir.jrs.msudrf.ru,нет,76MS0014
Ярославская область,Ярославль,,Судебный участок № 1 Красноперекопского судебного района г. Ярославля,MS,Мировой суд,"150023, г Ярославль, пр-кт Московский, д 82",https://1krp.jrs.msudrf.ru/,1krp.jrs.msudrf.ru,нет,76MS0018
Ярославская область,Ярославль,,Судебный участок № 1 Ленинского судебного района г. Ярославля,MS,Мировой суд,"150043, г Ярославль, ул Карла Либкнехта, д 41",https://1len.jrs.msudrf.ru/,1len.jrs.msudrf.ru,нет,76MS0021
Ярославская область,Ярославль,,Судебный участок № 1 Фрунзенского судебного района г. Ярославля,MS,Мировой суд,"150022, г Ярославль, ул 4-я Портовая, д 13",https://1frn.jrs.msudrf.ru/,1frn.jrs.msudrf.ru,нет,76MS0025
Ярославская область,Ярославль,,Судебный участок № 1 Ярославского судебного района Ярославской области,MS,Мировой суд,"150031, г Ярославль, ул Добрынина, д 18Б",https://1yar.jrs.msudrf.ru/,1yar.jrs.msudrf.ru,нет,76MS0030
Ярославская область,Ярославль,,Судебный участок № 2 Дзержинского судебного района г. Ярославля,MS,Мировой суд,"150063, г Ярославль, ул Громова, д 52 к 2",https://2dzr.jrs.msudrf.ru/,2dzr.jrs.msudrf.ru,нет,76MS0002
Ярославская область,Ярославль,,Судебный участок № 2 Заволжского судебного района г. Ярославля,MS,Мировой суд,"150055, г Ярославль, ул Красноборская, д 9А",https://2zav.jrs.msudrf.ru/,2zav.jrs.msudrf.ru,нет,76MS0010
Ярославская область,Ярославль,,Судебный участок № 2 Кировского судебного района г. Ярославля,MS,Мировой суд,"150000, г Ярославль, ул Некрасова, д 1/2",https://2kir.jrs.msudrf.ru/,2kir.jrs.msudrf.ru,нет,76MS0015
Ярославская область,Ярославль,,Судебный участок № 2 Красноперекопского судебного района г. Ярославля,MS,Мировой суд,"150023, г Ярославль, пр-кт Московский, д 82",https://2krp.jrs.msudrf.ru/,2krp.jrs.msudrf.ru,нет,76MS0019
Ярославская область,Ярославль,,Судебный участок № 2 Ленинского судебного района г. Ярославля,MS,Мировой суд,"150043, г Ярославль, ул Карла Либкнехта, д 41",https://2len.jrs.msudrf.ru/,2len.jrs.msudrf.ru,нет,76MS0022
Ярославская область,Ярославль,,Судебный участок № 2 Фрунзенского судебного района г. Ярославля,MS,Мировой суд,"150048, г Ярославль, ул Писемского, д 56",https://2frn.jrs.msudrf.ru/,2frn.jrs.msudrf.ru,нет,76MS0026
Ярославская область,Ярославль,,Судебный участок № 2 Ярославского судебного района Ярославской области,MS,Мировой суд,"150046, г Ярославль, ул Нефтяников, д 32 к 2",https://2yar.jrs.msudrf.ru/,2yar.jrs.msudrf.ru,нет,76MS0031
Ярославская область,Ярославль,,Судебный участок № 3 Дзержинского судебного района г. Ярославля,MS,Мировой суд,"150063, г Ярославль, ул Громова, д 52 к 2",https://3dzr.jrs.msudrf.ru/,3dzr.jrs.msudrf.ru,нет,76MS0003
Ярославская область,Ярославль,,Судебный участок № 3 Заволжского судебного района г. Ярославля,MS,Мировой суд,"150055, г Ярославль, ул Ляпидевского, д 11",https://3zav.jrs.msudrf.ru/,3zav.jrs.msudrf.ru,нет,76MS0011
Ярославская область,Ярославль,,Судебный участок № 3 Кировского судебного района г. Ярославля,MS,Мировой суд,"150040, г Ярославль, ул Володарского, д 63/29",https://3kir.jrs.msudrf.ru/,3kir.jrs.msudrf.ru,нет,76MS0016
Ярославская область,Ярославль,,Судебный участок № 3 Красноперекопского судебного района г. Ярославля,MS,Мировой суд,"150002, г Ярославль, ул Красноперекопская, д 1",https://3krp.jrs.msudrf.ru/,3krp.jrs.msudrf.ru,нет,76MS0020
Ярославская область,Ярославль,,Судебный участок № 3 Ленинского судебного района г. Ярославля,MS,Мировой суд,"150047, г Ярославль, ул Лермонтова, д 15",https://3len.jrs.msudrf.ru/,3len.jrs.msudrf.ru,нет,76MS0023
Ярославская область,Ярославль,,Судебный участок № 3 Фрунзенского судебного района г. Ярославля,MS,Мировой суд,"150035, г Ярославль, ул Калинина, д 31",https://3frn.jrs.msudrf.ru/,3frn.jrs.msudrf.ru,нет,76MS0027
Ярославская область,Ярославль,,Судебный участок № 3 Ярославского судебного района Ярославской области,MS,Мировой суд,"150055, г Ярославль, ул Красноборская, д 9А",https://3yar.jrs.msudrf.ru/,3yar.jrs.msudrf.ru,нет,76MS0032
Ярославская область,Ярославль,,Судебный участок № 4 Дзержинского судебного района г. Ярославля,MS,Мировой суд,"150033, г Ярославль, ш Тутаевское, д 64 к 2",https://4dzr.jrs.msudrf.ru/,4dzr.jrs.msudrf.ru,нет,76MS0004
Ярославская область,Ярославль,,Судебный участок № 4 Заволжского судебного района г. Ярославля,MS,Мировой суд,"150055, г Ярославль, пр-кт Авиаторов, д 76",https://4zav.jrs.msudrf.ru/,4zav.jrs.msudrf.ru,нет,76MS0012
Ярославская область,Ярославль,,Судебный участок № 4 Ленинского судебного района г. Ярославля,MS,Мировой суд,"150047, г Ярославль, ул Лермонтова, д 15",https://4len.jrs.msudrf.ru/,4len.jrs.msudrf.ru,нет,76MS0024
Ярославская область,Ярославль,,Судебный участок № 4 Фрунзенского судебного района г. Ярославля,MS,Мировой суд,"150035, г Ярославль, ул Калинина, д 31",https://4frn.jrs.msudrf.ru/,4frn.jrs.msudrf.ru,нет,76MS0028
Ярославская область,Ярославль,,Судебный участок № 5 Дзержинского судебного района г. Ярославля,MS,Мировой суд,"150033, г Ярославль, ш Тутаевское, д 64 к 2",https://5dzr.jrs.msudrf.ru/,5dzr.jrs.msudrf.ru,нет,76MS0005
Ярославская область,Ярославль,,Судебный участок № 5 Заволжского судебного района г. Ярославля,MS,Мировой суд,"150034, г Ярославль, ул 50 лет ВЛКСМ, д 12/2",https://5zav.jrs.msudrf.ru/,5zav.jrs.msudrf.ru,нет,76MS0013
Ярославская область,Ярославль,,Судебный участок № 5 Фрунзенского судебного района г. Ярославля,MS,Мировой суд,"150035, г Ярославль, ул Калинина, д 31",https://5frn.jrs.msudrf.ru/,5frn.jrs.msudrf.ru,нет,76MS0029
Ярославская область,Ярославль,,Судебный участок № 6 Дзержинского судебного района г. Ярославля,MS,Мировой суд,"150033, г Ярославль, ш Тутаевское, д 64 к 2",https://6dzr.jrs.msudrf.ru/,6dzr.jrs.msudrf.ru,нет,76MS0006
Ярославская область,Ярославль,,Судебный участок № 6 Заволжского судебного района,MS,Мировой суд,"150062, г Ярославль, проезд Доброхотова, д 5",https://6zav.jrs.msudrf.ru/,6zav.jrs.msudrf.ru,нет,76MS0071
Ярославская область,Ярославль,,Судебный участок № 6 Фрунзенского судебного района г. Ярославля,MS,Мировой суд,"150048, г Ярославль, ул Писемского, д 56",https://6frn.jrs.msudrf.ru/,6frn.jrs.msudrf.ru,нет,76MS0072
Ярославская область,Ярославль,,Судебный участок № 7 Дзержинского судебного района г. Ярославля,MS,Мировой суд,"150063, г Ярославль, ул Громова, д 52 к 2",https://7dzr.jrs.msudrf.ru/,7dzr.jrs.msudrf.ru,нет,76MS0007
Ярославская область,Ярославль,,Судебный участок № 8 Дзержинского судебного района г. Ярославля,MS,Мировой суд,"150063, г Ярославль, ул Громова, д 52 к 2",https://8dzr.jrs.msudrf.ru/,8dzr.jrs.msudrf.ru,нет,76MS0008
Ивановская область,Верхний Ландех,,Судебный участок № 2 Пучежского судебного района Ивановской области,MS,Мировой суд,"155210, Ивановская обл, п Верхний Ландех, ул Западная, д 20",https://vlandeh1.iwn.msudrf.ru/,vlandeh1.iwn.msudrf.ru,нет,37MS0031
Ивановская область,Вичуга,,Судебный участок № 1 Вичугского судебного района Ивановской области,MS,Мировой суд,"155332, Ивановская обл, г Вичуга, ул Большая Пролетарская, д 8",https://vichuga1.iwn.msudrf.ru/,vichuga1.iwn.msudrf.ru,нет,37MS0021
Ивановская область,Вичуга,,Судебный участок № 2 Вичугского судебного района Ивановской области,MS,Мировой суд,"155332, Ивановская обл, г Вичуга, ул Большая Пролетарская, д 8",https://vichuga2.iwn.msudrf.ru/,vichuga2.iwn.msudrf.ru,нет,37MS0022
Ивановская область,Вичуга,,Судебный участок № 3 Вичугского судебного района Ивановской области,MS,Мировой суд,"155332, Ивановская обл, г Вичуга, ул Большая Пролетарская, д 8",https://vichuga3.iwn.msudrf.ru/,vichuga3.iwn.msudrf.ru,нет,37MS0023
Ивановская область,Гаврилов Посад,,Судебный участок № 5 Тейковского судебного района Ивановской области,MS,Мировой суд,"155000, Ивановская обл, г Гаврилов Посад, ул Розы Люксембург, д 2",https://gavposad5.iwn.msudrf.ru/,gavposad5.iwn.msudrf.ru,нет,37MS0054
Ивановская область,Заволжск,,Судебный участок № 7 Кинешемского судебного района Ивановской области,MS,Мировой суд,"155412, Ивановская обл, г Заволжск, ул Мира, д 20/65",https://zav6.iwn.msudrf.ru/,zav6.iwn.msudrf.ru,нет,37MS0042
Ивановская область,Иваново,,Судебный участок № 1 Ленинского судебного района г. Иванова,MS,Мировой суд,"153009, г Иваново, ул 1-я Полевая, д 70",https://len1.iwn.msudrf.ru/,len1.iwn.msudrf.ru,нет,37MS0001
Ивановская область,Иваново,,Судебный участок № 1 Октябрьского судебного района г. Иванова,MS,Мировой суд,"153002, г Иваново, ул Громобоя, д 3А",https://okt1.iwn.msudrf.ru/,okt1.iwn.msudrf.ru,нет,37MS0008
Ивановская область,Иваново,,Судебный участок № 1 Советского судебного района г. Иванова,MS,Мировой суд,"153006, г Иваново, проезд 10-й, д 26",https://sov1.iwn.msudrf.ru/,sov1.iwn.msudrf.ru,нет,37MS0013
Ивановская область,Иваново,,Судебный участок № 1 Фрунзенского судебного района г. Иванова,MS,Мировой суд,"153022, г Иваново, ул Летчика Захарова, д 23",https://frunz1.iwn.msudrf.ru/,frunz1.iwn.msudrf.ru,нет,37MS0016
Ивановская область,Иваново,,Судебный участок № 2 Ленинского судебного района г. Иванова,MS,Мировой суд,"153009, г Иваново, ул 1-я Полевая, д 70",https://len2.iwn.msudrf.ru/,len2.iwn.msudrf.ru,нет,37MS0002
Ивановская область,Иваново,,Судебный участок № 2 Октябрьского судебного района г. Иванова,MS,Мировой суд,"153002, г Иваново, ул Громобоя, д 3А",https://okt2.iwn.msudrf.ru/,okt2.iwn.msudrf.ru,нет,37MS0009
Ивановская область,Иваново,,Судебный участок № 2 Советского судебного района г. Иванова,MS,Мировой суд,"153006, г Иваново, проезд 10-й, д 26",https://sov2.iwn.msudrf.ru/,sov2.iwn.msudrf.ru,нет,37MS0014
Ивановская область,Иваново,,Судебный участок № 2 Фрунзенского судебного района г. Иванова,MS,Мировой суд,"153003, г Иваново, ул Мархлевского, д 31",https://frunz2.iwn.msudrf.ru/,frunz2.iwn.msudrf.ru,нет,37MS0017
Ивановская область,Иваново,,Судебный участок № 3 Ивановского судебного района Ивановской области,MS,Мировой суд,"153035, г Иваново, ул 1-я Полевая, д 5",https://ivan3.iwn.msudrf.ru/,ivan3.iwn.msudrf.ru,нет,37MS0035
Ивановская область,Иваново,,Судебный участок № 3 Ленинского судебного района г. Иванова,MS,Мировой суд,"153009, г Иваново, ул 1-я Полевая, д 70",https://len3.iwn.msudrf.ru/,len3.iwn.msudrf.ru,нет,37MS0003
Ивановская область,Иваново,,Судебный участок № 3 Октябрьского судебного района г. Иванова,MS,Мировой суд,"153002, г Иваново, ул Громобоя, д 3А",https://okt3.iwn.msudrf.ru/,okt3.iwn.msudrf.ru,нет,37MS0010
Ивановская область,Иваново,,Судебный участок № 3 Советского судебного района г. Иванова,MS,Мировой суд,"153006, г Иваново, проезд 10-й, д 26",https://sov3.iwn.msudrf.ru/,sov3.iwn.msudrf.ru,нет,37MS0015
Ивановская область,Иваново,,Судебный участок № 3 Фрунзенского судебного района г. Иванова,MS,Мировой суд,"153003, г Иваново, ул Мархлевского, д 31",https://frunz3.iwn.msudrf.ru/,frunz3.iwn.msudrf.ru,нет,37MS0018
Ивановская область,Иваново,,Судебный участок № 4 Ленинского судебного района г. Иванова,MS,Мировой суд,"153009, г Иваново, ул 1-я Полевая, д 70",https://len4.iwn.msudrf.ru/,len4.iwn.msudrf.ru,нет,37MS0004
Ивановская область,Иваново,,Судебный участок № 4 Октябрьского судебного района г. Иванова,MS,Мировой суд,"153002, г Иваново, ул Громобоя, д 3А",https://okt4.iwn.msudrf.ru/,okt4.iwn.msudrf.ru,нет,37MS0011
Ивановская область,Иваново,,Судебный участок № 4 Советского судебного района г. Иваново,MS,Мировой суд,"153006, г Иваново, проезд 10-й, д 26",https://sov4.iwn.msudrf.ru/,sov4.iwn.msudrf.ru,нет,37MS0065
Ивановская область,Иваново,,Судебный участок № 4 Фрунзенского судебного района г. Иванова,MS,Мировой суд,"153022, г Иваново, ул Летчика Захарова, д 23",https://frunz4.iwn.msudrf.ru/,frunz4.iwn.msudrf.ru,нет,37MS0019
Ивановская область,Иваново,,Судебный участок № 5 Ленинского судебного района г. Иванова,MS,Мировой суд,"153009, г Иваново, ул 1-я Полевая, д 70",https://len5.iwn.msudrf.ru/,len5.iwn.msudrf.ru,нет,37MS0005
Ивановская область,Иваново,,Судебный участок № 5 Октябрьского судебного района г. Иванова,MS,Мировой суд,"153002, г Иваново, ул Громобоя, д 3А",https://okt5.iwn.msudrf.ru/,okt5.iwn.msudrf.ru,нет,37MS0012
Ивановская область,Иваново,,Судебный участок № 5 Фрунзенского судебного района г. Иванова,MS,Мировой суд,"153022, г Иваново, ул Летчика Захарова, д 23",https://frunz5.iwn.msudrf.ru/,frunz5.iwn.msudrf.ru,нет,37MS0020
Ивановская область,Иваново,,Судебный участок № 6 Ленинского судебного района г. Иванова,MS,Мировой суд,"153009, г Иваново, ул 1-я Полевая, д 70",https://len6.iwn.msudrf.ru/,len6.iwn.msudrf.ru,нет,37MS0006
Ивановская область,Иваново,,Судебный участок № 6 Фрунзенского судебного района г. Иваново,MS,Мировой суд,"153003, г Иваново, ул Мархлевского, д 31",https://frunz6.iwn.msudrf.ru/,frunz6.iwn.msudrf.ru,нет,37MS0064
Ивановская область,Иваново,,Судебный участок № 7 Ленинского судебного района г. Иванова,MS,Мировой суд,"153009, г Иваново, ул 1-я Полевая, д 70",https://len7.iwn.msudrf.ru/,len7.iwn.msudrf.ru,нет,37MS0007
Ивановская область,Иваново,,Судебный участок № 8 Ленинского судебного района г. Иваново,MS,Мировой суд,"153009, г Иваново, ул 1-я Полевая, д 70",https://len8.iwn.msudrf.ru/,len8.iwn.msudrf.ru,нет,37MS0063
Ивановская область,Ильинское-Хованское,,Судебный участок № 4 Тейковского судебного района Ивановской области,MS,Мировой суд,"155060, Ивановская обл, п Ильинское-Хованское, ул Красная, д 15",https://ilyinsk4.iwn.msudrf.ru/,ilyinsk4.iwn.msudrf.ru,нет,37MS0053
Ивановская область,Кинешма,,Судебный участок № 1 Кинешемского судебного района Ивановской области,MS,Мировой суд,"155800, Ивановская обл, г Кинешма, ул им Ленина, д 44",https://kineshma1.iwn.msudrf.ru/,kineshma1.iwn.msudrf.ru,нет,37MS0037
Ивановская область,Кинешма,,Судебный участок № 2 Кинешемского судебного района Ивановской области,MS,Мировой суд,"155800, Ивановская обл, г Кинешма, ул им Ленина, д 44",https://kineshma2.iwn.msudrf.ru/,kineshma2.iwn.msudrf.ru,нет,37MS0038
Ивановская область,Кинешма,,Судебный участок № 3 Кинешемского судебного района Ивановской области,MS,Мировой суд,"155800, Ивановская обл, г Кинешма, ул им Ленина, д 44",https://kineshma3.iwn.msudrf.ru/,kineshma3.iwn.msudrf.ru,нет,37MS0039
Ивановская область,Кинешма,,Судебный участок № 4 Кинешемского судебного района Ивановской области,MS,Мировой суд,"155800, Ивановская обл, г Кинешма, ул им Ленина, д 44",https://kineshma4.iwn.msudrf.ru/,kineshma4.iwn.msudrf.ru,нет,37MS0040
Ивановская область,Кинешма,,Судебный участок № 5 Кинешемского судебного района Ивановской области,MS,Мировой суд,"155800, Ивановская обл, г Кинешма, ул им Ленина, д 44",https://kineshma5.iwn.msudrf.ru/,kineshma5.iwn.msudrf.ru,нет,37MS0041
Ивановская область,Кинешма,,Судебный участок № 6 Кинешемского судебного района Ивановской области,MS,Мировой суд,"155800, Ивановская обл, г Кинешма, ул им Ленина, д 44",https://kineshma7.iwn.msudrf.ru/,kineshma7.iwn.msudrf.ru,нет,37MS0043
Ивановская область,Комсомольск,,Судебный участок Комсомольского судебного района Ивановской области,MS,Мировой суд,"155150, Ивановская обл, г Комсомольск, ул Люлина, д 14",https://koms4.iwn.msudrf.ru/,koms4.iwn.msudrf.ru,нет,37MS0036
Ивановская область,Кохма,,Судебный участок № 1 Ивановского судебного района Ивановской области,MS,Мировой суд,"153512, Ивановская обл, г Кохма, ул Машиностроительная, д 12",https://kohma1.iwn.msudrf.ru/,kohma1.iwn.msudrf.ru,нет,37MS0033
Ивановская область,Лежнево,,Судебный участок № 4 Ивановского судебного района Ивановской области,MS,Мировой суд,"155120, Ивановская обл, Лежневский р-н, п Лежнево, ул Ленина, д 18",https://lezhnevo2.iwn.msudrf.ru/,lezhnevo2.iwn.msudrf.ru,нет,37MS0049
Ивановская область,Лух,,Судебный участок № 2 Палехского судебного района Ивановской области,MS,Мировой суд,"155270, Ивановская обл, п Лух, ул Первомайская, д 101",https://luh3.iwn.msudrf.ru/,luh3.iwn.msudrf.ru,нет,37MS0046
Ивановская область,Ново-Талицы,,Судебный участок № 2 Ивановского судебного района Ивановской области,MS,Мировой суд,"153520, Ивановская обл, Ивановский р-н, с Ново-Талицы, ул Новинская, д 2",https://novotal2.iwn.msudrf.ru/,novotal2.iwn.msudrf.ru,нет,37MS0034
Ивановская область,Палех,,Судебный участок № 1 Палехского судебного района Ивановской области,MS,Мировой суд,"155620, Ивановская обл, п Палех, ул Зиновьева, д 3",https://paleh5.iwn.msudrf.ru/,paleh5.iwn.msudrf.ru,нет,37MS0059
Ивановская область,Пестяки,,Судебный участок № 3 Пучежского судебного района Ивановской области,MS,Мировой суд,"155650, Ивановская обл, п Пестяки, ул Ленина, д 18",https://pest2.iwn.msudrf.ru/,pest2.iwn.msudrf.ru,нет,37MS0032
Ивановская область,Приволжск,,Судебный участок № 1 Приволжского судебного района Ивановской области,MS,Мировой суд,"155550, Ивановская обл, г Приволжск, ул Железнодорожная, д 20",https://priv1.iwn.msudrf.ru/,priv1.iwn.msudrf.ru,нет,37MS0025
Ивановская область,Приволжск,,Судебный участок № 2 Приволжского судебного района Ивановской области,MS,Мировой суд,"155550, Ивановская обл, г Приволжск, ул Железнодорожная, д 20",https://priv2.iwn.msudrf.ru/,priv2.iwn.msudrf.ru,нет,37MS0026
Ивановская область,Пучеж,,Судебный участок № 1 Пучежского судебного района Ивановской области,MS,Мировой суд,"155362, Ивановская обл, г Пучеж, ул 2-я Производственная, д 9А",https://puchezh2.iwn.msudrf.ru/,puchezh2.iwn.msudrf.ru,нет,37MS0062
Ивановская область,Родники,,Судебный участок № 1 Родниковского судебного района Ивановской области,MS,Мировой суд,"155251, Ивановская обл, г Родники, ул Техническая, д 2А",https://rodniki1.iwn.msudrf.ru/,rodniki1.iwn.msudrf.ru,нет,37MS0044
Ивановская область,Родники,,Судебный участок № 2 Родниковского судебного района Ивановской области,MS,Мировой суд,"155251, Ивановская обл, г Родники, ул Техническая, д 2А",https://rodniki2.iwn.msudrf.ru/,rodniki2.iwn.msudrf.ru,нет,37MS0045
Ивановская область,Савино,,Судебный участок № 5 Шуйского судебного района Ивановской области,MS,Мировой суд,"155710, Ивановская обл, Савинский р-н, п Савино, г-к Больничный, д 2",https://savino1.iwn.msudrf.ru/,savino1.iwn.msudrf.ru,нет,37MS0048
Ивановская область,Тейково,,Судебный участок № 1 Тейковского судебного района Ивановской области,MS,Мировой суд,"155040, Ивановская обл, г Тейково, ул Сергеевская, д 1",https://teikovo1.iwn.msudrf.ru/,teikovo1.iwn.msudrf.ru,нет,37MS0050
Ивановская область,Тейково,,Судебный участок № 2 Тейковского судебного района Ивановской области,MS,Мировой суд,"155040, Ивановская обл, г Тейково, ул Сергеевская, д 1",https://teikovo2.iwn.msudrf.ru/,teikovo2.iwn.msudrf.ru,нет,37MS0051
Ивановская область,Тейково,,Судебный участок № 3 Тейковского судебного района Ивановской области,MS,Мировой суд,"155040, Ивановская обл, г Тейково, ул Сергеевская, д 1",https://teikovo3.iwn.msudrf.ru/,teikovo3.iwn.msudrf.ru,нет,37MS0052
Ивановская область,Фурманов,,Судебный участок № 1 Фурмановского судебного района Ивановской области,MS,Мировой суд,"155526, Ивановская обл, г Фурманов, ул Пролетарская, д 2",https://furm1.iwn.msudrf.ru/,furm1.iwn.msudrf.ru,нет,37MS0027
Ивановская область,Фурманов,,Судебный участок № 2 Фурмановского судебного района Ивановской области,MS,Мировой суд,"155526, Ивановская обл, г Фурманов, ул Пролетарская, д 2",https://furm2.iwn.msudrf.ru/,furm2.iwn.msudrf.ru,нет,37MS0028
Ивановская область,Фурманов,,Судебный участок № 3 Фурмановского судебного района Ивановской области,MS,Мировой суд,"155526, Ивановская обл, г Фурманов, ул Пролетарская, д 2",https://furm3.iwn.msudrf.ru/,furm3.iwn.msudrf.ru,нет,37MS0030
Ивановская область,Шуя,,Судебный участок № 1 Шуйского судебного района Ивановской области,MS,Мировой суд,"155900, Ивановская обл, г Шуя, ул Генерала Белова, д 31",https://shuya1.iwn.msudrf.ru/,shuya1.iwn.msudrf.ru,нет,37MS0055
Ивановская область,Шуя,,Судебный участок № 2 Шуйского судебного района Ивановской области,MS,Мировой суд,"155900, Ивановская обл, г Шуя, ул Генерала Белова, д 31",https://shuya2.iwn.msudrf.ru/,shuya2.iwn.msudrf.ru,нет,37MS0056
Ивановская область,Шуя,,Судебный участок № 3 Шуйского судебного района Ивановской области,MS,Мировой суд,"155900, Ивановская обл, г Шуя, ул Генерала Белова, д 31",https://shuya3.iwn.msudrf.ru/,shuya3.iwn.msudrf.ru,нет,37MS0057
Ивановская область,Шуя,,Судебный участок № 4 Шуйского судебного района Ивановской области,MS,Мировой суд,"155900, Ивановская обл, г Шуя, ул Генерала Белова, д 31",https://shuya4.iwn.msudrf.ru/,shuya4.iwn.msudrf.ru,нет,37MS0058
Ивановская область,Южа,,Судебный участок № 3 Палехского судебного района Ивановской области,MS,Мировой суд,"155630, Ивановская обл, г Южа, ул Советская, д 25",https://yuzha6.iwn.msudrf.ru/,yuzha6.iwn.msudrf.ru,нет,37MS0060
Ивановская область,Юрьевец,,Судебный участок № 4 Пучежского судебного района Ивановской области,MS,Мировой суд,"155450, Ивановская обл, г Юрьевец, ул Титова, д 16",https://yur1.iwn.msudrf.ru/,yur1.iwn.msudrf.ru,нет,37MS0061
Республика Бурятия,,,Судебный участок № 1 Кабанского района Республики Бурятия,MS,Мировой суд,"671247, Респ Бурятия, Кабанский р-н, мкр Солнечный (пгт Селенгинск), д 47",https://kab1.bur.msudrf.ru/,kab1.bur.msudrf.ru,нет,04MS0057
Республика Бурятия,,,Судебный участок № 2 Кабанского района Республики Бурятия,MS,Мировой суд,,https://kab2.bur.msudrf.ru/,kab2.bur.msudrf.ru,нет,04MS0058
Республика Бурятия,Багдарин,,Судебный участок Баунтовского района Республики Бурятия,MS,Мировой суд,"671510, Респ Бурятия, с Багдарин, ул Строительная, д 5Б",https://baun.bur.msudrf.ru/,baun.bur.msudrf.ru,нет,04MS0003
Республика Бурятия,Баргузин,,Судебный участок № 1 Баргузинского района Республики Бурятия,MS,Мировой суд,"671610, Респ Бурятия, с Баргузин, ул Дзержинского, зд 40",https://bar1.bur.msudrf.ru/,bar1.bur.msudrf.ru,нет,04MS0001
Республика Бурятия,Бичура,,Судебный участок Бичурского района Республики Бурятия,MS,Мировой суд,"671360, Респ Бурятия, с Бичура, ул Коммунистическая, зд 53",https://bich.bur.msudrf.ru/,bich.bur.msudrf.ru,нет,04MS0004
Республика Бурятия,Гусиноозерск,,Судебный участок № 1 Селенгинского района Республики Бурятия,MS,Мировой суд,"671160, Респ Бурятия, г Гусиноозерск, мкр 6-й, д 23, офис 308",https://sel1.bur.msudrf.ru/,sel1.bur.msudrf.ru,нет,04MS0029
Республика Бурятия,Гусиноозерск,,Судебный участок № 2 Селенгинского района Республики Бурятия,MS,Мировой суд,"671160, Респ Бурятия, г Гусиноозерск, мкр 6-й, д 23, офис 312",https://sel2.bur.msudrf.ru/,sel2.bur.msudrf.ru,нет,04MS0030
Республика Бурятия,Гусиноозерск,,Судебный участок № 3 Селенгинского района Республики Бурятия,MS,Мировой суд,"671160, Респ Бурятия, г Гусиноозерск, мкр 6-й, д 23",https://sel3.bur.msudrf.ru/,sel3.bur.msudrf.ru,нет,04MS0061
Республика Бурятия,Заиграево,,Судебный участок № 1 Заиграевского района Республики Бурятия,MS,Мировой суд,"671310, Респ Бурятия, пгт Заиграево, ул Октябрьская, д 2",https://zaig1.bur.msudrf.ru/,zaig1.bur.msudrf.ru,нет,04MS0008
Республика Бурятия,Заиграево,,Судебный участок № 2 Заиграевского района Республики Бурятия,MS,Мировой суд,"671310, Респ Бурятия, пгт Заиграево, ул Серова, д 18, кв 13",https://zaig2.bur.msudrf.ru/,zaig2.bur.msudrf.ru,нет,04MS0009
Республика Бурятия,Закаменск,,Судебный участок Закаменского района Республики Бурятия,MS,Мировой суд,"671950, Респ Бурятия, г Закаменск, ул Баирова, д 2, кв 46",https://zak.bur.msudrf.ru/,zak.bur.msudrf.ru,нет,04MS0010
Республика Бурятия,Иволгинск,,Судебный участок № 1 Иволгинского района Республики Бурятия,MS,Мировой суд,"671050, Респ Бурятия, с Иволгинск, ул Ленина, зд 17",https://ivolg.bur.msudrf.ru/,ivolg.bur.msudrf.ru,нет,04MS0011
Республика Бурятия,Иволгинск,,Судебный участок № 2 Иволгинского района Республики Бурятия,MS,Мировой суд,"671050, Респ Бурятия, с Иволгинск, ул Ленина, зд 17",https://ivolg2.bur.msudrf.ru/,ivolg2.bur.msudrf.ru,нет,04MS0055
Республика Бурятия,Ильинка,,Судебный участок № 2 Прибайкальского района Республики Бурятия,MS,Мировой суд,"671280, Респ Бурятия, Прибайкальский р-н, с Ильинка, ул Октябрьская, д 198, кв 16",https://prib2.bur.msudrf.ru/,prib2.bur.msudrf.ru,нет,04MS0025
Республика Бурятия,Каменск,,Судебный участок № 3 Кабанского района Республики Бурятия,MS,Мировой суд,"671205, Респ Бурятия, Кабанский р-н, пгт Каменск, ул Прибайкальская, д 22",https://kab3.bur.msudrf.ru/,kab3.bur.msudrf.ru,нет,04MS0014
Республика Бурятия,Кижинга,,Судебный участок Кижингинского района Республики Бурятия,MS,Мировой суд,"671450, Респ Бурятия, с Кижинга, ул Ленина, д 11",https://kizh.bur.msudrf.ru/,kizh.bur.msudrf.ru,нет,04MS0016
Республика Бурятия,Курумкан,,Судебный участок Курумканского района Республики Бурятия,MS,Мировой суд,"671640, Респ Бурятия, с Курумкан, ул Балдакова, д 17",https://kurum.bur.msudrf.ru/,kurum.bur.msudrf.ru,нет,04MS0017
Республика Бурятия,Кырен,,Судебный участок Тункинского района Республики Бурятия,MS,Мировой суд,"671010, Респ Бурятия, с Кырен, ул Ленина, д 109",https://tun.bur.msudrf.ru/,tun.bur.msudrf.ru,нет,04MS0033
Республика Бурятия,Кяхта,,Судебный участок № 1 Кяхтинского района Республики Бурятия,MS,Мировой суд,"671840, Респ Бурятия, г Кяхта, ул Разинцева, д 5",https://kyaht1.bur.msudrf.ru/,kyaht1.bur.msudrf.ru,нет,04MS0018
Республика Бурятия,Кяхта,,Судебный участок № 2 Кяхтинского района Республики Бурятия,MS,Мировой суд,"671840, Респ Бурятия, г Кяхта, ул Разинцева, д 5",https://kyaht2.bur.msudrf.ru/,kyaht2.bur.msudrf.ru,нет,04MS0019
Республика Бурятия,Мухоршибирь,,Судебный участок № 1 Мухоршибирского района Республики Бурятия,MS,Мировой суд,"671340, Респ Бурятия, с Мухоршибирь, ул 30 лет Победы, зд 18",https://muh1.bur.msudrf.ru/,muh1.bur.msudrf.ru,нет,04MS0021
Республика Бурятия,Нижнеангарск,,Судебный участок Северо-Байкальского района Республики Бурятия,MS,Мировой суд,"671710, Респ Бурятия, пгт Нижнеангарск, ул Победы, зд 55",https://sev.bur.msudrf.ru/,sev.bur.msudrf.ru,нет,04MS0059
Республика Бурятия,Орлик,,Судебный участок Окинского района Республики Бурятия,MS,Мировой суд,"671030, Респ Бурятия, с Орлик, ул Советская, д 48",https://okin.bur.msudrf.ru/,okin.bur.msudrf.ru,нет,04MS0023
Республика Бурятия,Петропавловка,,Судебный участок Джидинского района Республики Бурятия,MS,Мировой суд,"671920, Респ Бурятия, с Петропавловка, ул Ленина, д 43",https://dzhid.bur.msudrf.ru/,dzhid.bur.msudrf.ru,нет,04MS0056
Республика Бурятия,Саган-Нур,,Судебный участок № 2 Мухоршибирского района Республики Бурятия,MS,Мировой суд,"671353, Респ Бурятия, Мухоршибирский р-н, п Саган-Нур, ул Лесная, д 2А",https://muh2.bur.msudrf.ru/,muh2.bur.msudrf.ru,нет,04MS0022
Республика Бурятия,Северобайкальск,,Судебный участок № 1 города Северобайкальск Республики Бурятия,MS,Мировой суд,"671700, Респ Бурятия, г Северобайкальск, ул Морских пехотинцев, стр 7",https://sev1.bur.msudrf.ru/,sev1.bur.msudrf.ru,нет,04MS0026
Республика Бурятия,Северобайкальск,,Судебный участок № 2 города Северобайкальск Республики Бурятия,MS,Мировой суд,"671700, Респ Бурятия, г Северобайкальск, ул Морских пехотинцев, стр 7",https://sev2.bur.msudrf.ru/,sev2.bur.msudrf.ru,нет,04MS0060
Республика Бурятия,Сосновоозерск,,Судебный участок Еравнинского района Республики Бурятия,MS,Мировой суд,"671430, Республика Бурятия, с. Сосновоозерск, пер. Цыдыпова, д. 1 А",https://erav.bur.msudrf.ru/,erav.bur.msudrf.ru,нет,04MS0007
Республика Бурятия,Таксимо,,Судебный участок Муйского района Республики Бурятия,MS,Мировой суд,"671560, Респ Бурятия, п Таксимо, ул 70 лет Октября, зд 45",https://mu.bur.msudrf.ru/,mu.bur.msudrf.ru,нет,04MS0020
Республика Бурятия,Тарбагатай,,Судебный участок Тарбагатайского района Республики Бурятия,MS,Мировой суд,"671110, Респ Бурятия, с Тарбагатай, ул Некрасова, зд 2Г",https://tar.bur.msudrf.ru/,tar.bur.msudrf.ru,нет,04MS0032
Республика Бурятия,Турунтаево,,Судебный участок № 1 Прибайкальского района Республики Бурятия,MS,Мировой суд,"671260, Респ Бурятия, Прибайкальский р-н, с Турунтаево, кв-л 1-й, д 15, кв 12",https://prib1.bur.msudrf.ru/,prib1.bur.msudrf.ru,нет,04MS0024
Республика Бурятия,Улан-Удэ,,Судебный участок № 1 Железнодорожного района города Улан-Удэ Республики Бурятия,MS,Мировой суд,"670045, г Улан-Удэ, ул Буйко, д 28А",https://zhel1.bur.msudrf.ru/,zhel1.bur.msudrf.ru,нет,04MS0038
Республика Бурятия,Улан-Удэ,,Судебный участок № 1 Октябрьского района города Улан-Удэ Республики Бурятия,MS,Мировой суд,"670031, г Улан-Удэ, ул Трубачеева, д 67А",https://okt1.bur.msudrf.ru/,okt1.bur.msudrf.ru,нет,04MS0042
Республика Бурятия,Улан-Удэ,,Судебный участок № 1 Советского района города Улан-Удэ Республики Бурятия,MS,Мировой суд,"670000, г Улан-Удэ, ул Смолина, д 54Б",https://sov1.bur.msudrf.ru/,sov1.bur.msudrf.ru,нет,04MS0051
Республика Бурятия,Улан-Удэ,,Судебный участок № 2 Железнодорожного района города Улан-Удэ Республики Бурятия,MS,Мировой суд,"670002, г Улан-Удэ, ул Комсомольская, д 1А",https://zhel2.bur.msudrf.ru/,zhel2.bur.msudrf.ru,нет,04MS0036
Республика Бурятия,Улан-Удэ,,Судебный участок № 2 Октябрьского района города Улан-Удэ Республики Бурятия,MS,Мировой суд,"670031, г Улан-Удэ, ул Трубачеева, д 67А",https://okt2.bur.msudrf.ru/,okt2.bur.msudrf.ru,нет,04MS0043
Республика Бурятия,Улан-Удэ,,Судебный участок № 2 Советского района города Улан-Удэ Республики Бурятия,MS,Мировой суд,"670000, г Улан-Удэ, ул Смолина, д 54Б",https://sov2.bur.msudrf.ru/,sov2.bur.msudrf.ru,нет,04MS0052
Республика Бурятия,Улан-Удэ,,Судебный участок № 3 Железнодорожного района города Улан-Удэ Республики Бурятия,MS,Мировой суд,"670045, г Улан-Удэ, ул Буйко, д 28А",https://zhel3.bur.msudrf.ru/,zhel3.bur.msudrf.ru,нет,04MS0037
Республика Бурятия,Улан-Удэ,,Судебный участок № 3 Октябрьского района города Улан-Удэ Республики Бурятия,MS,Мировой суд,"670031, г Улан-Удэ, ул Трубачеева, д 67А",https://okt3.bur.msudrf.ru/,okt3.bur.msudrf.ru,нет,04MS0044
Республика Бурятия,Улан-Удэ,,Судебный участок № 3 Советского района города Улан-Удэ Республики Бурятия,MS,Мировой суд,"670000, г Улан-Удэ, ул Смолина, д 54Б",https://sov3.bur.msudrf.ru/,sov3.bur.msudrf.ru,нет,04MS0053
Республика Бурятия,Улан-Удэ,,Судебный участок № 4 Железнодорожного района города Улан-Удэ Республики Бурятия,MS,Мировой суд,"670009, г Улан-Удэ, ул Столичная, д 5, офис 18",https://zhel4.bur.msudrf.ru/,zhel4.bur.msudrf.ru,нет,04MS0035
Республика Бурятия,Улан-Удэ,,Судебный участок № 4 Октябрьского района города Улан-Удэ Республики Бурятия,MS,Мировой суд,"670031, г Улан-Удэ, ул Геологическая, д 23",https://okt4.bur.msudrf.ru/,okt4.bur.msudrf.ru,нет,04MS0045
Республика Бурятия,Улан-Удэ,,Судебный участок № 4 Советского района города Улан-Удэ Республики Бурятия,MS,Мировой суд,"670000, г Улан-Удэ, ул Смолина, д 54Б",https://sov4.bur.msudrf.ru/,sov4.bur.msudrf.ru,нет,04MS0054
Республика Бурятия,Улан-Удэ,,Судебный участок № 5 Железнодорожного района города Улан-Удэ Республики Бурятия,MS,Мировой суд,"670009, г Улан-Удэ, ул Столичная, д 5",https://zhel5.bur.msudrf.ru/,zhel5.bur.msudrf.ru,нет,04MS0039
Республика Бурятия,Улан-Удэ,,Судебный участок № 5 Октябрьского района города Улан-Удэ Республики Бурятия,MS,Мировой суд,"670031, г Улан-Удэ, ул Геологическая, д 23",https://okt5.bur.msudrf.ru/,okt5.bur.msudrf.ru,нет,04MS0046
Республика Бурятия,Улан-Удэ,,Судебный участок № 5 Советского района Республики Бурятия,MS,Мировой суд,"670000, г Улан-Удэ, ул Смолина, д 54Б",https://sov5.bur.msudrf.ru/,sov5.bur.msudrf.ru,нет,04MS0062
Республика Бурятия,Улан-Удэ,,Судебный участок № 6 Железнодорожного района города Улан-Удэ Республики Бурятия,MS,Мировой суд,"670009, г Улан-Удэ, ул Столичная, д 5",https://zhel6.bur.msudrf.ru/,zhel6.bur.msudrf.ru,нет,04MS0040
Республика Бурятия,Улан-Удэ,,Судебный участок № 6 Октябрьского района города Улан-Удэ Республики Бурятия,MS,Мировой суд,"670031, г Улан-Удэ, ул Трубачеева, д 67А",https://okt6.bur.msudrf.ru/,okt6.bur.msudrf.ru,нет,04MS0047
Республика Бурятия,Улан-Удэ,,Судебный участок № 7 Железнодорожного района города Улан-Удэ Республики Бурятия,MS,Мировой суд,"670034, г Улан-Удэ, ул Красноармейская, д 20, офис 404",https://zhel7.bur.msudrf.ru/,zhel7.bur.msudrf.ru,нет,04MS0041
Республика Бурятия,Улан-Удэ,,Судебный участок № 7 Октябрьского района города Улан-Удэ Республики Бурятия,MS,Мировой суд,"670031, г Улан-Удэ, ул Геологическая, д 23",https://okt7.bur.msudrf.ru/,okt7.bur.msudrf.ru,нет,04MS0048
Республика Бурятия,Улан-Удэ,,Судебный участок № 8 Октябрьского района города Улан-Удэ Республики Бурятия,MS,Мировой суд,"670031, г Улан-Удэ, ул Геологическая, д 23",https://okt8.bur.msudrf.ru/,okt8.bur.msudrf.ru,нет,04MS0049
Республика Бурятия,Улан-Удэ,,Судебный участок № 9 Октябрьского района города Улан-Удэ Республики Бурятия,MS,Мировой суд,"670031, г Улан-Удэ, ул Трубачеева, д 67А",https://okt9.bur.msudrf.ru/,okt9.bur.msudrf.ru,нет,04MS0050
Республика Бурятия,Усть-Баргузин,,Судебный участок № 2 Баргузинского района Республики Бурятия,MS,Мировой суд,"671623, Респ Бурятия, Баргузинский р-н, пгт Усть-Баргузин, ул Пионерская, д 19, кв 2",https://bar2.bur.msudrf.ru/,bar2.bur.msudrf.ru,нет,04MS0002
Республика Бурятия,Хоринск,,Судебный участок Хоринского района Республики Бурятия,MS,Мировой суд,"671410, Респ Бурятия, с Хоринск, ул Первомайская, зд 43",https://hor.bur.msudrf.ru/,hor.bur.msudrf.ru,нет,04MS0034
Мурманская область,,,Судебный участок ЗАТО п. Видяево Кольского судебного района,MS,Мировой суд,"184372, Мурманская область, ЗАТО п. Видяево, ул. Центральная, д. 12",https://vid.mrm.msudrf.ru/,vid.mrm.msudrf.ru,нет,51MS0043
Мурманская область,Апатиты,,Судебный участок № 1 Апатитского судебного района,MS,Мировой суд,"184209, Мурманская обл, г Апатиты, ул Козлова, влд 6",https://1ap.mrm.msudrf.ru/,1ap.mrm.msudrf.ru,нет,51MS0026
Мурманская область,Апатиты,,Судебный участок № 2 Апатитского судебного района,MS,Мировой суд,"184209, Мурманская обл, г Апатиты, ул Козлова, влд 6",https://2ap.mrm.msudrf.ru/,2ap.mrm.msudrf.ru,нет,51MS0027
Мурманская область,Апатиты,,Судебный участок № 3 Апатитского судебного района,MS,Мировой суд,"184209, Мурманская обл, г Апатиты, ул Козлова, влд 6",https://3ap.mrm.msudrf.ru/,3ap.mrm.msudrf.ru,нет,51MS0028
Мурманская область,Гаджиево,,Судебный участок № 2 Александровского судебного района,MS,Мировой суд,"184670, Мурманская обл, г Гаджиево, наб Сергея Преминина, д 106",https://2alsk.mrm.msudrf.ru/,2alsk.mrm.msudrf.ru,нет,51MS0040
Мурманская область,Заозерск,,Судебный участок ЗАТО г. Заозерск Кольского судебного района,MS,Мировой суд,"184310, Мурманская обл, г Заозерск, ул Ленинского Комсомола, д 14",https://zzk.mrm.msudrf.ru/,zzk.mrm.msudrf.ru,нет,51MS0042
Мурманская область,Заполярный,,Судебный участок № 1 Печенгского судебного района,MS,Мировой суд,"184433, Мурманская обл, Печенгский р-н, г Заполярный, ул Ленинградская, д 4",https://1pch.mrm.msudrf.ru/,1pch.mrm.msudrf.ru,нет,51MS0037
Мурманская область,Кандалакша,,Судебный участок № 1 Кандалакшского судебного района,MS,Мировой суд,"184042, Мурманская обл, г Кандалакша, ул Первомайская, д 81А",https://1knd.mrm.msudrf.ru/,1knd.mrm.msudrf.ru,нет,51MS0033
Мурманская область,Кандалакша,,Судебный участок № 2 Кандалакшского судебного района,MS,Мировой суд,"184042, Мурманская обл, г Кандалакша, ул Первомайская, д 81А",https://2knd.mrm.msudrf.ru/,2knd.mrm.msudrf.ru,нет,51MS0034
Мурманская область,Кандалакша,,Судебный участок № 3 Кандалакшского судебного района,MS,Мировой суд,"184042, Мурманская обл, г Кандалакша, ул Первомайская, д 81А",https://3knd.mrm.msudrf.ru/,3knd.mrm.msudrf.ru,нет,51MS0035
Мурманская область,Кировск,,Судебный участок № 1 Кировского судебного района,MS,Мировой суд,"184250, Мурманская обл, г Кировск, ул Мира, д 8",https://1krv.mrm.msudrf.ru/,1krv.mrm.msudrf.ru,нет,51MS0029
Мурманская область,Кировск,,Судебный участок № 2 Кировского судебного района,MS,Мировой суд,"184250, Мурманская обл, г Кировск, ул Мира, д 8",https://2krv.mrm.msudrf.ru/,2krv.mrm.msudrf.ru,нет,51MS0030
Мурманская область,Ковдор,,Судебный участок Ковдорского судебного района,MS,Мировой суд,"184143, Мурманская обл, г Ковдор, ул Баштыркова, д 5 к 2",https://kov.mrm.msudrf.ru/,kov.mrm.msudrf.ru,нет,51MS0031
Мурманская область,Кола,,Судебный участок № 1 Кольского судебного района,MS,Мировой суд,"184381, Мурманская обл, г Кола, ул Андрусенко, д 10/2",https://1kol.mrm.msudrf.ru/,1kol.mrm.msudrf.ru,нет,51MS0017
Мурманская область,Кола,,Судебный участок № 2 Кольского судебного района,MS,Мировой суд,"184381, Мурманская обл, г Кола, ул Андрусенко, д 10/2",https://2kol.mrm.msudrf.ru/,2kol.mrm.msudrf.ru,нет,51MS0018
Мурманская область,Кола,,Судебный участок № 3 Кольского судебного района,MS,Мировой суд,"184381, Мурманская обл, г Кола, ул Андрусенко, д 10/2",https://3kol.mrm.msudrf.ru/,3kol.mrm.msudrf.ru,нет,51MS0019
Мурманская область,Мончегорск,,Судебный участок № 1 Мончегорского судебного района,MS,Мировой суд,"184511, Мурманская обл, г Мончегорск, ул Комсомольская, д 9",https://1mcg.mrm.msudrf.ru/,1mcg.mrm.msudrf.ru,нет,51MS0023
Мурманская область,Мончегорск,,Судебный участок № 2 Мончегорского судебного района,MS,Мировой суд,"184511, Мурманская обл, г Мончегорск, ул Комсомольская, д 9",https://2mcg.mrm.msudrf.ru/,2mcg.mrm.msudrf.ru,нет,51MS0024
Мурманская область,Мончегорск,,Судебный участок № 3 Мончегорского судебного района,MS,Мировой суд,"184511, Мурманская обл, г Мончегорск, ул Комсомольская, д 9",https://3mcg.mrm.msudrf.ru/,3mcg.mrm.msudrf.ru,нет,51MS0025
Мурманская область,Мурманск,,Судебный участок № 1 Ленинского судебного района г. Мурманска,MS,Мировой суд,"183038, г Мурманск, проезд Ивана Халатина, д 3",https://1len.mrm.msudrf.ru/,1len.mrm.msudrf.ru,нет,51MS0001
Мурманская область,Мурманск,,Судебный участок № 1 Октябрьского судебного района г. Мурманска,MS,Мировой суд,"183038, г Мурманск, ул Софьи Перовской, д 25/26",https://1oct.mrm.msudrf.ru/,1oct.mrm.msudrf.ru,нет,51MS0006
Мурманская область,Мурманск,,Судебный участок № 1 Первомайского судебного района г. Мурманска,MS,Мировой суд,"183038, г Мурманск, ул Куйбышева, д 2А",https://1pvm.mrm.msudrf.ru/,1pvm.mrm.msudrf.ru,нет,51MS0011
Мурманская область,Мурманск,,Судебный участок № 2 Ленинского судебного района г. Мурманска,MS,Мировой суд,"183038, г Мурманск, проезд Ивана Халатина, д 3",https://2len.mrm.msudrf.ru/,2len.mrm.msudrf.ru,нет,51MS0002
Мурманская область,Мурманск,,Судебный участок № 2 Октябрьского судебного района г. Мурманска,MS,Мировой суд,"183038, г Мурманск, ул Софьи Перовской, д 25/26",https://2oct.mrm.msudrf.ru/,2oct.mrm.msudrf.ru,нет,51MS0007
Мурманская область,Мурманск,,Судебный участок № 2 Первомайского судебного района г. Мурманска,MS,Мировой суд,"183038, г Мурманск, ул Куйбышева, д 2А",https://2pvm.mrm.msudrf.ru/,2pvm.mrm.msudrf.ru,нет,51MS0012
Мурманская область,Мурманск,,Судебный участок № 3 Ленинского судебного района г. Мурманска,MS,Мировой суд,"183038, г Мурманск, проезд Ивана Халатина, д 3",https://3len.mrm.msudrf.ru/,3len.mrm.msudrf.ru,нет,51MS0003
Мурманская область,Мурманск,,Судебный участок № 3 Октябрьского судебного района г. Мурманска,MS,Мировой суд,"183038, г Мурманск, ул Софьи Перовской, д 25/26",https://3oct.mrm.msudrf.ru/,3oct.mrm.msudrf.ru,нет,51MS0008
Мурманская область,Мурманск,,Судебный участок № 3 Первомайского судебного района г. Мурманска,MS,Мировой суд,"183038, г Мурманск, ул Куйбышева, д 2А",https://3pvm.mrm.msudrf.ru/,3pvm.mrm.msudrf.ru,нет,51MS0013
Мурманская область,Мурманск,,Судебный участок № 4 Ленинского судебного района г. Мурманска,MS,Мировой суд,"183038, г Мурманск, проезд Ивана Халатина, д 3",https://4len.mrm.msudrf.ru/,4len.mrm.msudrf.ru,нет,51MS0004
Мурманская область,Мурманск,,Судебный участок № 4 Октябрьского судебного района г. Мурманска,MS,Мировой суд,"183038, г Мурманск, ул Софьи Перовской, д 25/26",https://4oct.mrm.msudrf.ru/,4oct.mrm.msudrf.ru,нет,51MS0009
Мурманская область,Мурманск,,Судебный участок № 4 Первомайского судебного района г. Мурманска,MS,Мировой суд,"183038, г Мурманск, ул Куйбышева, д 2А",https://4pvm.mrm.msudrf.ru/,4pvm.mrm.msudrf.ru,нет,51MS0014
Мурманская область,Мурманск,,Судебный участок № 5 Ленинского судебного района г. Мурманска,MS,Мировой суд,"183038, г Мурманск, проезд Ивана Халатина, д 3",https://5len.mrm.msudrf.ru/,5len.mrm.msudrf.ru,нет,51MS0005
Мурманская область,Мурманск,,Судебный участок № 5 Октябрьского судебного района г. Мурманска,MS,Мировой суд,"183038, г Мурманск, ул Софьи Перовской, д 25/26",https://5oct.mrm.msudrf.ru/,5oct.mrm.msudrf.ru,нет,51MS0010
Мурманская область,Мурманск,,Судебный участок № 5 Первомайского судебного района г. Мурманска,MS,Мировой суд,"183038, г Мурманск, ул Куйбышева, д 2А",https://5pvm.mrm.msudrf.ru/,5pvm.mrm.msudrf.ru,нет,51MS0015
Мурманская область,Мурманск,,Судебный участок № 6 Ленинского судебного района г. Мурманска,MS,Мировой суд,"183038, г Мурманск, проезд Ивана Халатина, д 3",https://6len.mrm.msudrf.ru/,6len.mrm.msudrf.ru,нет,51MS0049
Мурманская область,Мурманск,,Судебный участок № 6 Первомайского судебного района г. Мурманска,MS,Мировой суд,"183038, г Мурманск, ул Куйбышева, д 2А",https://6pvm.mrm.msudrf.ru/,6pvm.mrm.msudrf.ru,нет,51MS0016
Мурманская область,Никель,,Судебный участок № 2 Печенгского судебного района,MS,Мировой суд,"184421, Мурманская обл, пгт Никель, ул Сидоровича, д 14",https://2pch.mrm.msudrf.ru/,2pch.mrm.msudrf.ru,нет,51MS0038
Мурманская область,Оленегорск,,Судебный участок № 1 Оленегорского судебного района,MS,Мировой суд,"184536, Мурманская обл, г Оленегорск, ул Мира, д 23",https://1oln.mrm.msudrf.ru/,1oln.mrm.msudrf.ru,нет,51MS0021
Мурманская область,Оленегорск,,Судебный участок № 2 Оленегорского судебного района,MS,Мировой суд,"184536, Мурманская обл, г Оленегорск, ул Мира, д 23",https://2oln.mrm.msudrf.ru/,2oln.mrm.msudrf.ru,нет,51MS0022
Мурманская область,Островной,,Судебный участок мирового судьи ЗАТО г. Островной Североморского судебного района,MS,Мировой суд,"184640, Мурманская обл, г Островной, ул Соловья, д 3",https://ostr.mrm.msudrf.ru/,ostr.mrm.msudrf.ru,нет,51MS0048
Мурманская область,Полярные Зори,,Судебный участок Полярнозоринского судебного района,MS,Мировой суд,"184230, Мурманская обл, г Полярные Зори, пр-кт Нивский, д 11",https://pzr.mrm.msudrf.ru/,pzr.mrm.msudrf.ru,нет,51MS0032
Мурманская область,Полярный,,Судебный участок № 1 Александровского судебного района,MS,Мировой суд,"184653, Мурманская обл, г Полярный, ул Душенова, д 7",https://1alsk.mrm.msudrf.ru/,1alsk.mrm.msudrf.ru,нет,51MS0039
Мурманская область,Ревда,,Судебный участок Ловозерского судебного района,MS,Мировой суд,"184580, Мурманская обл, Ловозерский р-н, пгт Ревда, ул Умбозерская, д 1",https://lvz.mrm.msudrf.ru/,lvz.mrm.msudrf.ru,нет,51MS0020
Мурманская область,Североморск,,Судебный участок № 1 Североморского судебного района,MS,Мировой суд,"184606, Мурманская обл, г Североморск, ул Пионерская, д 26",https://1svm.mrm.msudrf.ru/,1svm.mrm.msudrf.ru,нет,51MS0047
Мурманская область,Североморск,,Судебный участок № 2 Североморского судебного района,MS,Мировой суд,"184606, Мурманская обл, г Североморск, ул Пионерская, д 26",https://2svm.mrm.msudrf.ru/,2svm.mrm.msudrf.ru,нет,51MS0045
Мурманская область,Североморск,,Судебный участок № 3 Североморского судебного района,MS,Мировой суд,"184606, Мурманская обл, г Североморск, ул Пионерская, д 26",https://3svm.mrm.msudrf.ru/,3svm.mrm.msudrf.ru,нет,51MS0046
Мурманская область,Снежногорск,,Судебный участок № 3 Александровского судебного района,MS,Мировой суд,"184682, Мурманская обл, г Снежногорск, ул Победы, д 1/1",https://3alsk.mrm.msudrf.ru/,3alsk.mrm.msudrf.ru,нет,51MS0041
Мурманская область,Умба,,Судебный участок Терского района Кандалакшского судебного района,MS,Мировой суд,"184703, Мурманская обл, пгт Умба, ул Беломорская, д 1Е",https://ter.mrm.msudrf.ru/,ter.mrm.msudrf.ru,нет,51MS0036
Республика Хакасия,Абаза,,Судебный участок в границах г. Абазы Республики Хакасия,MS,Мировой суд,"655750, Респ Хакасия, г Абаза, ул Ленина, д 2",https://abaza.hak.msudrf.ru/,abaza.hak.msudrf.ru,нет,19MS0022
Республика Хакасия,Абакан,,Судебный участок № 1 г. Абакана Республики Хакасия,MS,Мировой суд,"655017, г Абакан, ул Ленинского Комсомола, д 3",https://abakan1.hak.msudrf.ru/,abakan1.hak.msudrf.ru,нет,19MS0001
Республика Хакасия,Абакан,,Судебный участок № 10 г. Абакана Республики Хакасия,MS,Мировой суд,"655017, г Абакан, ул Ленинского Комсомола, д 3",https://abakan10.hak.msudrf.ru/,abakan10.hak.msudrf.ru,нет,19MS0010
Республика Хакасия,Абакан,,Судебный участок № 11 г. Абакана Республики Хакасия,MS,Мировой суд,"655017, г Абакан, ул Ленинского Комсомола, д 3",https://abakan11.hak.msudrf.ru/,abakan11.hak.msudrf.ru,нет,19MS0011
Республика Хакасия,Абакан,,Судебный участок № 12 г. Абакана Республики Хакасия,MS,Мировой суд,"655017, г Абакан, ул Ленинского Комсомола, д 3",https://abakan12.hak.msudrf.ru/,abakan12.hak.msudrf.ru,нет,19MS0012
Республика Хакасия,Абакан,,Судебный участок № 2 г. Абакана Республики Хакасия,MS,Мировой суд,"655017, г Абакан, ул Ленинского Комсомола, д 3",https://abakan2.hak.msudrf.ru/,abakan2.hak.msudrf.ru,нет,19MS0002
Республика Хакасия,Абакан,,Судебный участок № 3 г. Абакана Республики Хакасия,MS,Мировой суд,"655017, г Абакан, ул Ленинского Комсомола, д 3",https://abakan3.hak.msudrf.ru/,abakan3.hak.msudrf.ru,нет,19MS0003
Республика Хакасия,Абакан,,Судебный участок № 4 г. Абакана Республики Хакасия,MS,Мировой суд,"655017, г Абакан, ул Ленинского Комсомола, д 3",https://abakan4.hak.msudrf.ru/,abakan4.hak.msudrf.ru,нет,19MS0004
Республика Хакасия,Абакан,,Судебный участок № 5 г. Абакана Республики Хакасия,MS,Мировой суд,"655017, г Абакан, ул Ленинского Комсомола, д 3",https://abakan5.hak.msudrf.ru/,abakan5.hak.msudrf.ru,нет,19MS0005
Республика Хакасия,Абакан,,Судебный участок № 6 г. Абакана Республики Хакасия,MS,Мировой суд,"655017, г Абакан, ул Ленинского Комсомола, д 3",https://abakan6.hak.msudrf.ru/,abakan6.hak.msudrf.ru,нет,19MS0006
Республика Хакасия,Абакан,,Судебный участок № 7 г. Абакана Республики Хакасия,MS,Мировой суд,"655017, г Абакан, ул Ленинского Комсомола, д 3",https://abakan7.hak.msudrf.ru/,abakan7.hak.msudrf.ru,нет,19MS0007
Республика Хакасия,Абакан,,Судебный участок № 8 г. Абакана Республики Хакасия,MS,Мировой суд,"655017, г Абакан, ул Ленинского Комсомола, д 3",https://abakan8.hak.msudrf.ru/,abakan8.hak.msudrf.ru,нет,19MS0008
Республика Хакасия,Абакан,,Судебный участок № 9 г. Абакана Республики Хакасия,MS,Мировой суд,"655017, г Абакан, ул Ленинского Комсомола, д 3",https://abakan9.hak.msudrf.ru/,abakan9.hak.msudrf.ru,нет,19MS0009
Республика Хакасия,Аскиз,,Судебный участок № 1 Аскизского района Республики Хакасия,MS,Мировой суд,"655700, Респ Хакасия, с Аскиз, ул Красноармейская, зд 2",https://askiz1.hak.msudrf.ru/,askiz1.hak.msudrf.ru,нет,19MS0025
Республика Хакасия,Аскиз,,Судебный участок № 2 Аскизского района Республики Хакасия,MS,Мировой суд,"655700, Респ Хакасия, с Аскиз, ул Красноармейская, зд 2",https://askiz2.hak.msudrf.ru/,askiz2.hak.msudrf.ru,нет,19MS0026
Республика Хакасия,Белый Яр,,Судебный участок в границах Алтайского района Республики Хакасия,MS,Мировой суд,"655650, Респ Хакасия, с Белый Яр, пер Первомайский, зд 4",https://altai.hak.msudrf.ru/,altai.hak.msudrf.ru,нет,19MS0024
Республика Хакасия,Бея,,Судебный участок в границах Бейского района Республики Хакасия,MS,Мировой суд,"655770, Респ Хакасия, с Бея, ул Октябрьская, д 106",https://bea.hak.msudrf.ru/,bea.hak.msudrf.ru,нет,19MS0028
Республика Хакасия,Боград,,Судебный участок в границах Боградского района Республики Хакасия,MS,Мировой суд,"655340, Респ Хакасия, с Боград, ул Горная, д 2",https://bograd.hak.msudrf.ru/,bograd.hak.msudrf.ru,нет,19MS0029
Республика Хакасия,Вершина Тёи,,Судебный участок № 3 Аскизского района Республики Хакасия,MS,Мировой суд,"655731, Респ Хакасия, Аскизский р-н, рп Вершина Тёи, ул Набережная, д 9",https://tea.hak.msudrf.ru/,tea.hak.msudrf.ru,нет,19MS0027
Республика Хакасия,Копьево,,Судебный участок в границах Орджоникидзевского района Республики Хакасия,MS,Мировой суд,"655251, Респ Хакасия, п Копьево, ул Новобольничная, зд 3",https://kop.hak.msudrf.ru/,kop.hak.msudrf.ru,нет,19MS0035
Республика Хакасия,Саяногорск,,Судебный участок № 1 г. Саяногорска Республики Хакасия,MS,Мировой суд,"655603, Респ Хакасия, г Саяногорск, мкр Енисейский, зд 32",https://sayanogorsk1.hak.msudrf.ru/,sayanogorsk1.hak.msudrf.ru,нет,19MS0018
Республика Хакасия,Саяногорск,,Судебный участок № 2 г. Саяногорска Республики Хакасия,MS,Мировой суд,"655603, Респ Хакасия, г Саяногорск, мкр Енисейский, зд 32",https://sayanogorsk2.hak.msudrf.ru/,sayanogorsk2.hak.msudrf.ru,нет,19MS0019
Республика Хакасия,Саяногорск,,Судебный участок № 3 г. Саяногорска Республики Хакасия,MS,Мировой суд,"655603, Респ Хакасия, г Саяногорск, мкр Енисейский, зд 32",https://sayanogorsk3.hak.msudrf.ru/,sayanogorsk3.hak.msudrf.ru,нет,19MS0020
Республика Хакасия,Саяногорск,,Судебный участок № 4 г. Саяногорска Республики Хакасия,MS,Мировой суд,"655603, Респ Хакасия, г Саяногорск, мкр Енисейский, зд 32",https://sayanogorsk4.hak.msudrf.ru/,sayanogorsk4.hak.msudrf.ru,нет,19MS0021
Республика Хакасия,Сорск,,Судебный участок в границах г. Сорска Республики Хакасия,MS,Мировой суд,"655111, Респ Хакасия, г Сорск, ул Кирова, д 22",https://sorsk.hak.msudrf.ru/,sorsk.hak.msudrf.ru,нет,19MS0023
Республика Хакасия,Таштып,,Судебный участок в границах Таштыпского района Республики Хакасия,MS,Мировой суд,"655740, Респ Хакасия, с Таштып, ул Советская, д 167",https://tashtyp.hak.msudrf.ru/,tashtyp.hak.msudrf.ru,нет,19MS0030
Республика Хакасия,Усть-Абакан,,Судебный участок № 1 Усть-Абаканского района Республики Хакасия,MS,Мировой суд,"655100, Респ Хакасия, рп Усть-Абакан, ул Кирова, д 20Б",https://ua1.hak.msudrf.ru/,ua1.hak.msudrf.ru,нет,19MS0031
Республика Хакасия,Усть-Абакан,,Судебный участок № 2 Усть-Абаканского района Республики Хакасия,MS,Мировой суд,"655100, Респ Хакасия, рп Усть-Абакан, ул Кирова, д 20Б",https://ua2.hak.msudrf.ru/,ua2.hak.msudrf.ru,нет,19MS0032
Республика Хакасия,Черногорск,,Судебный участок № 1 г. Черногорска Республики Хакасия,MS,Мировой суд,"655154, Респ Хакасия, г Черногорск, пр-кт Космонавтов, д 37",https://chernogorsk1.hak.msudrf.ru/,chernogorsk1.hak.msudrf.ru,нет,19MS0013
Республика Хакасия,Черногорск,,Судебный участок № 2 г. Черногорска Республики Хакасия,MS,Мировой суд,"655154, Респ Хакасия, г Черногорск, пр-кт Космонавтов, д 37",https://chernogorsk2.hak.msudrf.ru/,chernogorsk2.hak.msudrf.ru,нет,19MS0014
Республика Хакасия,Черногорск,,Судебный участок № 3 г. Черногорска Республики Хакасия,MS,Мировой суд,"655154, Респ Хакасия, г Черногорск, пр-кт Космонавтов, д 37",https://chernogorsk3.hak.msudrf.ru/,chernogorsk3.hak.msudrf.ru,нет,19MS0015
Республика Хакасия,Черногорск,,Судебный участок № 4 г. Черногорска Республики Хакасия,MS,Мировой суд,"655154, Респ Хакасия, г Черногорск, пр-кт Космонавтов, д 37",https://chernogorsk4.hak.msudrf.ru/,chernogorsk4.hak.msudrf.ru,нет,19MS0016
Республика Хакасия,Черногорск,,Судебный участок № 5 г. Черногорска Республики Хакасия,MS,Мировой суд,"655154, Респ Хакасия, г Черногорск, пр-кт Космонавтов, д 37",https://chernogorsk5.hak.msudrf.ru/,chernogorsk5.hak.msudrf.ru,нет,19MS0017
Республика Хакасия,Шира,,Судебный участок № 1 Ширинского района Республики Хакасия,MS,Мировой суд,"655200, Респ Хакасия, с Шира, ул Щетинина, д 151",https://shira1.hak.msudrf.ru/,shira1.hak.msudrf.ru,нет,19MS0033
Республика Хакасия,Шира,,Судебный участок № 2 Ширинского района Республики Хакасия,MS,Мировой суд,"655200, Респ Хакасия, с Шира, ул Щетинина, д 151",https://shira2.hak.msudrf.ru/,shira2.hak.msudrf.ru,нет,19MS0034
Республика Алтай,Горно-Алтайск,,Судебный участок № 1 г. Горно-Алтайска,MS,Мировой суд,"649000, г Горно-Алтайск, ул Эркемена Палкина, д 3",https://galtms1.ralt.msudrf.ru/,galtms1.ralt.msudrf.ru,нет,02MS0001
Республика Алтай,Горно-Алтайск,,Судебный участок № 2 г. Горно-Алтайска,MS,Мировой суд,"649000, г Горно-Алтайск, ул Эркемена Палкина, д 3",https://galtms2.ralt.msudrf.ru/,galtms2.ralt.msudrf.ru,нет,02MS0002
Республика Алтай,Горно-Алтайск,,Судебный участок № 3 г. Горно-Алтайска,MS,Мировой суд,"649000, г Горно-Алтайск, ул Эркемена Палкина, д 3",https://galtms3.ralt.msudrf.ru/,galtms3.ralt.msudrf.ru,нет,02MS0003
Республика Алтай,Кош-Агач,,Судебный участок Кош-Агачского района,MS,Мировой суд,"649780, Респ Алтай, с Кош-Агач, ул Советская, зд 60А",https://kagachms.ralt.msudrf.ru/,kagachms.ralt.msudrf.ru,нет,02MS0011
Республика Алтай,Майма,,Судебный участок № 1 Майминского района,MS,Мировой суд,"649100, Респ Алтай, с Майма, ул Катунская, д 2",https://maimms1.ralt.msudrf.ru/,maimms1.ralt.msudrf.ru,нет,02MS0005
Республика Алтай,Майма,,Судебный участок № 2 Майминского района,MS,Мировой суд,"649100, Респ Алтай, с Майма, ул Катунская, д 2",https://maimms2.ralt.msudrf.ru/,maimms2.ralt.msudrf.ru,нет,02MS0006
Республика Алтай,Онгудай,,Судебный участок Онгудайского района,MS,Мировой суд,"649440, Респ Алтай, с Онгудай, ул Советская, зд 84",https://ongms.ralt.msudrf.ru/,ongms.ralt.msudrf.ru,нет,02MS0008
Республика Алтай,Турочак,,Судебный участок Турочакского района,MS,Мировой суд,"649140, Респ Алтай, с Турочак, ул Тельмана, д 42",https://turms.ralt.msudrf.ru/,turms.ralt.msudrf.ru,нет,02MS0007
Республика Алтай,Улаган,,Судебный участок Улаганского судебного района Республики Алтай,MS,Мировой суд,"649750, Респ Алтай, с Улаган, ул Больничная, д 9",https://ulagan.ralt.msudrf.ru/,ulagan.ralt.msudrf.ru,нет,02MS0014
Республика Алтай,Усть-Кан,,Судебный участок Усть-Канского района,MS,Мировой суд,"649450, Респ Алтай, с Усть-Кан, ул Первомайская, зд 4",https://ukansms.ralt.msudrf.ru/,ukansms.ralt.msudrf.ru,нет,02MS0010
Республика Алтай,Усть-Кокса,,Судебный участок Усть-Коксинского района,MS,Мировой суд,"649490, Респ Алтай, с Усть-Кокса, ул Набережная, д 57",https://ukoksms.ralt.msudrf.ru/,ukoksms.ralt.msudrf.ru,нет,02MS0012
Республика Алтай,Чемал,,Судебный участок Чемальского судебного района Республики Алтай,MS,Мировой суд,"649240, Респ Алтай, с Чемал, ул Пчелкина, д 85",https://chemal.ralt.msudrf.ru/,chemal.ralt.msudrf.ru,нет,02MS0015
Республика Алтай,Чоя,,Судебный участок Чойского района Республики Алтай,MS,Мировой суд,"649180, Респ Алтай, с Чоя, ул Калинина, зд 14А",https://choms.ralt.msudrf.ru/,choms.ralt.msudrf.ru,нет,02MS0013
Республика Алтай,Шебалино,,Судебный участок Шебалинского района,MS,Мировой суд,"649220, Респ Алтай, с Шебалино, пер Социалистический, д 2А",https://shebms.ralt.msudrf.ru/,shebms.ralt.msudrf.ru,нет,02MS0009
Магаданская область,Магадан,,Судебный участок № 1 Магаданской области,MS,Мировой суд,"685000, г Магадан, ул Парковая, д 9/12",https://1.mag.msudrf.ru/,1.mag.msudrf.ru,нет,49MS0001
Магаданская область,Магадан,,Судебный участок № 2 Магаданской области,MS,Мировой суд,"685000, г Магадан, ул Парковая, д 9/12",https://2.mag.msudrf.ru/,2.mag.msudrf.ru,нет,49MS0002
Магаданская область,Магадан,,Судебный участок № 3 Магаданской области,MS,Мировой суд,"685000, г Магадан, ул Парковая, д 9/12",https://3.mag.msudrf.ru/,3.mag.msudrf.ru,нет,49MS0003
Магаданская область,Магадан,,Судебный участок № 4 Магаданской области,MS,Мировой суд,"685000, г Магадан, ул Парковая, д 9/12",https://4.mag.msudrf.ru/,4.mag.msudrf.ru,нет,49MS0004
Магаданская область,Магадан,,Судебный участок № 5 Магаданской области,MS,Мировой суд,"685000, г Магадан, ул Парковая, д 9/12",https://5.mag.msudrf.ru/,5.mag.msudrf.ru,нет,49MS0005
Магаданская область,Магадан,,Судебный участок № 6 Магаданской области,MS,Мировой суд,"685000, г Магадан, ул Парковая, д 9/12",https://6.mag.msudrf.ru/,6.mag.msudrf.ru,нет,49MS0006
Магаданская область,Магадан,,Судебный участок № 7 Магаданской области,MS,Мировой суд,"685000, г Магадан, ул Парковая, д 9/12",https://7.mag.msudrf.ru/,7.mag.msudrf.ru,нет,49MS0007
Магаданская область,Магадан,,Судебный участок № 8 Магаданской области,MS,Мировой суд,"685000, г Магадан, ул Парковая, д 9/12",https://8.mag.msudrf.ru/,8.mag.msudrf.ru,нет,49MS0008
Магаданская область,Палатка,,Судебный участок № 10 Магаданской области,MS,Мировой суд,"686110, Магаданская обл, пгт Палатка, ул Центральная, д 24",https://10.mag.msudrf.ru/,10.mag.msudrf.ru,нет,49MS0010
Магаданская область,Сусуман,,Судебный участок № 9 Магаданской области,MS,Мировой суд,"686314, Магаданская обл, г Сусуман, ул Билибина, д 15",https://9.mag.msudrf.ru/,9.mag.msudrf.ru,нет,49MS0009
Магаданская область,Ягодное,,Судебный участок № 11 Магаданской области,MS,Мировой суд,"686230, Магаданская обл, пгт Ягодное, ул Спортивная, д 12",https://11.mag.msudrf.ru/,11.mag.msudrf.ru,нет,49MS0011
