РЕГИОН,ГОРОД,РАЙОН,НАЗВАНИЕ,ТИП,ТИП_НАЗВАНИЕ,АДРЕС,САЙТ,ДОМЕН_SUDRF,ПАРСЕР,КОД
Московская область,,,Судебный участок № 181 мирового судьи Павлово-Посадского судебного района Московской области,MS,Мировой суд,"142500, Московская область, Павлово-Посадский г.о., ул. Кропоткина, д. 32",https://181.mo.msudrf.ru/,181.mo.msudrf.ru,нет,50MS0181
Московская область,,,Судебный участок № 214 мирового судьи Раменского судебного района Московской области,MS,Мировой суд,"140145, Московская область, Раменский район, село Гжель ул. Новая, здание администрации с/о",https://214.mo.msudrf.ru/,214.mo.msudrf.ru,нет,50MS0214
Московская область,Балашиха,,Судебный участок № 1 мирового судьи Балашихинского судебного района Московской области,MS,Мировой суд,"143910, Московская обл, г Балашиха, ул Свердлова, д 1",https://1.mo.msudrf.ru/,1.mo.msudrf.ru,нет,50MS0001
Московская область,Балашиха,,Судебный участок № 12 мирового судьи Балашихинского судебного района Московской области,MS,Мировой суд,"143912, Московская обл, г Балашиха, ул Советская, д 3А",https://12.mo.msudrf.ru/,12.mo.msudrf.ru,нет,50MS0320
Московская область,Балашиха,,Судебный участок № 2 мирового судьи Балашихинского судебного района Московской области,MS,Мировой суд,"143910, Московская обл, г Балашиха, ул Свердлова, д 1",https://2.mo.msudrf.ru/,2.mo.msudrf.ru,нет,50MS0002
Московская область,Балашиха,,Судебный участок № 293 мирового судьи Балашихинского судебного района Московской области,MS,Мировой суд,"143912, Московская обл, г Балашиха, ул Советская, д 3А",https://293.mo.msudrf.ru/,293.mo.msudrf.ru,нет,50MS0293
Московская область,Балашиха,,Судебный участок № 294 мирового судьи Балашихинского судебного района Московской области,MS,Мировой суд,"143912, Московская обл, г Балашиха, ул Полевая, д 3",https://294.mo.msudrf.ru/,294.mo.msudrf.ru,нет,50MS0294
Московская область,Балашиха,,Судебный участок № 298 мирового судьи Железнодорожного судебного района Московской области,MS,Мировой суд,"143983, Московская обл, г Балашиха, мкр Керамик, ул Керамическая, д 18",https://298.mo.msudrf.ru/,298.mo.msudrf.ru,нет,50MS0298
Московская область,Балашиха,,Судебный участок № 3 мирового судьи Балашихинского судебного района Московской области,MS,Мировой суд,"143904, Московская обл, г Балашиха, ул Крупской, д 8А",https://3.mo.msudrf.ru/,3.mo.msudrf.ru,нет,50MS0003
Московская область,Балашиха,,Судебный участок № 335 мирового судьи Балашихинского судебного района Московской области,MS,Мировой суд,"143902, Московская обл, г Балашиха, ул Зеленая, д 9",https://335.mo.msudrf.ru/,335.mo.msudrf.ru,нет,50MS0344
Московская область,Балашиха,,Судебный участок № 336 мирового судьи Балашихинского судебного района Московской области,MS,Мировой суд,"143912, Московская обл, г Балашиха, ул Советская, д 3А",https://336.mo.msudrf.ru/,336.mo.msudrf.ru,нет,50MS0345
Московская область,Балашиха,,Судебный участок № 4 мирового судьи Балашихинского судебного района Московской области,MS,Мировой суд,"143903, Московская обл, г Балашиха, ул Октябрьская, д 1",https://4.mo.msudrf.ru/,4.mo.msudrf.ru,нет,50MS0004
Московская область,Балашиха,,Судебный участок № 47 мирового судьи Железнодорожного судебного района Московской области,MS,Мировой суд,"143982, Московская обл, г Балашиха, мкр Кучино, ул Смельчак, д 8",https://47.mo.msudrf.ru/,47.mo.msudrf.ru,нет,50MS0047
Московская область,Балашиха,,Судебный участок № 48 мирового судьи Железнодорожного судебного района Московской области,MS,Мировой суд,"143985, Московская обл, г Балашиха, мкр Саввино, ул Транспортная, д 4",https://48.mo.msudrf.ru/,48.mo.msudrf.ru,нет,50MS0048
Московская область,Балашиха,,Судебный участок № 49 мирового судьи Железнодорожного судебного района Московской области,MS,Мировой суд,"143983, Московская обл, г Балашиха, мкр Керамик, ул Заводская, д 10",https://49.mo.msudrf.ru/,49.mo.msudrf.ru,нет,50MS0049
Московская область,Балашиха,,Судебный участок № 5 мирового судьи Балашихинского судебного района Московской области,MS,Мировой суд,"143900, Московская обл, г Балашиха, ул Некрасова, д 15/1",https://5.mo.msudrf.ru/,5.mo.msudrf.ru,нет,50MS0005
Московская область,Балашиха,,Судебный участок № 50 мирового судьи Железнодорожного судебного района Московской области,MS,Мировой суд,"143985, Московская обл, г Балашиха, мкр Саввино, ул Транспортная, д 4",https://50.mo.msudrf.ru/,50.mo.msudrf.ru,нет,50MS0050
Московская область,Балашиха,,Судебный участок № 51 мирового судьи Железнодорожного судебного района Московской области,MS,Мировой суд,"143986, Московская обл, г Балашиха, мкр Железнодорожный, ул Юбилейная, д 34",https://51.mo.msudrf.ru/,51.mo.msudrf.ru,нет,50MS0051
Московская область,Балашиха,,Судебный участок № 52 мирового судьи Балашихинского судебного района Московской области,MS,Мировой суд,"143910, Московская обл, г Балашиха, ул Свердлова, д 1",https://52.mo.msudrf.ru/,52.mo.msudrf.ru,нет,50MS0372
Московская область,Балашиха,,Судебный участок № 6 мирового судьи Балашихинского судебного района Московской области,MS,Мировой суд,"143912, Московская обл, г Балашиха, ул Советская, д 3А",https://6.mo.msudrf.ru/,6.mo.msudrf.ru,нет,50MS0006
Московская область,Балашиха,,Судебный участок № 7 мирового судьи Балашихинского судебного района Московской области,MS,Мировой суд,"143900, Московская обл, г Балашиха, ул Некрасова, д 15/1",https://7.mo.msudrf.ru/,7.mo.msudrf.ru,нет,50MS0007
Московская область,Бронницы,,Судебный участок № 218 мирового судьи Раменского судебного района Московской области,MS,Мировой суд,"140170, Московская обл, г Бронницы, ул Советская, д 33",https://218.mo.msudrf.ru/,218.mo.msudrf.ru,нет,50MS0218
Московская область,Быково,,Судебный участок № 312 мирового судьи Раменского судебного района Московской области,MS,Мировой суд,"140150, Московская область, п. Быково, ул. Полевая, д. 1",https://312.mo.msudrf.ru/,312.mo.msudrf.ru,нет,50MS0312
Московская область,Видное,,Судебный участок № 10 мирового судьи Видновского судебного района Московской области,MS,Мировой суд,"142717, Московская обл, г Видное, п Развилка, д 31 к 2",https://10.mo.msudrf.ru/,10.mo.msudrf.ru,нет,50MS0010
Московская область,Видное,,Судебный участок № 11 мирового судьи Видновского судебного района Московской области,MS,Мировой суд,"142700, Московская обл, г Видное, ул Лемешко, д 15",https://11.mo.msudrf.ru/,11.mo.msudrf.ru,нет,50MS0011
Московская область,Видное,,Судебный участок № 337 мирового судьи Видновского судебного района Московской области,MS,Мировой суд,"142700, Московская обл, г Видное, ул Лемешко, д 15",https://337.mo.msudrf.ru/,337.mo.msudrf.ru,нет,50MS0346
Московская область,Видное,,Судебный участок № 338 мирового судьи Видновского судебного района Московской области,MS,Мировой суд,"142717, Московская обл, г Видное, п Развилка, д 31 к 2",https://338.mo.msudrf.ru/,338.mo.msudrf.ru,нет,50MS0347
Московская область,Видное,,Судебный участок № 363 Видновского судебного района Московской области,MS,Мировой суд,"142700, Московская обл, г Видное, ул Новая, д 2",https://363.mo.msudrf.ru/,363.mo.msudrf.ru,нет,50MS0378
Московская область,Видное,,Судебный участок № 364 Видновского судебного района Московской области,MS,Мировой суд,"142700, Московская обл, г Видное, ул Новая, д 2",https://364.mo.msudrf.ru/,364.mo.msudrf.ru,нет,50MS0379
Московская область,Видное,,Судебный участок № 365 Видновского судебного района Московской области,MS,Мировой суд,"142700, Московская обл, г Видное, ул Новая, д 2",https://365.mo.msudrf.ru/,365.mo.msudrf.ru,нет,50MS0380
Московская область,Видное,,Судебный участок № 366 Видновского судебного района Московской области,MS,Мировой суд,"142700, Московская обл, г Видное, ул Новая, д 2",https://366.mo.msudrf.ru/,366.mo.msudrf.ru,нет,50MS0381
Московская область,Видное,,Судебный участок № 8 мирового судьи Видновского судебного района Московской области,MS,Мировой суд,"142703, Московская обл, г Видное, ул Школьная, д 80",https://8.mo.msudrf.ru/,8.mo.msudrf.ru,нет,50MS0008
Московская область,Видное,,Судебный участок № 9 мирового судьи Видновского судебного района Московской области,MS,Мировой суд,"142703, Московская обл, г Видное, ул Школьная, д 80",https://9.mo.msudrf.ru/,9.mo.msudrf.ru,нет,50MS0009
Московская область,Волоколамск,,Судебный участок № 14 мирового судьи Волоколамского судебного района Московской области,MS,Мировой суд,"143600, Московская обл, г Волоколамск, ул Сергачева, стр 2",https://14.mo.msudrf.ru/,14.mo.msudrf.ru,нет,50MS0014
Московская область,Волоколамск,,Судебный участок № 15 мирового судьи Волоколамского судебного района Московской области,MS,Мировой суд,"143600, Московская обл, г Волоколамск, ул Сергачева, стр 2",https://15.mo.msudrf.ru/,15.mo.msudrf.ru,нет,50MS0015
Московская область,Волоколамск,,Судебный участок № 296 мирового судьи Волоколамского судебного района Московской области,MS,Мировой суд,"143600, Московская обл, г Волоколамск, ул Сергачева, стр 2А",https://296.mo.msudrf.ru/,296.mo.msudrf.ru,нет,50MS0296
Московская область,Воскресенск,,Судебный участок № 13 мирового судьи Воскресенского судебного района Московской области,MS,Мировой суд,"140200, Московская обл, г Воскресенск, проезд Больничный, зд 20",https://13.mo.msudrf.ru/,13.mo.msudrf.ru,нет,50MS0322
Московская область,Воскресенск,,Судебный участок № 16 мирового судьи Воскресенского судебного района Московской области,MS,Мировой суд,"140204, Московская обл, г Воскресенск, ул Андреса, д 1А",https://16.mo.msudrf.ru/,16.mo.msudrf.ru,нет,50MS0016
Московская область,Воскресенск,,Судебный участок № 17 мирового судьи Воскресенского судебного района Московской области,MS,Мировой суд,"140204, Московская обл, г Воскресенск, ул Андреса, д 1А",https://17.mo.msudrf.ru/,17.mo.msudrf.ru,нет,50MS0017
Московская область,Воскресенск,,Судебный участок № 18 мирового судьи Воскресенского судебного района Московской области,MS,Мировой суд,"140200, Московская обл, г Воскресенск, проезд Больничный, зд 20",https://18.mo.msudrf.ru/,18.mo.msudrf.ru,нет,50MS0018
Московская область,Воскресенск,,Судебный участок № 19 мирового судьи Воскресенского судебного района Московской области,MS,Мировой суд,"140200, Московская обл, г Воскресенск, проезд Больничный, зд 20",https://19.mo.msudrf.ru/,19.mo.msudrf.ru,нет,50MS0019
Московская область,Воскресенск,,Судебный участок № 199 мирового судьи Воскресенского судебного района,MS,Мировой суд,"140202, Московская обл, г Воскресенск, ул Московская, д 21",https://199.mo.msudrf.ru/,199.mo.msudrf.ru,нет,50MS0376
Московская область,Воскресенск,,Судебный участок № 20 мирового судьи Воскресенского судебного района Московской области,MS,Мировой суд,"140200, Московская обл, г Воскресенск, проезд Больничный, зд 20",https://20.mo.msudrf.ru/,20.mo.msudrf.ru,нет,50MS0020
Московская область,Воскресенск,,Судебный участок № 21 мирового судьи Воскресенского судебного района Московской области,MS,Мировой суд,"140250, Московская обл, г Воскресенск, г Белоозёрский, ул 60 лет Октября, зд 8",https://21.mo.msudrf.ru/,21.mo.msudrf.ru,нет,50MS0021
Московская область,Воскресенск,,Судебный участок № 22 мирового судьи Воскресенского судебного района Московской области,MS,Мировой суд,"140204, Московская обл, г Воскресенск, ул Андреса, д 1А",https://22.mo.msudrf.ru/,22.mo.msudrf.ru,нет,50MS0022
Московская область,Дмитров,,Судебный участок № 192 мирового судьи Дмитровского судебного района Московской области,MS,Мировой суд,"141804, Московская обл, г Дмитров, ул 2-я Центральная, д 3",https://192.mo.msudrf.ru/,192.mo.msudrf.ru,нет,50MS0323
Московская область,Дмитров,,Судебный участок № 23 мирового судьи Дмитровского судебного района Московской области,MS,Мировой суд,"141804, Московская обл, г Дмитров, ул Московская, д 29",https://23.mo.msudrf.ru/,23.mo.msudrf.ru,нет,50MS0023
Московская область,Дмитров,,Судебный участок № 24 мирового судьи Дмитровского судебного района Московской области,MS,Мировой суд,"141804, Московская обл, г Дмитров, ул Московская, д 29",https://24.mo.msudrf.ru/,24.mo.msudrf.ru,нет,50MS0024
Московская область,Дмитров,,Судебный участок № 25 мирового судьи Дмитровского судебного района Московской области,MS,Мировой суд,"141804, Московская обл, г Дмитров, ул 2-я Центральная, д 3",https://25.mo.msudrf.ru/,25.mo.msudrf.ru,нет,50MS0025
Московская область,Дмитров,,Судебный участок № 26 мирового судьи Дмитровского судебного района Московской области,MS,Мировой суд,"141840, Московская обл, г Дмитров, г Яхрома, ул Кирьянова, д 32",https://26.mo.msudrf.ru/,26.mo.msudrf.ru,нет,50MS0026
Московская область,Дмитров,,Судебный участок № 27 мирового судьи Дмитровского судебного района Московской области,MS,Мировой суд,"141860, Московская обл, г Дмитров, пгт Икша, ул Водников, д 17",https://27.mo.msudrf.ru/,27.mo.msudrf.ru,нет,50MS0027
Московская область,Дмитров,,Судебный участок № 28 мирового судьи Дмитровского судебного района Московской области,MS,Мировой суд,"141880, Московская обл, г Дмитров, с Рогачево, ул Мира, д 16",https://28.mo.msudrf.ru/,28.mo.msudrf.ru,нет,50MS0028
Московская область,Дмитров,,Судебный участок № 29 мирового судьи Дмитровского судебного района Московской области,MS,Мировой суд,"141804, Московская обл, г Дмитров, ул Московская, д 29",https://29.mo.msudrf.ru/,29.mo.msudrf.ru,нет,50MS0029
Московская область,Долгопрудный,,Судебный участок № 297 мирового судьи Долгопрудненского судебного района Московской области,MS,Мировой суд,"141704, Московская обл, г Долгопрудный, ш Московское, д 43 к 3",https://297.mo.msudrf.ru/,297.mo.msudrf.ru,нет,50MS0297
Московская область,Долгопрудный,,Судебный участок № 30 мирового судьи Долгопрудненского судебного района Московской области,MS,Мировой суд,"141701, Московская обл, г Долгопрудный, ул Первомайская, д 21",https://30.mo.msudrf.ru/,30.mo.msudrf.ru,нет,50MS0030
Московская область,Долгопрудный,,Судебный участок № 31 мирового судьи Долгопрудненского судебного района Московской области,MS,Мировой суд,"141704, Московская обл, г Долгопрудный, ш Московское, д 43 к 3",https://31.mo.msudrf.ru/,31.mo.msudrf.ru,нет,50MS0031
Московская область,Долгопрудный,,Судебный участок № 32 мирового судьи Долгопрудненского судебного района Московской области,MS,Мировой суд,"141700, Московская обл, г Долгопрудный, ул Маяковского, д 6",https://32.mo.msudrf.ru/,32.mo.msudrf.ru,нет,50MS0032
Московская область,Домодедово,,Судебный участок № 138 мирового судьи Видновского судебного района Московской области,MS,Мировой суд,"142060, Московская обл, г Домодедово, мкр Барыбино, ул Коммуны Герольд, д 1",https://38.mo.msudrf.ru/,38.mo.msudrf.ru,нет,50MS0321
Московская область,Домодедово,,Судебный участок № 193 мирового судьи Домодедовского судебного района Московской области,MS,Мировой суд,"142003, Московская обл, г Домодедово, мкр Западный, ул Талалихина, д 8",https://193.mo.msudrf.ru/,193.mo.msudrf.ru,нет,50MS0324
Московская область,Домодедово,,Судебный участок № 33 мирового судьи Домодедовского судебного района Московской области,MS,Мировой суд,"142032, Московская обл, г Домодедово, п государственного племенного завода ""Константиново"", ул Центральная, д 2Б",https://33.mo.msudrf.ru/,33.mo.msudrf.ru,нет,50MS0033
Московская область,Домодедово,,Судебный участок № 339 мирового судьи Домодедовского судебного района Московской области,MS,Мировой суд,"142029, Московская обл, г Домодедово, с Домодедово, б-р Строителей, д 3",https://339.mo.msudrf.ru/,339.mo.msudrf.ru,нет,50MS0348
Московская область,Домодедово,,Судебный участок № 34 мирового судьи Домодедовского судебного района Московской области,MS,Мировой суд,"142000, Московская область, г. Домодедово, Каширское ш. д. 25",https://34.mo.msudrf.ru/,34.mo.msudrf.ru,нет,50MS0034
Московская область,Домодедово,,Судебный участок № 35 мирового судьи Домодедовского судебного района Московской области,MS,Мировой суд,"142000, Московская область, г. Домодедово, Каширское шоссе, д. 36",https://35.mo.msudrf.ru/,35.mo.msudrf.ru,нет,50MS0035
Московская область,Домодедово,,Судебный участок № 36 мирового судьи Домодедовского судебного района Московской области,MS,Мировой суд,"142007, Московская обл, г Домодедово, мкр Авиационный, ул Чкалова, д 13",https://36.mo.msudrf.ru/,36.mo.msudrf.ru,нет,50MS0036
Московская область,Домодедово,,Судебный участок № 367 Домодедовского судебного района Московской области,MS,Мировой суд,"142007, Московская обл, г Домодедово, мкр Авиационный, ул Ильюшина, д 11А к 2",https://367.mo.msudrf.ru/,367.mo.msudrf.ru,нет,50MS0382
Московская область,Домодедово,,Судебный участок № 37 мирового судьи Домодедовского судебного района Московской области,MS,Мировой суд,"142060, Московская обл, г Домодедово, мкр Барыбино, ул Коммуны Герольд, д 1",https://37.mo.msudrf.ru/,37.mo.msudrf.ru,нет,50MS0037
Московская область,Домодедово,,Судебный участок № 38 мирового судьи Домодедовского судебного района Московской области,MS,Мировой суд,"142060, Московская обл, г Домодедово, мкр Барыбино, ул Коммуны Герольд, д 1",https://38.mo.msudrf.ru/,38.mo.msudrf.ru,нет,50MS0038
Московская область,Дубна,,Судебный участок № 40 мирового судьи Дубненского судебного района Московской области,MS,Мировой суд,"141981, Московская обл, г Дубна, пр-кт Боголюбова, д 39",https://40.mo.msudrf.ru/,40.mo.msudrf.ru,нет,50MS0040
Московская область,Дубна,,Судебный участок № 41 мирового судьи Дубненского судебного района Московской области,MS,Мировой суд,"141985, Московская обл, г Дубна, ул Сахарова А.Д., д 19, помещ 4-9",https://41.mo.msudrf.ru/,41.mo.msudrf.ru,нет,50MS0041
Московская область,Егорьевск,,Судебный участок № 42 мирового судьи Егорьевского судебного района Московской области,MS,Мировой суд,"140300, Московская обл, г Егорьевск, ул Александра Невского, д 5",https://42.mo.msudrf.ru/,42.mo.msudrf.ru,нет,50MS0042
Московская область,Егорьевск,,Судебный участок № 43 мирового судьи Егорьевского судебного района Московской области,MS,Мировой суд,"140300, Московская обл, г Егорьевск, ул Александра Невского, д 5",https://43.mo.msudrf.ru/,43.mo.msudrf.ru,нет,50MS0043
Московская область,Егорьевск,,Судебный участок № 44 мирового судьи Егорьевского судебного района Московской области,MS,Мировой суд,"140300, Московская обл, г Егорьевск, ул Александра Невского, д 5",https://44.mo.msudrf.ru/,44.mo.msudrf.ru,нет,50MS0044
Московская область,Егорьевск,,Судебный участок № 45 мирового судьи Егорьевского судебного района Московской области,MS,Мировой суд,"140300, Московская область, г. Егорьевск, ул. Александра Невского, д. 5, 3-ий этаж.",https://45.mo.msudrf.ru/,45.mo.msudrf.ru,нет,50MS0045
Московская область,Егорьевск,,Судебный участок № 46 мирового судьи Егорьевского судебного района Московской области,MS,Мировой суд,"140300, Московская обл, г Егорьевск, ул Александра Невского, д 5",https://46.mo.msudrf.ru/,46.mo.msudrf.ru,нет,50MS0046
Московская область,Жуковский,,Судебный участок № 299 мирового судьи Жуковского судебного района Московской области,MS,Мировой суд,"140184, Московская обл, г Жуковский, ул Спасателей, д 6",https://299.mo.msudrf.ru/,299.mo.msudrf.ru,нет,50MS0299
Московская область,Жуковский,,Судебный участок № 53 мирового судьи Жуковского судебного района Московской области,MS,Мировой суд,"140180, Московская обл, г Жуковский, ул Гагарина, д 64 к 2",https://53.mo.msudrf.ru/,53.mo.msudrf.ru,нет,50MS0053
Московская область,Жуковский,,Судебный участок № 54 мирового судьи Жуковского судебного района Московской области,MS,Мировой суд,"140184, Московская обл, г Жуковский, ул Спасателей, д 6",https://54.mo.msudrf.ru/,54.mo.msudrf.ru,нет,50MS0054
Московская область,Жуковский,,Судебный участок № 55 мирового судьи Жуковского судебного района Московской области,MS,Мировой суд,"140185, Московская обл, г Жуковский, ул Советская, д 6",https://55.mo.msudrf.ru/,55.mo.msudrf.ru,нет,50MS0055
Московская область,Зарайск,,Судебный участок № 56 мирового судьи Зарайского судебного района Московской области,MS,Мировой суд,"140603, Московская обл, г Зарайск, ул Советская, д 45",https://56.mo.msudrf.ru/,56.mo.msudrf.ru,нет,50MS0056
Московская область,Зарайск,,Судебный участок № 57 мирового судьи Зарайского судебного района Московской области,MS,Мировой суд,"140601, Московская обл, г Зарайск, ул Советская, д 79",https://57.mo.msudrf.ru/,57.mo.msudrf.ru,нет,50MS0057
Московская область,Истра,,Судебный участок № 195 мирового судьи Истринского судебного района Московской области,MS,Мировой суд,"143500, Московская обл, г Истра, ул Главного Конструктора В.И.Адасько, д 4",https://195.mo.msudrf.ru/,195.mo.msudrf.ru,нет,50MS0325
Московская область,Истра,,Судебный участок № 340 мирового судьи Истринского судебного района Московской области,MS,Мировой суд,"143500, Московская обл, г Истра, проезд Рабочий, д 7",https://340.mo.msudrf.ru/,340.mo.msudrf.ru,нет,50MS0349
Московская область,Истра,,Судебный участок № 368 Истринского судебного района Московской области,MS,Мировой суд,"143500, Московская обл, г Истра, ул Рабочая, д 5",https://368.mo.msudrf.ru/,368.mo.msudrf.ru,нет,50MS0383
Московская область,Истра,,Судебный участок № 61 мирового судьи Истринского судебного района Московской области,MS,Мировой суд,"143500, Московская обл, г Истра, ул Первомайская, д 2",https://61.mo.msudrf.ru/,61.mo.msudrf.ru,нет,50MS0061
Московская область,Истра,,Судебный участок № 62 мирового судьи Истринского судебного района Московской области,MS,Мировой суд,"143500, Московская обл, г Истра, ул Главного Конструктора В.И.Адасько, д 4",https://62.mo.msudrf.ru/,62.mo.msudrf.ru,нет,50MS0062
Московская область,Истра,,Судебный участок № 63 мирового судьи Истринского судебного района Московской области,MS,Мировой суд,"143530, Московская обл, г Истра, г Дедовск, пл Центральная, д 1",https://63.mo.msudrf.ru/,63.mo.msudrf.ru,нет,50MS0063
Московская область,Истра,,Судебный участок № 64 мирового судьи Истринского судебного района Московской области,MS,Мировой суд,"143530, Московская обл, г Истра, г Дедовск, пл Центральная, д 1",https://64.mo.msudrf.ru/,64.mo.msudrf.ru,нет,50MS0064
Московская область,Истра,,Судебный участок № 65 мирового судьи Истринского судебного района Московской области,MS,Мировой суд,"143570, Московская обл, г Истра, с Новопетровское, ул Северная, д 10А",https://65.mo.msudrf.ru/,65.mo.msudrf.ru,нет,50MS0065
Московская область,Кашира,,Судебный участок № 196 мирового судьи Каширского судебного района Московской области,MS,Мировой суд,"142900, Московская обл, г Кашира, ул Советская, д 33",https://196.mo.msudrf.ru/,196.mo.msudrf.ru,нет,50MS0326
Московская область,Кашира,,Судебный участок № 66 мирового судьи Каширского судебного района Московской области,MS,Мировой суд,"142900, Московская обл, г Кашира, ул Советская, д 33",https://66.mo.msudrf.ru/,66.mo.msudrf.ru,нет,50MS0066
Московская область,Кашира,,Судебный участок № 67 мирового судьи Каширского судебного района Московской области,MS,Мировой суд,"142904, Московская обл, г Кашира, ул 8 Марта, д 37",https://67.mo.msudrf.ru/,67.mo.msudrf.ru,нет,50MS0067
Московская область,Кашира,,Судебный участок № 68 мирового судьи Каширского судебного района Московской области,MS,Мировой суд,"142921, Московская обл, г Кашира, мкр Ожерелье, ул Ленина, д 1 к 1",https://68.mo.msudrf.ru/,68.mo.msudrf.ru,нет,50MS0068
Московская область,Клин,,Судебный участок № 315 мирового судьи Клинского судебного района,MS,Мировой суд,"141607, Московская обл, г Клин, ул Карла Маркса, д 20",https://315.mo.msudrf.ru/,315.mo.msudrf.ru,нет,50MS0375
Московская область,Клин,,Судебный участок № 341 мирового судьи Клинского судебного района Московской области,MS,Мировой суд,"141612, Московская обл, г Клин, ул Карла Маркса, д 101",https://341.mo.msudrf.ru/,341.mo.msudrf.ru,нет,50MS0350
Московская область,Клин,,Судебный участок № 71 мирового судьи Клинского судебного района Московской области,MS,Мировой суд,"141607, Московская обл, г Клин, ул Карла Маркса, д 20",https://71.mo.msudrf.ru/,71.mo.msudrf.ru,нет,50MS0071
Московская область,Клин,,Судебный участок № 72 мирового судьи Клинского судебного района Московской области,MS,Мировой суд,"141607, Московская обл, г Клин, ул Карла Маркса, д 20",https://72.mo.msudrf.ru/,72.mo.msudrf.ru,нет,50MS0072
Московская область,Клин,,Судебный участок № 73 мирового судьи Клинского судебного района Московской области,MS,Мировой суд,"141607, Московская обл, г Клин, ул Карла Маркса, д 20",https://73.mo.msudrf.ru/,73.mo.msudrf.ru,нет,50MS0073
Московская область,Клин,,Судебный участок № 74 мирового судьи Клинского судебного района Московской области,MS,Мировой суд,"141612, Московская обл, г Клин, ул Карла Маркса, д 101",https://74.mo.msudrf.ru/,74.mo.msudrf.ru,нет,50MS0074
Московская область,Клин,,Судебный участок № 75 мирового судьи Клинского судебного района Московской области,MS,Мировой суд,"141607, Московская обл, г Клин, ул Карла Маркса, д 20",https://75.mo.msudrf.ru/,75.mo.msudrf.ru,нет,50MS0075
Московская область,Клин,,Судебный участок № 76 мирового судьи Клинского судебного района Московской области,MS,Мировой суд,"141650, Московская обл, г Клин, г Высоковск, ул Ленина, д 10",https://76.mo.msudrf.ru/,76.mo.msudrf.ru,нет,50MS0076
Московская область,Коломна,,Судебный участок № 165 мирового судьи Озерского судебного района Московской области,MS,Мировой суд,"140560, Московская обл, г Коломна, г Озёры, ул Ленина, д 24",https://165.mo.msudrf.ru/,165.mo.msudrf.ru,нет,50MS0165
Московская область,Коломна,,Судебный участок № 166 мирового судьи Озерского судебного района Московской области,MS,Мировой суд,"140560, Московская обл, г Коломна, г Озёры, ул Ленина, д 24",https://166.mo.msudrf.ru/,166.mo.msudrf.ru,нет,50MS0166
Московская область,Коломна,,Судебный участок № 77 мирового судьи Коломенского судебного района Московской области,MS,Мировой суд,"140415, Московская обл, г Коломна, ул Уманская, д 16А",https://77.mo.msudrf.ru/,77.mo.msudrf.ru,нет,50MS0077
Московская область,Коломна,,Судебный участок № 78 мирового судьи Коломенского судебного района Московской области,MS,Мировой суд,"140402, Московская обл, г Коломна, ул Суворова, д 80",https://78.mo.msudrf.ru/,78.mo.msudrf.ru,нет,50MS0078
Московская область,Коломна,,Судебный участок № 79 мирового судьи Коломенского судебного района Московской области,MS,Мировой суд,"140415, Московская обл, г Коломна, ул Уманская, д 16А",https://79.mo.msudrf.ru/,79.mo.msudrf.ru,нет,50MS0079
Московская область,Коломна,,Судебный участок № 80 мирового судьи Коломенского судебного района Московской области,MS,Мировой суд,"140400, Московская обл, г Коломна, ул Коломенская, д 6А",https://80.mo.msudrf.ru/,80.mo.msudrf.ru,нет,50MS0080
Московская область,Коломна,,Судебный участок № 81 мирового судьи Коломенского судебного района Московской области,MS,Мировой суд,"140415, Московская обл, г Коломна, ул Уманская, д 16А",https://81.mo.msudrf.ru/,81.mo.msudrf.ru,нет,50MS0081
Московская область,Коломна,,Судебный участок № 82 мирового судьи Коломенского судебного района Московской области,MS,Мировой суд,"140407, Московская обл, г Коломна, ул Ленина, д 60",https://82.mo.msudrf.ru/,82.mo.msudrf.ru,нет,50MS0082
Московская область,Коломна,,Судебный участок № 83 мирового судьи Коломенского судебного района Московской области,MS,Мировой суд,"140415, Московская обл, г Коломна, ул Уманская, д 16А",https://83.mo.msudrf.ru/,83.mo.msudrf.ru,нет,50MS0083
Московская область,Коломна,,Судебный участок № 84 мирового судьи Коломенского судебного района Московской области,MS,Мировой суд,"140404, Московская обл, г Коломна, наб Дмитрия Донского, д 33",https://84.mo.msudrf.ru/,84.mo.msudrf.ru,нет,50MS0084
Московская область,Коломна,,Судебный участок № 85 мирового судьи Коломенского судебного района Московской области,MS,Мировой суд,"140402, Московская обл, г Коломна, ул Суворова, д 80",https://85.mo.msudrf.ru/,85.mo.msudrf.ru,нет,50MS0085
Московская область,Королёв,,Судебный участок № 197 мирового судьи Королевского судебного района Московской области,MS,Мировой суд,"141076, Московская обл, г Королёв, ул Калининградская, д 12",https://197.mo.msudrf.ru/,197.mo.msudrf.ru,нет,50MS0327
Московская область,Королёв,,Судебный участок № 302 мирового судьи Королевского судебного района Московской области,MS,Мировой суд,"141075, Московская обл, г Королёв, ул Дзержинского, д 4А",https://302.mo.msudrf.ru/,302.mo.msudrf.ru,нет,50MS0302
Московская область,Королёв,,Судебный участок № 86 мирового судьи Королевского судебного района Московской области,MS,Мировой суд,"141076, Московская обл, г Королёв, ул Калининградская, д 12",https://86.mo.msudrf.ru/,86.mo.msudrf.ru,нет,50MS0086
Московская область,Королёв,,Судебный участок № 87 мирового судьи Королевского судебного района Московской области,MS,Мировой суд,"141070, Московская обл, г Королёв, ул Карла Маркса, д 2",https://87.mo.msudrf.ru/,87.mo.msudrf.ru,нет,50MS0087
Московская область,Королёв,,Судебный участок № 88 мирового судьи Королевского судебного района Московской области,MS,Мировой суд,"141080, Московская обл, г Королёв, ул Дзержинского, д 13/2",https://88.mo.msudrf.ru/,88.mo.msudrf.ru,нет,50MS0088
Московская область,Королёв,,Судебный участок № 89 мирового судьи Королевского судебного района Московской области,MS,Мировой суд,"141080, Московская обл, г Королёв, ул Дзержинского, д 13/2",https://89.mo.msudrf.ru/,89.mo.msudrf.ru,нет,50MS0089
Московская область,Королёв,,Судебный участок № 90 мирового судьи Королевского судебного района Московской области,MS,Мировой суд,"141071, Московская обл, г Королёв, ул Грабина, д 1",https://90.mo.msudrf.ru/,90.mo.msudrf.ru,нет,50MS0090
Московская область,Королёв,,Судебный участок № 91 мирового судьи Королевского судебного района Московской области,MS,Мировой суд,"141069, Московская обл, г Королёв, мкр Первомайский, ул Советская, д 36",https://91.mo.msudrf.ru/,91.mo.msudrf.ru,нет,50MS0091
Московская область,Королёв,,Судебный участок № 92 мирового судьи Королевского судебного района Московской области,MS,Мировой суд,"141090, Московская обл, г Королёв, мкр Юбилейный, ул Большая Комитетская, д 29/27",https://92.mo.msudrf.ru/,92.mo.msudrf.ru,нет,50MS0092
Московская область,Королёв,,Судебный участок № 93 мирового судьи Королевского судебного района Московской области,MS,Мировой суд,"141090, Московская обл, г Королёв, мкр Юбилейный, ул Маяковского, д 15",https://93.mo.msudrf.ru/,93.mo.msudrf.ru,нет,50MS0093
Московская область,Котельники,,Судебный участок № 120 мирового судьи Люберецкого судебного района Московской области,MS,Мировой суд,"140053, Московская обл, г Котельники, мкр Силикат, д 12А",https://120.mo.msudrf.ru/,120.mo.msudrf.ru,нет,50MS0120
Московская область,Котельники,,Судебный участок № 346 мирового судьи Люберецкого судебного района Московской области,MS,Мировой суд,"140054, Московская обл, г Котельники, мкр Ковровый, д 25",https://346.mo.msudrf.ru/,346.mo.msudrf.ru,нет,50MS0355
Московская область,Красноармейск,,Судебный участок № 207 мирового судьи Пушкинского судебного района Московской области,MS,Мировой суд,"141290, Московская область, городской округ Пушкинский, г. Красноармейск, ул. Морозова, д. 5",https://207.mo.msudrf.ru/,207.mo.msudrf.ru,нет,50MS0207
Московская область,Красногорск,,Судебный участок № 100 мирового судьи Красногорского судебного района Московской области,MS,Мировой суд,"143421, Московская обл, г Красногорск, с Ильинское, ул Ленина, влд 1",https://100.mo.msudrf.ru/,100.mo.msudrf.ru,нет,50MS0100
Московская область,Красногорск,,Судебный участок № 319 мирового судьи Красногорского судебного района Московской области,MS,Мировой суд,"143402, Московская обл, г Красногорск, ул Чайковского, д 3",https://319.mo.msudrf.ru/,319.mo.msudrf.ru,нет,50MS0328
Московская область,Красногорск,,Судебный участок № 320 мирового судьи Красногорского судебного района Московской области,MS,Мировой суд,"143433, Московская обл, г Красногорск, пгт Нахабино, ул Школьная, д 3А",https://320.mo.msudrf.ru/,320.mo.msudrf.ru,нет,50MS0329
Московская область,Красногорск,,Судебный участок № 342 мирового судьи Красногорского судебного района Московской области,MS,Мировой суд,"143405, Московская обл, г Красногорск, ш Ильинское, д 12",https://342.mo.msudrf.ru/,342.mo.msudrf.ru,нет,50MS0351
Московская область,Красногорск,,Судебный участок № 343 мирового судьи Красногорского судебного района Московской области,MS,Мировой суд,"143433, Московская обл, г Красногорск, пгт Нахабино, ул Школьная, д 3А",https://343.mo.msudrf.ru/,343.mo.msudrf.ru,нет,50MS0352
Московская область,Красногорск,,Судебный участок № 369 Красногорского судебного района Московской области,MS,Мировой суд,"143409, Московская обл, г Красногорск, ул Успенская, д 8",https://369.mo.msudrf.ru/,369.mo.msudrf.ru,нет,50MS0384
Московская область,Красногорск,,Судебный участок № 370 Красногорского судебного района Московской области,MS,Мировой суд,"143403, Московская обл, г Красногорск, ул Первомайская, д 6",https://370.mo.msudrf.ru/,370.mo.msudrf.ru,нет,50MS0385
Московская область,Красногорск,,Судебный участок № 95 мирового судьи Красногорского судебного района Московской области,MS,Мировой суд,"143409, Московская обл, г Красногорск, ул Братьев Горожанкиных, д 25",https://95.mo.msudrf.ru/,95.mo.msudrf.ru,нет,50MS0095
Московская область,Красногорск,,Судебный участок № 96 мирового судьи Красногорского судебного района Московской области,MS,Мировой суд,"143409, Московская обл, г Красногорск, ул Вилора Трифонова, д 6",https://96.mo.msudrf.ru/,96.mo.msudrf.ru,нет,50MS0096
Московская область,Красногорск,,Судебный участок № 97 мирового судьи Красногорского судебного района Московской области,MS,Мировой суд,"143402, Московская обл, г Красногорск, ул Пионерская, д 17",https://97.mo.msudrf.ru/,97.mo.msudrf.ru,нет,50MS0097
Московская область,Красногорск,,Судебный участок № 98 мирового судьи Красногорского судебного района Московской области,MS,Мировой суд,"143443, Московская обл, г Красногорск, мкр Опалиха, ул Ткацкой фабрики, д 18",https://98.mo.msudrf.ru/,98.mo.msudrf.ru,нет,50MS0098
Московская область,Красногорск,,Судебный участок № 99 мирового судьи Красногорского судебного района Московской области,MS,Мировой суд,"143402, Московская обл, г Красногорск, ул Чайковского, д 3",https://99.mo.msudrf.ru/,99.mo.msudrf.ru,нет,50MS0099
Московская область,Краснознаменск,,Судебный участок № 164 мирового судьи Одинцовского судебного района Московской области,MS,Мировой суд,"143091, Московская обл, г Краснознаменск, ул Гагарина, д 9А, кв 1/2",https://164.mo.msudrf.ru/,164.mo.msudrf.ru,нет,50MS0164
Московская область,Краснознаменск,,Судебный участок № 310 мирового судьи Одинцовского судебного района Московской области,MS,Мировой суд,"143090, Московская обл, г Краснознаменск, ул Победы, д 9 к 1",https://310.mo.msudrf.ru/,310.mo.msudrf.ru,нет,50MS0310
Московская область,Лобня,,Судебный участок № 101 мирового судьи Лобненского судебного района Московской области,MS,Мировой суд,"141730, Московская обл, г Лобня, ул Ленина, д 7 к 2",https://101.mo.msudrf.ru/,101.mo.msudrf.ru,нет,50MS0101
Московская область,Лобня,,Судебный участок № 102 мирового судьи Лобненского судебного района Московской области,MS,Мировой суд,"141733, Московская обл, г Лобня, ул Чайковского, д 15",https://102.mo.msudrf.ru/,102.mo.msudrf.ru,нет,50MS0102
Московская область,Лобня,,Судебный участок № 103 мирового судьи Лобненского судебного района Московской области,MS,Мировой суд,"141732, Московская обл, г Лобня, ул Циолковского, д 13А",https://103.mo.msudrf.ru/,103.mo.msudrf.ru,нет,50MS0103
Московская область,Лобня,,Судебный участок № 295 мирового судьи Лобненского судебного района Московской области,MS,Мировой суд,"141730, Московская обл, г Лобня, ул Окружная, д 11 к 3",https://295.mo.msudrf.ru/,295.mo.msudrf.ru,нет,50MS0330
Московская область,Лосино-Петровский,,Судебный участок № 275 мирового судьи Щелковского судебного района Московской области,MS,Мировой суд,"141142, Московская обл, г Лосино-Петровский, пгт Аничково, д 8",https://275.mo.msudrf.ru/,275.mo.msudrf.ru,нет,50MS0275
Московская область,Лосино-Петровский,,Судебный участок № 283 мирового судьи Щелковского судебного района Московской области,MS,Мировой суд,"141151, Московская обл, г Лосино-Петровский, ул Гоголя, д 5",https://283.mo.msudrf.ru/,283.mo.msudrf.ru,нет,50MS0283
Московская область,Лотошино,,Судебный участок № 104 мирового судьи Волоколамского судебного района Московской области,MS,Мировой суд,"143800, Московская обл, пгт Лотошино, ул Калинина, д 19А",https://104.mo.msudrf.ru/,104.mo.msudrf.ru,нет,50MS0104
Московская область,Луховицы,,Судебный участок № 105 мирового судьи Луховицкого судебного района Московской области,MS,Мировой суд,"140500, Московская обл, г Луховицы, ул Мира, д 16",https://105.mo.msudrf.ru/,105.mo.msudrf.ru,нет,50MS0105
Московская область,Луховицы,,Судебный участок № 106 мирового судьи Луховицкого судебного района Московской области,MS,Мировой суд,"140501, Московская обл, г Луховицы, ул Пушкина, д 132",https://106.mo.msudrf.ru/,106.mo.msudrf.ru,нет,50MS0106
Московская область,Луховицы,,Судебный участок № 107 мирового судьи Луховицкого судебного района Московской области,MS,Мировой суд,"140501, Московская обл, г Луховицы, ул Советская, д 42",https://107.mo.msudrf.ru/,107.mo.msudrf.ru,нет,50MS0107
Московская область,Лыткарино,,Судебный участок № 109 Люберецкого судебного района Московской области,MS,Мировой суд,"140082, Московская обл, г Лыткарино, мкр 5 квартал 1, д 19А",https://109.mo.msudrf.ru/,109.mo.msudrf.ru,нет,50MS0390
Московская область,Лыткарино,,Судебный участок № 303 Люберецкого судебного района Московской области,MS,Мировой суд,"140082, Московская обл, г Лыткарино, мкр 5 квартал 1, д 19А",https://303.mo.msudrf.ru/,303.mo.msudrf.ru,нет,50MS0391
Московская область,Люберцы,,Судебный участок № 110 мирового судьи Люберецкого судебного района Московской области,MS,Мировой суд,"140003, Московская обл, г Люберцы, ул 3-е почтовое отделение, к 30",https://110.mo.msudrf.ru/,110.mo.msudrf.ru,нет,50MS0110
Московская область,Люберцы,,Судебный участок № 111 мирового судьи Люберецкого судебного района Московской области,MS,Мировой суд,"140003, Московская обл, г Люберцы, ул 3-е почтовое отделение, к 30",https://111.mo.msudrf.ru/,111.mo.msudrf.ru,нет,50MS0111
Московская область,Люберцы,,Судебный участок № 112 мирового судьи Люберецкого судебного района Московской области,MS,Мировой суд,"140000, Московская обл, г Люберцы, пр-кт Октябрьский, д 261",https://112.mo.msudrf.ru/,112.mo.msudrf.ru,нет,50MS0112
Московская область,Люберцы,,Судебный участок № 113 мирового судьи Люберецкого судебного района Московской области,MS,Мировой суд,"140003, Московская обл, г Люберцы, ул 3-е почтовое отделение, к 30",https://113.mo.msudrf.ru/,113.mo.msudrf.ru,нет,50MS0113
Московская область,Люберцы,,Судебный участок № 114 мирового судьи Люберецкого судебного района Московской области,MS,Мировой суд,"140000, Московская обл, г Люберцы, пр-кт Октябрьский, д 261",https://114.mo.msudrf.ru/,114.mo.msudrf.ru,нет,50MS0114
Московская область,Люберцы,,Судебный участок № 115 мирового судьи Люберецкого судебного района Московской области,MS,Мировой суд,"140074, Московская обл, г Люберцы, пр-кт Победы, д 11 к 2",https://115.mo.msudrf.ru/,115.mo.msudrf.ru,нет,50MS0115
Московская область,Люберцы,,Судебный участок № 116 мирового судьи Люберецкого судебного района Московской области,MS,Мировой суд,"140000, Московская обл, г Люберцы, пр-кт Октябрьский, д 261",https://116.mo.msudrf.ru/,116.mo.msudrf.ru,нет,50MS0116
Московская область,Люберцы,,Судебный участок № 117 мирового судьи Люберецкого судебного района Московской области,MS,Мировой суд,"140070, Московская обл, г Люберцы, пгт Томилино, ул Гаршина, д 9А к 12",https://117.mo.msudrf.ru/,117.mo.msudrf.ru,нет,50MS0117
Московская область,Люберцы,,Судебный участок № 118 мирового судьи Люберецкого судебного района Московской области,MS,Мировой суд,"140032, Московская обл, г Люберцы, пгт Малаховка, ул Комсомольская, д 1В",https://118.mo.msudrf.ru/,118.mo.msudrf.ru,нет,50MS0118
Московская область,Люберцы,,Судебный участок № 119 мирового судьи Люберецкого судебного района Московской области,MS,Мировой суд,"140050, Московская обл, г Люберцы, пгт Красково, ул 2-я Заводская, д 13",https://119.mo.msudrf.ru/,119.mo.msudrf.ru,нет,50MS0119
Московская область,Люберцы,,Судебный участок № 121 мирового судьи Люберецкого судебного района Московской области,MS,Мировой суд,"140090, Московская обл, г Люберцы, г Дзержинский, ул Дзержинская, д 15",https://121.mo.msudrf.ru/,121.mo.msudrf.ru,нет,50MS0121
Московская область,Люберцы,,Судебный участок № 122 мирового судьи Люберецкого судебного района Московской области,MS,Мировой суд,"140090, Московская обл, г Люберцы, г Дзержинский, ул Томилинская, д 14А",https://22.mo.msudrf.ru/,22.mo.msudrf.ru,нет,50MS0122
Московская область,Люберцы,,Судебный участок № 304 мирового судьи Люберецкого судебного района Московской области,MS,Мировой суд,"140002, Московская обл, г Люберцы, ул Парковая, д 3",https://304.mo.msudrf.ru/,304.mo.msudrf.ru,нет,50MS0304
Московская область,Люберцы,,Судебный участок № 321 мирового судьи Люберецкого судебного района Московской области,MS,Мировой суд,"140015, Московская обл, г Люберцы, пр-кт Гагарина, д 8/7",https://321.mo.msudrf.ru/,321.mo.msudrf.ru,нет,50MS0331
Московская область,Люберцы,,Судебный участок № 344 мирового судьи Люберецкого судебного района Московской области,MS,Мировой суд,"140006, Московская обл, г Люберцы, ул Молодежная, д 8",https://344.mo.msudrf.ru/,344.mo.msudrf.ru,нет,50MS0353
Московская область,Люберцы,,Судебный участок № 345 мирового судьи Люберецкого судебного района Московской области,MS,Мировой суд,"140002, Московская обл, г Люберцы, п Калинина, д 90",https://345.mo.msudrf.ru/,345.mo.msudrf.ru,нет,50MS0354
Московская область,Люберцы,,Судебный участок № 371 Люберецкого судебного района Московской области,MS,Мировой суд,"140002, Московская обл, г Люберцы, п Калинина, д 90",https://371.mo.msudrf.ru/,371.mo.msudrf.ru,нет,50MS0386
Московская область,Люберцы,,Судебный участок № 372 Люберецкого судебного района Московской области,MS,Мировой суд,"140006, Московская обл, г Люберцы, ул Молодежная, д 8",https://372.mo.msudrf.ru/,372.mo.msudrf.ru,нет,50MS0387
Московская область,Можайск,,Судебный участок № 123 мирового судьи Можайского судебного района Московской области,MS,Мировой суд,"143204, Московская обл, г Можайск, ул Красных Партизан, д 21",https://123.mo.msudrf.ru/,123.mo.msudrf.ru,нет,50MS0123
Московская область,Можайск,,Судебный участок № 124 мирового судьи Можайского судебного района Московской области,MS,Мировой суд,"143204, Московская обл, г Можайск, ул Коммунистическая, д 35А",https://124.mo.msudrf.ru/,124.mo.msudrf.ru,нет,50MS0124
Московская область,Можайск,,Судебный участок № 125 мирового судьи Можайского судебного района Московской области,MS,Мировой суд,"143204, Московская обл, г Можайск, ул Красных Партизан, д 21",https://125.mo.msudrf.ru/,125.mo.msudrf.ru,нет,50MS0125
Московская область,Можайск,,Судебный участок № 305 мирового судьи Можайского судебного района Московской области,MS,Мировой суд,"143204, Московская обл, г Можайск, ул Красных Партизан, д 21",https://305.mo.msudrf.ru/,305.mo.msudrf.ru,нет,50MS0305
Московская область,Мытищи,,Судебный участок № 126 мирового судьи Мытищинского судебного района Московской области,MS,Мировой суд,"141006, Московская обл, г Мытищи, ул Рождественская, д 7",https://126.mo.msudrf.ru/,126.mo.msudrf.ru,нет,50MS0126
Московская область,Мытищи,,Судебный участок № 127 мирового судьи Мытищинского судебного района Московской области,MS,Мировой суд,"141008, Московская обл, г Мытищи, ул Мира, стр 18",https://127.mo.msudrf.ru/,127.mo.msudrf.ru,нет,50MS0127
Московская область,Мытищи,,Судебный участок № 128 мирового судьи Мытищинского судебного района Московской области,MS,Мировой суд,"141008, Московская обл, г Мытищи, ул Терешковой, д 6А",https://128.mo.msudrf.ru/,128.mo.msudrf.ru,нет,50MS0128
Московская область,Мытищи,,Судебный участок № 129 мирового судьи Мытищинского судебного района Московской области,MS,Мировой суд,"141014, Московская обл, г Мытищи, ул Семашко, д 20",https://129.mo.msudrf.ru/,129.mo.msudrf.ru,нет,50MS0129
Московская область,Мытищи,,Судебный участок № 130 мирового судьи Мытищинского судебного района Московской области,MS,Мировой суд,"141006, Московская обл, г Мытищи, пр-кт Олимпийский, д 15 к 16",https://130.mo.msudrf.ru/,130.mo.msudrf.ru,нет,50MS0130
Московская область,Мытищи,,Судебный участок № 131 мирового судьи Мытищинского судебного района Московской области,MS,Мировой суд,"141009, Московская область, г. Мытищи, ул. Карла Маркса, д. 4, этаж 3, кабинеты 311, 313",https://131.mo.msudrf.ru/,131.mo.msudrf.ru,нет,50MS0131
Московская область,Мытищи,,Судебный участок № 132 мирового судьи Мытищинского судебного района Московской области,MS,Мировой суд,"141033, Московская обл, г Мытищи, мкр Поселок Пироговский, ул Фабричная, д 11А",https://132.mo.msudrf.ru/,132.mo.msudrf.ru,нет,50MS0132
Московская область,Мытищи,,Судебный участок № 133 мирового судьи Мытищинского судебного района Московской области,MS,Мировой суд,"141009, Московская обл, г Мытищи, проезд 2-й Первомайский, д 4",https://133.mo.msudrf.ru/,133.mo.msudrf.ru,нет,50MS0133
Московская область,Мытищи,,Судебный участок № 306 мирового судьи Мытищинского судебного района Московской области,MS,Мировой суд,"141006, Московская обл, г Мытищи, ул Рождественская, д 7",https://306.mo.msudrf.ru/,306.mo.msudrf.ru,нет,50MS0306
Московская область,Мытищи,,Судебный участок № 347 мирового судьи Мытищинского судебного района Московской области,MS,Мировой суд,"141008, Московская обл, г Мытищи, ул Мира, д 37",https://347.mo.msudrf.ru/,347.mo.msudrf.ru,нет,50MS0356
Московская область,Мытищи,,Судебный участок № 348 мирового судьи Мытищинского судебного района Московской области,MS,Мировой суд,"141008, Московская обл, г Мытищи, ул Мира, стр 18",https://348.mo.msudrf.ru/,348.mo.msudrf.ru,нет,50MS0357
Московская область,Мытищи,,Судебный участок № 349 мирового судьи Мытищинского судебного района Московской области,MS,Мировой суд,"141008, Московская обл, г Мытищи, ул Мира, стр 18",https://349.mo.msudrf.ru/,349.mo.msudrf.ru,нет,50MS0358
Московская область,Мытищи,,Судебный участок № 373 Мытищинского судебного района Московской области,MS,Мировой суд,"141008, Московская обл, г Мытищи, ул Мира, д 37",https://373.mo.msudrf.ru/,373.mo.msudrf.ru,нет,50MS0388
Московская область,Наро-Фоминск,,Судебный участок № 134 мирового судьи Наро-Фоминского судебного района Московской области,MS,Мировой суд,"143306, Московская обл, г Наро-Фоминск, ул Ленина, д 13",https://134.mo.msudrf.ru/,134.mo.msudrf.ru,нет,50MS0134
Московская область,Наро-Фоминск,,Судебный участок № 135 мирового судьи Наро-Фоминского судебного района Московской области,MS,Мировой суд,"143301, Московская обл, г Наро-Фоминск, ул Шибанкова, д 44",https://135.mo.msudrf.ru/,135.mo.msudrf.ru,нет,50MS0135
Московская область,Наро-Фоминск,,Судебный участок № 136 мирового судьи Наро-Фоминского судебного района Московской области,MS,Мировой суд,"143301, Московская обл, г Наро-Фоминск, ул Шибанкова, д 7",https://136.mo.msudrf.ru/,136.mo.msudrf.ru,нет,50MS0136
Московская область,Наро-Фоминск,,Судебный участок № 137 мирового судьи Наро-Фоминского судебного района Московской области,MS,Мировой суд,"143360, Московская обл, г Наро-Фоминск, г Апрелевка, ул 1-я Заводская, д 17",https://137.mo.msudrf.ru/,137.mo.msudrf.ru,нет,50MS0137
Московская область,Наро-Фоминск,,Судебный участок № 139 мирового судьи Наро-Фоминского судебного района Московской области,MS,Мировой суд,"143330, Московская обл, г Наро-Фоминск, г Верея, пл Советская, д 13/1",https://139.mo.msudrf.ru/,139.mo.msudrf.ru,нет,50MS0139
Московская область,Наро-Фоминск,,Судебный участок № 140 мирового судьи Наро-Фоминского судебного района Московской области,MS,Мировой суд,"143306, Московская обл, г Наро-Фоминск, ул Ленина, д 12",https://140.mo.msudrf.ru/,140.mo.msudrf.ru,нет,50MS0140
Московская область,Наро-Фоминск,,Судебный участок № 141 мирового судьи Наро-Фоминского судебного района Московской области,MS,Мировой суд,"143306, Московская обл, г Наро-Фоминск, ул Ленина, д 12",https://141.mo.msudrf.ru/,141.mo.msudrf.ru,нет,50MS0141
Московская область,Наро-Фоминск,,Судебный участок № 307 мирового судьи Наро-Фоминского судебного района Московской области,MS,Мировой суд,"143301, Московская обл, г Наро-Фоминск, ул Шибанкова, д 44",https://307.mo.msudrf.ru/,307.mo.msudrf.ru,нет,50MS0307
Московская область,Нахабино-1,,Судебный участок № 94 мирового судьи Красногорского судебного района Московской области,MS,Мировой суд,"143430, Московская область, п. Нахабино-1, ул. Советская, д. 28",https://94.mo.msudrf.ru/,94.mo.msudrf.ru,нет,50MS0094
Московская область,Ногинск,,Судебный участок № 142 мирового судьи Ногинского судебного района Московской области,MS,Мировой суд,"142400, Московская обл, г Ногинск, ул Белякова, д 5",https://142.mo.msudrf.ru/,142.mo.msudrf.ru,нет,50MS0142
Московская область,Ногинск,,Судебный участок № 143 мирового судьи Ногинского судебного района Московской области,MS,Мировой суд,"142403, Московская обл, г Ногинск, ул Краснослободская, д 2А",https://143.mo.msudrf.ru/,143.mo.msudrf.ru,нет,50MS0143
Московская область,Ногинск,,Судебный участок № 144 мирового судьи Ногинского судебного района Московской области,MS,Мировой суд,"142438, Московская обл, г Ногинск, д Большое Буньково, мкр Фабрики, д 45А",https://144.mo.msudrf.ru/,144.mo.msudrf.ru,нет,50MS0144
Московская область,Ногинск,,Судебный участок № 145 мирового судьи Ногинского судебного района Московской области,MS,Мировой суд,"142412, Московская обл, г Ногинск, ул Климова, д 21",https://145.mo.msudrf.ru/,145.mo.msudrf.ru,нет,50MS0145
Московская область,Ногинск,,Судебный участок № 146 мирового судьи Ногинского судебного района Московской области,MS,Мировой суд,"142407, Московская обл, г Ногинск, ул 3-го Интернационала, д 226А",https://146.mo.msudrf.ru/,146.mo.msudrf.ru,нет,50MS0146
Московская область,Ногинск,,Судебный участок № 147 мирового судьи Ногинского судебного района Московской области,MS,Мировой суд,"142455, Московская обл, г Ногинск, г Электроугли, ул Маяковского, д 5",https://147.mo.msudrf.ru/,147.mo.msudrf.ru,нет,50MS0147
Московская область,Ногинск,,Судебный участок № 148 мирового судьи Ногинского судебного района Московской области,MS,Мировой суд,"142450, Московская обл, г Ногинск, г Старая Купавна, ул Большая Московская, д 132",https://148.mo.msudrf.ru/,148.mo.msudrf.ru,нет,50MS0148
Московская область,Ногинск,,Судебный участок № 149 мирового судьи Ногинского судебного района Московской области,MS,Мировой суд,"142440, Московская обл, г Ногинск, пгт Обухово, ул Комбинат, д 50",https://149.mo.msudrf.ru/,149.mo.msudrf.ru,нет,50MS0149
Московская область,Ногинск,,Судебный участок № 150 мирового судьи Ногинского судебного района Московской области,MS,Мировой суд,"142403, Московская обл, г Ногинск, ул Краснослободская, д 4А",https://150.mo.msudrf.ru/,150.mo.msudrf.ru,нет,50MS0150
Московская область,Ногинск,,Судебный участок № 308 мирового судьи Ногинского судебного района Московской области,MS,Мировой суд,"142411, Московская обл, г Ногинск, д Молзино, ул Советская, д 61",https://308.mo.msudrf.ru/,308.mo.msudrf.ru,нет,50MS0308
Московская область,Одинцово,,Судебный участок № 152 мирового судьи Одинцовского судебного района Московской области,MS,Мировой суд,"143005, Московская обл, г Одинцово, ул Чикина, д 15",https://52.mo.msudrf.ru/,52.mo.msudrf.ru,нет,50MS0152
Московская область,Одинцово,,Судебный участок № 153 мирового судьи Одинцовского судебного района Московской области,MS,Мировой суд,"143005, Московская обл, г Одинцово, ул Говорова, д 38",https://153.mo.msudrf.ru/,153.mo.msudrf.ru,нет,50MS0153
Московская область,Одинцово,,Судебный участок № 154 мирового судьи Одинцовского судебного района Московской области,MS,Мировой суд,"143005, Московская обл, г Одинцово, б-р Маршала Крылова, д 3",https://154.mo.msudrf.ru/,154.mo.msudrf.ru,нет,50MS0154
Московская область,Одинцово,,Судебный участок № 155 мирового судьи Одинцовского судебного района Московской области,MS,Мировой суд,"143005, Московская обл, г Одинцово, ул Чикина, д 15",https://http/,http,нет,50MS0155
Московская область,Одинцово,,Судебный участок № 156 мирового судьи Одинцовского судебного района Московской области,MS,Мировой суд,"143006, Московская обл, г Одинцово, ул Солнечная, д 9",https://156.mo.msudrf.ru/,156.mo.msudrf.ru,нет,50MS0156
Московская область,Одинцово,,Судебный участок № 157 мирового судьи Одинцовского судебного района Московской области,MS,Мировой суд,"143005, Московская обл, г Одинцово, ул Чикина, д 15",https://157.mo.msudrf.ru/,157.mo.msudrf.ru,нет,50MS0157
Московская область,Одинцово,,Судебный участок № 158 мирового судьи Одинцовского судебного района Московской области,MS,Мировой суд,"143040, Московская обл, г Одинцово, г Голицыно, ш Звенигородское, д 15",https://158.mo.msudrf.ru/,158.mo.msudrf.ru,нет,50MS0158
Московская область,Одинцово,,Судебный участок № 159 мирового судьи Одинцовского судебного района Московской области,MS,Мировой суд,"143040, Московская обл, г Одинцово, г Голицыно, ш Звенигородское, д 15",https://159.mo.msudrf.ru/,159.mo.msudrf.ru,нет,50MS0159
Московская область,Одинцово,,Судебный участок № 160 мирового судьи Одинцовского судебного района Московской области,MS,Мировой суд,"143070, Московская обл, г Одинцово, г Кубинка, ш Наро-Фоминское, д 9",https://160.mo.msudrf.ru/,160.mo.msudrf.ru,нет,50MS0160
Московская область,Одинцово,,Судебный участок № 161 мирового судьи Одинцовского судебного района Московской области,MS,Мировой суд,"143079, Московская обл, г Одинцово, пгт Старый Городок, ул Школьная, д 33",https://161.mo.msudrf.ru/,161.mo.msudrf.ru,нет,50MS0161
Московская область,Одинцово,,Судебный участок № 162 мирового судьи Одинцовского судебного района Московской области,MS,Мировой суд,"143040, Московская обл, г Одинцово, г Голицыно, ш Звенигородское, д 15",https://162.mo.msudrf.ru/,162.mo.msudrf.ru,нет,50MS0162
Московская область,Одинцово,,Судебный участок № 163 мирового судьи Одинцовского судебного района Московской области,MS,Мировой суд,"143032, Московская обл, г Одинцово, п Горки-10, ш Рублево-Успенское, д 45",https://163.mo.msudrf.ru/,163.mo.msudrf.ru,нет,50MS0163
Московская область,Одинцово,,Судебный участок № 309 мирового судьи Одинцовского судебного района Московской области,MS,Мировой суд,"143003, Московская обл, г Одинцово, ул Северная, д 57, помещ V-1",https://309.mo.msudrf.ru/,309.mo.msudrf.ru,нет,50MS0309
Московская область,Одинцово,,Судебный участок № 322 мирового судьи Одинцовского судебного района Московской области,MS,Мировой суд,"143080, Московская обл, г Одинцово, пгт Лесной Городок, ул Фасадная, д 3",https://322.mo.msudrf.ru/,322.mo.msudrf.ru,нет,50MS0332
Московская область,Одинцово,,Судебный участок № 350 мирового судьи Одинцовского судебного района Московской области,MS,Мировой суд,"143006, Московская обл, г Одинцово, ул Комсомольская, д 3",https://350.mo.msudrf.ru/,350.mo.msudrf.ru,нет,50MS0359
Московская область,Одинцово,,Судебный участок № 58 мирового судьи Одинцовского судебного района Московской области,MS,Мировой суд,"143180, Московская обл, г Одинцово, г Звенигород, ул Красная Гора, д 15",https://58.mo.msudrf.ru/,58.mo.msudrf.ru,нет,50MS0058
Московская область,Орехово-Зуево,,Судебный участок № 167 мирового судьи Орехово-Зуевского судебного района Московской области,MS,Мировой суд,"142605, Московская обл, г Орехово-Зуево, ул Пушкина, д 1 к а",https://167.mo.msudrf.ru/,167.mo.msudrf.ru,нет,50MS0167
Московская область,Орехово-Зуево,,Судебный участок № 168 мирового судьи Орехово-Зуевского судебного района Московской области,MS,Мировой суд,"142605, Московская обл, г Орехово-Зуево, ул Пушкина, д 1 к а",https://168.mo.msudrf.ru/,168.mo.msudrf.ru,нет,50MS0168
Московская область,Орехово-Зуево,,Судебный участок № 169 мирового судьи Орехово-Зуевского судебного района Московской области,MS,Мировой суд,"142605, Московская обл, г Орехово-Зуево, ул Пушкина, д 1 к а",https://169.mo.msudrf.ru/,169.mo.msudrf.ru,нет,50MS0169
Московская область,Орехово-Зуево,,Судебный участок № 170 мирового судьи Орехово-Зуевского судебного района Московской области,MS,Мировой суд,"142605, Московская обл, г Орехово-Зуево, ул Пушкина, д 1 к а",https://170.mo.msudrf.ru/,170.mo.msudrf.ru,нет,50MS0170
Московская область,Орехово-Зуево,,Судебный участок № 171 мирового судьи Орехово-Зуевского судебного района Московской области,MS,Мировой суд,"142605, Московская обл, г Орехово-Зуево, ул Пушкина, д 1 к а",https://171.mo.msudrf.ru/,171.mo.msudrf.ru,нет,50MS0171
Московская область,Орехово-Зуево,,Судебный участок № 172 мирового судьи Орехово-Зуевского судебного района Московской области,MS,Мировой суд,"142620, Московская обл, г Орехово-Зуево, г Куровское, ул Советская, д 105",https://172.mo.msudrf.ru/,172.mo.msudrf.ru,нет,50MS0172
Московская область,Орехово-Зуево,,Судебный участок № 173 мирового судьи Орехово-Зуевского судебного района Московской области,MS,Мировой суд,"142620, Московская обл, г Орехово-Зуево, г Куровское, ул Советская, д 105",https://173.mo.msudrf.ru/,173.mo.msudrf.ru,нет,50MS0173
Московская область,Орехово-Зуево,,Судебный участок № 174 мирового судьи Орехово-Зуевского судебного района Московской области,MS,Мировой суд,"142671, Московская обл, г Орехово-Зуево, г Ликино-Дулёво, ул 1 Мая, д 14А",https://174.mo.msudrf.ru/,174.mo.msudrf.ru,нет,50MS0174
Московская область,Орехово-Зуево,,Судебный участок № 175 мирового судьи Орехово-Зуевского судебного района Московской области,MS,Мировой суд,"142671, Московская обл, г Орехово-Зуево, г Ликино-Дулёво, ул 1 Мая, д 14А",https://175.mo.msudrf.ru/,175.mo.msudrf.ru,нет,50MS0175
Московская область,Орехово-Зуево,,Судебный участок № 176 мирового судьи Орехово-Зуевского судебного района Московской области,MS,Мировой суд,"142660, Московская обл, г Орехово-Зуево, г Дрезна, ул 2-я Ленинская, д 3",https://176.mo.msudrf.ru/,176.mo.msudrf.ru,нет,50MS0176
Московская область,Орехово-Зуево,,Судебный участок № 177 мирового судьи Орехово-Зуевского судебного района Московской области,MS,Мировой суд,"142600, Московская обл, г Орехово-Зуево, ул Мадонская, д 28 к 4",https://177.mo.msudrf.ru/,177.mo.msudrf.ru,нет,50MS0177
Московская область,Орехово-Зуево,,Судебный участок № 324 мирового судьи Орехово-Зуевского судебного района Московской области,MS,Мировой суд,"142600, Московская обл, г Орехово-Зуево, ул Мадонская, д 28 к 4",https://324.mo.msudrf.ru/,324.mo.msudrf.ru,нет,50MS0334
Московская область,Павловский Посад,,Судебный участок № 178 мирового судьи Павлово-Посадского судебного района Московской области,MS,Мировой суд,"142500, Московская обл, г Павловский Посад, ул Свердлова, д 27",https://178.mo.msudrf.ru/,178.mo.msudrf.ru,нет,50MS0178
Московская область,Павловский Посад,,Судебный участок № 179 мирового судьи Павлово-Посадского судебного района Московской области,MS,Мировой суд,"142500, Московская обл, г Павловский Посад, ул Кропоткина, д 32",https://179.mo.msudrf.ru/,179.mo.msudrf.ru,нет,50MS0179
Московская область,Павловский Посад,,Судебный участок № 180 мирового судьи Павлово-Посадского судебного района Московской области,MS,Мировой суд,"142502, Московская обл, г Павловский Посад, ул Фрунзе, д 30",https://180.mo.msudrf.ru/,180.mo.msudrf.ru,нет,50MS0180
Московская область,Павловский Посад,,Судебный участок № 182 мирового судьи Павлово-Посадского судебного района Московской области,MS,Мировой суд,"142530, Московская обл, г Павловский Посад, г Электрогорск, ул К.Маркса, д 8А",https://182.mo.msudrf.ru/,182.mo.msudrf.ru,нет,50MS0182
Московская область,Павловский Посад,,Судебный участок № 351 мирового судьи Павлово-Посадского судебного района Московской области,MS,Мировой суд,"142500, Московская обл, г Павловский Посад, ул Кропоткина, д 32",https://351.mo.msudrf.ru/,351.mo.msudrf.ru,нет,50MS0360
Московская область,Подольск,,Судебный участок № 183 мирового судьи Подольского судебного района Московской области,MS,Мировой суд,"142106, Московская обл, г Подольск, пр-кт Ленина, д 10",https://183.mo.msudrf.ru/,183.mo.msudrf.ru,нет,50MS0183
Московская область,Подольск,,Судебный участок № 184 мирового судьи Подольского судебного района Московской области,MS,Мировой суд,"142106, Московская обл, г Подольск, пр-кт Ленина, д 8",https://184.mo.msudrf.ru/,184.mo.msudrf.ru,нет,50MS0184
Московская область,Подольск,,Судебный участок № 185 мирового судьи Подольского судебного района Московской области,MS,Мировой суд,"142117, Московская обл, г Подольск, ул Кирова, д 64",https://185.mo.msudrf.ru/,185.mo.msudrf.ru,нет,50MS0185
Московская область,Подольск,,Судебный участок № 186 мирового судьи Подольского судебного района Московской области,MS,Мировой суд,"142180, Московская обл, г Подольск, мкр Климовск, ул Ленина, д 1",https://186.mo.msudrf.ru/,186.mo.msudrf.ru,нет,50MS0186
Московская область,Подольск,,Судебный участок № 187 мирового судьи Подольского судебного района Московской области,MS,Мировой суд,"142117, Московская обл, г Подольск, ул Кирова, д 64",https://187.mo.msudrf.ru/,187.mo.msudrf.ru,нет,50MS0187
Московская область,Подольск,,Судебный участок № 188 мирового судьи Подольского судебного района Московской области,MS,Мировой суд,"142106, Московская обл, г Подольск, пр-кт Ленина, д 8",https://188.mo.msudrf.ru/,188.mo.msudrf.ru,нет,50MS0188
Московская область,Подольск,,Судебный участок № 189 мирового судьи Подольского судебного района Московской области,MS,Мировой суд,"142121, Московская обл, г Подольск, ул Ленинградская, д 17",https://189.mo.msudrf.ru/,189.mo.msudrf.ru,нет,50MS0189
Московская область,Подольск,,Судебный участок № 190 мирового судьи Подольского судебного района Московской области,MS,Мировой суд,"142121, Московская обл, г Подольск, ул Ленинградская, д 17",https://190.mo.msudrf.ru/,190.mo.msudrf.ru,нет,50MS0190
Московская область,Подольск,,Судебный участок № 191 мирового судьи Подольского судебного района Московской области,MS,Мировой суд,"142155, Московская обл, г Подольск, мкр Львовский, ул Красная, д 7А",https://191.mo.msudrf.ru/,191.mo.msudrf.ru,нет,50MS0191
Московская область,Подольск,,Судебный участок № 194 мирового судьи Подольского судебного района Московской области,MS,Мировой суд,"142117, Московская обл, г Подольск, пр-кт Октябрьский, д 9А",https://194.mo.msudrf.ru/,194.mo.msudrf.ru,нет,50MS0194
Московская область,Подольск,,Судебный участок № 301 мирового судьи Подольского судебного района Московской области,MS,Мировой суд,"142180, Московская обл, г Подольск, мкр Климовск, ул Ленина, д 5",https://301.mo.msudrf.ru/,301.mo.msudrf.ru,нет,50MS0301
Московская область,Подольск,,Судебный участок № 325 мирового судьи Подольского судебного района Московской области,MS,Мировой суд,"142106, Московская обл, г Подольск, пр-кт Ленина, д 10",https://325.mo.msudrf.ru/,325.mo.msudrf.ru,нет,50MS0335
Московская область,Подольск,,Судебный участок № 352 мирового судьи Подольского судебного района Московской области,MS,Мировой суд,"142180, Московская обл, г Подольск, мкр Климовск, ул Ленина, д 5",https://352.mo.msudrf.ru/,352.mo.msudrf.ru,нет,50MS0361
Московская область,Подольск,,Судебный участок № 69 мирового судьи Подольского судебного района Московской области,MS,Мировой суд,"142180, Московская обл, г Подольск, мкр Климовск, ул Ленина, д 5",https://69.mo.msudrf.ru/,69.mo.msudrf.ru,нет,50MS0069
Московская область,Подольск,,Судебный участок № 70 мирового судьи Подольского судебного района Московской области,MS,Мировой суд,"142180, Московская обл, г Подольск, мкр Климовск, ул Ленина, д 5",https://70.mo.msudrf.ru/,70.mo.msudrf.ru,нет,50MS0070
Московская область,Пушкино,,Судебный участок № 200 мирового судьи Пушкинского судебного района Московской области,MS,Мировой суд,"141206, Московская обл, г Пушкино, ул Первомайская, д 11/8",https://200.mo.msudrf.ru/,200.mo.msudrf.ru,нет,50MS0200
Московская область,Пушкино,,Судебный участок № 201 мирового судьи Пушкинского судебного района Московской области,MS,Мировой суд,"141207, Московская обл, г Пушкино, ул Крылова, д 6",https://201.mo.msudrf.ru/,201.mo.msudrf.ru,нет,50MS0201
Московская область,Пушкино,,Судебный участок № 202 мирового судьи Пушкинского судебного района Московской области,MS,Мировой суд,"141202, Московская обл, г Пушкино, мкр Дзержинец, д 2",https://202.mo.msudrf.ru/,202.mo.msudrf.ru,нет,50MS0202
Московская область,Пушкино,,Судебный участок № 203 мирового судьи Пушкинского судебного района Московской области,MS,Мировой суд,"141207, Московская обл, г Пушкино, пр-кт Московский, д 42",https://203.mo.msudrf.ru/,203.mo.msudrf.ru,нет,50MS0203
Московская область,Пушкино,,Судебный участок № 204 мирового судьи Пушкинского судебного района Московской области,MS,Мировой суд,"141270, Московская обл, г Пушкино, пгт Софрино, ул Тютчева, д 42",https://204.mo.msudrf.ru/,204.mo.msudrf.ru,нет,50MS0204
Московская область,Пушкино,,Судебный участок № 205 мирового судьи Пушкинского судебного района Московской области,MS,Мировой суд,"141260, Московская обл, г Пушкино, пгт Правдинский, ул Котовского, д 1А",https://205.mo.msudrf.ru/,205.mo.msudrf.ru,нет,50MS0205
Московская область,Пушкино,,Судебный участок № 206 мирового судьи Пушкинского судебного района Московской области,MS,Мировой суд,"141207, Московская обл, г Пушкино, пр-кт Московский, д 42",https://206.mo.msudrf.ru/,206.mo.msudrf.ru,нет,50MS0206
Московская область,Пушкино,,Судебный участок № 300 мирового судьи Ивантеевского судебного района Московской области,MS,Мировой суд,"141282, Московская обл, г Пушкино, г Ивантеевка, пр-кт Советский, д 26",https://300.mo.msudrf.ru/,300.mo.msudrf.ru,нет,50MS0300
Московская область,Пушкино,,Судебный участок № 311 мирового судьи Пушкинского судебного района Московской области,MS,Мировой суд,"141207, Московская обл, г Пушкино, пр-кт Московский, д 42",https://311.mo.msudrf.ru/,311.mo.msudrf.ru,нет,50MS0311
Московская область,Пушкино,,Судебный участок № 374 Пушкинского судебного района Московской области,MS,Мировой суд,"141207, Московская обл, г Пушкино, пр-кт Московский, д 42",https://374.mo.msudrf.ru/,374.mo.msudrf.ru,нет,50MS0389
Московская область,Пушкино,,Судебный участок № 59 мирового судьи Ивантеевского судебного района Московской области,MS,Мировой суд,"141282, Московская обл, г Пушкино, г Ивантеевка, пр-кт Советский, д 26",https://59.mo.msudrf.ru/,59.mo.msudrf.ru,нет,50MS0059
Московская область,Пушкино,,Судебный участок № 60 мирового судьи Ивантеевского судебного района Московской области,MS,Мировой суд,"141281, Московская обл, г Пушкино, г Ивантеевка, ул Трудовая, д 14",https://60.mo.msudrf.ru/,60.mo.msudrf.ru,нет,50MS0060
Московская область,Раменское,,Судебный участок № 209 мирового судьи Раменского судебного района Московской области,MS,Мировой суд,"140104, Московская обл, г Раменское, ул Москворецкая, стр 3А",https://209.mo.msudrf.ru/,209.mo.msudrf.ru,нет,50MS0209
Московская область,Раменское,,Судебный участок № 210 мирового судьи Раменского судебного района Московской области,MS,Мировой суд,"140108, Московская обл, г Раменское, ул Бронницкая, д 33",https://210.mo.msudrf.ru/,210.mo.msudrf.ru,нет,50MS0210
Московская область,Раменское,,Судебный участок № 211 мирового судьи Раменского судебного района Московской области,MS,Мировой суд,"140100, Московская обл, г Раменское, ул Воровского, д 1Б",https://211.mo.msudrf.ru/,211.mo.msudrf.ru,нет,50MS0211
Московская область,Раменское,,Судебный участок № 212 мирового судьи Раменского судебного района Московской области,MS,Мировой суд,"140100, Московская обл, г Раменское, ул Воровского, д 1Б",https://212.mo.msudrf.ru/,212.mo.msudrf.ru,нет,50MS0212
Московская область,Раменское,,Судебный участок № 213 мирового судьи Раменского судебного района Московской области,MS,Мировой суд,"140127, Московская обл, г Раменское, п Гжелка",https://213.mo.msudrf.ru/,213.mo.msudrf.ru,нет,50MS0213
Московская область,Раменское,,Судебный участок № 215 мирового судьи Раменского судебного района Московской области,MS,Мировой суд,"140104, Московская обл, г Раменское, ул Москворецкая, д 3А",https://215.mo.msudrf.ru/,215.mo.msudrf.ru,нет,50MS0215
Московская область,Раменское,,Судебный участок № 216 мирового судьи Раменского судебного района Московской области,MS,Мировой суд,"140104, Московская обл, г Раменское, ул Москворецкая, стр 3А",https://216.mo.msudrf.ru/,216.mo.msudrf.ru,нет,50MS0216
Московская область,Раменское,,Судебный участок № 217 мирового судьи Раменского судебного района Московской области,MS,Мировой суд,"140104, Московская обл, г Раменское, ул Москворецкая, стр 3А",https://217.mo.msudrf.ru/,217.mo.msudrf.ru,нет,50MS0217
Московская область,Раменское,,Судебный участок № 326 мирового судьи Раменского судебного района Московской области,MS,Мировой суд,"140108, Московская обл, г Раменское, ул Бронницкая, д 33",https://326.mo.msudrf.ru/,326.mo.msudrf.ru,нет,50MS0336
Московская область,Раменское,,Судебный участок № 353 мирового судьи Раменского судебного района Московской области,MS,Мировой суд,"140100, Московская обл, г Раменское, ул Воровского, д 1Б",https://353.mo.msudrf.ru/,353.mo.msudrf.ru,нет,50MS0362
Московская область,Реутов,,Судебный участок № 219 мирового судьи Реутовского судебного района Московской области,MS,Мировой суд,"143965, Московская обл, г Реутов, пр-кт Юбилейный, д 48",https://219.mo.msudrf.ru/,219.mo.msudrf.ru,нет,50MS0219
Московская область,Реутов,,Судебный участок № 220 мирового судьи Реутовского судебного района Московской области,MS,Мировой суд,"143960, Московская обл, г Реутов, ул Лесная, д 4",https://220.mo.msudrf.ru/,220.mo.msudrf.ru,нет,50MS0220
Московская область,Реутов,,Судебный участок № 221 мирового судьи Реутовского судебного района Московской области,MS,Мировой суд,"143960, Московская обл, г Реутов, пр-кт Мира, д 17",https://221.mo.msudrf.ru/,221.mo.msudrf.ru,нет,50MS0221
Московская область,Реутов,,Судебный участок № 313 мирового судьи Реутовского судебного района Московской области,MS,Мировой суд,"143960, Московская обл, г Реутов, ул Новая, д 19",https://313.mo.msudrf.ru/,313.mo.msudrf.ru,нет,50MS0313
Московская область,Реутов,,Судебный участок № 327 мирового судьи Реутовского судебного района Московской области,MS,Мировой суд,"143968, Московская обл, г Реутов, ул Некрасова, д 16",https://327.mo.msudrf.ru/,327.mo.msudrf.ru,нет,50MS0337
Московская область,Рошаль,,Судебный участок № 360 Шатурского судебного района Московской области,MS,Мировой суд,"140730, Московская область, муниципальный округ Шатура, г. Рошаль, ул. Октябрьской революции, д.16",https://360.mo.msudrf.ru/,360.mo.msudrf.ru,нет,50MS0377
Московская область,Руза,,Судебный участок № 222 мирового судьи Рузского судебного района Московской области,MS,Мировой суд,"143132, Московская обл, г Руза, пгт Тучково, ул Лебеденко, д 23",https://222.mo.msudrf.ru/,222.mo.msudrf.ru,нет,50MS0222
Московская область,Руза,,Судебный участок № 223 мирового судьи Рузского судебного района Московской области,MS,Мировой суд,"143103, Московская обл, г Руза, пл Партизан, д 4",https://223.mo.msudrf.ru/,223.mo.msudrf.ru,нет,50MS0223
Московская область,Руза,,Судебный участок № 224 мирового судьи Рузского судебного района Московской области,MS,Мировой суд,"143103, Московская обл, г Руза, пл Партизан, д 4",https://224.mo.msudrf.ru/,224.mo.msudrf.ru,нет,50MS0224
Московская область,Руза,,Судебный участок № 328 мирового судьи Рузского судебного района Московской области,MS,Мировой суд,"143103, Московская обл, г Руза, пл Партизан, д 12Г",https://328.mo.msudrf.ru/,328.mo.msudrf.ru,нет,50MS0338
Московская область,Сергиев Посад,,Судебный участок № 225 мирового судьи Сергиево-Посадского судебного района Московской области,MS,Мировой суд,"141300, Московская обл, г Сергиев Посад, пр-кт Красной Армии, д 86/2",https://225.mo.msudrf.ru/,225.mo.msudrf.ru,нет,50MS0225
Московская область,Сергиев Посад,,Судебный участок № 226 мирового судьи Сергиево-Посадского судебного района Московской области,MS,Мировой суд,"141313, Московская обл, г Сергиев Посад, ул Академика Силина, д 7",https://226.mo.msudrf.ru/,226.mo.msudrf.ru,нет,50MS0226
Московская область,Сергиев Посад,,Судебный участок № 227 мирового судьи Сергиево-Посадского судебного района Московской области,MS,Мировой суд,"141304, Московская обл, г Сергиев Посад, ул Толстого, д 2Б",https://227.mo.msudrf.ru/,227.mo.msudrf.ru,нет,50MS0227
Московская область,Сергиев Посад,,Судебный участок № 228 мирового судьи Сергиево-Посадского судебного района Московской области,MS,Мировой суд,"141300, Московская обл, г Сергиев Посад, ул Вознесенская, д 55",https://228.mo.msudrf.ru/,228.mo.msudrf.ru,нет,50MS0228
Московская область,Сергиев Посад,,Судебный участок № 229 мирового судьи Сергиево-Посадского судебного района Московской области,MS,Мировой суд,"141300, Московская обл, г Сергиев Посад, ул Вознесенская, д 55",https://229.mo.msudrf.ru/,229.mo.msudrf.ru,нет,50MS0229
Московская область,Сергиев Посад,,Судебный участок № 230 мирового судьи Сергиево-Посадского судебного района Московской области,MS,Мировой суд,"141371, Московская обл, г Сергиев Посад, г Хотьково, ул Черняховского, д 4",https://230.mo.msudrf.ru/,230.mo.msudrf.ru,нет,50MS0230
Московская область,Сергиев Посад,,Судебный участок № 231 мирового судьи Сергиево-Посадского судебного района Московской области,MS,Мировой суд,"141336, Московская обл, г Сергиев Посад, п Реммаш, ул Спортивная, д 9",https://231.mo.msudrf.ru/,231.mo.msudrf.ru,нет,50MS0231
Московская область,Сергиев Посад,,Судебный участок № 232 мирового судьи Сергиево-Посадского судебного района Московской области,MS,Мировой суд,"141320, Московская обл, г Сергиев Посад, г Пересвет, ул Первомайская, д 6",https://232.mo.msudrf.ru/,232.mo.msudrf.ru,нет,50MS0232
Московская область,Сергиев Посад,,Судебный участок № 233 мирового судьи Сергиево-Посадского судебного района Московской области,MS,Мировой суд,"141321, Московская обл, г Сергиев Посад, г Краснозаводск, ул Строителей, д 20",https://233.mo.msudrf.ru/,233.mo.msudrf.ru,нет,50MS0233
Московская область,Сергиев Посад,,Судебный участок № 234 мирового судьи Сергиево-Посадского судебного района Московской области,MS,Мировой суд,"141313, Московская обл, г Сергиев Посад, ул Академика Силина, д 7",https://234.mo.msudrf.ru/,234.mo.msudrf.ru,нет,50MS0234
Московская область,Сергиев Посад,,Судебный участок № 354 мирового судьи Сергиево-Посадского судебного района Московской области,MS,Мировой суд,"141313, Московская обл, г Сергиев Посад, ул Академика Силина, д 7",https://354.mo.msudrf.ru/,354.mo.msudrf.ru,нет,50MS0363
Московская область,Сергиев Посад,,Судебный участок № 355 мирового судьи Сергиево-Посадского судебного района Московской области,MS,Мировой суд,"141342, Московская обл, г Сергиев Посад, пгт Богородское, д 73",https://355.mo.msudrf.ru/,355.mo.msudrf.ru,нет,50MS0364
Московская область,Серебряные Пруды,,Судебный участок № 235 Зарайского судебного района Московской области,MS,Мировой суд,"142970, Московская обл, пгт Серебряные Пруды, ул Первомайская, д 3",https://235.mo.msudrf.ru/,235.mo.msudrf.ru,нет,50MS0392
Московская область,Серебряные Пруды,,Судебный участок № 314 Зарайского судебного района Московской области,MS,Мировой суд,"142970, Московская обл, пгт Серебряные Пруды, ул Первомайская, д 3",https://314.mo.msudrf.ru/,314.mo.msudrf.ru,нет,50MS0393
Московская область,Серпухов,,Судебный участок № 198 мирового судьи Серпуховского судебного района Московской области,MS,Мировой суд,"142281, Московская обл, г Серпухов, г Протвино, проезд Центральный, д 5",https://198.mo.msudrf.ru/,198.mo.msudrf.ru,нет,50MS0198
Московская область,Серпухов,,Судебный участок № 208 мирового судьи Серпуховского судебного района Московской области,MS,Мировой суд,"142290, Московская обл, г Серпухов, г Пущино, мкр Д, д 20, помещ 3А",https://208.mo.msudrf.ru/,208.mo.msudrf.ru,нет,50MS0208
Московская область,Серпухов,,Судебный участок № 236 мирового судьи Серпуховского судебного района Московской области,MS,Мировой суд,"142211, Московская обл, г Серпухов, ул 1-я Московская, д 42/8",https://236.mo.msudrf.ru/,236.mo.msudrf.ru,нет,50MS0236
Московская область,Серпухов,,Судебный участок № 237 мирового судьи Серпуховского судебного района Московской области,MS,Мировой суд,"142211, Московская обл, г Серпухов, ул 1-я Московская, д 42/8",https://237.mo.msudrf.ru/,237.mo.msudrf.ru,нет,50MS0237
Московская область,Серпухов,,Судебный участок № 238 мирового судьи Серпуховского судебного района Московской области,MS,Мировой суд,"142205, Московская обл, г Серпухов, ул Комсомольская, д 4",https://238.mo.msudrf.ru/,238.mo.msudrf.ru,нет,50MS0238
Московская область,Серпухов,,Судебный участок № 239 мирового судьи Серпуховского судебного района Московской области,MS,Мировой суд,"142211, Московская обл, г Серпухов, ул 1-я Московская, д 42/8",https://239.mo.msudrf.ru/,239.mo.msudrf.ru,нет,50MS0239
Московская область,Серпухов,,Судебный участок № 240 мирового судьи Серпуховского судебного района Московской области,MS,Мировой суд,"142205, Московская обл, г Серпухов, ул Комсомольская, д 4",https://240.mo.msudrf.ru/,240.mo.msudrf.ru,нет,50MS0240
Московская область,Серпухов,,Судебный участок № 241 мирового судьи Серпуховского судебного района Московской области,MS,Мировой суд,"142205, Московская обл, г Серпухов, ул Комсомольская, д 4",https://241.mo.msudrf.ru/,241.mo.msudrf.ru,нет,50MS0241
Московская область,Серпухов,,Судебный участок № 242 мирового судьи Серпуховского судебного района Московской области,MS,Мировой суд,"142253, Московская обл, г Серпухов, п Большевик, ул Ленина, д 11",https://242.mo.msudrf.ru/,242.mo.msudrf.ru,нет,50MS0242
Московская область,Серпухов,,Судебный участок № 243 мирового судьи Серпуховского судебного района Московской области,MS,Мировой суд,"142253, Московская обл, г Серпухов, п Большевик, ул Ленина, д 11",https://243.mo.msudrf.ru/,243.mo.msudrf.ru,нет,50MS0243
Московская область,Солнечногорск,,Судебный участок № 244 мирового судьи Солнечногорского судебного района Московской области,MS,Мировой суд,"141503, Московская обл, г Солнечногорск, ул Красная, д 103/2",https://244.mo.msudrf.ru/,244.mo.msudrf.ru,нет,50MS0244
Московская область,Солнечногорск,,Судебный участок № 245 мирового судьи Солнечногорского судебного района Московской области,MS,Мировой суд,"141504, Московская обл, г Солнечногорск, ул Большевистская, д 4/16",https://245.mo.msudrf.ru/,245.mo.msudrf.ru,нет,50MS0245
Московская область,Солнечногорск,,Судебный участок № 246 мирового судьи Солнечногорского судебного района Московской области,MS,Мировой суд,"141503, Московская обл, г Солнечногорск, ул Красная, д 103/2",https://246.mo.msudrf.ru/,246.mo.msudrf.ru,нет,50MS0246
Московская область,Солнечногорск,,Судебный участок № 247 мирового судьи Солнечногорского судебного района Московской области,MS,Мировой суд,"141540, Московская обл, г Солнечногорск, мкр №2 (пгт Поварово), д 7",https://247.mo.msudrf.ru/,247.mo.msudrf.ru,нет,50MS0247
Московская область,Солнечногорск,,Судебный участок № 248 мирового судьи Солнечногорского судебного района Московской области,MS,Мировой суд,"141504, Московская обл, г Солнечногорск, ул Большевистская, д 4/16",https://248.mo.msudrf.ru/,248.mo.msudrf.ru,нет,50MS0248
Московская область,Солнечногорск,,Судебный участок № 249 мирового судьи Солнечногорского судебного района Московской области,MS,Мировой суд,"141551, Московская обл, г Солнечногорск, пгт Андреевка, д 31А",https://249.mo.msudrf.ru/,249.mo.msudrf.ru,нет,50MS0249
Московская область,Солнечногорск,,Судебный участок № 329 мирового судьи Солнечногорского судебного района Московской области,MS,Мировой суд,"141551, Московская обл, г Солнечногорск, пгт Голубое, д 5 к 1",https://329.mo.msudrf.ru/,329.mo.msudrf.ru,нет,50MS0339
Московская область,Солнечногорск,,Судебный участок № 356 мирового судьи Солнечногорского судебного района Московской области,MS,Мировой суд,"141570, Московская обл, г Солнечногорск, пгт Менделеево, ул Куйбышева, д 9",https://356.mo.msudrf.ru/,356.mo.msudrf.ru,нет,50MS0365
Московская область,Солнечногорск,,Судебный участок № 357 мирового судьи Солнечногорского судебного района Московской области,MS,Мировой суд,"141530, Московская обл, г Солнечногорск, мкр Миронцево (д Миронцево), ул Центральная, стр 28",https://357.mo.msudrf.ru/,357.mo.msudrf.ru,нет,50MS0366
Московская область,Ступино,,Судебный участок № 250 мирового судьи Ступинского судебного района Московской области,MS,Мировой суд,"142805, Московская обл, г Ступино, ул Бахарева, д 10А/39 к 2",https://250.mo.msudrf.ru/,250.mo.msudrf.ru,нет,50MS0250
Московская область,Ступино,,Судебный участок № 251 мирового судьи Ступинского судебного района Московской области,MS,Мировой суд,"142805, Московская обл, г Ступино, ул Бахарева, д 10А/39 к 2",https://251.mo.msudrf.ru/,251.mo.msudrf.ru,нет,50MS0251
Московская область,Ступино,,Судебный участок № 252 мирового судьи Ступинского судебного района Московской области,MS,Мировой суд,"142805, Московская обл, г Ступино, ул Бахарева, д 10А/39 к 2",https://252.mo.msudrf.ru/,252.mo.msudrf.ru,нет,50MS0252
Московская область,Ступино,,Судебный участок № 253 мирового судьи Ступинского судебного района Московской области,MS,Мировой суд,"142840, Московская обл, г Ступино, пгт Михнево, ул Библиотечная, д 20А",https://htt253.mo.msudrf.ru/,htt253.mo.msudrf.ru,нет,50MS0253
Московская область,Ступино,,Судебный участок № 254 мирового судьи Ступинского судебного района Московской области,MS,Мировой суд,"142850, Московская обл, г Ступино, пгт Малино, ул Школьная, д 14А",https://254.mo.msudrf.ru/,254.mo.msudrf.ru,нет,50MS0254
Московская область,Талдом,,Судебный участок № 255 мирового судьи Талдомского судебного района Московской области,MS,Мировой суд,"141900, Московская обл, г Талдом, ул Калязинская, д 14",https://255.mo.msudrf.ru/,255.mo.msudrf.ru,нет,50MS0255
Московская область,Талдом,,Судебный участок № 256 мирового судьи Талдомского судебного района Московской области,MS,Мировой суд,"141900, Московская обл, г Талдом, ул Красина, д 42",https://256.mo.msudrf.ru/,256.mo.msudrf.ru,нет,50MS0256
Московская область,Талдом,,Судебный участок № 330 мирового судьи Талдомского судебного района Московской области,MS,Мировой суд,"141900, Московская обл, г Талдом, ул Красноармейская, д 2",https://330.mo.msudrf.ru/,330.mo.msudrf.ru,нет,50MS0319
Московская область,Фрязино,,Судебный участок № 284 мирового судьи Щелковского судебного района Московской области,MS,Мировой суд,"141195, Московская обл, г Фрязино, ул Дудкина, д 7",https://284.mo.msudrf.ru/,284.mo.msudrf.ru,нет,50MS0284
Московская область,Фрязино,,Судебный участок № 285 мирового судьи Щелковского судебного района Московской области,MS,Мировой суд,"141195, Московская обл, г Фрязино, ул Пионерская, д 1",https://285.mo.msudrf.ru/,285.mo.msudrf.ru,нет,50MS0285
Московская область,Фрязино,,Судебный участок № 334 мирового судьи Щелковского судебного района Московской области,MS,Мировой суд,"141195, Московская обл, г Фрязино, ул Дудкина, д 9",https://334.mo.msudrf.ru/,334.mo.msudrf.ru,нет,50MS0343
Московская область,Химки,,Судебный участок № 108 мирового судьи Химкинского судебного района Московской области,MS,Мировой суд,"141402, Московская обл, г Химки, ул Ленинградская, д 11",https://108.mo.msudrf.ru/,108.mo.msudrf.ru,нет,50MS0374
Московская область,Химки,,Судебный участок № 257 мирового судьи Химкинского судебного района Московской области,MS,Мировой суд,"141411, Московская обл, г Химки, ул Зеленая, д 13",https://257.mo.msudrf.ru/,257.mo.msudrf.ru,нет,50MS0257
Московская область,Химки,,Судебный участок № 258 мирового судьи Химкинского судебного района Московской области,MS,Мировой суд,"141402, Московская обл, г Химки, ул Спартаковская, д 1",https://258.mo.msudrf.ru/,258.mo.msudrf.ru,нет,50MS0258
Московская область,Химки,,Судебный участок № 259 мирового судьи Химкинского судебного района Московской области,MS,Мировой суд,"141402, Московская обл, г Химки, ул Спартаковская, д 3/8",https://259.mo.msudrf.ru/,259.mo.msudrf.ru,нет,50MS0259
Московская область,Химки,,Судебный участок № 260 мирового судьи Химкинского судебного района Московской области,MS,Мировой суд,"141402, Московская обл, г Химки, ул Спартаковская, д 3/8",https://260.mo.msudrf.ru/,260.mo.msudrf.ru,нет,50MS0260
Московская область,Химки,,Судебный участок № 261 мирового судьи Химкинского судебного района Московской области,MS,Мировой суд,"141402, Московская обл, г Химки, ул Спартаковская, д 3/8",https://261.mo.msudrf.ru/,261.mo.msudrf.ru,нет,50MS0261
Московская область,Химки,,Судебный участок № 262 мирового судьи Химкинского судебного района Московской области,MS,Мировой суд,"141402, Московская обл, г Химки, ул Спартаковская, д 1",https://262.mo.msudrf.ru/,262.mo.msudrf.ru,нет,50MS0262
Московская область,Химки,,Судебный участок № 263 мирового судьи Химкинского судебного района Московской области,MS,Мировой суд,"141401, Московская обл, г Химки, пр-кт Мира, д 14А",https://263.mo.msudrf.ru/,263.mo.msudrf.ru,нет,50MS0263
Московская область,Химки,,Судебный участок № 264 мирового судьи Химкинского судебного района Московской области,MS,Мировой суд,"141421, Московская обл, г Химки, мкр Сходня, ул Горная, д 26",https://264.mo.msudrf.ru/,264.mo.msudrf.ru,нет,50MS0264
Московская область,Химки,,Судебный участок № 331 мирового судьи Химкинского судебного района Московской области,MS,Мировой суд,"141421, Московская обл, г Химки, мкр Сходня, ул Горная, д 26",https://331.mo.msudrf.ru/,331.mo.msudrf.ru,нет,50MS0340
Московская область,Химки,,Судебный участок № 332 мирового судьи Химкинского судебного района Московской области,MS,Мировой суд,"141402, Московская обл, г Химки, ул Ленинградская, д 33",https://332.mo.msudrf.ru/,332.mo.msudrf.ru,нет,50MS0341
Московская область,Химки,,Судебный участок № 358 мирового судьи Химкинского судебного района Московской области,MS,Мировой суд,"141402, Московская обл, г Химки, ул Энгельса, д 19",https://358.mo.msudrf.ru/,358.mo.msudrf.ru,нет,50MS0367
Московская область,Химки,,Судебный участок № 359 мирового судьи Химкинского судебного района Московской области,MS,Мировой суд,"141402, Московская обл, г Химки, ул Спартаковская, д 1",https://359.mo.msudrf.ru/,359.mo.msudrf.ru,нет,50MS0368
Московская область,Химки,,Судебный участок № 39 мирового судьи Химкинского судебного района Московской области,MS,Мировой суд,"141402, Московская обл, г Химки, ул Ленинградская, д 11",https://39.mo.msudrf.ru/,39.mo.msudrf.ru,нет,50MS0373
Московская область,Хлюпино,,Судебный участок № 323 мирового судьи Одинцовского судебного района Московской области,MS,Мировой суд,"143054, Московская область, Одинцовский район, сп. Захаровское, д. Хлюпино, ул. Заводская, д. 26",https://323.mo.msudrf.ru/,323.mo.msudrf.ru,нет,50MS0333
Московская область,Черноголовка,,Судебный участок № 151 мирового судьи Ногинского судебного района Московской области,MS,Мировой суд,"142432, Московская обл, г Черноголовка, ул Первая, д 6А",https://151.mo.msudrf.ru/,151.mo.msudrf.ru,нет,50MS0151
Московская область,Чехов,,Судебный участок № 265 мирового судьи Чеховского судебного района Московской области,MS,Мировой суд,"142306, Московская обл, г Чехов, ул Почтовая, д 16",https://265.mo.msudrf.ru/,265.mo.msudrf.ru,нет,50MS0265
Московская область,Чехов,,Судебный участок № 266 мирового судьи Чеховского судебного района Московской области,MS,Мировой суд,"142307, Московская область, г. Чехов, мкр-н Венюково, ул. Гагарина, д. 90",https://266.mo.msudrf.ru/,266.mo.msudrf.ru,нет,50MS0266
Московская область,Чехов,,Судебный участок № 267 мирового судьи Чеховского судебного района Московской области,MS,Мировой суд,"142300, Московская обл, г Чехов, ул Уездная, д 1",https://267.mo.msudrf.ru/,267.mo.msudrf.ru,нет,50MS0267
Московская область,Чехов,,Судебный участок № 268 мирового судьи Чеховского судебного района Московской области,MS,Мировой суд,"142306, Московская обл, г Чехов, ул Почтовая, д 16",https://268.mo.msudrf.ru/,268.mo.msudrf.ru,нет,50MS0268
Московская область,Чехов,,Судебный участок № 316 мирового судьи Чеховского судебного района Московской области,MS,Мировой суд,"142300, Московская обл, г Чехов, ул Уездная, д 1",https://316.mo.msudrf.ru/,316.mo.msudrf.ru,нет,50MS0316
Московская область,Чехов,,Судебный участок № 333 мирового судьи Чеховского судебного района Московской области,MS,Мировой суд,"142300, Московская обл, г Чехов, ул Земская, д 6",https://333.mo.msudrf.ru/,333.mo.msudrf.ru,нет,50MS0342
Московская область,Шатура,,Судебный участок № 269 мирового судьи Шатурского судебного района Московской области,MS,Мировой суд,"140700, Московская обл, г Шатура, проезд Транспортный, д 2",https://269.mo.msudrf.ru/,269.mo.msudrf.ru,нет,50MS0269
Московская область,Шатура,,Судебный участок № 270 мирового судьи Шатурского судебного района Московской области,MS,Мировой суд,"140730, Московская обл, г Шатура, г Рошаль, ул Октябрьской Революции, д 16",https://270.mo.msudrf.ru/,270.mo.msudrf.ru,нет,50MS0270
Московская область,Шатура,,Судебный участок № 271 мирового судьи Шатурского судебного района Московской области,MS,Мировой суд,"140700, Московская обл, г Шатура, проезд Транспортный, д 2",https://271.mo.msudrf.ru/,271.mo.msudrf.ru,нет,50MS0271
Московская область,Шатура,,Судебный участок № 272 мирового судьи Шатурского судебного района Московской области,MS,Мировой суд,"140700, Московская обл, г Шатура, проезд Транспортный, д 2",https://272.mo.msudrf.ru/,272.mo.msudrf.ru,нет,50MS0272
Московская область,Шатура,,Судебный участок № 317 мирового судьи Шатурского судебного района Московской области,MS,Мировой суд,"140750, Московская обл, г Шатура, с Дмитровский Погост, ул Школьная, д 3",https://317.mo.msudrf.ru/,317.mo.msudrf.ru,нет,50MS0317
Московская область,Шаховская,,Судебный участок № 273 мирового судьи Волоколамского судебного района Московской области,MS,Мировой суд,"143700, Московская обл, пгт Шаховская, ул Шамонина, д 4",https://273.mo.msudrf.ru/,273.mo.msudrf.ru,нет,50MS0273
Московская область,Шаховская,,Судебный участок № 318 мирового судьи Волоколамского судебного района Московской области,MS,Мировой суд,"143700, Московская обл, пгт Шаховская, ул Шамонина, д 4",https://318.mo.msudrf.ru/,318.mo.msudrf.ru,нет,50MS0318
Московская область,Щёлково,,Судебный участок № 274 мирового судьи Щелковского судебного района Московской области,MS,Мировой суд,"141171, Московская обл, г Щёлково, пгт Монино, ш Новинское, д 6",https://274.mo.msudrf.ru/,274.mo.msudrf.ru,нет,50MS0274
Московская область,Щёлково,,Судебный участок № 276 мирового судьи Щелковского судебного района Московской области,MS,Мировой суд,"141108, Московская обл, г Щёлково, ул Комарова, д 17 к 1",https://276.mo.msudrf.ru/,276.mo.msudrf.ru,нет,50MS0276
Московская область,Щёлково,,Судебный участок № 277 мирового судьи Щелковского судебного района Московской области,MS,Мировой суд,"141103, Московская обл, г Щёлково, ул Ленина, д 6",https://277.mo.msudrf.ru/,277.mo.msudrf.ru,нет,50MS0277
Московская область,Щёлково,,Судебный участок № 278 мирового судьи Щелковского судебного района Московской области,MS,Мировой суд,"141113, Московская обл, г Щёлково, п Краснознаменский, д 6",https://278.mo.msudrf.ru/,278.mo.msudrf.ru,нет,50MS0278
Московская область,Щёлково,,Судебный участок № 279 мирового судьи Щелковского судебного района Московской области,MS,Мировой суд,"141147, Московская обл, г Щёлково, пгт Фряново, ул Молодежная, д 17",https://279.mo.msudrf.ru/,279.mo.msudrf.ru,нет,50MS0279
Московская область,Щёлково,,Судебный участок № 280 мирового судьи Щелковского судебного района Московской области,MS,Мировой суд,"141107, Московская обл, г Щёлково, мкр Богородский, д 10 к 2",https://280.mo.msudrf.ru/,280.mo.msudrf.ru,нет,50MS0280
Московская область,Щёлково,,Судебный участок № 281 мирового судьи Щелковского судебного района Московской области,MS,Мировой суд,"141102, Московская обл, г Щёлково, ул Иванова, д 24",https://281.mo.msudrf.ru/,281.mo.msudrf.ru,нет,50MS0281
Московская область,Щёлково,,Судебный участок № 282 мирового судьи Щелковского судебного района Московской области,MS,Мировой суд,"141108, Московская обл, г Щёлково, пр-кт Пролетарский, д 1, кв 1А",https://282.mo.msudrf.ru/,282.mo.msudrf.ru,нет,50MS0282
Московская область,Щёлково,,Судебный участок № 361 мирового судьи Щелковского судебного района Московской области,MS,Мировой суд,"141171, Московская обл, г Щёлково, пгт Монино, ш Новинское, д 6",https://361.mo.msudrf.ru/,361.mo.msudrf.ru,нет,50MS0370
Московская область,Щёлково,,Судебный участок № 362 мирового судьи Щелковского судебного района Московской области,MS,Мировой суд,"141112, Московская обл, г Щёлково, ул 8 Марта, д 11",https://362.mo.msudrf.ru/,362.mo.msudrf.ru,нет,50MS0371
Московская область,Электросталь,,Судебный участок № 286 мирового судьи Электростальского судебного района Московской области,MS,Мировой суд,"144002, Московская обл, г Электросталь, ул 1-ая Поселковая, д 19",https://286.mo.msudrf.ru/,286.mo.msudrf.ru,нет,50MS0286
Московская область,Электросталь,,Судебный участок № 287 мирового судьи Электростальского судебного района Московской области,MS,Мировой суд,"144002, Московская обл, г Электросталь, ул 1-ая Поселковая, д 19",https://287.mo.msudrf.ru/,287.mo.msudrf.ru,нет,50MS0287
Московская область,Электросталь,,Судебный участок № 288 мирового судьи Электростальского судебного района Московской области,MS,Мировой суд,"144002, Московская область, г. Электросталь, ул. 1-я Поселковая, д. 19, каб. 14, 15, 16",https://288.mo.msudrf.ru/,288.mo.msudrf.ru,нет,50MS0288
Московская область,Электросталь,,Судебный участок № 289 мирового судьи Электростальского судебного района Московской области,MS,Мировой суд,"144000, Московская обл, г Электросталь, ул Красная, д 30Б",https://289.mo.msudrf.ru/,289.mo.msudrf.ru,нет,50MS0289
Московская область,Электросталь,,Судебный участок № 290 мирового судьи Электростальского судебного района Московской области,MS,Мировой суд,"144000, Московская обл, г Электросталь, ул Красная, д 30Б",https://290.mo.msudrf.ru/,290.mo.msudrf.ru,нет,50MS0290
Московская область,Электросталь,,Судебный участок № 291 мирового судьи Электростальского судебного района Московской области,MS,Мировой суд,"144002, Московская обл, г Электросталь, ул 1-ая Поселковая, д 19",https://291.mo.msudrf.ru/,291.mo.msudrf.ru,нет,50MS0291
Московская область,Электросталь,,Судебный участок № 292 мирового судьи Электростальского судебного района Московской области,MS,Мировой суд,"144002, Московская обл, г Электросталь, ул 1-ая Поселковая, д 19",https://292.mo.msudrf.ru/,292.mo.msudrf.ru,нет,50MS0292
Кемеровская область,Анжеро-Судженск,,Судебный участок № 1 Анжеро-Судженского городского судебного района,MS,Мировой суд,"652470, Кемеровская область - Кузбасс, г Анжеро-Судженск, ул Горняцкая, д 4 стр 1",https://0101.kmr.msudrf.ru/,0101.kmr.msudrf.ru,нет,42MS0001
Кемеровская область,Анжеро-Судженск,,Судебный участок № 2 Анжеро-Судженского городского судебного района,MS,Мировой суд,"652470, Кемеровская область - Кузбасс, г Анжеро-Судженск, ул Горняцкая, д 4 стр 1",https://0102.kmr.msudrf.ru/,0102.kmr.msudrf.ru,нет,42MS0002
Кемеровская область,Анжеро-Судженск,,Судебный участок № 3 Анжеро-Судженского городского судебного района,MS,Мировой суд,"652470, Кемеровская область - Кузбасс, г Анжеро-Судженск, ул Горняцкая, д 4 стр 1",https://0103.kmr.msudrf.ru/,0103.kmr.msudrf.ru,нет,42MS0003
Кемеровская область,Анжеро-Судженск,,Судебный участок № 4 Анжеро-Судженского городского судебного района,MS,Мировой суд,"652470, Кемеровская область - Кузбасс, г Анжеро-Судженск, ул Горняцкая, д 4 стр 1",https://0104.kmr.msudrf.ru/,0104.kmr.msudrf.ru,нет,42MS0004
Кемеровская область,Белово,,Судебный участок № 1 Беловского городского судебного района,MS,Мировой суд,"652600, Кемеровская область - Кузбасс, г Белово, ул Пролетарская, д 3",https://0208.kmr.msudrf.ru/,0208.kmr.msudrf.ru,нет,42MS0012
Кемеровская область,Белово,,Судебный участок № 1 Беловского судебного района,MS,Мировой суд,"652600, Кемеровская область - Кузбасс, г Белово, ул Пролетарская, д 3",https://2001.kmr.msudrf.ru/,2001.kmr.msudrf.ru,нет,42MS0109
Кемеровская область,Белово,,Судебный участок № 2 Беловского городского судебного района,MS,Мировой суд,"652642, Кемеровская область - Кузбасс, г Белово, пгт Бачатский, ул Комсомольская, д 25",https://0202.kmr.msudrf.ru/,0202.kmr.msudrf.ru,нет,42MS0006
Кемеровская область,Белово,,Судебный участок № 2 Беловского судебного района,MS,Мировой суд,"652600, Кемеровская область - Кузбасс, г Белово, ул Октябрьская, д 27",https://2002.kmr.msudrf.ru/,2002.kmr.msudrf.ru,нет,42MS0110
Кемеровская область,Белово,,Судебный участок № 3 Беловского городского судебного района,MS,Мировой суд,"652600, Кемеровская область - Кузбасс, г Белово, ул Пролетарская, д 3",https://0203.kmr.msudrf.ru/,0203.kmr.msudrf.ru,нет,42MS0007
Кемеровская область,Белово,,Судебный участок № 4 Беловского городского судебного района,MS,Мировой суд,"652644, Кемеровская область - Кузбасс, г Белово, пгт Инской, ул Ильича, д 27",https://0204.kmr.msudrf.ru/,0204.kmr.msudrf.ru,нет,42MS0008
Кемеровская область,Белово,,Судебный участок № 5 Беловского городского судебного района,MS,Мировой суд,"652600, Кемеровская область - Кузбасс, г Белово, ул Пролетарская, д 3",https://0205.kmr.msudrf.ru/,0205.kmr.msudrf.ru,нет,42MS0009
Кемеровская область,Белово,,Судебный участок № 6 Беловского городского судебного района,MS,Мировой суд,"652600, Кемеровская область - Кузбасс, г Белово, ул Пролетарская, д 3",https://0206.kmr.msudrf.ru/,0206.kmr.msudrf.ru,нет,42MS0010
Кемеровская область,Белово,,Судебный участок № 7 Беловского городского судебного района,MS,Мировой суд,"652600, Кемеровская область - Кузбасс, г Белово, ул Пролетарская, д 3",https://0207.kmr.msudrf.ru/,0207.kmr.msudrf.ru,нет,42MS0011
Кемеровская область,Березовский,,Судебный участок № 1 Березовского городского судебного района,MS,Мировой суд,"652421, Кемеровская область - Кузбасс, г Березовский, ул Мира, д 36",https://0301.kmr.msudrf.ru/,0301.kmr.msudrf.ru,нет,42MS0013
Кемеровская область,Березовский,,Судебный участок № 2 Березовского городского судебного района,MS,Мировой суд,"652421, Кемеровская область - Кузбасс, г Березовский, ул Мира, д 36",https://0302.kmr.msudrf.ru/,0302.kmr.msudrf.ru,нет,42MS0014
Кемеровская область,Березовский,,Судебный участок № 3 Берёзовского городского судебного района,MS,Мировой суд,"652421, Кемеровская область - Кузбасс, г Березовский, ул Мира, д 40",https://0303.kmr.msudrf.ru/,0303.kmr.msudrf.ru,нет,42MS0138
Кемеровская область,Верх-Чебула,,Судебный участок № 1 Чебулинского судебного района,MS,Мировой суд,"652270, Кемеровская область - Кузбасс, Чебулинский р-н, пгт Верх-Чебула, ул Советская, д 1А",https://3201.kmr.msudrf.ru/,3201.kmr.msudrf.ru,нет,42MS0129
Кемеровская область,Гурьевск,,Судебный участок № 1 Гурьевского городского судебного района,MS,Мировой суд,"652780, Кемеровская область - Кузбасс, г Гурьевск, ул 30 лет Победы, д 70",https://0401.kmr.msudrf.ru/,0401.kmr.msudrf.ru,нет,42MS0015
Кемеровская область,Гурьевск,,Судебный участок № 2 Гурьевского городского судебного района,MS,Мировой суд,"652780, Кемеровская область - Кузбасс, г Гурьевск, ул 30 лет Победы, д 70",https://0402.kmr.msudrf.ru/,0402.kmr.msudrf.ru,нет,42MS0016
Кемеровская область,Зеленогорский,,Судебный участок № 1 Крапивинского судебного района,MS,Мировой суд,"652449, Кемеровская область - Кузбасс, Крапивинский р-н, пгт Зеленогорский, ул Центральная, зд 36",https://2301.kmr.msudrf.ru/,2301.kmr.msudrf.ru,нет,42MS0114
Кемеровская область,Зеленогорский,,Судебный участок № 2 Крапивинского судебного района,MS,Мировой суд,"652449, Кемеровская область - Кузбасс, Крапивинский р-н, пгт Зеленогорский, ул Центральная, зд 36",https://2302.kmr.msudrf.ru/,2302.kmr.msudrf.ru,нет,42MS0115
Кемеровская область,Ижморский,,Судебный участок № 1 Ижморского судебного района,MS,Мировой суд,"652120, Кемеровская область - Кузбасс, пгт Ижморский, ул Ленинская, д 57",https://2101.kmr.msudrf.ru/,2101.kmr.msudrf.ru,нет,42MS0111
Кемеровская область,Калтан,,Судебный участок № 1 Калтанского судебного района,MS,Мировой суд,"652740, Кемеровская область - Кузбасс, г Калтан, ул Горького, д 32",https://0501.kmr.msudrf.ru/,0501.kmr.msudrf.ru,нет,42MS0018
Кемеровская область,Калтан,,Судебный участок № 2 Калтанского судебного района,MS,Мировой суд,"652740, Кемеровская область - Кузбасс, г Калтан, ул Горького, д 38",https://0502.kmr.msudrf.ru/,0502.kmr.msudrf.ru,нет,42MS0148
Кемеровская область,Кемерово,,Судебный участок № 1 Заводского судебного района города Кемерово,MS,Мировой суд,"650024, г Кемерово, ул Ульяны Громовой, зд 6",https://0651.kmr.msudrf.ru/,0651.kmr.msudrf.ru,нет,42MS0037
Кемеровская область,Кемерово,,Судебный участок № 1 Кемеровского судебного района,MS,Мировой суд,"650000, г Кемерово, ул Шестакова, д 4",https://2201.kmr.msudrf.ru/,2201.kmr.msudrf.ru,нет,42MS0112
Кемеровская область,Кемерово,,Судебный участок № 1 Кировского судебного района города Кемерово,MS,Мировой суд,"650033, г Кемерово, ул Инициативная, д 47",https://0631.kmr.msudrf.ru/,0631.kmr.msudrf.ru,нет,42MS0029
Кемеровская область,Кемерово,,Судебный участок № 1 Ленинского судебного района города Кемерово,MS,Мировой суд,"650003, г Кемерово, пр-кт Ленина, зд 137/3",https://0611.kmr.msudrf.ru/,0611.kmr.msudrf.ru,нет,42MS0019
Кемеровская область,Кемерово,,Судебный участок № 1 Рудничного судебного района города Кемерово,MS,Мировой суд,"650002, г Кемерово, пр-кт Шахтеров, д 15",https://0621.kmr.msudrf.ru/,0621.kmr.msudrf.ru,нет,42MS0025
Кемеровская область,Кемерово,,Судебный участок № 1 Центрального судебного района города Кемерово,MS,Мировой суд,"650055, г Кемерово, ул Федоровского, д 9",https://0641.kmr.msudrf.ru/,0641.kmr.msudrf.ru,нет,42MS0032
Кемеровская область,Кемерово,,Судебный участок № 2 Заводского судебного района города Кемерово,MS,Мировой суд,"650024, г Кемерово, ул Ульяны Громовой, зд 6",https://0652.kmr.msudrf.ru/,0652.kmr.msudrf.ru,нет,42MS0038
Кемеровская область,Кемерово,,Судебный участок № 2 Кемеровского судебного района,MS,Мировой суд,"650000, г Кемерово, ул Шестакова, д 4",https://2202.kmr.msudrf.ru/,2202.kmr.msudrf.ru,нет,42MS0113
Кемеровская область,Кемерово,,Судебный участок № 2 Кировского судебного района города Кемерово,MS,Мировой суд,"650033, г Кемерово, ул Инициативная, д 47",https://0632.kmr.msudrf.ru/,0632.kmr.msudrf.ru,нет,42MS0030
Кемеровская область,Кемерово,,Судебный участок № 2 Ленинского судебного района города Кемерово,MS,Мировой суд,"650003, г Кемерово, пр-кт Ленина, зд 137/3",https://0612.kmr.msudrf.ru/,0612.kmr.msudrf.ru,нет,42MS0020
Кемеровская область,Кемерово,,Судебный участок № 2 Рудничного судебного района города Кемерово,MS,Мировой суд,"650025, г Кемерово, ул Чкалова, д 4",https://0622.kmr.msudrf.ru/,0622.kmr.msudrf.ru,нет,42MS0026
Кемеровская область,Кемерово,,Судебный участок № 2 Центрального судебного района города Кемерово,MS,Мировой суд,"650055, г Кемерово, ул Федоровского, д 9",https://0642.kmr.msudrf.ru/,0642.kmr.msudrf.ru,нет,42MS0033
Кемеровская область,Кемерово,,Судебный участок № 3 Заводского судебного района города Кемерово,MS,Мировой суд,"650024, г Кемерово, ул Ульяны Громовой, зд 6",https://0653.kmr.msudrf.ru/,0653.kmr.msudrf.ru,нет,42MS0039
Кемеровская область,Кемерово,,Судебный участок № 3 Кировского судебного района города Кемерово,MS,Мировой суд,"650033, г Кемерово, ул Инициативная, д 47",https://0633.kmr.msudrf.ru/,0633.kmr.msudrf.ru,нет,42MS0031
Кемеровская область,Кемерово,,Судебный участок № 3 Ленинского судебного района города Кемерово,MS,Мировой суд,"650003, г Кемерово, пр-кт Ленина, зд 137/3",https://0613.kmr.msudrf.ru/,0613.kmr.msudrf.ru,нет,42MS0021
Кемеровская область,Кемерово,,Судебный участок № 3 Рудничного судебного района города Кемерово,MS,Мировой суд,"650000, г Кемерово, ул Красноармейская, д 82",https://0623.kmr.msudrf.ru/,0623.kmr.msudrf.ru,нет,42MS0027
Кемеровская область,Кемерово,,Судебный участок № 3 Центрального судебного района города Кемерово,MS,Мировой суд,"650055, г Кемерово, ул Федоровского, д 9",https://0643.kmr.msudrf.ru/,0643.kmr.msudrf.ru,нет,42MS0034
Кемеровская область,Кемерово,,Судебный участок № 4 Заводского судебного района города Кемерово,MS,Мировой суд,"650000, г Кемерово, ул Красноармейская, д 82",https://0654.kmr.msudrf.ru/,0654.kmr.msudrf.ru,нет,42MS0040
Кемеровская область,Кемерово,,Судебный участок № 4 Ленинского судебного района города Кемерово,MS,Мировой суд,"650003, г Кемерово, пр-кт Ленина, зд 137/3",https://0614.kmr.msudrf.ru/,0614.kmr.msudrf.ru,нет,42MS0022
Кемеровская область,Кемерово,,Судебный участок № 4 Рудничного судебного района города Кемерово,MS,Мировой суд,"650903, г. Кемерово, п. Кедровка, ул. Новогодняя, д. 17",https://0624.kmr.msudrf.ru/,0624.kmr.msudrf.ru,нет,42MS0028
Кемеровская область,Кемерово,,Судебный участок № 4 Центрального судебного района города Кемерово,MS,Мировой суд,"650055, г Кемерово, ул Федоровского, д 9",https://0644.kmr.msudrf.ru/,0644.kmr.msudrf.ru,нет,42MS0035
Кемеровская область,Кемерово,,Судебный участок № 5 Заводского судебного района города Кемерово,MS,Мировой суд,"650024, г Кемерово, ул Ульяны Громовой, зд 6",https://0655.kmr.msudrf.ru/,0655.kmr.msudrf.ru,нет,42MS0041
Кемеровская область,Кемерово,,Судебный участок № 5 Ленинского судебного района города Кемерово,MS,Мировой суд,"650003, г Кемерово, пр-кт Ленина, зд 137/3",https://0615.kmr.msudrf.ru/,0615.kmr.msudrf.ru,нет,42MS0023
Кемеровская область,Кемерово,,Судебный участок № 5 Рудничного судебного района города Кемерово,MS,Мировой суд,"650000, г Кемерово, ул Красноармейская, д 82",https://0625.kmr.msudrf.ru/,0625.kmr.msudrf.ru,нет,42MS0134
Кемеровская область,Кемерово,,Судебный участок № 5 Центрального судебного района города Кемерово,MS,Мировой суд,"650055, г Кемерово, ул Федоровского, д 9",https://0645.kmr.msudrf.ru/,0645.kmr.msudrf.ru,нет,42MS0036
Кемеровская область,Кемерово,,Судебный участок № 6 Заводского судебного района города Кемерово,MS,Мировой суд,"650024, г Кемерово, ул Ульяны Громовой, зд 6",https://0656.kmr.msudrf.ru/,0656.kmr.msudrf.ru,нет,42MS0136
Кемеровская область,Кемерово,,Судебный участок № 6 Ленинского судебного района города Кемерово,MS,Мировой суд,"650003, г Кемерово, пр-кт Ленина, зд 137/3",https://0616.kmr.msudrf.ru/,0616.kmr.msudrf.ru,нет,42MS0024
Кемеровская область,Кемерово,,Судебный участок № 6 Центрального судебного района города Кемерово,MS,Мировой суд,"650055, г Кемерово, ул Федоровского, д 9",https://0646.kmr.msudrf.ru/,0646.kmr.msudrf.ru,нет,42MS0135
Кемеровская область,Кемерово,,Судебный участок № 7 Заводского судебного района города Кемерово,MS,Мировой суд,"650000, г Кемерово, ул Красноармейская, д 82",https://0657.kmr.msudrf.ru/,0657.kmr.msudrf.ru,нет,42MS0140
Кемеровская область,Кемерово,,Судебный участок № 7 Центрального судебного района города Кемерово,MS,Мировой суд,"650055, г Кемерово, ул Федоровского, д 9",https://0647.kmr.msudrf.ru/,0647.kmr.msudrf.ru,нет,42MS0139
Кемеровская область,Киселевск,,Судебный участок № 1 Киселевского городского судебного района,MS,Мировой суд,"652700, Кемеровская область - Кузбасс, г Киселевск, ул Советская, д 24",https://0701.kmr.msudrf.ru/,0701.kmr.msudrf.ru,нет,42MS0042
Кемеровская область,Киселевск,,Судебный участок № 2 Киселевского городского судебного района,MS,Мировой суд,"652700, Кемеровская область - Кузбасс, г Киселевск, ул Советская, д 24",https://0702.kmr.msudrf.ru/,0702.kmr.msudrf.ru,нет,42MS0043
Кемеровская область,Киселевск,,Судебный участок № 3 Киселевского городского судебного района,MS,Мировой суд,"652700, Кемеровская область - Кузбасс, г Киселевск, ул Советская, д 4А",https://0703.kmr.msudrf.ru/,0703.kmr.msudrf.ru,нет,42MS0044
Кемеровская область,Киселевск,,Судебный участок № 4 Киселевского городского судебного района,MS,Мировой суд,"652715, Кемеровская область - Кузбасс, г Киселевск, проезд Строителей, д 7",https://0704.kmr.msudrf.ru/,0704.kmr.msudrf.ru,нет,42MS0045
Кемеровская область,Киселевск,,Судебный участок № 5 Киселевского городского судебного района,MS,Мировой суд,"652700, Кемеровская область - Кузбасс, г Киселевск, ул Советская, д 4А",https://0705.kmr.msudrf.ru/,0705.kmr.msudrf.ru,нет,42MS0046
Кемеровская область,Краснобродский,,Судебный участок № 3 Прокопьевского судебного района,MS,Мировой суд,"652640, Кемеровская область - Кузбасс, Прокопьевский р-н, пгт Краснобродский, ул Новая, д 53, кв 58",https://0201.kmr.msudrf.ru/,0201.kmr.msudrf.ru,нет,42MS0005
Кемеровская область,Ленинск-Кузнецкий,,Судебный участок № 1 Ленинск-Кузнецкого городского судебного района,MS,Мировой суд,"652502, Кемеровская область - Кузбасс, Ленинск-Кузнецкий р-н, г Ленинск-Кузнецкий, ул Ленина, д 44",https://0801.kmr.msudrf.ru/,0801.kmr.msudrf.ru,нет,42MS0047
Кемеровская область,Ленинск-Кузнецкий,,Судебный участок № 2 Ленинск-Кузнецкого городского судебного района,MS,Мировой суд,"652507, Кемеровская область - Кузбасс, Ленинск-Кузнецкий р-н, г Ленинск-Кузнецкий, пр-кт Ленина, д 33",https://0802.kmr.msudrf.ru/,0802.kmr.msudrf.ru,нет,42MS0048
Кемеровская область,Ленинск-Кузнецкий,,Судебный участок № 3 Ленинск-Кузнецкого городского судебного района,MS,Мировой суд,"652502, Кемеровская область - Кузбасс, Ленинск-Кузнецкий р-н, г Ленинск-Кузнецкий, ул Ленина, д 44",https://0803.kmr.msudrf.ru/,0803.kmr.msudrf.ru,нет,42MS0049
Кемеровская область,Ленинск-Кузнецкий,,Судебный участок № 4 Ленинск-Кузнецкого городского судебного района,MS,Мировой суд,"652502, Кемеровская область - Кузбасс, Ленинск-Кузнецкий р-н, г Ленинск-Кузнецкий, ул Ленина, д 44",https://0804.kmr.msudrf.ru/,0804.kmr.msudrf.ru,нет,42MS0050
Кемеровская область,Ленинск-Кузнецкий,,Судебный участок № 5 Ленинск-Кузнецкого городского судебного района,MS,Мировой суд,"652502, Кемеровская область - Кузбасс, Ленинск-Кузнецкий р-н, г Ленинск-Кузнецкий, ул Ленина, д 44",https://0805.kmr.msudrf.ru/,0805.kmr.msudrf.ru,нет,42MS0137
Кемеровская область,Ленинск-Кузнецкий,,Судебный участок № 8 Ленинск-Кузнецкого городского судебного района,MS,Мировой суд,"652507, Кемеровская область - Кузбасс, Ленинск-Кузнецкий р-н, г Ленинск-Кузнецкий, пр-кт Ленина, д 33",https://0808.kmr.msudrf.ru/,0808.kmr.msudrf.ru,нет,42MS0151
Кемеровская область,Мариинск,,Судебный участок № 1 Мариинского городского судебного района,MS,Мировой суд,"652150, Кемеровская область - Кузбасс, г Мариинск, ул Пролетарская, д 7",https://0901.kmr.msudrf.ru/,0901.kmr.msudrf.ru,нет,42MS0051
Кемеровская область,Мариинск,,Судебный участок № 2 Мариинского городского судебного района,MS,Мировой суд,"652150, Кемеровская область - Кузбасс, г Мариинск, ул Ленина, д 33",https://0902.kmr.msudrf.ru/,0902.kmr.msudrf.ru,нет,42MS0052
Кемеровская область,Мариинск,,Судебный участок № 3 Мариинского городского судебного района,MS,Мировой суд,"652150, Кемеровская область - Кузбасс, г Мариинск, ул Ленина, д 33",https://2501.kmr.msudrf.ru/,2501.kmr.msudrf.ru,нет,42MS0117
Кемеровская область,Междуреченск,,Судебный участок № 1 Междуреченского городского судебного района,MS,Мировой суд,"652877, Кемеровская область - Кузбасс, г Междуреченск, пр-кт Строителей, д 36А",https://1001.kmr.msudrf.ru/,1001.kmr.msudrf.ru,нет,42MS0053
Кемеровская область,Междуреченск,,Судебный участок № 2 Междуреченского городского судебного района,MS,Мировой суд,"652877, Кемеровская область - Кузбасс, г Междуреченск, пр-кт Строителей, д 36А",https://1002.kmr.msudrf.ru/,1002.kmr.msudrf.ru,нет,42MS0054
Кемеровская область,Междуреченск,,Судебный участок № 3 Междуреченского городского судебного района,MS,Мировой суд,"652877, Кемеровская область - Кузбасс, г Междуреченск, пр-кт Строителей, д 36А",https://1003.kmr.msudrf.ru/,1003.kmr.msudrf.ru,нет,42MS0055
Кемеровская область,Междуреченск,,Судебный участок № 4 Междуреченского городского судебного района,MS,Мировой суд,"652877, Кемеровская область - Кузбасс, г Междуреченск, пр-кт Строителей, д 36А",https://1004.kmr.msudrf.ru/,1004.kmr.msudrf.ru,нет,42MS0056
Кемеровская область,Междуреченск,,Судебный участок № 5 Междуреченского городского судебного района,MS,Мировой суд,"652877, Кемеровская область - Кузбасс, г Междуреченск, пр-кт Строителей, д 36А",https://1005.kmr.msudrf.ru/,1005.kmr.msudrf.ru,нет,42MS0141
Кемеровская область,Мундыбаш,,Судебный участок № 2 Таштагольского городского судебного района,MS,Мировой суд,"652900, Кемеровская область - Кузбасс, Таштагольский р-н, пгт Мундыбаш, ул Ленина, зд 22",https://1702.kmr.msudrf.ru/,1702.kmr.msudrf.ru,нет,42MS0101
Кемеровская область,Мыски,,Судебный участок № 1 Мысковского городского судебного района,MS,Мировой суд,"652849, Кемеровская область - Кузбасс, г Мыски, ул Первомайская, зд 33",https://1101.kmr.msudrf.ru/,1101.kmr.msudrf.ru,нет,42MS0057
Кемеровская область,Мыски,,Судебный участок № 2 Мысковского городского судебного района,MS,Мировой суд,"652849, Кемеровская область - Кузбасс, г Мыски, ул Первомайская, зд 33",https://1102.kmr.msudrf.ru/,1102.kmr.msudrf.ru,нет,42MS0058
Кемеровская область,Новокузнецк,,Судебный участок № 1 Заводского судебного района города Новокузнецка,MS,Мировой суд,"654031, Кемеровская область - Кузбасс, г Новокузнецк, р-н Заводской, ул Горьковская, д 29А",https://1251.kmr.msudrf.ru/,1251.kmr.msudrf.ru,нет,42MS0069
Кемеровская область,Новокузнецк,,Судебный участок № 1 Кузнецкого судебного района города Новокузнецка,MS,Мировой суд,"654032, Кемеровская область - Кузбасс, г Новокузнецк, р-н Кузнецкий, ул Обнорского, д 60",https://1261.kmr.msudrf.ru/,1261.kmr.msudrf.ru,нет,42MS0059
Кемеровская область,Новокузнецк,,Судебный участок № 1 Куйбышевского судебного района города Новокузнецка,MS,Мировой суд,"654079, Кемеровская область - Кузбасс, г Новокузнецк, р-н Куйбышевский, ул Лазо, д 3",https://1271.kmr.msudrf.ru/,1271.kmr.msudrf.ru,нет,42MS0076
Кемеровская область,Новокузнецк,,Судебный участок № 1 Новоильинского судебного района города Новокузнецка,MS,Мировой суд,"654044, Кемеровская область - Кузбасс, г Новокузнецк, р-н Новоильинский, пр-кт Авиаторов, д 25А",https://1231.kmr.msudrf.ru/,1231.kmr.msudrf.ru,нет,42MS0073
Кемеровская область,Новокузнецк,,Судебный участок № 1 Новокузнецкого судебного района,MS,Мировой суд,"654041, Кемеровская область - Кузбасс, г Новокузнецк, р-н Куйбышевский, ул Батюшкова, д 16А",https://2601.kmr.msudrf.ru/,2601.kmr.msudrf.ru,нет,42MS0118
Кемеровская область,Новокузнецк,,Судебный участок № 1 Орджоникидзевского судебного района города Новокузнецка,MS,Мировой суд,"654013, Кемеровская область - Кузбасс, г Новокузнецк, р-н Орджоникидзевский, ул Пушкина, д 24",https://1281.kmr.msudrf.ru/,1281.kmr.msudrf.ru,нет,42MS0081
Кемеровская область,Новокузнецк,,Судебный участок № 1 Центрального судебного района города Новокузнецка,MS,Мировой суд,"654041, Кемеровская область - Кузбасс, г Новокузнецк, р-н Куйбышевский, ул Батюшкова, д 16А",https://1241.kmr.msudrf.ru/,1241.kmr.msudrf.ru,нет,42MS0061
Кемеровская область,Новокузнецк,,Судебный участок № 2 Заводского судебного района города Новокузнецка,MS,Мировой суд,"654031, Кемеровская область - Кузбасс, г Новокузнецк, р-н Заводской, ул Горьковская, д 29А",https://1252.kmr.msudrf.ru/,1252.kmr.msudrf.ru,нет,42MS0070
Кемеровская область,Новокузнецк,,Судебный участок № 2 Кузнецкого судебного района города Новокузнецка,MS,Мировой суд,"654041, Кемеровская область - Кузбасс, г Новокузнецк, р-н Куйбышевский, ул Батюшкова, д 16А",https://1262.kmr.msudrf.ru/,1262.kmr.msudrf.ru,нет,42MS0060
Кемеровская область,Новокузнецк,,Судебный участок № 2 Куйбышевского судебного района города Новокузнецка,MS,Мировой суд,"654006, Кемеровская область - Кузбасс, г Новокузнецк, р-н Центральный, ул Кирова, д 23",https://1272.kmr.msudrf.ru/,1272.kmr.msudrf.ru,нет,42MS0077
Кемеровская область,Новокузнецк,,Судебный участок № 2 Новоильинского судебного района города Новокузнецка,MS,Мировой суд,"654054, Кемеровская область - Кузбасс, г Новокузнецк, р-н Новоильинский, ул Косыгина, д 79",https://1232.kmr.msudrf.ru/,1232.kmr.msudrf.ru,нет,42MS0074
Кемеровская область,Новокузнецк,,Судебный участок № 2 Новокузнецкого судебного района,MS,Мировой суд,"654041, Кемеровская область - Кузбасс, г Новокузнецк, р-н Куйбышевский, ул Батюшкова, д 16А",https://2602.kmr.msudrf.ru/,2602.kmr.msudrf.ru,нет,42MS0119
Кемеровская область,Новокузнецк,,Судебный участок № 2 Орджоникидзевского судебного района города Новокузнецка,MS,Мировой суд,"654013, Кемеровская область - Кузбасс, г Новокузнецк, р-н Орджоникидзевский, ул Пушкина, д 24",https://1282.kmr.msudrf.ru/,1282.kmr.msudrf.ru,нет,42MS0082
Кемеровская область,Новокузнецк,,Судебный участок № 2 Центрального судебного района города Новокузнецка,MS,Мировой суд,"654041, Кемеровская область - Кузбасс, г Новокузнецк, р-н Куйбышевский, ул Батюшкова, д 16А",https://1242.kmr.msudrf.ru/,1242.kmr.msudrf.ru,нет,42MS0062
Кемеровская область,Новокузнецк,,Судебный участок № 3 Заводского судебного района города Новокузнецка,MS,Мировой суд,"654031, Кемеровская область - Кузбасс, г Новокузнецк, р-н Заводской, ул Горьковская, д 29А",https://1253.kmr.msudrf.ru/,1253.kmr.msudrf.ru,нет,42MS0071
Кемеровская область,Новокузнецк,,Судебный участок № 3 Кузнецкого судебного района города Новокузнецка,MS,Мировой суд,"654034, Кемеровская область - Кузбасс, г Новокузнецк, р-н Кузнецкий, ул Конева, д 2",https://1263.kmr.msudrf.ru/,1263.kmr.msudrf.ru,нет,42MS0142
Кемеровская область,Новокузнецк,,Судебный участок № 3 Куйбышевского судебного района города Новокузнецка,MS,Мировой суд,"654027, Кемеровская область - Кузбасс, г Новокузнецк, р-н Куйбышевский, ул Куйбышева, д 18",https://1273.kmr.msudrf.ru/,1273.kmr.msudrf.ru,нет,42MS0078
Кемеровская область,Новокузнецк,,Судебный участок № 3 Новоильинского судебного района города Новокузнецка,MS,Мировой суд,"654054, Кемеровская область - Кузбасс, г Новокузнецк, р-н Новоильинский, ул Косыгина, д 79",https://1233.kmr.msudrf.ru/,1233.kmr.msudrf.ru,нет,42MS0075
Кемеровская область,Новокузнецк,,Судебный участок № 3 Новокузнецкого судебного района,MS,Мировой суд,"654041, Кемеровская область - Кузбасс, г Новокузнецк, р-н Куйбышевский, ул Батюшкова, д 16А",https://2603.kmr.msudrf.ru/,2603.kmr.msudrf.ru,нет,42MS0145
Кемеровская область,Новокузнецк,,Судебный участок № 3 Орджоникидзевского судебного района города Новокузнецка,MS,Мировой суд,"654084, Кемеровская область - Кузбасс, г Новокузнецк, р-н Орджоникидзевский, ул Братьев Сизых, зд 16А",https://1283.kmr.msudrf.ru/,1283.kmr.msudrf.ru,нет,42MS0083
Кемеровская область,Новокузнецк,,Судебный участок № 3 Центрального судебного района города Новокузнецка,MS,Мировой суд,"654041, Кемеровская область - Кузбасс, г Новокузнецк, р-н Куйбышевский, ул Батюшкова, д 16А",https://1243.kmr.msudrf.ru/,1243.kmr.msudrf.ru,нет,42MS0063
Кемеровская область,Новокузнецк,,Судебный участок № 4 Заводского судебного района города Новокузнецка,MS,Мировой суд,"654031, Кемеровская область - Кузбасс, г Новокузнецк, р-н Заводской, ул Горьковская, д 29А",https://1254.kmr.msudrf.ru/,1254.kmr.msudrf.ru,нет,42MS0072
Кемеровская область,Новокузнецк,,Судебный участок № 4 Куйбышевского судебного района города Новокузнецка,MS,Мировой суд,"654006, Кемеровская область - Кузбасс, г Новокузнецк, р-н Центральный, ул Кирова, д 23",https://1274.kmr.msudrf.ru/,1274.kmr.msudrf.ru,нет,42MS0079
Кемеровская область,Новокузнецк,,Судебный участок № 4 Новоильинского судебного района города Новокузнецка,MS,Мировой суд,"654044, Кемеровская область - Кузбасс, г Новокузнецк, р-н Новоильинский, пр-кт Авиаторов, д 25А",https://1234.kmr.msudrf.ru/,1234.kmr.msudrf.ru,нет,42MS0150
Кемеровская область,Новокузнецк,,Судебный участок № 4 Орджоникидзевского судебного района города Новокузнецка,MS,Мировой суд,"654084, Кемеровская область - Кузбасс, г Новокузнецк, р-н Орджоникидзевский, ул Братьев Сизых, зд 16А",https://1284.kmr.msudrf.ru/,1284.kmr.msudrf.ru,нет,42MS0144
Кемеровская область,Новокузнецк,,Судебный участок № 4 Центрального судебного района города Новокузнецка,MS,Мировой суд,"654041, Кемеровская область - Кузбасс, г Новокузнецк, р-н Куйбышевский, ул Батюшкова, д 16А",https://1244.kmr.msudrf.ru/,1244.kmr.msudrf.ru,нет,42MS0064
Кемеровская область,Новокузнецк,,Судебный участок № 5 Заводского судебного района города Новокузнецка,MS,Мировой суд,"654031, Кемеровская область - Кузбасс, г Новокузнецк, р-н Заводской, ул Горьковская, д 29А",https://1255.kmr.msudrf.ru/,1255.kmr.msudrf.ru,нет,42MS0143
Кемеровская область,Новокузнецк,,Судебный участок № 5 Куйбышевского судебного района города Новокузнецка,MS,Мировой суд,"654041, Кемеровская область - Кузбасс, г Новокузнецк, р-н Куйбышевский, ул Батюшкова, д 16А",https://1275.kmr.msudrf.ru/,1275.kmr.msudrf.ru,нет,42MS0080
Кемеровская область,Новокузнецк,,Судебный участок № 5 Центрального судебного района города Новокузнецка,MS,Мировой суд,"654041, Кемеровская область - Кузбасс, г Новокузнецк, р-н Куйбышевский, ул Батюшкова, д 16А",https://1245.kmr.msudrf.ru/,1245.kmr.msudrf.ru,нет,42MS0065
Кемеровская область,Новокузнецк,,Судебный участок № 6 Центрального судебного района города Новокузнецка,MS,Мировой суд,"654041, Кемеровская область - Кузбасс, г Новокузнецк, р-н Куйбышевский, ул Батюшкова, д 16А",https://1246.kmr.msudrf.ru/,1246.kmr.msudrf.ru,нет,42MS0066
Кемеровская область,Новокузнецк,,Судебный участок № 7 Центрального судебного района города Новокузнецка,MS,Мировой суд,"654041, Кемеровская область - Кузбасс, г Новокузнецк, р-н Куйбышевский, ул Батюшкова, д 16А",https://1247.kmr.msudrf.ru/,1247.kmr.msudrf.ru,нет,42MS0067
Кемеровская область,Новокузнецк,,Судебный участок № 8 Центрального судебного района города Новокузнецка,MS,Мировой суд,"654041, Кемеровская область - Кузбасс, г Новокузнецк, р-н Куйбышевский, ул Батюшкова, д 16А",https://1248.kmr.msudrf.ru/,1248.kmr.msudrf.ru,нет,42MS0068
Кемеровская область,Новокузнецк,,Судебный участок № 9 Центрального судебного района города Новокузнецка,MS,Мировой суд,"654041, Кемеровская область - Кузбасс, г Новокузнецк, р-н Куйбышевский, ул Батюшкова, д 16А",https://0658.kmr.msudrf.ru/,0658.kmr.msudrf.ru,нет,42MS0149
Кемеровская область,Осинники,,Судебный участок № 1 Осинниковского городского судебного района,MS,Мировой суд,"652811, Кемеровская область - Кузбасс, г Осинники, ул Победы, д 13",https://1301.kmr.msudrf.ru/,1301.kmr.msudrf.ru,нет,42MS0084
Кемеровская область,Осинники,,Судебный участок № 2 Осинниковского городского судебного района,MS,Мировой суд,"652811, Кемеровская область - Кузбасс, г Осинники, ул Победы, д 13",https://1302.kmr.msudrf.ru/,1302.kmr.msudrf.ru,нет,42MS0085
Кемеровская область,Осинники,,Судебный участок № 3 Осинниковского городского судебного района,MS,Мировой суд,"652811, Кемеровская область - Кузбасс, г Осинники, ул Победы, д 13",https://1303.kmr.msudrf.ru/,1303.kmr.msudrf.ru,нет,42MS0086
Кемеровская область,Полысаево,,Судебный участок № 6 Ленинск-Кузнецкого городского судебного района,MS,Мировой суд,"652560, Кемеровская область - Кузбасс, Ленинск-Кузнецкий р-н, г Полысаево, ул Покрышкина, д 9",https://1401.kmr.msudrf.ru/,1401.kmr.msudrf.ru,нет,42MS0087
Кемеровская область,Полысаево,,Судебный участок № 7 Ленинск-Кузнецкого городского судебного района,MS,Мировой суд,"652560, Кемеровская область - Кузбасс, Ленинск-Кузнецкий р-н, г Полысаево, ул Свердлова, д 3",https://1402.kmr.msudrf.ru/,1402.kmr.msudrf.ru,нет,42MS0088
Кемеровская область,Прокопьевск,,Судебный участок № 1 Зенковского судебного района города Прокопьевска,MS,Мировой суд,"653000, Кемеровская область - Кузбасс, г Прокопьевск, ул Горняцкая, д 3",https://1591.kmr.msudrf.ru/,1591.kmr.msudrf.ru,нет,42MS0097
Кемеровская область,Прокопьевск,,Судебный участок № 1 Прокопьевского судебного района,MS,Мировой суд,"653004, Кемеровская область - Кузбасс, г Прокопьевск, пр-кт Гагарина, зд 8",https://2701.kmr.msudrf.ru/,2701.kmr.msudrf.ru,нет,42MS0120
Кемеровская область,Прокопьевск,,Судебный участок № 1 Рудничного судебного района города Прокопьевска,MS,Мировой суд,"653004, Кемеровская область - Кузбасс, г Прокопьевск, пр-кт Гагарина, зд 8",https://1521.kmr.msudrf.ru/,1521.kmr.msudrf.ru,нет,42MS0089
Кемеровская область,Прокопьевск,,Судебный участок № 1 Центрального судебного района города Прокопьевска,MS,Мировой суд,"653000, Кемеровская область - Кузбасс, г Прокопьевск, ул Комиссаровская, зд 7",https://1541.kmr.msudrf.ru/,1541.kmr.msudrf.ru,нет,42MS0094
Кемеровская область,Прокопьевск,,Судебный участок № 2 Зенковского судебного района города Прокопьевска,MS,Мировой суд,"653000, Кемеровская область - Кузбасс, г Прокопьевск, ул Горняцкая, д 3",https://1592.kmr.msudrf.ru/,1592.kmr.msudrf.ru,нет,42MS0098
Кемеровская область,Прокопьевск,,Судебный участок № 2 Прокопьевского судебного района,MS,Мировой суд,"653004, Кемеровская область - Кузбасс, г Прокопьевск, пр-кт Гагарина, зд 8",https://2702.kmr.msudrf.ru/,2702.kmr.msudrf.ru,нет,42MS0121
Кемеровская область,Прокопьевск,,Судебный участок № 2 Рудничного судебного района города Прокопьевска,MS,Мировой суд,"653004, Кемеровская область - Кузбасс, г Прокопьевск, пр-кт Гагарина, зд 8",https://1522.kmr.msudrf.ru/,1522.kmr.msudrf.ru,нет,42MS0090
Кемеровская область,Прокопьевск,,Судебный участок № 2 Центрального судебного района города Прокопьевска,MS,Мировой суд,"653000, Кемеровская область - Кузбасс, г Прокопьевск, ул Комиссаровская, зд 7",https://1542.kmr.msudrf.ru/,1542.kmr.msudrf.ru,нет,42MS0095
Кемеровская область,Прокопьевск,,Судебный участок № 3 Рудничного судебного района города Прокопьевска,MS,Мировой суд,"653004, Кемеровская область - Кузбасс, г Прокопьевск, пр-кт Гагарина, зд 8",https://1523.kmr.msudrf.ru/,1523.kmr.msudrf.ru,нет,42MS0091
Кемеровская область,Прокопьевск,,Судебный участок № 3 Центрального судебного района города Прокопьевска,MS,Мировой суд,"653000, Кемеровская область - Кузбасс, г Прокопьевск, ул Комиссаровская, зд 7",https://1543.kmr.msudrf.ru/,1543.kmr.msudrf.ru,нет,42MS0096
Кемеровская область,Прокопьевск,,Судебный участок № 4 Рудничного судебного района города Прокопьевска,MS,Мировой суд,"653004, Кемеровская область - Кузбасс, г Прокопьевск, пр-кт Гагарина, зд 8",https://1524.kmr.msudrf.ru/,1524.kmr.msudrf.ru,нет,42MS0092
Кемеровская область,Прокопьевск,,Судебный участок № 5 Рудничного судебного района города Прокопьевска,MS,Мировой суд,"653004, Кемеровская область - Кузбасс, г Прокопьевск, ул Советов, д 11",https://1525.kmr.msudrf.ru/,1525.kmr.msudrf.ru,нет,42MS0093
Кемеровская область,Прокопьевск,,Судебный участок № 6 Рудничного судебного района города Прокопьевска,MS,Мировой суд,"653004, Кемеровская область - Кузбасс, г Прокопьевск, пр-кт Гагарина, зд 8",https://1526.kmr.msudrf.ru/,1526.kmr.msudrf.ru,нет,42MS0146
Кемеровская область,Промышленная,,Судебный участок № 1 Промышленновского судебного района,MS,Мировой суд,"652380, Кемеровская область - Кузбасс, пгт Промышленная, ул Коммунистическая, зд 45",https://2801.kmr.msudrf.ru/,2801.kmr.msudrf.ru,нет,42MS0122
Кемеровская область,Промышленная,,Судебный участок № 2 Промышленновского судебного района,MS,Мировой суд,"652380, Кемеровская область - Кузбасс, пгт Промышленная, ул Коммунистическая, зд 45",https://2802.kmr.msudrf.ru/,2802.kmr.msudrf.ru,нет,42MS0123
Кемеровская область,Промышленная,,Судебный участок № 3 Промышленновского судебного района,MS,Мировой суд,"652380, Кемеровская область - Кузбасс, пгт Промышленная, ул Коммунистическая, зд 45",https://2803.kmr.msudrf.ru/,2803.kmr.msudrf.ru,нет,42MS0147
Кемеровская область,Тайга,,Судебный участок № 1 Тайгинского городского судебного района,MS,Мировой суд,"652402, Кемеровская область - Кузбасс, г Тайга, ул Интернациональная, д 24",https://1601.kmr.msudrf.ru/,1601.kmr.msudrf.ru,нет,42MS0099
Кемеровская область,Таштагол,,Судебный участок № 1 Таштагольского городского судебного района,MS,Мировой суд,"652992, Кемеровская область - Кузбасс, г Таштагол, ул Поспелова, д 20",https://1701.kmr.msudrf.ru/,1701.kmr.msudrf.ru,нет,42MS0100
Кемеровская область,Таштагол,,Судебный участок № 3 Таштагольского городского судебного района,MS,Мировой суд,"652971, Кемеровская область, г. Таштагол, п. Шерегеш, ул. Гагарина, д. 26",https://1703.kmr.msudrf.ru/,1703.kmr.msudrf.ru,нет,42MS0102
Кемеровская область,Тисуль,,Судебный участок № 1 Тисульского судебного района,MS,Мировой суд,"652210, Кемеровская область - Кузбасс, Тисульский р-н, пгт Тисуль, ул Октябрьская, д 6",https://2902.kmr.msudrf.ru/,2902.kmr.msudrf.ru,нет,42MS0125
Кемеровская область,Топки,,Судебный участок № 1 Топкинского городского судебного района,MS,Мировой суд,"652300, Кемеровская область - Кузбасс, г Топки, ул Советская, д 48",https://1801.kmr.msudrf.ru/,1801.kmr.msudrf.ru,нет,42MS0103
Кемеровская область,Топки,,Судебный участок № 2 Топкинского городского судебного района,MS,Мировой суд,"652300, Кемеровская область - Кузбасс, г Топки, ул Советская, д 48",https://1802.kmr.msudrf.ru/,1802.kmr.msudrf.ru,нет,42MS0104
Кемеровская область,Топки,,Судебный участок № 3 Топкинского городского судебного района,MS,Мировой суд,"652300, Кемеровская область - Кузбасс, г Топки, ул Советская, д 48",https://3001.kmr.msudrf.ru/,3001.kmr.msudrf.ru,нет,42MS0126
Кемеровская область,Тяжинский,,Судебный участок № 1 Тяжинского судебного района,MS,Мировой суд,"652240, Кемеровская область - Кузбасс, пгт Тяжинский, ул Ленина, д 3А",https://3101.kmr.msudrf.ru/,3101.kmr.msudrf.ru,нет,42MS0127
Кемеровская область,Юрга,,Судебный участок № 1 Юргинского городского судебного района,MS,Мировой суд,"652050, Кемеровская область - Кузбасс, г Юрга, ул Московская, д 41",https://1901.kmr.msudrf.ru/,1901.kmr.msudrf.ru,нет,42MS0105
Кемеровская область,Юрга,,Судебный участок № 2 Юргинского городского судебного района,MS,Мировой суд,"652050, Кемеровская область - Кузбасс, г Юрга, ул Московская, д 41",https://1902.kmr.msudrf.ru/,1902.kmr.msudrf.ru,нет,42MS0106
Кемеровская область,Юрга,,Судебный участок № 3 Юргинского городского судебного района,MS,Мировой суд,"652050, Кемеровская область - Кузбасс, г Юрга, ул Московская, д 41",https://1903.kmr.msudrf.ru/,1903.kmr.msudrf.ru,нет,42MS0107
Кемеровская область,Юрга,,Судебный участок № 4 Юргинского городского судебного района,MS,Мировой суд,"652050, Кемеровская область - Кузбасс, г Юрга, ул Московская, д 41",https://1904.kmr.msudrf.ru/,1904.kmr.msudrf.ru,нет,42MS0108
Кемеровская область,Юрга,,Судебный участок № 5 Юргинского городского судебного района,MS,Мировой суд,"652050, Кемеровская область - Кузбасс, г Юрга, ул Московская, д 41",https://3301.kmr.msudrf.ru/,3301.kmr.msudrf.ru,нет,42MS0130
Кемеровская область,Яшкино,,Судебный участок № 1 Яшкинского судебного района,MS,Мировой суд,"652010, Кемеровская область - Кузбасс, пгт Яшкино, пер Рабочий, зд 3",https://3501.kmr.msudrf.ru/,3501.kmr.msudrf.ru,нет,42MS0132
Кемеровская область,Яшкино,,Судебный участок № 2 Яшкинского судебного района,MS,Мировой суд,"652010, Кемеровская область - Кузбасс, пгт Яшкино, пер Рабочий, зд 3",https://3502.kmr.msudrf.ru/,3502.kmr.msudrf.ru,нет,42MS0133
Кемеровская область,Яя,,Судебный участок № 1 Яйского судебного района,MS,Мировой суд,"652100, Кемеровская область - Кузбасс, Яйский р-н, пгт Яя, ул Советская, д 3",https://3401.kmr.msudrf.ru/,3401.kmr.msudrf.ru,нет,42MS0131
Саратовская область,Александров Гай,,Судебный участок № 1 Александрово-Гайского района Саратовской области,MS,Мировой суд,"413370, Саратовская обл, с Александров Гай, ул Советская, д 15",https://1.sar.msudrf.ru/,1.sar.msudrf.ru,нет,64MS0001
Саратовская область,Аркадак,,Судебный участок № 1 Аркадакского района Саратовской области,MS,Мировой суд,"412210, Саратовская обл, г Аркадак, ул Чапаева, д 5",https://2.sar.msudrf.ru/,2.sar.msudrf.ru,нет,64MS0002
Саратовская область,Аркадак,,Судебный участок № 2 Аркадакского района Саратовской области,MS,Мировой суд,"412210, Саратовская обл, г Аркадак, ул Чапаева, д 5",https://3.sar.msudrf.ru/,3.sar.msudrf.ru,нет,64MS0003
Саратовская область,Аткарск,,Судебный участок № 1 Аткарского района Саратовской области,MS,Мировой суд,"412420, Саратовская обл, г Аткарск, ул Советская, д 94",https://4.sar.msudrf.ru/,4.sar.msudrf.ru,нет,64MS0004
Саратовская область,Аткарск,,Судебный участок № 2 Аткарского района Саратовской области,MS,Мировой суд,"412420, Саратовская обл, г Аткарск, ул Советская, д 94",https://5.sar.msudrf.ru/,5.sar.msudrf.ru,нет,64MS0005
Саратовская область,Базарный Карабулак,,Судебный участок № 1 Базарно-Карабулакского района Саратовской области,MS,Мировой суд,"412602, Саратовская обл, рп Базарный Карабулак, ул Ленина, д 108",https://6.sar.msudrf.ru/,6.sar.msudrf.ru,нет,64MS0006
Саратовская область,Базарный Карабулак,,Судебный участок № 2 Базарно-Карабулакского района Саратовской области,MS,Мировой суд,"412602, Саратовская обл, рп Базарный Карабулак, ул Ленина, д 108",https://7.sar.msudrf.ru/,7.sar.msudrf.ru,нет,64MS0007
Саратовская область,Балаково,,Судебный участок № 1 Балаковского района Саратовской области,MS,Мировой суд,"413841, Саратовская обл, г Балаково, ул Комарова, д 132А",https://8.sar.msudrf.ru/,8.sar.msudrf.ru,нет,64MS0008
Саратовская область,Балаково,,Судебный участок № 1 города Балаково Саратовской области,MS,Мировой суд,"413841, Саратовская обл, г Балаково, ул Комарова, д 132А",https://9.sar.msudrf.ru/,9.sar.msudrf.ru,нет,64MS0009
Саратовская область,Балаково,,Судебный участок № 2 города Балаково Саратовской области,MS,Мировой суд,"413841, Саратовская обл, г Балаково, ул Комарова, д 132А",https://10.sar.msudrf.ru/,10.sar.msudrf.ru,нет,64MS0010
Саратовская область,Балаково,,Судебный участок № 3 города Балаково Саратовской области,MS,Мировой суд,"413841, Саратовская обл, г Балаково, ул Комарова, д 132А",https://11.sar.msudrf.ru/,11.sar.msudrf.ru,нет,64MS0011
Саратовская область,Балаково,,Судебный участок № 4 города Балаково Саратовской области,MS,Мировой суд,"413841, Саратовская обл, г Балаково, ул Комарова, д 132А",https://12.sar.msudrf.ru/,12.sar.msudrf.ru,нет,64MS0012
Саратовская область,Балаково,,Судебный участок № 5 города Балаково Саратовской области,MS,Мировой суд,"413841, Саратовская обл, г Балаково, ул Комарова, д 132А",https://13.sar.msudrf.ru/,13.sar.msudrf.ru,нет,64MS0013
Саратовская область,Балаково,,Судебный участок № 6 города Балаково Саратовской области,MS,Мировой суд,"413841, Саратовская обл, г Балаково, ул Комарова, д 132А",https://14.sar.msudrf.ru/,14.sar.msudrf.ru,нет,64MS0014
Саратовская область,Балаково,,Судебный участок № 7 города Балаково Саратовской области,MS,Мировой суд,"413841, Саратовская обл, г Балаково, ул Комарова, д 132А",https://15.sar.msudrf.ru/,15.sar.msudrf.ru,нет,64MS0015
Саратовская область,Балаково,,Судебный участок № 8 города Балаково Саратовской области,MS,Мировой суд,"413841, Саратовская обл, г Балаково, ул Комарова, д 132А",https://16.sar.msudrf.ru/,16.sar.msudrf.ru,нет,64MS0016
Саратовская область,Балаково,,Судебный участок № 9 города Балаково Саратовской области,MS,Мировой суд,"413841, Саратовская обл, г Балаково, ул Комарова, д 132А",https://17.sar.msudrf.ru/,17.sar.msudrf.ru,нет,64MS0017
Саратовская область,Балашов,,Судебный участок № 1 Балашовского района Саратовской области,MS,Мировой суд,"412309, Саратовская обл, г Балашов, ул Луначарского, д 33А",https://18.sar.msudrf.ru/,18.sar.msudrf.ru,нет,64MS0018
Саратовская область,Балашов,,Судебный участок № 1 города Балашова Саратовской области,MS,Мировой суд,"412305, Саратовская обл, г Балашов, ул Орджоникидзе, д 68",https://20.sar.msudrf.ru/,20.sar.msudrf.ru,нет,64MS0020
Саратовская область,Балашов,,Судебный участок № 2 Балашовского района Саратовской области,MS,Мировой суд,"412309, Саратовская обл, г Балашов, ул Луначарского, д 33А",https://19.sar.msudrf.ru/,19.sar.msudrf.ru,нет,64MS0019
Саратовская область,Балашов,,Судебный участок № 2 города Балашова Саратовской области,MS,Мировой суд,"412305, Саратовская обл, г Балашов, ул Орджоникидзе, д 6",https://21.sar.msudrf.ru/,21.sar.msudrf.ru,нет,64MS0021
Саратовская область,Балашов,,Судебный участок № 3 города Балашова Саратовской области,MS,Мировой суд,"412305, Саратовская обл, г Балашов, ул Орджоникидзе, д 68",https://22.sar.msudrf.ru/,22.sar.msudrf.ru,нет,64MS0022
Саратовская область,Балашов,,Судебный участок № 4 города Балашова Саратовской области,MS,Мировой суд,"412305, Саратовская обл, г Балашов, ул Орджоникидзе, д 68",https://23.sar.msudrf.ru/,23.sar.msudrf.ru,нет,64MS0023
Саратовская область,Балтай,,Судебный участок № 1 Балтайского района Саратовской области,MS,Мировой суд,"412630, Саратовская обл, с Балтай, ул В.И.Ленина, д 63",https://24.sar.msudrf.ru/,24.sar.msudrf.ru,нет,64MS0024
Саратовская область,Вольск,,Судебный участок № 1 Вольского района Саратовской области,MS,Мировой суд,"412904, Саратовская обл, г Вольск, ул Комсомольская, д 249 к 2",https://30.sar.msudrf.ru/,30.sar.msudrf.ru,нет,64MS0030
Саратовская область,Вольск,,Судебный участок № 2 Вольского района Саратовской области,MS,Мировой суд,"412904, Саратовская обл, г Вольск, ул Комсомольская, д 249 к 2",https://31.sar.msudrf.ru/,31.sar.msudrf.ru,нет,64MS0031
Саратовская область,Вольск,,Судебный участок № 3 Вольского района Саратовской области,MS,Мировой суд,"412904, Саратовская обл, г Вольск, ул Комсомольская, д 249 к 2",https://32.sar.msudrf.ru/,32.sar.msudrf.ru,нет,64MS0032
Саратовская область,Вольск,,Судебный участок № 4 Вольского района Саратовской области,MS,Мировой суд,"412904, Саратовская обл, г Вольск, ул Комсомольская, д 249 к 2",https://33.sar.msudrf.ru/,33.sar.msudrf.ru,нет,64MS0033
Саратовская область,Воскресенское,,Судебный участок № 1 Воскресенского района Саратовской области,MS,Мировой суд,"413030, Саратовская обл, с Воскресенское, ул Докучаева, д 2",https://35.sar.msudrf.ru/,35.sar.msudrf.ru,нет,64MS0035
Саратовская область,Горный,,Судебный участок № 1 Краснопартизанского района Саратовской области,MS,Мировой суд,"413540, Саратовская обл, рп Горный, ул Краснопартизанская, д 36",https://67.sar.msudrf.ru/,67.sar.msudrf.ru,нет,64MS0067
Саратовская область,Дергачи,,Судебный участок № 1 Дергачевского района Саратовской области,MS,Мировой суд,"413440, Саратовская обл, рп Дергачи, ул Октябрьская, д 88",https://36.sar.msudrf.ru/,36.sar.msudrf.ru,нет,64MS0036
Саратовская область,Духовницкое,,Судебный участок № 1 Духовницкого района Саратовской области,MS,Мировой суд,"413900, Саратовская обл, рп Духовницкое, ул Ленина, д 33",https://37.sar.msudrf.ru/,37.sar.msudrf.ru,нет,64MS0037
Саратовская область,Екатериновка,,Судебный участок № 1 Екатериновского района Саратовской области,MS,Мировой суд,"412120, Саратовская обл, рп Екатериновка, ул Первомайская, стр 7",https://38.sar.msudrf.ru/,38.sar.msudrf.ru,нет,64MS0038
Саратовская область,Ершов,,Судебный участок № 1 Ершовского района Саратовской области,MS,Мировой суд,"413503, Саратовская обл, г Ершов, ул Интернациональная, зд 16",https://39.sar.msudrf.ru/,39.sar.msudrf.ru,нет,64MS0039
Саратовская область,Ершов,,Судебный участок № 2 Ершовского района Саратовской области,MS,Мировой суд,"413503, Саратовская обл, г Ершов, ул Интернациональная, зд 16",https://41.sar.msudrf.ru/,41.sar.msudrf.ru,нет,64MS0041
Саратовская область,Ивантеевка,,Судебный участок № 1 Ивантеевского района Саратовской области,MS,Мировой суд,"413950, Саратовская обл, с Ивантеевка, ул Мелиораторов, зд 11Б",https://51.sar.msudrf.ru/,51.sar.msudrf.ru,нет,64MS0051
Саратовская область,Калининск,,Судебный участок № 1 Калининского района Саратовской области,MS,Мировой суд,"412483, Саратовская обл, г Калининск, ул Мира, д 2",https://52.sar.msudrf.ru/,52.sar.msudrf.ru,нет,64MS0052
Саратовская область,Калининск,,Судебный участок № 2 Калининского района Саратовской области,MS,Мировой суд,"412483, Саратовская обл, г Калининск, ул Мира, д 2",https://53.sar.msudrf.ru/,53.sar.msudrf.ru,нет,64MS0053
Саратовская область,Красноармейск,,Судебный участок № 1 Красноармейского района Саратовской области,MS,Мировой суд,"412800, Саратовская обл, г Красноармейск, ул им. Сергея Кирова, д 70",https://62.sar.msudrf.ru/,62.sar.msudrf.ru,нет,64MS0062
Саратовская область,Красноармейск,,Судебный участок № 2 Красноармейского района Саратовской области,MS,Мировой суд,"412800, Саратовская обл, г Красноармейск, ул им. Сергея Кирова, д 70",https://63.sar.msudrf.ru/,63.sar.msudrf.ru,нет,64MS0063
Саратовская область,Красный Кут,,Судебный участок № 1 Краснокутского района Саратовской области,MS,Мировой суд,"413235, Саратовская обл, г Красный Кут, ул Армейская, д 33",https://65.sar.msudrf.ru/,65.sar.msudrf.ru,нет,64MS0065
Саратовская область,Красный Кут,,Судебный участок № 2 Краснокутского района Саратовской области,MS,Мировой суд,"413235, Саратовская обл, г Красный Кут, ул Армейская, д 33",https://66.sar.msudrf.ru/,66.sar.msudrf.ru,нет,64MS0066
Саратовская область,Лысые Горы,,Судебный участок № 1 Лысогорского района Саратовской области,MS,Мировой суд,"412860, Саратовская обл, рп Лысые Горы, пл 50 лет Октября, д 5",https://79.sar.msudrf.ru/,79.sar.msudrf.ru,нет,64MS0079
Саратовская область,Маркс,,Судебный участок № 1 Марксовского района Саратовской области,MS,Мировой суд,"413090, Саратовская обл, г Маркс, ул 4-я линия, д 2А",https://80.sar.msudrf.ru/,80.sar.msudrf.ru,нет,64MS0080
Саратовская область,Маркс,,Судебный участок № 2 Марксовского района Саратовской области,MS,Мировой суд,"413090, Саратовская обл, г Маркс, ул Кирова, д 35/1",https://81.sar.msudrf.ru/,81.sar.msudrf.ru,нет,64MS0081
Саратовская область,Маркс,,Судебный участок № 3 Марксовского района Саратовской области,MS,Мировой суд,"413090, Саратовская обл, г Маркс, ул Кирова, д 35/1",https://82.sar.msudrf.ru/,82.sar.msudrf.ru,нет,64MS0082
Саратовская область,Маркс,,Судебный участок № 4 Марксовского района Саратовской области,MS,Мировой суд,"413090, Саратовская обл, г Маркс, ул 4-я линия, д 2А",https://83.sar.msudrf.ru/,83.sar.msudrf.ru,нет,64MS0083
Саратовская область,Мокроус,,Судебный участок № 1 Федоровского района Саратовской области,MS,Мировой суд,"413410, Саратовская обл, рп Мокроус, ул Центральная, д 63",https://115.sar.msudrf.ru/,115.sar.msudrf.ru,нет,64MS0115
Саратовская область,Новоузенск,,Судебный участок № 1 Новоузенского района Саратовской области,MS,Мировой суд,"413360, Саратовская обл, г Новоузенск, ул Революции, д 29",https://85.sar.msudrf.ru/,85.sar.msudrf.ru,нет,64MS0085
Саратовская область,Новоузенск,,Судебный участок № 2 Новоузенского района Саратовской области,MS,Мировой суд,"413360, Саратовская обл, г Новоузенск, ул Революции, д 29",https://86.sar.msudrf.ru/,86.sar.msudrf.ru,нет,64MS0086
Саратовская область,Новые Бурасы,,Судебный участок № 1 Новобурасского района Саратовской области,MS,Мировой суд,"412580, Саратовская обл, рп Новые Бурасы, ул Почтовая, д 4А",https://84.sar.msudrf.ru/,84.sar.msudrf.ru,нет,64MS0084
Саратовская область,Озинки,,Судебный участок № 1 Озинского района Саратовской области,MS,Мировой суд,"413620, Саратовская обл, рп Озинки, ул Пионерская, д 11",https://87.sar.msudrf.ru/,87.sar.msudrf.ru,нет,64MS0087
Саратовская область,Перелюб,,Судебный участок № 1 Перелюбского района Саратовской области,MS,Мировой суд,"413750, Саратовская обл, с Перелюб, ул Ленина, д 96А",https://94.sar.msudrf.ru/,94.sar.msudrf.ru,нет,64MS0094
Саратовская область,Петровск,,Судебный участок № 1 Петровского района Саратовской области,MS,Мировой суд,"412540, Саратовская обл, г Петровск, пл Ленина, д 5",https://95.sar.msudrf.ru/,95.sar.msudrf.ru,нет,64MS0095
Саратовская область,Петровск,,Судебный участок № 2 Петровского района Саратовской области,MS,Мировой суд,"412540, Саратовская обл, г Петровск, пл Ленина, д 5",https://96.sar.msudrf.ru/,96.sar.msudrf.ru,нет,64MS0096
Саратовская область,Питерка,,Судебный участок № 1 Питерского района Саратовской области,MS,Мировой суд,"413320, Саратовская обл, с Питерка, ул Им Ленина, зд 127",https://97.sar.msudrf.ru/,97.sar.msudrf.ru,нет,64MS0097
Саратовская область,Пугачев,,Судебный участок № 1 Пугачевского района Саратовской области,MS,Мировой суд,"413720, Саратовская обл, г Пугачев, ул Топорковская, д 67",https://98.sar.msudrf.ru/,98.sar.msudrf.ru,нет,64MS0098
Саратовская область,Пугачев,,Судебный участок № 2 Пугачевского района Саратовской области,MS,Мировой суд,"413720, Саратовская обл, г Пугачев, ул Топорковская, д 67",https://99.sar.msudrf.ru/,99.sar.msudrf.ru,нет,64MS0099
Саратовская область,Пугачев,,Судебный участок № 3 Пугачевского района Саратовской области,MS,Мировой суд,"413720, Саратовская обл, г Пугачев, ул Топорковская, д 67",https://100.sar.msudrf.ru/,100.sar.msudrf.ru,нет,64MS0100
Саратовская область,Ровное,,Судебный участок № 1 Ровенского района Саратовской области,MS,Мировой суд,"413270, Саратовская обл, рп Ровное, ул Советская, д 40",https://102.sar.msudrf.ru/,102.sar.msudrf.ru,нет,64MS0102
Саратовская область,Романовка,,Судебный участок № 1 Романовского района Саратовской области,MS,Мировой суд,"412270, Саратовская обл, рп Романовка, ул Советская, д 128Б",https://103.sar.msudrf.ru/,103.sar.msudrf.ru,нет,64MS0103
Саратовская область,Ртищево,,Судебный участок № 1 Ртищевского района Саратовской области,MS,Мировой суд,"412031, Саратовская обл, г Ртищево, ул 60 лет Октября, д 14",https://104.sar.msudrf.ru/,104.sar.msudrf.ru,нет,64MS0104
Саратовская область,Ртищево,,Судебный участок № 2 Ртищевского района Саратовской области,MS,Мировой суд,"412031, Саратовская обл, г Ртищево, ул 60 лет Октября, д 14",https://105.sar.msudrf.ru/,105.sar.msudrf.ru,нет,64MS0105
Саратовская область,Ртищево,,Судебный участок № 3 Ртищевского района Саратовской области,MS,Мировой суд,"412031, Саратовская обл, г Ртищево, ул Малая Московская, д 21",https://106.sar.msudrf.ru/,106.sar.msudrf.ru,нет,64MS0106
Саратовская область,Самойловка,,Судебный участок № 1 Самойловского района Саратовской области,MS,Мировой суд,"412370, Саратовская обл, рп Самойловка, ул 30 лет Победы, д 2",https://107.sar.msudrf.ru/,107.sar.msudrf.ru,нет,64MS0107
Саратовская область,Саратов,,Судебный участок № 1 Волжского района города Саратова,MS,Мировой суд,"410012, г Саратов, ул им Емлютина Д.В., д 39/45",https://25.sar.msudrf.ru/,25.sar.msudrf.ru,нет,64MS0025
Саратовская область,Саратов,,Судебный участок № 1 Гагаринского административного района Саратовской области,MS,Мировой суд,"410012, г Саратов, ул им Емлютина Д.В., д 39/45",https://108.sar.msudrf.ru/,108.sar.msudrf.ru,нет,64MS0108
Саратовская область,Саратов,,Судебный участок № 1 Заводского района города Саратова,MS,Мировой суд,"410036, г Саратов, ул Огородная, д 193Б",https://42.sar.msudrf.ru/,42.sar.msudrf.ru,нет,64MS0042
Саратовская область,Саратов,,Судебный участок № 1 Кировского района города Саратова,MS,Мировой суд,"410009, г Саратов, ул Дачная, зд 30Б",https://54.sar.msudrf.ru/,54.sar.msudrf.ru,нет,64MS0054
Саратовская область,Саратов,,Судебный участок № 1 Ленинского района города Саратова,MS,Мировой суд,"410044, г Саратов, пр-кт Строителей, д 1",https://68.sar.msudrf.ru/,68.sar.msudrf.ru,нет,64MS0068
Саратовская область,Саратов,,Судебный участок № 1 Октябрьского района города Саратова,MS,Мировой суд,"410012, г Саратов, ул им Емлютина Д.В., д 39/45",https://88.sar.msudrf.ru/,88.sar.msudrf.ru,нет,64MS0088
Саратовская область,Саратов,,Судебный участок № 1 Фрунзенского района города Саратова,MS,Мировой суд,"410012, г Саратов, ул им Емлютина Д.В., д 39/45",https://116.sar.msudrf.ru/,116.sar.msudrf.ru,нет,64MS0116
Саратовская область,Саратов,,Судебный участок № 10 Ленинского района города Саратова,MS,Мировой суд,"410044, г Саратов, пр-кт Строителей, д 1",https://77.sar.msudrf.ru/,77.sar.msudrf.ru,нет,64MS0077
Саратовская область,Саратов,,Судебный участок № 11 Ленинского района города Саратова,MS,Мировой суд,"410044, г Саратов, пр-кт Строителей, д 1",https://78.sar.msudrf.ru/,78.sar.msudrf.ru,нет,64MS0078
Саратовская область,Саратов,,Судебный участок № 12 Ленинского района г. Саратова,MS,Мировой суд,"410044, г Саратов, пр-кт Строителей, д 1",https://137.sar.msudrf.ru/,137.sar.msudrf.ru,нет,64MS0137
Саратовская область,Саратов,,Судебный участок № 2 Волжского района города Саратова,MS,Мировой суд,"410038, г Саратов, ул Большая Сеченская, зд 6В",https://26.sar.msudrf.ru/,26.sar.msudrf.ru,нет,64MS0026
Саратовская область,Саратов,,Судебный участок № 2 Гагаринского административного района Саратовской области,MS,Мировой суд,"410012, г Саратов, ул им Емлютина Д.В., д 39/45",https://109.sar.msudrf.ru/,109.sar.msudrf.ru,нет,64MS0109
Саратовская область,Саратов,,Судебный участок № 2 Заводского района города Саратова,MS,Мировой суд,"410036, г Саратов, ул Огородная, д 193Б",https://43.sar.msudrf.ru/,43.sar.msudrf.ru,нет,64MS0043
Саратовская область,Саратов,,Судебный участок № 2 Кировского района города Саратова,MS,Мировой суд,"410009, г Саратов, ул Дачная, зд 30Б",https://55.sar.msudrf.ru/,55.sar.msudrf.ru,нет,64MS0055
Саратовская область,Саратов,,Судебный участок № 2 Ленинского района города Саратова,MS,Мировой суд,"410044, г Саратов, пр-кт Строителей, д 1",https://69.sar.msudrf.ru/,69.sar.msudrf.ru,нет,64MS0069
Саратовская область,Саратов,,Судебный участок № 2 Октябрьского района города Саратова,MS,Мировой суд,"410012, г Саратов, ул им Емлютина Д.В., д 39/45",https://89.sar.msudrf.ru/,89.sar.msudrf.ru,нет,64MS0089
Саратовская область,Саратов,,Судебный участок № 2 Фрунзенского района города Саратова,MS,Мировой суд,"410012, г Саратов, ул им Емлютина Д.В., д 39/45",https://117.sar.msudrf.ru/,117.sar.msudrf.ru,нет,64MS0117
Саратовская область,Саратов,,Судебный участок № 3 Волжского района города Саратова,MS,Мировой суд,"410038, г Саратов, ул Большая Сеченская, зд 6В",https://27.sar.msudrf.ru/,27.sar.msudrf.ru,нет,64MS0027
Саратовская область,Саратов,,Судебный участок № 3 Заводского района города Саратова,MS,Мировой суд,"410049,г. Саратов, ул. Пономарёва 19/1, 2й этаж",https://44.sar.msudrf.ru/,44.sar.msudrf.ru,нет,64MS0044
Саратовская область,Саратов,,Судебный участок № 3 Кировского района города Саратова,MS,Мировой суд,"410009, г Саратов, ул Дачная, зд 30Б",https://56.sar.msudrf.ru/,56.sar.msudrf.ru,нет,64MS0056
Саратовская область,Саратов,,Судебный участок № 3 Ленинского района города Саратова,MS,Мировой суд,"410044, г Саратов, пр-кт Строителей, д 1",https://70.sar.msudrf.ru/,70.sar.msudrf.ru,нет,64MS0070
Саратовская область,Саратов,,Судебный участок № 3 Октябрьского района города Саратова,MS,Мировой суд,"410012, г Саратов, ул им Емлютина Д.В., д 39/45",https://90.sar.msudrf.ru/,90.sar.msudrf.ru,нет,64MS0090
Саратовская область,Саратов,,Судебный участок № 3 Фрунзенского района города Саратова,MS,Мировой суд,"410012, г Саратов, ул им Емлютина Д.В., д 39/45",https://118.sar.msudrf.ru/,118.sar.msudrf.ru,нет,64MS0118
Саратовская область,Саратов,,Судебный участок № 4 Волжского района города Саратова,MS,Мировой суд,"410038, г Саратов, ул Большая Сеченская, зд 6В",https://28.sar.msudrf.ru/,28.sar.msudrf.ru,нет,64MS0028
Саратовская область,Саратов,,Судебный участок № 4 Заводского района города Саратова,MS,Мировой суд,"410001, г Саратов, ул Огородная, д 31А",https://45.sar.msudrf.ru/,45.sar.msudrf.ru,нет,64MS0045
Саратовская область,Саратов,,Судебный участок № 4 Кировского района города Саратова,MS,Мировой суд,"410009, г Саратов, ул Дачная, зд 30Б",https://57.sar.msudrf.ru/,57.sar.msudrf.ru,нет,64MS0057
Саратовская область,Саратов,,Судебный участок № 4 Ленинского района города Саратова,MS,Мировой суд,"410044, г Саратов, пр-кт Строителей, д 1",https://71.sar.msudrf.ru/,71.sar.msudrf.ru,нет,64MS0071
Саратовская область,Саратов,,Судебный участок № 4 Октябрьского района города Саратова,MS,Мировой суд,"410012, г Саратов, ул им Емлютина Д.В., д 39/45",https://91.sar.msudrf.ru/,91.sar.msudrf.ru,нет,64MS0091
Саратовская область,Саратов,,Судебный участок № 5 Волжского района города Саратова,MS,Мировой суд,"410038, г Саратов, ул Большая Сеченская, зд 6В",https://29.sar.msudrf.ru/,29.sar.msudrf.ru,нет,64MS0029
Саратовская область,Саратов,,Судебный участок № 5 Заводского района города Саратова,MS,Мировой суд,"410049,г. Саратов, ул. Пономарёва 19/1, 2й этаж",https://46.sar.msudrf.ru/,46.sar.msudrf.ru,нет,64MS0046
Саратовская область,Саратов,,Судебный участок № 5 Кировского района города Саратова,MS,Мировой суд,"410009, г Саратов, ул Дачная, зд 30Б",https://58.sar.msudrf.ru/,58.sar.msudrf.ru,нет,64MS0058
Саратовская область,Саратов,,Судебный участок № 5 Ленинского района города Саратова,MS,Мировой суд,"410044, г Саратов, пр-кт Строителей, д 1",https://72.sar.msudrf.ru/,72.sar.msudrf.ru,нет,64MS0072
Саратовская область,Саратов,,Судебный участок № 5 Октябрьского района города Саратова,MS,Мировой суд,"410012, г Саратов, ул им Емлютина Д.В., д 39/45",https://92.sar.msudrf.ru/,92.sar.msudrf.ru,нет,64MS0092
Саратовская область,Саратов,,Судебный участок № 6 Волжского района г. Саратова,MS,Мировой суд,"410038, г Саратов, ул Большая Сеченская, д 6В",https://136.sar.msudrf.ru/,136.sar.msudrf.ru,нет,64MS0136
Саратовская область,Саратов,,Судебный участок № 6 Заводского района города Саратова,MS,Мировой суд,"410049,г. Саратов, ул. Пономарёва, д. 19/1, 2й этаж",https://47.sar.msudrf.ru/,47.sar.msudrf.ru,нет,64MS0047
Саратовская область,Саратов,,Судебный участок № 6 Кировского района города Саратова,MS,Мировой суд,"410009, г Саратов, ул Дачная, зд 30Б",https://59.sar.msudrf.ru/,59.sar.msudrf.ru,нет,64MS0059
Саратовская область,Саратов,,Судебный участок № 6 Ленинского района города Саратова,MS,Мировой суд,"410044, г Саратов, пр-кт Строителей, д 1",https://73.sar.msudrf.ru/,73.sar.msudrf.ru,нет,64MS0073
Саратовская область,Саратов,,Судебный участок № 6 Октябрьского района города Саратова,MS,Мировой суд,"410012, г Саратов, ул им Емлютина Д.В., д 39/45",https://93.sar.msudrf.ru/,93.sar.msudrf.ru,нет,64MS0093
Саратовская область,Саратов,,Судебный участок № 7 Заводского района города Саратова,MS,Мировой суд,"410036, г Саратов, ул Огородная, д 193Б",https://48.sar.msudrf.ru/,48.sar.msudrf.ru,нет,64MS0048
Саратовская область,Саратов,,Судебный участок № 7 Кировского района города Саратова,MS,Мировой суд,"410009, г Саратов, ул Дачная, зд 30Б",https://60.sar.msudrf.ru/,60.sar.msudrf.ru,нет,64MS0060
Саратовская область,Саратов,,Судебный участок № 7 Ленинского района города Саратова,MS,Мировой суд,"410044, г Саратов, пр-кт Строителей, д 1",https://74.sar.msudrf.ru/,74.sar.msudrf.ru,нет,64MS0074
Саратовская область,Саратов,,Судебный участок № 8 Заводского района города Саратова,MS,Мировой суд,"410001, г Саратов, ул Огородная, д 31А",https://49.sar.msudrf.ru/,49.sar.msudrf.ru,нет,64MS0049
Саратовская область,Саратов,,Судебный участок № 8 Кировского района города Саратова,MS,Мировой суд,"410009, г Саратов, ул Дачная, зд 30Б",https://61.sar.msudrf.ru/,61.sar.msudrf.ru,нет,64MS0061
Саратовская область,Саратов,,Судебный участок № 8 Ленинского района города Саратова,MS,Мировой суд,"410044, г Саратов, пр-кт Строителей, д 1",https://75.sar.msudrf.ru/,75.sar.msudrf.ru,нет,64MS0075
Саратовская область,Саратов,,Судебный участок № 9 Заводского района города Саратова,MS,Мировой суд,"410036, г Саратов, ул Огородная, д 193Б",https://50.sar.msudrf.ru/,50.sar.msudrf.ru,нет,64MS0050
Саратовская область,Саратов,,Судебный участок № 9 Кировского района города Саратова,MS,Мировой суд,"410009, г Саратов, ул Дачная, зд 30Б",https://134.sar.msudrf.ru/,134.sar.msudrf.ru,нет,64MS0134
Саратовская область,Саратов,,Судебный участок № 9 Ленинского района города Саратова,MS,Мировой суд,"410044, г Саратов, пр-кт Строителей, д 1",https://76.sar.msudrf.ru/,76.sar.msudrf.ru,нет,64MS0076
Саратовская область,Саратов,,Судебный участок №3 Гагаринского административного района Саратовской области,MS,Мировой суд,"410012, г Саратов, ул им Емлютина Д.В., д 39/45",https://138.sar.msudrf.ru/,138.sar.msudrf.ru,нет,64MS0138
Саратовская область,Степное,,Судебный участок № 1 Советского района Саратовской области,MS,Мировой суд,"413210, Саратовская обл, рп Степное, ул Октябрьская, д 25",https://110.sar.msudrf.ru/,110.sar.msudrf.ru,нет,64MS0110
Саратовская область,Степное,,Судебный участок № 2 Советского района Саратовской области,MS,Мировой суд,"413210, Саратовская обл, рп Степное, ул Октябрьская, д 25",https://111.sar.msudrf.ru/,111.sar.msudrf.ru,нет,64MS0111
Саратовская область,Татищево,,Судебный участок № 1 Татищевского района Саратовской области,MS,Мировой суд,"412170, Саратовская обл, рп Татищево, ул Красноармейская, д 32",https://112.sar.msudrf.ru/,112.sar.msudrf.ru,нет,64MS0112
Саратовская область,Татищево,,Судебный участок № 2 Татищевского района Саратовской области,MS,Мировой суд,"412170, Саратовская обл, рп Татищево, ул Красноармейская, д 32",https://113.sar.msudrf.ru/,113.sar.msudrf.ru,нет,64MS0113
Саратовская область,Турки,,Судебный участок № 1 Турковского района Саратовской области,MS,Мировой суд,"412070, Саратовская обл, рп Турки, ул Советская, д 20",https://114.sar.msudrf.ru/,114.sar.msudrf.ru,нет,64MS0114
Саратовская область,Хвалынск,,Судебный участок № 1 Хвалынского района Саратовской области,MS,Мировой суд,"412780, Саратовская обл, г Хвалынск, ул Революционная, д 110",https://119.sar.msudrf.ru/,119.sar.msudrf.ru,нет,64MS0119
Саратовская область,Шиханы,,Судебный участок № 1 административного округа Шиханы Саратовской области,MS,Мировой суд,"412950, Саратовская обл, г Шиханы, ул Школьная, стр 2",https://120.sar.msudrf.ru/,120.sar.msudrf.ru,нет,64MS0120
Саратовская область,Энгельс,,Судебный участок № 1 Энгельсского района Саратовской области,MS,Мировой суд,"413100, Саратовская обл, г Энгельс, ул Льва Кассиля, д 14А",https://121.sar.msudrf.ru/,121.sar.msudrf.ru,нет,64MS0121
Саратовская область,Энгельс,,Судебный участок № 1 города Энгельса Саратовской области,MS,Мировой суд,"413100, Саратовская обл, г Энгельс, ул Льва Кассиля, д 14А",https://123.sar.msudrf.ru/,123.sar.msudrf.ru,нет,64MS0123
Саратовская область,Энгельс,,Судебный участок № 10 города Энгельса Саратовской области,MS,Мировой суд,"413100, Саратовская обл, г Энгельс, ул Революционная, д 6",https://132.sar.msudrf.ru/,132.sar.msudrf.ru,нет,64MS0132
Саратовская область,Энгельс,,Судебный участок № 11 города Энгельса Саратовской области,MS,Мировой суд,"413100, Саратовская обл, г Энгельс, ул Революционная, д 6",https://133.sar.msudrf.ru/,133.sar.msudrf.ru,нет,64MS0133
Саратовская область,Энгельс,,Судебный участок № 12 города Энгельса Саратовской области,MS,Мировой суд,"413100, Саратовская обл, г Энгельс, ул Революционная, д 6",https://135.sar.msudrf.ru/,135.sar.msudrf.ru,нет,64MS0135
Саратовская область,Энгельс,,Судебный участок № 2 Энгельсского района Саратовской области,MS,Мировой суд,"413100, Саратовская обл, г Энгельс, ул Льва Кассиля, д 14А",https://122.sar.msudrf.ru/,122.sar.msudrf.ru,нет,64MS0122
Саратовская область,Энгельс,,Судебный участок № 2 города Энгельса Саратовской области,MS,Мировой суд,"413100, Саратовская обл, г Энгельс, ул Льва Кассиля, д 14А",https://124.sar.msudrf.ru/,124.sar.msudrf.ru,нет,64MS0124
Саратовская область,Энгельс,,Судебный участок № 3 города Энгельса Саратовской области,MS,Мировой суд,"413100, Саратовская обл, г Энгельс, ул Революционная, д 6",https://125.sar.msudrf.ru/,125.sar.msudrf.ru,нет,64MS0125
Саратовская область,Энгельс,,Судебный участок № 4 города Энгельса Саратовской области,MS,Мировой суд,"413100, Саратовская обл, г Энгельс, ул Революционная, д 6",https://126.sar.msudrf.ru/,126.sar.msudrf.ru,нет,64MS0126
Саратовская область,Энгельс,,Судебный участок № 5 города Энгельса Саратовской области,MS,Мировой суд,"413105, Саратовская обл, г Энгельс, ул Одесская, д 39",https://127.sar.msudrf.ru/,127.sar.msudrf.ru,нет,64MS0127
Саратовская область,Энгельс,,Судебный участок № 6 города Энгельса Саратовской области,MS,Мировой суд,"413100, Саратовская обл, г Энгельс, ул Революционная, д 6",https://128.sar.msudrf.ru/,128.sar.msudrf.ru,нет,64MS0128
Саратовская область,Энгельс,,Судебный участок № 7 города Энгельса Саратовской области,MS,Мировой суд,"413100, Саратовская обл, г Энгельс, ул Революционная, д 6",https://129.sar.msudrf.ru/,129.sar.msudrf.ru,нет,64MS0129
Саратовская область,Энгельс,,Судебный участок № 8 города Энгельса Саратовской области,MS,Мировой суд,"413105, Саратовская обл, г Энгельс, ул Одесская, д 39",https://130.sar.msudrf.ru/,130.sar.msudrf.ru,нет,64MS0130
Саратовская область,Энгельс,,Судебный участок № 9 города Энгельса Саратовской области,MS,Мировой суд,"413105, Саратовская обл, г Энгельс, ул Одесская, д 39",https://131.sar.msudrf.ru/,131.sar.msudrf.ru,нет,64MS0131
Ленинградская область,,,Судебный участок № 16 Всеволожского муниципального района Ленинградской области,MS,Мировой суд,"188663, Ленинградская обл, Всеволожский р-н, гп Кузьмоловский, ул Железнодорожная, д 26",https://16.lo.msudrf.ru/,16.lo.msudrf.ru,нет,47MS0016
Ленинградская область,,,Судебный участок № 17 Всеволожского муниципального района Ленинградской области,MS,Мировой суд,"188664, Ленинградская обл, Всеволожский р-н, гп Токсово, ул Привокзальная, д 16А",https://17.lo.msudrf.ru/,17.lo.msudrf.ru,нет,47MS0017
Ленинградская область,,,Судебный участок № 24 Выборгского муниципального района Ленинградской области,MS,Мировой суд,"188820, Ленинградская обл, Выборгский р-н, гп Рощино, ул Садовая, д 22",https://24.lo.msudrf.ru/,24.lo.msudrf.ru,нет,47MS0025
Ленинградская область,,,Судебный участок № 25 Выборгского муниципального района Ленинградской области,MS,Мировой суд,"188820, Ленинградская обл, Выборгский р-н, гп Рощино, ул Садовая, д 22",https://25.lo.msudrf.ru/,25.lo.msudrf.ru,нет,47MS0026
Ленинградская область,,,Судебный участок № 27 Выборгского муниципального района Ленинградской области,MS,Мировой суд,"188918, Ленинградская обл, Выборгский р-н, гп Советский, ул Советская, д 22",https://27.lo.msudrf.ru/,27.lo.msudrf.ru,нет,47MS0028
Ленинградская область,,,Судебный участок № 36 Гатчинского муниципального района Ленинградской области,MS,Мировой суд,"188382, Ленинградская обл, Гатчинский р-н, гп Вырица, пр-кт Коммунальный, д 14",https://36.lo.msudrf.ru/,36.lo.msudrf.ru,нет,47MS0038
Ленинградская область,,,Судебный участок № 42 Киришского муниципального района Ленинградской области,MS,Мировой суд,"187110, Ленинградская область г. Кириши ул.Ленинградская д. 6 левое крыло 2-й этаж",https://42.lo.msudrf.ru/,42.lo.msudrf.ru,нет,47MS0046
Ленинградская область,,,Судебный участок № 69 Всеволожского муниципального района Ленинградской области,MS,Мировой суд,,https://89.lo.msudrf.ru/,89.lo.msudrf.ru,нет,47MS0089
Ленинградская область,,,Судебный участок № 71 Тосненского муниципального района Ленинградской области,MS,Мировой суд,"187015, Ленинградская обл, Тосненский р-н, гп Красный Бор, ул Комсомольская, д 10",https://71.lo.msudrf.ru/,71.lo.msudrf.ru,нет,47MS0077
Ленинградская область,,,Судебный участок № 82 Всеволожского муниципального района Ленинградской области,MS,Мировой суд,"188640, Ленинградская область, г.Всеволожск, Колтушское шоссе, д.103. Сообщаем",https://82.lo.msudrf.ru/,82.lo.msudrf.ru,нет,47MS0082
Ленинградская область,,,Судебный участок № 83 Всеволожского муниципального района Ленинградской области,MS,Мировой суд,"188671, Ленинградская обл, Всеволожский р-н, гп Рахья, ш Ленинградское, д 23В",https://83.lo.msudrf.ru/,83.lo.msudrf.ru,нет,47MS0083
Ленинградская область,Бокситогорск,,Судебный участок № 1 Бокситогорского муниципального района Ленинградской области,MS,Мировой суд,"187650, Ленинградская обл, г Бокситогорск, ул Воронина, д 2",https://1.lo.msudrf.ru/,1.lo.msudrf.ru,нет,47MS0001
Ленинградская область,Войсковицы,,Судебный участок № 33 Гатчинского муниципального района Ленинградской области,MS,Мировой суд,"188360, Ленинградская обл, Гатчинский р-н, п Войсковицы, ул Молодежная, д 1",https://33.lo.msudrf.ru/,33.lo.msudrf.ru,нет,47MS0035
Ленинградская область,Волосово,,Судебный участок № 4 Волосовского муниципального района Ленинградской области,MS,Мировой суд,"188410, Ленинградская обл, г Волосово, ул Усадьба СХТ, д 1",https://4.lo.msudrf.ru/,4.lo.msudrf.ru,нет,47MS0004
Ленинградская область,Волосово,,Судебный участок № 5 Волосовского муниципального района Ленинградской области,MS,Мировой суд,"188410, Ленинградская обл, г Волосово, ул Усадьба СХТ, д 1",https://5.lo.msudrf.ru/,5.lo.msudrf.ru,нет,47MS0005
Ленинградская область,Волосово,,Судебный участок № 6 Волосовского муниципального района Ленинградской области,MS,Мировой суд,"188410, Ленинградская обл, г Волосово, ул Усадьба СХТ, д 1",https://6.lo.msudrf.ru/,6.lo.msudrf.ru,нет,47MS0006
Ленинградская область,Волхов,,Судебный участок № 7 Волховского муниципального района Ленинградской области,MS,Мировой суд,"187406, Ленинградская обл, г Волхов, пр-кт Волховский, д 39",https://7.lo.msudrf.ru/,7.lo.msudrf.ru,нет,47MS0007
Ленинградская область,Волхов,,Судебный участок № 8 Волховского муниципального района Ленинградской области,MS,Мировой суд,"187401, Ленинградская обл, г Волхов, ул Коммунаров, д 26",https://8.lo.msudrf.ru/,8.lo.msudrf.ru,нет,47MS0008
Ленинградская область,Всеволожск,,Судебный участок № 12 Всеволожского муниципального района Ленинградской области,MS,Мировой суд,"188640, Ленинградская обл, г Всеволожск, ш Колтушское, д 103",https://12.lo.msudrf.ru/,12.lo.msudrf.ru,нет,47MS0012
Ленинградская область,Всеволожск,,Судебный участок № 13 Всеволожского муниципального района Ленинградской области,MS,Мировой суд,"188640, Ленинградская обл, г Всеволожск, ш Колтушское, д 103",https://13.lo.msudrf.ru/,13.lo.msudrf.ru,нет,47MS0013
Ленинградская область,Всеволожск,,Судебный участок № 76 Всеволожского муниципального района Ленинградской области,MS,Мировой суд,"188641, Ленинградская обл, г Всеволожск, ул Приютинская, д 13",https://76.lo.msudrf.ru/,76.lo.msudrf.ru,нет,47MS0020
Ленинградская область,Выборг,,Судебный участок № 20 Выборгского муниципального района Ленинградской области,MS,Мировой суд,"188801, Ленинградская обл, г Выборг, ул Титова, д 2",https://20.lo.msudrf.ru/,20.lo.msudrf.ru,нет,47MS0021
Ленинградская область,Выборг,,Судебный участок № 21 Выборгского муниципального района Ленинградской области,MS,Мировой суд,"188801, Ленинградская обл, г Выборг, ул Титова, д 2",https://21.lo.msudrf.ru/,21.lo.msudrf.ru,нет,47MS0022
Ленинградская область,Выборг,,Судебный участок № 22 Выборгского муниципального района Ленинградской области,MS,Мировой суд,"188801, Ленинградская обл, г Выборг, ул Титова, д 2",https://22.lo.msudrf.ru/,22.lo.msudrf.ru,нет,47MS0023
Ленинградская область,Выборг,,Судебный участок № 23 Выборгского муниципального района Ленинградской области,MS,Мировой суд,"188801, Ленинградская обл, г Выборг, ул Титова, д 2",https://23.lo.msudrf.ru/,23.lo.msudrf.ru,нет,47MS0024
Ленинградская область,Выборг,,Судебный участок № 77 Выборгского муниципального района Ленинградской области,MS,Мировой суд,"188800, Ленинградская обл, г Выборг, ул Титова, д 2",https://77.lo.msudrf.ru/,77.lo.msudrf.ru,нет,47MS0029
Ленинградская область,Гатчина,,Судебный участок № 28 Гатчинского муниципального района Ленинградской области,MS,Мировой суд,"188304, Ленинградская обл, г Гатчина, ул Урицкого, д 2",https://28.lo.msudrf.ru/,28.lo.msudrf.ru,нет,47MS0030
Ленинградская область,Гатчина,,Судебный участок № 29 Гатчинского муниципального района Ленинградской области,MS,Мировой суд,"188304, Ленинградская обл, г Гатчина, ул Урицкого, д 2",https://29.lo.msudrf.ru/,29.lo.msudrf.ru,нет,47MS0031
Ленинградская область,Гатчина,,Судебный участок № 30 Гатчинского муниципального района Ленинградской области,MS,Мировой суд,"188304, Ленинградская обл, г Гатчина, ул Урицкого, д 2",https://30.lo.msudrf.ru/,30.lo.msudrf.ru,нет,47MS0032
Ленинградская область,Гатчина,,Судебный участок № 31 Гатчинского муниципального района Ленинградской области,MS,Мировой суд,"188305, Ленинградская обл, г Гатчина, ул Урицкого, д 2А",https://31.lo.msudrf.ru/,31.lo.msudrf.ru,нет,47MS0033
Ленинградская область,Гатчина,,Судебный участок № 32 Гатчинского муниципального района Ленинградской области,MS,Мировой суд,"188304, Ленинградская обл, г Гатчина, ул Урицкого, д 2",https://32.lo.msudrf.ru/,32.lo.msudrf.ru,нет,47MS0034
Ленинградская область,Гатчина,,Судебный участок № 34 Гатчинского муниципального района Ленинградской области,MS,Мировой суд,"188305, Ленинградская обл, г Гатчина, ул Урицкого, д 2А",https://34.lo.msudrf.ru/,34.lo.msudrf.ru,нет,47MS0036
Ленинградская область,Гатчина,,Судебный участок № 35 Гатчинского муниципального района Ленинградской области,MS,Мировой суд,"188305, Ленинградская обл, г Гатчина, ул Урицкого, д 2А",https://35.lo.msudrf.ru/,35.lo.msudrf.ru,нет,47MS0037
Ленинградская область,Гатчина,,Судебный участок № 78 Гатчинского муниципального округа Ленинградской области,MS,Мировой суд,"188304, Ленинградская обл, г Гатчина, ул Урицкого, д 2",https://78.lo.msudrf.ru/,78.lo.msudrf.ru,нет,47MS0040
Ленинградская область,Горбунки,,Судебный участок № 51 Ломоносовского муниципального района Ленинградской области,MS,Мировой суд,"188502, Ленинградская обл, Ломоносовский р-н, д Горбунки, зд 29",https://51.lo.msudrf.ru/,51.lo.msudrf.ru,нет,47MS0056
Ленинградская область,Гостилицы,,Судебный участок № 52 Ломоносовского муниципального района Ленинградской области,MS,Мировой суд,"188520, Ленинградская обл, Ломоносовский р-н, д Гостилицы, ул Центральная, зд 1",https://52.lo.msudrf.ru/,52.lo.msudrf.ru,нет,47MS0057
Ленинградская область,Ивангород,,Судебный участок № 40 Кингисеппского муниципального района Ленинградской области,MS,Мировой суд,"188490, Ленинградская обл, Кингисеппский р-н, г Ивангород, ул Гагарина, д 40А",https://40.lo.msudrf.ru/,40.lo.msudrf.ru,нет,47MS0043
Ленинградская область,Кингисепп,,Судебный участок № 38 Кингисеппского муниципального района Ленинградской области,MS,Мировой суд,"188480, Ленинградская обл, г Кингисепп, пр-кт Карла Маркса, д 63",https://38.lo.msudrf.ru/,38.lo.msudrf.ru,нет,47MS0041
Ленинградская область,Кингисепп,,Судебный участок № 39 Кингисеппского муниципального района Ленинградской области,MS,Мировой суд,"188480, Ленинградская обл, г Кингисепп, пр-кт Карла Маркса, д 63",https://39.lo.msudrf.ru/,39.lo.msudrf.ru,нет,47MS0042
Ленинградская область,Кингисепп,,Судебный участок № 79 Кингисепского муниципального района Ленинградской области,MS,Мировой суд,"188480, Ленинградская обл, г Кингисепп, пр-кт Карла Маркса, д 63",https://79.lo.msudrf.ru/,79.lo.msudrf.ru,нет,47MS0044
Ленинградская область,Кириши,,Судебный участок № 41 Киришского муниципального района Ленинградской области,MS,Мировой суд,"187110, Ленинградская обл, г Кириши, ул Ленинградская, д 6",https://41.lo.msudrf.ru/,41.lo.msudrf.ru,нет,47MS0045
Ленинградская область,Кириши,,Судебный участок № 43 Киришского муниципального района Ленинградской области,MS,Мировой суд,"187110, Ленинградская обл, г Кириши, ул Ленинградская, д 6",https://43.lo.msudrf.ru/,43.lo.msudrf.ru,нет,47MS0047
Ленинградская область,Кировск,,Судебный участок № 44 Кировского муниципального района Ленинградской области,MS,Мировой суд,"187342, Ленинградская обл, г Кировск, ул Магистральная, д 48Б",https://44.lo.msudrf.ru/,44.lo.msudrf.ru,нет,47MS0048
Ленинградская область,Кировск,,Судебный участок № 45 Кировского муниципального района Ленинградской области,MS,Мировой суд,"187342, Ленинградская обл, г Кировск, ул Набережная, д 29А",https://45.lo.msudrf.ru/,45.lo.msudrf.ru,нет,47MS0049
Ленинградская область,Кировск,,Судебный участок № 80 Кировского муниципального района Ленинградской области,MS,Мировой суд,"187342, Ленинградская обл, г Кировск, ул Магистральная, д 48Б",https://80.lo.msudrf.ru/,80.lo.msudrf.ru,нет,47MS0052
Ленинградская область,Коммунар,,Судебный участок № 37 Гатчинского муниципального района Ленинградской области,MS,Мировой суд,"188320, Ленинградская обл, Гатчинский р-н, г Коммунар, ул Строителей, д 5",https://37.lo.msudrf.ru/,37.lo.msudrf.ru,нет,47MS0039
Ленинградская область,Кудрово,,Судебный участок № 14 Всеволожского муниципального района Ленинградской области,MS,Мировой суд,"188693, Ленинградская обл, Всеволожский р-н, г Кудрово, пр-кт Строителей, д 25 стр 2",https://14.lo.msudrf.ru/,14.lo.msudrf.ru,нет,47MS0014
Ленинградская область,Кудрово,,Судебный участок № 15 Всеволожского муниципального района Ленинградской области,MS,Мировой суд,"188693, Ленинградская обл, Всеволожский р-н, г Кудрово, пр-кт Строителей, д 25 стр 2",https://15.lo.msudrf.ru/,15.lo.msudrf.ru,нет,47MS0015
Ленинградская область,Кудрово,,Судебный участок № 86 Всеволожского муниципального района Ленинградской области,MS,Мировой суд,"188693, Ленинградская обл, Всеволожский р-н, г Кудрово, пр-кт Строителей, д 25 стр 2",https://86.lo.msudrf.ru/,86.lo.msudrf.ru,нет,47MS0086
Ленинградская область,Лодейное Поле,,Судебный участок № 48 Лодейнопольского муниципального района Ленинградской области,MS,Мировой суд,"187700, Ленинградская обл, г Лодейное Поле, ул Гагарина, д 20",https://48.lo.msudrf.ru/,48.lo.msudrf.ru,нет,47MS0053
Ленинградская область,Лодейное Поле,,Судебный участок № 49 Лодейнопольского муниципального района Ленинградской области,MS,Мировой суд,"187700, Ленинградская обл, г Лодейное Поле, ул Гагарина, д 20",https://49.lo.msudrf.ru/,49.lo.msudrf.ru,нет,47MS0054
Ленинградская область,Луга,,Судебный участок № 53 Лужского муниципального района Ленинградской области,MS,Мировой суд,"188230, Ленинградская обл, г Луга, пр-кт Урицкого, д 77А",https://53.lo.msudrf.ru/,53.lo.msudrf.ru,нет,47MS0058
Ленинградская область,Луга,,Судебный участок № 54 Лужского муниципального района Ленинградской области,MS,Мировой суд,"188230, Ленинградская обл, г Луга, пр-кт Урицкого, д 77А",https://54.lo.msudrf.ru/,54.lo.msudrf.ru,нет,47MS0059
Ленинградская область,Луга,,Судебный участок № 55 Лужского муниципального района Ленинградской области,MS,Мировой суд,"188230, Ленинградская обл, г Луга, пр-кт Урицкого, д 77А",https://55.lo.msudrf.ru/,55.lo.msudrf.ru,нет,47MS0060
Ленинградская область,Луга,,Судебный участок № 81 Лужского муниципального района Ленинградской области,MS,Мировой суд,"188230, Ленинградская обл, г Луга, пр-кт Урицкого, д 77А",https://81.lo.msudrf.ru/,81.lo.msudrf.ru,нет,47MS0061
Ленинградская область,Любань,,Судебный участок № 70 Тосненского муниципального района Ленинградской области,MS,Мировой суд,"187051, Ленинградская обл, Тосненский р-н, п Любань, пр-кт Мельникова, д 15",https://70.lo.msudrf.ru/,70.lo.msudrf.ru,нет,47MS0076
Ленинградская область,Мурино,,Судебный участок № 11 Всеволожского муниципального района Ленинградской области,MS,Мировой суд,"188678, Ленинградская обл, Всеволожский р-н, г Мурино, ул Парковая, д 1А к 2",https://88.lo.msudrf.ru/,88.lo.msudrf.ru,нет,47MS0088
Ленинградская область,Мурино,,Судебный участок № 84 Всеволожского муниципального района Ленинградской области,MS,Мировой суд,"188678, Ленинградская область, Всеволожский р-н, г. Мурино, ул. Парковая. д. 1 лит. А корп. 3",https://84.lo.msudrf.ru/,84.lo.msudrf.ru,нет,47MS0084
Ленинградская область,Мурино,,Судебный участок № 87 Всеволожского муниципального района Ленинградской области,MS,Мировой суд,"188678, Ленинградская обл, Всеволожский р-н, г Мурино, ул Парковая, д 1А к 2",https://87.lo.msudrf.ru/,87.lo.msudrf.ru,нет,47MS0087
Ленинградская область,Никольское,,Судебный участок № 72 Тосненского муниципального района Ленинградской области,MS,Мировой суд,"187026, Ленинградская обл, Тосненский р-н, г Никольское, ул Комсомольская, д 12А",https://72.lo.msudrf.ru/,72.lo.msudrf.ru,нет,47MS0078
Ленинградская область,Новая Ладога,,Судебный участок № 9 Волховского муниципального района Ленинградской области,MS,Мировой суд,"187450, Ленинградская обл, Волховский р-н, г Новая Ладога, пр-кт Карла Маркса, д 28/1",https://9.lo.msudrf.ru/,9.lo.msudrf.ru,нет,47MS0009
Ленинградская область,Отрадное,,Судебный участок № 46 Кировского муниципального района Ленинградской области,MS,Мировой суд,"187330, Ленинградская обл, Кировский р-н, г Отрадное, ул Заводская, д 11",https://46.lo.msudrf.ru/,46.lo.msudrf.ru,нет,47MS0050
Ленинградская область,Пикалево,,Судебный участок № 2 Бокситогорского муниципального района Ленинградской области,MS,Мировой суд,"187600, Ленинградская обл, Бокситогорский р-н, г Пикалево, ул Школьная, д 67",https://2.lo.msudrf.ru/,2.lo.msudrf.ru,нет,47MS0002
Ленинградская область,Пикалево,,Судебный участок № 3 Бокситогорского муниципального района Ленинградской области,MS,Мировой суд,"187600, Ленинградская обл, Бокситогорский р-н, г Пикалево, ул Школьная, д 67",https://3.lo.msudrf.ru/,3.lo.msudrf.ru,нет,47MS0003
Ленинградская область,Подпорожье,,Судебный участок № 56 Подпорожского муниципального района Ленинградской области,MS,Мировой суд,"187780, Ленинградская обл, г Подпорожье, ул Свирская, д 54А к 2",https://56.lo.msudrf.ru/,56.lo.msudrf.ru,нет,47MS0062
Ленинградская область,Подпорожье,,Судебный участок № 57 Подпорожского муниципального района Ленинградской области,MS,Мировой суд,"187780, Ленинградская обл, г Подпорожье, ул Свирская, д 54А к 2",https://57.lo.msudrf.ru/,57.lo.msudrf.ru,нет,47MS0063
Ленинградская область,Приозерск,,Судебный участок № 58 Приозерского муниципального района Ленинградской области,MS,Мировой суд,"188760, Ленинградская обл, г Приозерск, ул Красноармейская, д 10",https://58.lo.msudrf.ru/,58.lo.msudrf.ru,нет,47MS0064
Ленинградская область,Приозерск,,Судебный участок № 59 Приозерского муниципального района Ленинградской области,MS,Мировой суд,"188760, Ленинградская обл, г Приозерск, ул Красноармейская, д 10",https://59.lo.msudrf.ru/,59.lo.msudrf.ru,нет,47MS0065
Ленинградская область,Русско-Высоцкое,,Судебный участок № 50 Ломоносовского муниципального района Ленинградской области,MS,Мировой суд,"188516, Ленинградская обл, Ломоносовский р-н, с Русско-Высоцкое, д 3",https://50.lo.msudrf.ru/,50.lo.msudrf.ru,нет,47MS0055
Ленинградская область,Светогорск,,Судебный участок № 26 Выборгского муниципального района Ленинградской области,MS,Мировой суд,"188990, Ленинградская обл, Выборгский р-н, г Светогорск, ул Ленина, д 1",https://26.lo.msudrf.ru/,26.lo.msudrf.ru,нет,47MS0027
Ленинградская область,Сертолово,,Судебный участок № 18 Всеволожского муниципального района Ленинградской области,MS,Мировой суд,"188650, Ленинградская обл, Всеволожский р-н, г Сертолово, жилрайон Модуль, ул Индустриальная, д 1 к 1",https://18.lo.msudrf.ru/,18.lo.msudrf.ru,нет,47MS0018
Ленинградская область,Сертолово,,Судебный участок № 19 Всеволожского муниципального района Ленинградской области,MS,Мировой суд,"188650, Ленинградская обл, Всеволожский р-н, г Сертолово, ул Ларина, д 4",https://19.lo.msudrf.ru/,19.lo.msudrf.ru,нет,47MS0019
Ленинградская область,Синявино-1,,Судебный участок № 47 Кировского муниципального района Ленинградской области,MS,Мировой суд,"187322, Ленинградская область, пгт. Синявино-1, ул. Лесная, д. 18 Б, 2-ой этаж",https://47.lo.msudrf.ru/,47.lo.msudrf.ru,нет,47MS0051
Ленинградская область,Сланцы,,Судебный участок № 61 Сланцевского муниципального района Ленинградской области,MS,Мировой суд,"188560, Ленинградская обл, г Сланцы, ул Чкалова, д 9",https://61.lo.msudrf.ru/,61.lo.msudrf.ru,нет,47MS0067
Ленинградская область,Сланцы,,Судебный участок № 62 Сланцевского муниципального района Ленинградской области,MS,Мировой суд,"188560, Ленинградская обл, г Сланцы, ул Чкалова, д 9",https://62.lo.msudrf.ru/,62.lo.msudrf.ru,нет,47MS0068
Ленинградская область,Сосново,,Судебный участок № 60 Приозерского муниципального района Ленинградской области,MS,Мировой суд,"188730, Ленинградская обл, Приозерский р-н, п Сосново, ул Механизаторов, д 11",https://60.lo.msudrf.ru/,60.lo.msudrf.ru,нет,47MS0066
Ленинградская область,Сосновый Бор,,Судебный участок № 63 Сосновоборского муниципального района Ленинградской области,MS,Мировой суд,"188544, Ленинградская обл, г Сосновый Бор, ул Молодежная, зд 6/1",https://63.lo.msudrf.ru/,63.lo.msudrf.ru,нет,47MS0069
Ленинградская область,Сосновый Бор,,Судебный участок № 64 Сосновоборского муниципального района Ленинградской области,MS,Мировой суд,"188544, Ленинградская обл, г Сосновый Бор, ул Молодежная, зд 6/1",https://64.lo.msudrf.ru/,64.lo.msudrf.ru,нет,47MS0070
Ленинградская область,Сосновый Бор,,Судебный участок № 65 Сосновоборского муниципального района Ленинградской области,MS,Мировой суд,"188544, Ленинградская обл, г Сосновый Бор, ул Молодежная, д 6/1",https://65.lo.msudrf.ru/,65.lo.msudrf.ru,нет,47MS0071
Ленинградская область,Сясьстрой,,Судебный участок № 10 Волховского муниципального района Ленинградской области,MS,Мировой суд,"187420, Ленинградская обл, Волховский р-н, г Сясьстрой, ул Советская, д 15А",https://10.lo.msudrf.ru/,10.lo.msudrf.ru,нет,47MS0010
Ленинградская область,Тельмана,,Судебный участок № 73 Тосненского муниципального района Ленинградской области,MS,Мировой суд,"187032, Ленинградская обл, Тосненский р-н, г Тельмана, д 9",https://73.lo.msudrf.ru/,73.lo.msudrf.ru,нет,47MS0079
Ленинградская область,Тихвин,,Судебный участок № 66 Тихвинского муниципального района Ленинградской области,MS,Мировой суд,"187553, Ленинградская обл, г Тихвин, ул Борисова, д 2",https://66.lo.msudrf.ru/,66.lo.msudrf.ru,нет,47MS0072
Ленинградская область,Тихвин,,Судебный участок № 67 Тихвинского муниципального района Ленинградской области,MS,Мировой суд,"187553, Ленинградская обл, г Тихвин, ул Борисова, д 2",https://67.lo.msudrf.ru/,67.lo.msudrf.ru,нет,47MS0073
Ленинградская область,Тихвин,,Судебный участок № 68 Тихвинского муниципального района Ленинградской области,MS,Мировой суд,"187553, Ленинградская обл, г Тихвин, ул Борисова, д 2",https://68.lo.msudrf.ru/,68.lo.msudrf.ru,нет,47MS0074
Ленинградская область,Тосно,,Судебный участок № 74 Тосненского муниципального района Ленинградской области,MS,Мировой суд,"187000, Ленинградская обл, г Тосно, пр-кт Ленина, д 19",https://74.lo.msudrf.ru/,74.lo.msudrf.ru,нет,47MS0080
Ленинградская область,Тосно,,Судебный участок № 75 Тосненского муниципального района Ленинградской области,MS,Мировой суд,"187000, Ленинградская обл, г Тосно, пр-кт Ленина, д 19",https://75.lo.msudrf.ru/,75.lo.msudrf.ru,нет,47MS0081
Брянская область,Брянск,,Судебный участок № 1 Бежицкого судебного района г. Брянска,MS,Мировой суд,"241013, г Брянск, ул Молодой Гвардии, д 18",https://1.brj.msudrf.ru/,1.brj.msudrf.ru,нет,32MS0001
Брянская область,Брянск,,Судебный участок № 10 Володарского судебного района г. Брянска,MS,Мировой суд,"241022, г Брянск, ул Профсоюзов, д 9",https://10.brj.msudrf.ru/,10.brj.msudrf.ru,нет,32MS0010
Брянская область,Брянск,,Судебный участок № 11 Советского судебного района г. Брянска,MS,Мировой суд,"241019, г Брянск, пер Осоавиахима, д 5",https://11.brj.msudrf.ru/,11.brj.msudrf.ru,нет,32MS0011
Брянская область,Брянск,,Судебный участок № 12 Советского судебного района г. Брянска,MS,Мировой суд,"241019, г Брянск, пер Осоавиахима, д 5",https://12.brj.msudrf.ru/,12.brj.msudrf.ru,нет,32MS0012
Брянская область,Брянск,,Судебный участок № 13 Советского судебного района г. Брянска,MS,Мировой суд,"241019, г Брянск, пер Осоавиахима, д 5",https://13.brj.msudrf.ru/,13.brj.msudrf.ru,нет,32MS0013
Брянская область,Брянск,,Судебный участок № 14 Советского судебного района г. Брянска,MS,Мировой суд,"241019, г Брянск, пер Осоавиахима, д 5",https://14.brj.msudrf.ru/,14.brj.msudrf.ru,нет,32MS0014
Брянская область,Брянск,,Судебный участок № 15 Советского судебного района г. Брянска,MS,Мировой суд,"241019, г Брянск, пер Осоавиахима, д 5",https://15.brj.msudrf.ru/,15.brj.msudrf.ru,нет,32MS0015
Брянская область,Брянск,,Судебный участок № 16 Советского судебного района г. Брянска,MS,Мировой суд,"241019, г Брянск, пер Осоавиахима, д 5",https://16.brj.msudrf.ru/,16.brj.msudrf.ru,нет,32MS0016
Брянская область,Брянск,,Судебный участок № 17 Советского судебного района г. Брянска,MS,Мировой суд,"241019, г Брянск, пер Осоавиахима, д 5",https://17.brj.msudrf.ru/,17.brj.msudrf.ru,нет,32MS0017
Брянская область,Брянск,,Судебный участок № 18 Фокинского судебного района г. Брянска,MS,Мировой суд,"241020, г. Брянск, пр. Московский, д. 85-а",https://18.brj.msudrf.ru/,18.brj.msudrf.ru,нет,32MS0018
Брянская область,Брянск,,Судебный участок № 19 Фокинского судебного района г. Брянска,MS,Мировой суд,"241020, г. Брянск, пр. Московский, д. 85-а",https://19.brj.msudrf.ru/,19.brj.msudrf.ru,нет,32MS0019
Брянская область,Брянск,,Судебный участок № 2 Бежицкого судебного района г. Брянска,MS,Мировой суд,"241013, г Брянск, ул Молодой Гвардии, д 18",https://2.brj.msudrf.ru/,2.brj.msudrf.ru,нет,32MS0002
Брянская область,Брянск,,Судебный участок № 20 Фокинского судебного района г. Брянска,MS,Мировой суд,"241020, г. Брянск, пр. Московский, д. 85-а",https://20.brj.msudrf.ru/,20.brj.msudrf.ru,нет,32MS0020
Брянская область,Брянск,,Судебный участок № 21 Брянского судебного района Брянской области,MS,Мировой суд,"241037, г Брянск, ул Красноармейская, д 156",https://21.brj.msudrf.ru/,21.brj.msudrf.ru,нет,32MS0021
Брянская область,Брянск,,Судебный участок № 22 Брянского судебного района Брянской области,MS,Мировой суд,"241037, г Брянск, ул Красноармейская, д 156",https://22.brj.msudrf.ru/,22.brj.msudrf.ru,нет,32MS0022
Брянская область,Брянск,,Судебный участок № 3 Бежицкого судебного района г. Брянска,MS,Мировой суд,"241013, г Брянск, ул Молодой Гвардии, д 18",https://3.brj.msudrf.ru/,3.brj.msudrf.ru,нет,32MS0003
Брянская область,Брянск,,Судебный участок № 4 Бежицкого судебного района г. Брянска,MS,Мировой суд,"241013, г Брянск, ул Молодой Гвардии, д 18",https://4.brj.msudrf.ru/,4.brj.msudrf.ru,нет,32MS0004
Брянская область,Брянск,,Судебный участок № 5 Бежицкого судебного района г. Брянска,MS,Мировой суд,"241013, г Брянск, ул Молодой Гвардии, д 18",https://5.brj.msudrf.ru/,5.brj.msudrf.ru,нет,32MS0005
Брянская область,Брянск,,Судебный участок № 6 Бежицкого судебного района г. Брянска,MS,Мировой суд,"241013, г Брянск, ул Молодой Гвардии, д 18",https://6.brj.msudrf.ru/,6.brj.msudrf.ru,нет,32MS0006
Брянская область,Брянск,,Судебный участок № 66 Бежицкого судебного района г. Брянска,MS,Мировой суд,"241013, г Брянск, ул Молодой Гвардии, д 18",https://66.brj.msudrf.ru/,66.brj.msudrf.ru,нет,32MS0066
Брянская область,Брянск,,Судебный участок № 67 Бежицкого судебного района г. Брянска,MS,Мировой суд,"241013, г Брянск, ул Молодой Гвардии, д 18",https://67.brj.msudrf.ru/,67.brj.msudrf.ru,нет,32MS0067
Брянская область,Брянск,,Судебный участок № 68 Бежицкого судебного района г. Брянска,MS,Мировой суд,"241013, г Брянск, ул Молодой Гвардии, д 18",https://68.brj.msudrf.ru/,68.brj.msudrf.ru,нет,32MS0068
Брянская область,Брянск,,Судебный участок № 69 Володарского судебного района г. Брянска,MS,Мировой суд,"241022, г Брянск, ул Профсоюзов, д 9",https://69.brj.msudrf.ru/,69.brj.msudrf.ru,нет,32MS0069
Брянская область,Брянск,,Судебный участок № 7 Бежицкого судебного района г. Брянска,MS,Мировой суд,"241013, г Брянск, ул Молодой Гвардии, д 18",https://7.brj.msudrf.ru/,7.brj.msudrf.ru,нет,32MS0007
Брянская область,Брянск,,Судебный участок № 70 Володарского судебного района г. Брянска,MS,Мировой суд,"241022, г Брянск, ул Профсоюзов, д 9",https://70.brj.msudrf.ru/,70.brj.msudrf.ru,нет,32MS0070
Брянская область,Брянск,,Судебный участок № 71 Фокинского судебного района г. Брянска,MS,Мировой суд,"241020, г. Брянск, пр. Московский, д. 85-а",https://71.brj.msudrf.ru/,71.brj.msudrf.ru,нет,32MS0071
Брянская область,Брянск,,Судебный участок № 72 Фокинского судебного района г. Брянска,MS,Мировой суд,"241020, г. Брянск, пр. Московский, д. 85-а",https://72.brj.msudrf.ru/,72.brj.msudrf.ru,нет,32MS0072
Брянская область,Брянск,,Судебный участок № 73 Брянского судебного района Брянской области,MS,Мировой суд,"241037, г Брянск, ул Красноармейская, д 156",https://73.brj.msudrf.ru/,73.brj.msudrf.ru,нет,32MS0073
Брянская область,Брянск,,Судебный участок № 8 Володарского судебного района г. Брянска,MS,Мировой суд,"241022, г Брянск, ул Профсоюзов, д 9",https://8.brj.msudrf.ru/,8.brj.msudrf.ru,нет,32MS0008
Брянская область,Брянск,,Судебный участок № 9 Володарского судебного района г. Брянска,MS,Мировой суд,"241022, г Брянск, ул Профсоюзов, д 9",https://9.brj.msudrf.ru/,9.brj.msudrf.ru,нет,32MS0009
Брянская область,Выгоничи,,Судебный участок № 24 Выгоничского судебного района Брянской области,MS,Мировой суд,"243361, Брянская обл, п Выгоничи, ул Ленина, д 51",https://24.brj.msudrf.ru/,24.brj.msudrf.ru,нет,32MS0024
Брянская область,Гордеевка,,Судебный участок № 25 Красногорского судебного района Брянской области,MS,Мировой суд,"243650, Брянская обл, с Гордеевка, ул Ленина, д 50",https://25.brj.msudrf.ru/,25.brj.msudrf.ru,нет,32MS0025
Брянская область,Дубровка,,Судебный участок № 26 Дубровского судебного района Брянской области,MS,Мировой суд,"242750, Брянская обл, рп Дубровка, ул Победы, д 11",https://26.brj.msudrf.ru/,26.brj.msudrf.ru,нет,32MS0026
Брянская область,Дятьково,,Судебный участок № 27 Дятьковского судебного района Брянской области,MS,Мировой суд,"242600, Брянская обл, г Дятьково, ул Садовая, д 23",https://27.brj.msudrf.ru/,27.brj.msudrf.ru,нет,32MS0027
Брянская область,Дятьково,,Судебный участок № 28 Дятьковского судебного района Брянской области,MS,Мировой суд,"242600, Брянская обл, г Дятьково, ул Садовая, д 23",https://28.brj.msudrf.ru/,28.brj.msudrf.ru,нет,32MS0028
Брянская область,Дятьково,,Судебный участок № 29 Дятьковского судебного района Брянской области,MS,Мировой суд,"242600, Брянская обл, г Дятьково, ул Садовая, д 23",https://29.brj.msudrf.ru/,29.brj.msudrf.ru,нет,32MS0029
Брянская область,Дятьково,,Судебный участок № 74 Дятьковского судебного района Брянской области,MS,Мировой суд,"242600, Брянская обл, г Дятьково, ул Садовая, д 23",https://74.brj.msudrf.ru/,74.brj.msudrf.ru,нет,32MS0074
Брянская область,Жирятино,,Судебный участок № 30 Выгоничского судебного района Брянской области,MS,Мировой суд,"242030, Брянская обл, с Жирятино, пер Майский, зд 1А",https://30.brj.msudrf.ru/,30.brj.msudrf.ru,нет,32MS0030
Брянская область,Жуковка,,Судебный участок № 31 Жуковского судебного района Брянской области,MS,Мировой суд,"242700, Брянская обл, г Жуковка, ул Строителей, д 1",https://31.brj.msudrf.ru/,31.brj.msudrf.ru,нет,32MS0031
Брянская область,Жуковка,,Судебный участок № 32 Жуковского судебного района Брянской области,MS,Мировой суд,"242700, Брянская обл, г Жуковка, ул Строителей, д 1",https://32.brj.msudrf.ru/,32.brj.msudrf.ru,нет,32MS0032
Брянская область,Злынка,,Судебный участок № 33 Злынковского судебного района Брянской области,MS,Мировой суд,"243600, Брянская обл, г Злынка, ул Площадь Свободы, д 18",https://33.brj.msudrf.ru/,33.brj.msudrf.ru,нет,32MS0033
Брянская область,Карачев,,Судебный участок № 34 Карачевского судебного района Брянской области,MS,Мировой суд,"242500, Брянская обл, г Карачев, ул Дзержинского, д 10",https://34.brj.msudrf.ru/,34.brj.msudrf.ru,нет,32MS0034
Брянская область,Карачев,,Судебный участок № 35 Карачевского судебного района Брянской области,MS,Мировой суд,"242500, Брянская обл, г Карачев, ул Дзержинского, д 10",https://35.brj.msudrf.ru/,35.brj.msudrf.ru,нет,32MS0035
Брянская область,Клетня,,Судебный участок № 36 Клетнянского судебного района Брянской области,MS,Мировой суд,"242820, Брянская обл, п Клетня, пер Ленина, д 12",https://36.brj.msudrf.ru/,36.brj.msudrf.ru,нет,32MS0036
Брянская область,Климово,,Судебный участок № 37 Климовского судебного района Брянской области,MS,Мировой суд,"243040, Брянская обл, рп Климово, ул Маяковского, д 8А",https://37.brj.msudrf.ru/,37.brj.msudrf.ru,нет,32MS0037
Брянская область,Климово,,Судебный участок № 38 Климовского судебного района Брянской области,MS,Мировой суд,"243040, Брянская обл, рп Климово, ул Маяковского, д 8А",https://38.brj.msudrf.ru/,38.brj.msudrf.ru,нет,32MS0038
Брянская область,Клинцы,,Судебный участок № 39 Клинцовского судебного района Брянской области,MS,Мировой суд,"243146, Брянская обл, г Клинцы, ул Ворошилова, д 3",https://39.brj.msudrf.ru/,39.brj.msudrf.ru,нет,32MS0039
Брянская область,Клинцы,,Судебный участок № 60 Судебного района г. Клинцы Брянской области,MS,Мировой суд,"243146, Брянская обл, г Клинцы, ул Ворошилова, д 3",https://60.brj.msudrf.ru/,60.brj.msudrf.ru,нет,32MS0060
Брянская область,Клинцы,,Судебный участок № 61 судебного района г. Клинцы Брянской области,MS,Мировой суд,"243146, Брянская обл, г Клинцы, ул Ворошилова, д 3",https://61.brj.msudrf.ru/,61.brj.msudrf.ru,нет,32MS0061
Брянская область,Клинцы,,Судебный участок № 62 судебного района г. Клинцы Брянской области,MS,Мировой суд,"243146, Брянская обл, г Клинцы, ул Ворошилова, д 3",https://62.brj.msudrf.ru/,62.brj.msudrf.ru,нет,32MS0062
Брянская область,Клинцы,,Судебный участок № 76 судебного района г. Клинцы Брянской области,MS,Мировой суд,"243146, Брянская обл, г Клинцы, ул Ворошилова, д 3",https://76.brj.msudrf.ru/,76.brj.msudrf.ru,нет,32MS0076
Брянская область,Комаричи,,Судебный участок № 40 Комаричского судебного района Брянской области,MS,Мировой суд,"242400, Брянская обл, рп Комаричи, ул Советская, д 26А",https://40.brj.msudrf.ru/,40.brj.msudrf.ru,нет,32MS0040
Брянская область,Красная Гора,,Судебный участок № 41 Красногорского судебного района Брянской области,MS,Мировой суд,"243160, Брянская обл, пгт Красная Гора, ул Буйневича, д 54",https://41.brj.msudrf.ru/,41.brj.msudrf.ru,нет,32MS0041
Брянская область,Локоть,,Судебный участок № 23 Брасовского судебного района Брянской области,MS,Мировой суд,"242300, Брянская обл, рп Локоть, ул Советская, д 6Б",https://23.brj.msudrf.ru/,23.brj.msudrf.ru,нет,32MS0023
Брянская область,Мглин,,Судебный участок № 42 Мглинского судебного района Брянской области,MS,Мировой суд,"243220, Брянская обл, г Мглин, пл Советская, стр 15",https://42.brj.msudrf.ru/,42.brj.msudrf.ru,нет,32MS0042
Брянская область,Навля,,Судебный участок № 43 Навлинского судебного района Брянской области,MS,Мировой суд,"242130, Брянская обл, рп Навля, ул Генерала Петренко, д 2",https://43.brj.msudrf.ru/,43.brj.msudrf.ru,нет,32MS0043
Брянская область,Навля,,Судебный участок № 44 Навлинского судебного района Брянской области,MS,Мировой суд,"242130, Брянская обл, рп Навля, ул Генерала Петренко, д 2",https://44.brj.msudrf.ru/,44.brj.msudrf.ru,нет,32MS0044
Брянская область,Новозыбков,,Судебный участок № 45 Новозыбковского судебного района Брянской области,MS,Мировой суд,"243020, Брянская обл, г Новозыбков, ул 307 Дивизии, д 50",https://45.brj.msudrf.ru/,45.brj.msudrf.ru,нет,32MS0045
Брянская область,Новозыбков,,Судебный участок № 63 Новозыбковского судебного района Брянской области,MS,Мировой суд,"243020, Брянская обл, г Новозыбков, ул 307 Дивизии, д 50",https://63.brj.msudrf.ru/,63.brj.msudrf.ru,нет,32MS0063
Брянская область,Новозыбков,,Судебный участок № 64 Новозыбковского судебного района Брянской области,MS,Мировой суд,"243020, Брянская обл, г Новозыбков, ул 307 Дивизии, д 50",https://64.brj.msudrf.ru/,64.brj.msudrf.ru,нет,32MS0064
Брянская область,Погар,,Судебный участок № 46 Погарского судебного района Брянской области,MS,Мировой суд,"243550, Брянская обл, пгт Погар, ул Ленина, д 9",https://46.brj.msudrf.ru/,46.brj.msudrf.ru,нет,32MS0046
Брянская область,Погар,,Судебный участок № 47 Погарского судебного района Брянской области,MS,Мировой суд,"243550, Брянская обл, пгт Погар, ул Ленина, д 9",https://47.brj.msudrf.ru/,47.brj.msudrf.ru,нет,32MS0047
Брянская область,Почеп,,Судебный участок № 48 Почепского судебного района Брянской области,MS,Мировой суд,"243400, Брянская обл. , г. Почеп, ул. А. К. Толстого, д. 27",https://48.brj.msudrf.ru/,48.brj.msudrf.ru,нет,32MS0048
Брянская область,Почеп,,Судебный участок № 49 Почепского судебного района Брянской области,MS,Мировой суд,"243400, Брянская обл. , г. Почеп, ул. А. К. Толстого, д. 27",https://49.brj.msudrf.ru/,49.brj.msudrf.ru,нет,32MS0049
Брянская область,Рогнедино,,Судебный участок № 50 Дубровского судебного района Брянской области,MS,Мировой суд,"242770, Брянская обл, рп Рогнедино, ул Ленина, д 32",https://50.brj.msudrf.ru/,50.brj.msudrf.ru,нет,32MS0050
Брянская область,Севск,,Судебный участок № 51 Севского судебного района Брянской области,MS,Мировой суд,"242440, Брянская обл, г Севск, ул Советская, д 3",https://51.brj.msudrf.ru/,51.brj.msudrf.ru,нет,32MS0051
Брянская область,Сельцо,,Судебный участок № 65 судебного района г. Сельцо Брянской области,MS,Мировой суд,"241550, Брянская обл, г Сельцо, ул Кирова, д 59",https://65.brj.msudrf.ru/,65.brj.msudrf.ru,нет,32MS0065
Брянская область,Стародуб,,Судебный участок № 52 Стародубского судебного района Брянской области,MS,Мировой суд,"243240, Брянская обл, г Стародуб, ул Ленина, д 5",https://52.brj.msudrf.ru/,52.brj.msudrf.ru,нет,32MS0052
Брянская область,Стародуб,,Судебный участок № 53 Стародубского судебного района Брянской области,MS,Мировой суд,"243240, Брянская обл, г Стародуб, ул Ленина, д 5",https://53.brj.msudrf.ru/,53.brj.msudrf.ru,нет,32MS0053
Брянская область,Суземка,,Судебный участок № 54 Суземского судебного района Брянской области,MS,Мировой суд,"242190, Брянская обл, п Суземка, ул Ленина, д 25",https://54.brj.msudrf.ru/,54.brj.msudrf.ru,нет,32MS0054
Брянская область,Сураж,,Судебный участок № 55 Суражского судебного района Брянской области,MS,Мировой суд,"243500, Брянская обл, г Сураж, ул Мглинская, д 1А",https://55.brj.msudrf.ru/,55.brj.msudrf.ru,нет,32MS0055
Брянская область,Сураж,,Судебный участок № 75 Суражского судебного района Брянской области,MS,Мировой суд,"243500, Брянская обл, г Сураж, ул Мглинская, д 1А",https://75.brj.msudrf.ru/,75.brj.msudrf.ru,нет,32MS0075
Брянская область,Трубчевск,,Судебный участок № 56 Трубчевского судебного района Брянской области,MS,Мировой суд,"242220, Брянская обл, г Трубчевск, ул Ленина, д 38",https://56.brj.msudrf.ru/,56.brj.msudrf.ru,нет,32MS0056
Брянская область,Трубчевск,,Судебный участок № 57 Трубчевского судебного района Брянской области,MS,Мировой суд,"242220, Брянская обл, г Трубчевск, ул Ленина, д 38",https://57.brj.msudrf.ru/,57.brj.msudrf.ru,нет,32MS0057
Брянская область,Унеча,,Судебный участок № 58 Унечского судебного района Брянской области,MS,Мировой суд,"243300, Брянская обл, г Унеча, ул Иванова, д 9",https://58.brj.msudrf.ru/,58.brj.msudrf.ru,нет,32MS0058
Брянская область,Унеча,,Судебный участок № 59 Унечского судебного района Брянской области,MS,Мировой суд,"243300, Брянская обл, г Унеча, ул Иванова, д 9",https://59.brj.msudrf.ru/,59.brj.msudrf.ru,нет,32MS0059
Архангельская область,Архангельск,,Судебный участок № 1 Исакогорского судебного района г. Архангельска,MS,Мировой суд,"163000, г Архангельск, ул Свободы, д 29",https://1ic.arh.msudrf.ru/,1ic.arh.msudrf.ru,нет,29MS0009
Архангельская область,Архангельск,,Судебный участок № 1 Ломоносовского судебного района г. Архангельска,MS,Мировой суд,"163000, г Архангельск, ул Свободы, д 29",https://1lmn.arh.msudrf.ru/,1lmn.arh.msudrf.ru,нет,29MS0024
Архангельская область,Архангельск,,Судебный участок № 1 Октябрьского судебного района г. Архангельска,MS,Мировой суд,"163001, г Архангельск, ул Суворова, д 11",https://1okt.arh.msudrf.ru/,1okt.arh.msudrf.ru,нет,29MS0038
Архангельская область,Архангельск,,Судебный участок № 1 Приморского судебного района Архангельской области,MS,Мировой суд,"163000, г Архангельск, ул Свободы, д 29",https://1prm.arh.msudrf.ru/,1prm.arh.msudrf.ru,нет,29MS0050
Архангельская область,Архангельск,,Судебный участок № 1 Соломбальского судебного района г. Архангельска,MS,Мировой суд,"163020, г Архангельск, наб Георгия Седова, д 17",https://1sol.arh.msudrf.ru/,1sol.arh.msudrf.ru,нет,29MS0062
Архангельская область,Архангельск,,Судебный участок № 2 Исакогорского судебного района г. Архангельска,MS,Мировой суд,"163000, г Архангельск, ул Свободы, д 29",https://2ic.arh.msudrf.ru/,2ic.arh.msudrf.ru,нет,29MS0010
Архангельская область,Архангельск,,Судебный участок № 2 Ломоносовского судебного района г. Архангельска,MS,Мировой суд,"163000, г Архангельск, ул Свободы, д 29",https://2lmn.arh.msudrf.ru/,2lmn.arh.msudrf.ru,нет,29MS0025
Архангельская область,Архангельск,,Судебный участок № 2 Октябрьского судебного района г. Архангельска,MS,Мировой суд,"163000, г Архангельск, ул Свободы, д 29",https://2okt.arh.msudrf.ru/,2okt.arh.msudrf.ru,нет,29MS0039
Архангельская область,Архангельск,,Судебный участок № 2 Приморского судебного района Архангельской области,MS,Мировой суд,"163000, г Архангельск, ул Свободы, д 29",https://2prm.arh.msudrf.ru/,2prm.arh.msudrf.ru,нет,29MS0051
Архангельская область,Архангельск,,Судебный участок № 2 Соломбальского судебного района г. Архангельска,MS,Мировой суд,"163020, г Архангельск, наб Георгия Седова, д 17",https://2sol.arh.msudrf.ru/,2sol.arh.msudrf.ru,нет,29MS0063
Архангельская область,Архангельск,,Судебный участок № 3 Ломоносовского судебного района г. Архангельска,MS,Мировой суд,"163002, г Архангельск, пр-кт Ломоносова, д 30",https://3lmn.arh.msudrf.ru/,3lmn.arh.msudrf.ru,нет,29MS0026
Архангельская область,Архангельск,,Судебный участок № 3 Октябрьского судебного района г. Архангельска,MS,Мировой суд,"163001, г Архангельск, ул Суворова, д 11",https://3okt.arh.msudrf.ru/,3okt.arh.msudrf.ru,нет,29MS0040
Архангельская область,Архангельск,,Судебный участок № 3 Соломбальского судебного района г. Архангельска,MS,Мировой суд,"163020, г Архангельск, наб Георгия Седова, д 17",https://sev.arh.msudrf.ru/,sev.arh.msudrf.ru,нет,29MS0064
Архангельская область,Архангельск,,Судебный участок № 4 Ломоносовского судебного района г. Архангельска,MS,Мировой суд,"163002, г Архангельск, пр-кт Ломоносова, д 30",https://4lmn.arh.msudrf.ru/,4lmn.arh.msudrf.ru,нет,29MS0027
Архангельская область,Архангельск,,Судебный участок № 4 Октябрьского судебного района г. Архангельска,MS,Мировой суд,"163000, г Архангельск, ул Свободы, д 29",https://4okt.arh.msudrf.ru/,4okt.arh.msudrf.ru,нет,29MS0041
Архангельская область,Архангельск,,Судебный участок № 4 Соломбальского судебного района г. Архангельска,MS,Мировой суд,"163020, г Архангельск, наб Георгия Седова, д 17",https://mao.arh.msudrf.ru/,mao.arh.msudrf.ru,нет,29MS0031
Архангельская область,Архангельск,,Судебный участок № 5 Ломоносовского судебного района г. Архангельска,MS,Мировой суд,"163062, г Архангельск, ул Никитова, д 3",https://1vf.arh.msudrf.ru/,1vf.arh.msudrf.ru,нет,29MS0007
Архангельская область,Архангельск,,Судебный участок № 5 Октябрьского судебного района г. Архангельска,MS,Мировой суд,"163001, г Архангельск, ул Суворова, д 11",https://5okt.arh.msudrf.ru/,5okt.arh.msudrf.ru,нет,29MS0042
Архангельская область,Архангельск,,Судебный участок № 6 Ломоносовского судебного района г. Архангельска,MS,Мировой суд,"163062, г Архангельск, ул Никитова, д 3",https://2vf.arh.msudrf.ru/,2vf.arh.msudrf.ru,нет,29MS0008
Архангельская область,Архангельск,,Судебный участок № 7 Ломоносовского судебного района г. Архангельска,MS,Мировой суд,"163002, г Архангельск, пр-кт Ломоносова, д 30",https://1mg.arh.msudrf.ru/,1mg.arh.msudrf.ru,нет,29MS0032
Архангельская область,Архангельск,,Судебный участок № 8 Ломоносовского судебного района г. Архангельска,MS,Мировой суд,"163002, г Архангельск, пр-кт Ломоносова, д 30",https://2mg.arh.msudrf.ru/,2mg.arh.msudrf.ru,нет,29MS0033
Архангельская область,Архангельск,,Судебный участок № 9 Ломоносовского судебного района города Архангельска,MS,Мировой суд,"163001, г Архангельск, ул Суворова, д 11",https://9lmn.arh.msudrf.ru/,9lmn.arh.msudrf.ru,нет,29MS0073
Архангельская область,Березник,,Судебный участок № 1 Виноградовского судебного района Архангельской области,MS,Мировой суд,"164570, Архангельская обл, п Березник, ул Хаджи-Мурата, д 17",https://vin.arh.msudrf.ru/,vin.arh.msudrf.ru,нет,29MS0006
Архангельская область,Вельск,,Судебный участок № 1 Вельского судебного района Архангельской области,MS,Мировой суд,"165150, Архангельская обл, г Вельск, ул Ломоносова, д 36 к а",https://1vel.arh.msudrf.ru/,1vel.arh.msudrf.ru,нет,29MS0001
Архангельская область,Вельск,,Судебный участок № 2 Вельского судебного района Архангельской области,MS,Мировой суд,"165150, Архангельская обл, г Вельск, ул Ломоносова, д 36 к а",https://2vel.arh.msudrf.ru/,2vel.arh.msudrf.ru,нет,29MS0002
Архангельская область,Вельск,,Судебный участок № 3 Вельского судебного района Архангельской области,MS,Мировой суд,"165150, Архангельская обл, г Вельск, ул Ломоносова, д 36 к а",https://3vel.arh.msudrf.ru/,3vel.arh.msudrf.ru,нет,29MS0003
Архангельская область,Верхняя Тойма,,Судебный участок № 2 Красноборского судебного района Архангельской области,MS,Мировой суд,"165500, Архангельская обл, с Верхняя Тойма, ул Набережная, д 1",https://vht.arh.msudrf.ru/,vht.arh.msudrf.ru,нет,29MS0004
Архангельская область,Емецк,,Судебный участок № 2 Холмогорского судебного района Архангельской области,MS,Мировой суд,"164537, Архангельская обл, Холмогорский р-н, с Емецк, ул Горончаровского, д 39",https://2hlm.arh.msudrf.ru/,2hlm.arh.msudrf.ru,нет,29MS0068
Архангельская область,Ильинско-Подомское,,Судебный участок № 1 Вилегодского судебного района Архангельской области,MS,Мировой суд,"165680, Архангельская обл, с Ильинско-Подомское, ул Ленина, д 12",https://vil.arh.msudrf.ru/,vil.arh.msudrf.ru,нет,29MS0005
Архангельская область,Каргополь,,Судебный участок № 3 Няндомского судебного района Архангельской области,MS,Мировой суд,"164110, Архангельская обл, г Каргополь, ул Чапаева, д 11",https://krg.arh.msudrf.ru/,krg.arh.msudrf.ru,нет,29MS0011
Архангельская область,Карпогоры,,Судебный участок № 1 Пинежского судебного района Архангельской области,MS,Мировой суд,"164600, Архангельская обл, с Карпогоры, ул Быстрова, д 19",https://1pnk.arh.msudrf.ru/,1pnk.arh.msudrf.ru,нет,29MS0046
Архангельская область,Карпогоры,,Судебный участок № 2 Пинежского судебного района Архангельской области,MS,Мировой суд,"164600, Архангельская обл, с Карпогоры, ул Быстрова, д 19",https://2pnk.arh.msudrf.ru/,2pnk.arh.msudrf.ru,нет,29MS0047
Архангельская область,Коноша,,Судебный участок № 1 Коношского судебного района Архангельской области,MS,Мировой суд,"164010, Архангельская обл, рп Коноша, ул Коллективизации, д 10",https://1kon.arh.msudrf.ru/,1kon.arh.msudrf.ru,нет,29MS0012
Архангельская область,Коноша,,Судебный участок № 2 Коношского судебного района Архангельской области,MS,Мировой суд,"164010, Архангельская обл, рп Коноша, ул Коллективизации, д 10",https://2kon.arh.msudrf.ru/,2kon.arh.msudrf.ru,нет,29MS0013
Архангельская область,Коряжма,,Судебный участок № 1 Коряжемского судебного района Архангельской области,MS,Мировой суд,"165654, Архангельская обл, г Коряжма, ул имени Дыбцына, д 1",https://1kor.arh.msudrf.ru/,1kor.arh.msudrf.ru,нет,29MS0019
Архангельская область,Коряжма,,Судебный участок № 2 Коряжемского судебного района Архангельской области,MS,Мировой суд,"165654, Архангельская обл, г Коряжма, ул имени Дыбцына, д 1",https://2kor.arh.msudrf.ru/,2kor.arh.msudrf.ru,нет,29MS0020
Архангельская область,Котлас,,Судебный участок № 1 Котласского судебного района Архангельской области,MS,Мировой суд,"165300, Архангельская обл, г Котлас, ул Ленина, д 74",https://1ktl.arh.msudrf.ru/,1ktl.arh.msudrf.ru,нет,29MS0014
Архангельская область,Котлас,,Судебный участок № 2 Котласского судебного района Архангельской области,MS,Мировой суд,"165300, Архангельская обл, г Котлас, ул Ленина, д 74",https://2ktl.arh.msudrf.ru/,2ktl.arh.msudrf.ru,нет,29MS0015
Архангельская область,Котлас,,Судебный участок № 3 Котласского судебного района Архангельской области,MS,Мировой суд,"165300, Архангельская обл, г Котлас, ул Ленина, д 74",https://3ktl.arh.msudrf.ru/,3ktl.arh.msudrf.ru,нет,29MS0016
Архангельская область,Котлас,,Судебный участок № 4 Котласского судебного района Архангельской области,MS,Мировой суд,"165340, Архангельская обл, г Котлас, рп Вычегодский, ул Энгельса, д 63",https://4ktl.arh.msudrf.ru/,4ktl.arh.msudrf.ru,нет,29MS0017
Архангельская область,Котлас,,Судебный участок № 5 Котласского судебного района Архангельской области,MS,Мировой суд,"165300, Архангельская обл, г Котлас, ул Ленина, д 74",https://ktr.arh.msudrf.ru/,ktr.arh.msudrf.ru,нет,29MS0018
Архангельская область,Красноборск,,Судебный участок № 1 Красноборского судебного района Архангельской области,MS,Мировой суд,"165430, Архангельская обл, с Красноборск, ул Гагарина, д 32",https://krb.arh.msudrf.ru/,krb.arh.msudrf.ru,нет,29MS0021
Архангельская область,Лешуконское,,Судебный участок № 1 Лешуконского судебного района Архангельской области,MS,Мировой суд,"164670, Архангельская обл, с Лешуконское, ул Победы, д 16",https://lkn.arh.msudrf.ru/,lkn.arh.msudrf.ru,нет,29MS0023
Архангельская область,Мезень,,Судебный участок № 2 Лешуконского судебного района Архангельской области,MS,Мировой суд,"164750, Архангельская обл, г Мезень, пр-кт Советский, д 70А",https://mez.arh.msudrf.ru/,mez.arh.msudrf.ru,нет,29MS0028
Архангельская область,Мирный,,Судебный участок № 1 Мирнинского судебного района Архангельской области,MS,Мировой суд,"164170, Архангельская обл, г Мирный, ул Ленина, д 33",https://1mir.arh.msudrf.ru/,1mir.arh.msudrf.ru,нет,29MS0029
Архангельская область,Мирный,,Судебный участок № 2 Мирнинского судебного района Архангельской области,MS,Мировой суд,"164170, Архангельская обл, г Мирный, ул Ленина, д 33",https://2mir.arh.msudrf.ru/,2mir.arh.msudrf.ru,нет,29MS0030
Архангельская область,Новодвинск,,Судебный участок № 1 Новодвинского судебного района Архангельской области,MS,Мировой суд,"164900, Архангельская обл, г Новодвинск, ул Фронтовых бригад, д 8 к 1",https://1ndv.arh.msudrf.ru/,1ndv.arh.msudrf.ru,нет,29MS0034
Архангельская область,Новодвинск,,Судебный участок № 2 Новодвинского судебного района Архангельской области,MS,Мировой суд,"164900, Архангельская обл, г Новодвинск, ул Фронтовых бригад, д 8 к 1",https://2ndv.arh.msudrf.ru/,2ndv.arh.msudrf.ru,нет,29MS0035
Архангельская область,Няндома,,Судебный участок № 1 Няндомского судебного района Архангельской области,MS,Мировой суд,"164200, Архангельская обл, г Няндома, ул Леваневского, зд 60",https://1ndm.arh.msudrf.ru/,1ndm.arh.msudrf.ru,нет,29MS0036
Архангельская область,Няндома,,Судебный участок № 2 Няндомского судебного района Архангельской области,MS,Мировой суд,"164200, Архангельская обл, г Няндома, ул Леваневского, зд 60",https://2ndm.arh.msudrf.ru/,2ndm.arh.msudrf.ru,нет,29MS0037
Архангельская область,Октябрьский,,Судебный участок № 1 Устьянского судебного района Архангельской области,MS,Мировой суд,"165210, Архангельская обл, рп Октябрьский, ул Ленина, д 14",https://1ust.arh.msudrf.ru/,1ust.arh.msudrf.ru,нет,29MS0065
Архангельская область,Октябрьский,,Судебный участок № 2 Устьянского судебного района Архангельской области,MS,Мировой суд,"165210, Архангельская обл, рп Октябрьский, ул Ленина, д 14",https://2ust.arh.msudrf.ru/,2ust.arh.msudrf.ru,нет,29MS0066
Архангельская область,Онега,,Судебный участок № 1 Онежского судебного района Архангельской области,MS,Мировой суд,"164840, Архангельская обл, г Онега, пр-кт Октябрьский, д 129",https://1onk.arh.msudrf.ru/,1onk.arh.msudrf.ru,нет,29MS0044
Архангельская область,Онега,,Судебный участок № 2 Онежского судебного района Архангельской области,MS,Мировой суд,"164840, Архангельская обл, г Онега, пр-кт Октябрьский, д 129",https://2onk.arh.msudrf.ru/,2onk.arh.msudrf.ru,нет,29MS0045
Архангельская область,Плесецк,,Судебный участок № 1 Плесецкого судебного района Архангельской области,MS,Мировой суд,"164262, Архангельская обл, рп Плесецк, ул Партизанская, д 1",https://1pls.arh.msudrf.ru/,1pls.arh.msudrf.ru,нет,29MS0048
Архангельская область,Плесецк,,Судебный участок № 2 Плесецкого судебного района Архангельской области,MS,Мировой суд,"164262, Архангельская обл, рп Плесецк, ул Партизанская, д 1",https://2pls.arh.msudrf.ru/,2pls.arh.msudrf.ru,нет,29MS0049
Архангельская область,Северодвинск,,Судебный участок № 1 Северодвинского судебного района Архангельской области,MS,Мировой суд,"164520, Архангельская обл, г Северодвинск, ул Пионерская, д 12",https://1svd.arh.msudrf.ru/,1svd.arh.msudrf.ru,нет,29MS0052
Архангельская область,Северодвинск,,Судебный участок № 10 Северодвинского судебного района Архангельской области,MS,Мировой суд,"164520, Архангельская обл, г Северодвинск, ул Пионерская, д 12",https://10svd.arh.msudrf.ru/,10svd.arh.msudrf.ru,нет,29MS0061
Архангельская область,Северодвинск,,Судебный участок № 2 Северодвинского судебного района Архангельской области,MS,Мировой суд,"164520, Архангельская обл, г Северодвинск, ул Пионерская, д 12",https://2svd.arh.msudrf.ru/,2svd.arh.msudrf.ru,нет,29MS0053
Архангельская область,Северодвинск,,Судебный участок № 3 Северодвинского судебного района Архангельской области,MS,Мировой суд,"164520, Архангельская обл, г Северодвинск, ул Пионерская, д 12",https://3svd.arh.msudrf.ru/,3svd.arh.msudrf.ru,нет,29MS0054
Архангельская область,Северодвинск,,Судебный участок № 4 Северодвинского судебного района Архангельской области,MS,Мировой суд,"164520, Архангельская обл, г Северодвинск, ул Пионерская, д 12",https://4svd.arh.msudrf.ru/,4svd.arh.msudrf.ru,нет,29MS0055
Архангельская область,Северодвинск,,Судебный участок № 5 Северодвинского судебного района Архангельской области,MS,Мировой суд,"164501, Архангельская обл, г Северодвинск, ул Бойчука, д 3",https://5svd.arh.msudrf.ru/,5svd.arh.msudrf.ru,нет,29MS0056
Архангельская область,Северодвинск,,Судебный участок № 6 Северодвинского судебного района Архангельской области,MS,Мировой суд,"164520, Архангельская обл, г Северодвинск, ул Пионерская, д 12",https://6svd.arh.msudrf.ru/,6svd.arh.msudrf.ru,нет,29MS0057
Архангельская область,Северодвинск,,Судебный участок № 7 Северодвинского судебного района Архангельской области,MS,Мировой суд,"164520, Архангельская обл, г Северодвинск, ул Пионерская, д 12",https://7svd.arh.msudrf.ru/,7svd.arh.msudrf.ru,нет,29MS0058
Архангельская область,Северодвинск,,Судебный участок № 8 Северодвинского судебного района Архангельской области,MS,Мировой суд,"164501, Архангельская обл, г Северодвинск, ул Бойчука, д 3",https://8svd.arh.msudrf.ru/,8svd.arh.msudrf.ru,нет,29MS0059
Архангельская область,Северодвинск,,Судебный участок № 9 Северодвинского судебного района Архангельской области,MS,Мировой суд,"164520, Архангельская обл, г Северодвинск, ул Пионерская, д 12",https://9svd.arh.msudrf.ru/,9svd.arh.msudrf.ru,нет,29MS0060
Архангельская область,Холмогоры,,Судебный участок № 1 Холмогорского судебного района Архангельской области,MS,Мировой суд,"164530, Архангельская обл, с Холмогоры, ул Октябрьская, д 10",https://1hlm.arh.msudrf.ru/,1hlm.arh.msudrf.ru,нет,29MS0067
Архангельская область,Шенкурск,,Судебный участок № 2 Виноградовского судебного района Архангельской области,MS,Мировой суд,"165160, Архангельская обл, г Шенкурск, ул Г.Иванова, д 2",https://shr.arh.msudrf.ru/,shr.arh.msudrf.ru,нет,29MS0069
Архангельская область,Яренск,,Судебный участок № 2 Вилегодского судебного района Архангельской области,MS,Мировой суд,"165780, Архангельская обл, с Яренск, ул Братьев Покровских, зд 4/1",https://lnk.arh.msudrf.ru/,lnk.arh.msudrf.ru,нет,29MS0022
Республика Саха (Якутия),Айхал,,"Судебный участок № 60 Мирнинского района, Республики Саха (Якутия).",MS,Мировой суд,"678190, Респ Саха (Якутия), у Мирнинский, п Айхал, ул Спортивная, д 5",https://sakha60.yak.msudrf.ru/,sakha60.yak.msudrf.ru,нет,14MS0060
Республика Саха (Якутия),Алдан,,Алданский судебный участок № 1,MS,Мировой суд,"678901, Респ Саха (Якутия), г Алдан, ул Пролетарская, д 46",https://sakha1.yak.msudrf.ru/,sakha1.yak.msudrf.ru,нет,14MS0001
Республика Саха (Якутия),Алдан,,Алданский судебный участок № 2,MS,Мировой суд,"678901, Респ Саха (Якутия), г Алдан, пер Первомайский, д 1",https://sakha2.yak.msudrf.ru/,sakha2.yak.msudrf.ru,нет,14MS0002
Республика Саха (Якутия),Алдан,,Алданский судебный участок № 52,MS,Мировой суд,"678901, Респ Саха (Якутия), г Алдан, ул Пролетарская, д 46",https://sakha52.yak.msudrf.ru/,sakha52.yak.msudrf.ru,нет,14MS0003
Республика Саха (Якутия),Амга,,Амгинский судебный участок № 5,MS,Мировой суд,"678600, Республика Саха (Якутия), Амгинский район, с. Амга, ул. Широких Полянских, д. 3",https://sakha5.yak.msudrf.ru/,sakha5.yak.msudrf.ru,нет,14MS0006
Республика Саха (Якутия),Батагай,,Верхоянский судебный участок № 10,MS,Мировой суд,"678500, Респ Саха (Якутия), пгт Батагай, ул Аммосова, д 12А",https://sakha10.yak.msudrf.ru/,sakha10.yak.msudrf.ru,нет,14MS0011
Республика Саха (Якутия),Батагай-Алыта,,Эвено-Бытантайский судебный участок № 36,MS,Мировой суд,"678580, Республика Саха (Якутия), Эвено-Бытантайский национальный улус (район), с. Батагай-Алыта, ул. Советская, д. 1",https://sakha36.yak.msudrf.ru/,sakha36.yak.msudrf.ru,нет,14MS0044
Республика Саха (Якутия),Белая Гора,,Абыйский судебный участок № 3,MS,Мировой суд,"678890, Респ Саха (Якутия), пгт Белая Гора, ул Строителей, д 12/4",https://sakha3.yak.msudrf.ru/,sakha3.yak.msudrf.ru,нет,14MS0004
Республика Саха (Якутия),Бердигестях,,Горный судебный участок № 12,MS,Мировой суд,"678030, Респ Саха (Якутия), с Бердигестях, ул С.Данилова, д 47",https://sakha12.yak.msudrf.ru/,sakha12.yak.msudrf.ru,нет,14MS0013
Республика Саха (Якутия),Борогонцы,,Усть-Алданский судебный участок № 31,MS,Мировой суд,"678350, Респ Саха (Якутия), с Борогонцы, ул им Героя Егорова, д 11 к 2",https://sakha31.yak.msudrf.ru/,sakha31.yak.msudrf.ru,нет,14MS0038
Республика Саха (Якутия),Верхневилюйск,,Верхневилюйский судебный участок № 8,MS,Мировой суд,"678230, Респ Саха (Якутия), с Верхневилюйск, ул Ленина, д 10",https://sakha8.yak.msudrf.ru/,sakha8.yak.msudrf.ru,нет,14MS0009
Республика Саха (Якутия),Вилюйск,,Вилюйский судебный участок № 11,MS,Мировой суд,"678200, Респ Саха (Якутия), г Вилюйск, ул Ленина, д 35 к 1",https://sakha11.yak.msudrf.ru/,sakha11.yak.msudrf.ru,нет,14MS0012
Республика Саха (Якутия),Депутатский,,Усть-Янский судебный участок № 33,MS,Мировой суд,"678540, Респ Саха (Якутия), пгт Депутатский, ул Центральная, д 9",https://sakha33.yak.msudrf.ru/,sakha33.yak.msudrf.ru,нет,14MS0040
Республика Саха (Якутия),Жиганск,,Жиганский судебный участок № 13,MS,Мировой суд,"678330, Респ Саха (Якутия), с Жиганск, ул Аммосова, зд 8",https://sakha13.yak.msudrf.ru/,sakha13.yak.msudrf.ru,нет,14MS0014
Республика Саха (Якутия),Зырянка,,Верхнеколымский судебный участок № 9,MS,Мировой суд,"678770, Респ Саха (Якутия), п Зырянка, ул Пристанская, зд 4",https://sakha9.yak.msudrf.ru/,sakha9.yak.msudrf.ru,нет,14MS0010
Республика Саха (Якутия),Ленск,,Ленский судебный участок № 17,MS,Мировой суд,"678144, Респ Саха (Якутия), г Ленск, ул Водников, д 9",https://sakha17.yak.msudrf.ru/,sakha17.yak.msudrf.ru,нет,14MS0019
Республика Саха (Якутия),Ленск,,Ленский судебный участок № 54,MS,Мировой суд,"678144, Респ Саха (Якутия), г Ленск, ул Водников, д 9",https://sakha54.yak.msudrf.ru/,sakha54.yak.msudrf.ru,нет,14MS0020
Республика Саха (Якутия),Майя,,Мегино-Кангаласский судебный участок № 15,MS,Мировой суд,"678070, Респ Саха (Якутия), с Майя, ул Степанова, д 1 к 1",https://sakha15.yak.msudrf.ru/,sakha15.yak.msudrf.ru,нет,14MS0016
Республика Саха (Якутия),Мирный,,Мирнинский судебный участок № 18,MS,Мировой суд,"678175, Респ Саха (Якутия), г Мирный, ул Ленина, д 34",https://sakha18.yak.msudrf.ru/,sakha18.yak.msudrf.ru,нет,14MS0021
Республика Саха (Якутия),Мирный,,Мирнинский судебный участок № 50,MS,Мировой суд,"678175, Респ Саха (Якутия), г Мирный, ул Ленина, д 34",https://sakha50.yak.msudrf.ru/,sakha50.yak.msudrf.ru,нет,14MS0022
Республика Саха (Якутия),Мирный,,Мирнинский судебный участок № 55,MS,Мировой суд,"678175, Респ Саха (Якутия), г Мирный, ул Ленина, д 34",https://sakha55.yak.msudrf.ru/,sakha55.yak.msudrf.ru,нет,14MS0023
Республика Саха (Якутия),Мохсоголлох,,Судебный участок № 58 Хангаласского района Республики Саха ( Якутия),MS,Мировой суд,"678020, Респ Саха (Якутия), у Хангаласский, п Мохсоголлох, ул Заводская, д 6",https://sakha58.yak.msudrf.ru/,sakha58.yak.msudrf.ru,нет,14MS0042
Республика Саха (Якутия),Намцы,,Намский судебный участок № 21,MS,Мировой суд,"678380, Респ Саха (Якутия), с Намцы, ул Чернышевского, д 16",https://sakha21.yak.msudrf.ru/,sakha21.yak.msudrf.ru,нет,14MS0026
Республика Саха (Якутия),Нерюнгри,,Нерюнгринский судебный участок № 37,MS,Мировой суд,"678965, Респ Саха (Якутия), Нерюнгринский р-н, г Нерюнгри, пр-кт Геологов, зд 77/2",https://sakha37.yak.msudrf.ru/,sakha37.yak.msudrf.ru,нет,14MS0045
Республика Саха (Якутия),Нерюнгри,,Нерюнгринский судебный участок № 38,MS,Мировой суд,"678965, Респ Саха (Якутия), Нерюнгринский р-н, г Нерюнгри, пр-кт Геологов, зд 77/2",https://sakha38.yak.msudrf.ru/,sakha38.yak.msudrf.ru,нет,14MS0046
Республика Саха (Якутия),Нерюнгри,,Нерюнгринский судебный участок № 51,MS,Мировой суд,"678965, Респ Саха (Якутия), Нерюнгринский р-н, г Нерюнгри, пр-кт Геологов, д 77 к 2",https://sakha51.yak.msudrf.ru/,sakha51.yak.msudrf.ru,нет,14MS0047
Республика Саха (Якутия),Нерюнгри,,"Судебный участок № 61 Нерюнгринского района, Республики Саха (Якутия).",MS,Мировой суд,"678965, Респ Саха (Якутия), Нерюнгринский р-н, г Нерюнгри, пр-кт Геологов, д 77 к 2",https://sakha61.yak.msudrf.ru/,sakha61.yak.msudrf.ru,нет,14MS0061
Республика Саха (Якутия),Нижний-Бестях,,Мегино-Кангаласский судебный участок № 53,MS,Мировой суд,"678080, Республика Саха (Якутия), Мегино-Кангаласский район, п. Нижний-Бестях, кв. Магистральный, д. 2",https://sakha53.yak.msudrf.ru/,sakha53.yak.msudrf.ru,нет,14MS0017
Республика Саха (Якутия),Нюрба,,Нюрбинский судебный участок № 23,MS,Мировой суд,"678450, Респ Саха (Якутия), г Нюрба, ул Советская, д 74",https://sakha23.yak.msudrf.ru/,sakha23.yak.msudrf.ru,нет,14MS0028
Республика Саха (Якутия),Нюрба,,Нюрбинский судебный участок № 56,MS,Мировой суд,"678450, Респ Саха (Якутия), г Нюрба, ул Советская, д 74",https://sakha56.yak.msudrf.ru/,sakha56.yak.msudrf.ru,нет,14MS0029
Республика Саха (Якутия),Олекминск,,Олекминский судебный участок № 25,MS,Мировой суд,"678100, Респ Саха (Якутия), г Олекминск, ул 50 лет Победы, д 63",https://sakha25.yak.msudrf.ru/,sakha25.yak.msudrf.ru,нет,14MS0031
Республика Саха (Якутия),Олекминск,,Олекминский судебный участок № 57,MS,Мировой суд,"678100, Респ Саха (Якутия), г Олекминск, ул 50 лет Победы, д 63",https://sakha57.yak.msudrf.ru/,sakha57.yak.msudrf.ru,нет,14MS0032
Республика Саха (Якутия),Оленек,,Оленекский судебный участок № 26,MS,Мировой суд,"678480, Респ Саха (Якутия), с Оленек, ул Октябрьская, зд 20",https://sakha26.yak.msudrf.ru/,sakha26.yak.msudrf.ru,нет,14MS0033
Республика Саха (Якутия),Пеледуй,,Ленский судебный участок № 16,MS,Мировой суд,"678158, Респ Саха (Якутия), у Ленский, п Пеледуй, ул Центральная, зд 3",https://sakha16.yak.msudrf.ru/,sakha16.yak.msudrf.ru,нет,14MS0018
Республика Саха (Якутия),Покровск,,Судебный участок № 34 Хангаласского района Республики Саха (Якутия),MS,Мировой суд,"678000, Респ Саха (Якутия), г Покровск, ул Неустроева, зд 1А",https://sakha34.yak.msudrf.ru/,sakha34.yak.msudrf.ru,нет,14MS0041
Республика Саха (Якутия),Сангар,,Кобяйский судебный участок № 14,MS,Мировой суд,"678300, Респ Саха (Якутия), пгт Сангар, ул Ленина, зд 49",https://sakha14.yak.msudrf.ru/,sakha14.yak.msudrf.ru,нет,14MS0015
Республика Саха (Якутия),Саскылах,,Анабарский судебный участок № 6,MS,Мировой суд,"678440, Респ Саха (Якутия), с Саскылах, ул Нагорная, д 13",https://sakha6.yak.msudrf.ru/,sakha6.yak.msudrf.ru,нет,14MS0007
Республика Саха (Якутия),Среднеколымск,,Среднеколымский судебный участок № 27,MS,Мировой суд,"678790, Респ Саха (Якутия), г Среднеколымск, ул Курашова, д 8",https://sakha27.yak.msudrf.ru/,sakha27.yak.msudrf.ru,нет,14MS0034
Республика Саха (Якутия),Сунтар,,Сунтарский судебный участок № 28,MS,Мировой суд,"678290, Респ Саха (Якутия), с Сунтар, ул Октябрьская, д 23/2",https://sakha28.yak.msudrf.ru/,sakha28.yak.msudrf.ru,нет,14MS0035
Республика Саха (Якутия),Тикси,,Булунский судебный участок № 7,MS,Мировой суд,"678400, Респ Саха (Якутия), п Тикси, ул Трусова, д 7",https://sakha7.yak.msudrf.ru/,sakha7.yak.msudrf.ru,нет,14MS0008
Республика Саха (Якутия),Удачный,,Мирнинский судебный участок № 19,MS,Мировой суд,"678188, Респ Саха (Якутия), у Мирнинский, г Удачный, мкр Новый город, д 5, кв 2",https://sakha19.yak.msudrf.ru/,sakha19.yak.msudrf.ru,нет,14MS0024
Республика Саха (Якутия),Усть-Мая,,Усть-Майский судебный участок № 32,MS,Мировой суд,"678620, Респ Саха (Якутия), п Усть-Мая, ул Пирогова, д 16/1",https://sakha32.yak.msudrf.ru/,sakha32.yak.msudrf.ru,нет,14MS0039
Республика Саха (Якутия),Усть-Нера,,Оймяконский судебный участок № 24,MS,Мировой суд,"678730, Респ Саха (Якутия), пгт Усть-Нера, ул Коммунистическая, д 30 к 2",https://sakha24.yak.msudrf.ru/,sakha24.yak.msudrf.ru,нет,14MS0030
Республика Саха (Якутия),Хандыга,,Томпонский судебный участок № 30,MS,Мировой суд,"678720, Респ Саха (Якутия), п Хандыга, ул Геолога Кудрявого, д 36",https://sakha30.yak.msudrf.ru/,sakha30.yak.msudrf.ru,нет,14MS0037
Республика Саха (Якутия),Хонуу,,Судебный участок № 20 Момского улуса (района),MS,Мировой суд,"678860, Респ Саха (Якутия), с Хонуу, ул Заложная, д 11",https://sakha20.yak.msudrf.ru/,sakha20.yak.msudrf.ru,нет,14MS0025
Республика Саха (Якутия),Черский,,Нижнеколымский судебный участок № 22,MS,Мировой суд,"678830, Респ Саха (Якутия), п Черский, ул Октябрьская, зд 1",https://sakha22.yak.msudrf.ru/,sakha22.yak.msudrf.ru,нет,14MS0027
Республика Саха (Якутия),Чокурдах,,Судебный участок № 4 Аллаиховского улуса (района),MS,Мировой суд,"678800, Респ Саха (Якутия), п Чокурдах, ул им Ленина, зд 7",https://sakha4.yak.msudrf.ru/,sakha4.yak.msudrf.ru,нет,14MS0005
Республика Саха (Якутия),Чульман,,Нерюнгринский судебный участок № 39,MS,Мировой суд,"678981, Респ Саха (Якутия), Нерюнгринский р-н, п Чульман, ул Советская, д 67А к 2",https://sakha39.yak.msudrf.ru/,sakha39.yak.msudrf.ru,нет,14MS0048
Республика Саха (Якутия),Чурапча,,Чурапчинский судебный участок № 35,MS,Мировой суд,"678670, Респ Саха (Якутия), с Чурапча, ул П.П. Пинигина, д 1Б",https://sakha35.yak.msudrf.ru/,sakha35.yak.msudrf.ru,нет,14MS0043
Республика Саха (Якутия),Ытык-Кюель,,Таттинский судебный участок № 29,MS,Мировой суд,"678650, Респ Саха (Якутия), с Ытык-Кюель, ул Ойунского, д 33Е",https://sakha29.yak.msudrf.ru/,sakha29.yak.msudrf.ru,нет,14MS0036
Республика Саха (Якутия),Якутск,,Судебный участок № 40 города Якутска Республики Саха,MS,Мировой суд,"677027, г Якутск, ул Орджоникидзе, д 44/2, офис 206",https://sakha40.yak.msudrf.ru/,sakha40.yak.msudrf.ru,нет,14MS0049
Республика Саха (Якутия),Якутск,,Судебный участок № 41 города Якутска Республики Саха,MS,Мировой суд,"677027, г Якутск, ул Орджоникидзе, д 44/2, офис 309",https://sakha41.yak.msudrf.ru/,sakha41.yak.msudrf.ru,нет,14MS0050
Республика Саха (Якутия),Якутск,,Судебный участок № 42 города Якутска Республики Саха,MS,Мировой суд,"677027, г Якутск, ул Орджоникидзе, д 44/2, офис 209",https://sakha42.yak.msudrf.ru/,sakha42.yak.msudrf.ru,нет,14MS0051
Республика Саха (Якутия),Якутск,,Судебный участок № 43 города Якутска Республики Саха,MS,Мировой суд,"677027, г Якутск, ул Орджоникидзе, д 44/2, офис 306",https://sakha43.yak.msudrf.ru/,sakha43.yak.msudrf.ru,нет,14MS0052
Республика Саха (Якутия),Якутск,,Судебный участок № 44 города Якутска Республики Саха,MS,Мировой суд,"677027, г Якутск, ул Орджоникидзе, д 44/2, офис 305",https://sakha44.yak.msudrf.ru/,sakha44.yak.msudrf.ru,нет,14MS0053
Республика Саха (Якутия),Якутск,,Судебный участок № 45 города Якутска Республики Саха,MS,Мировой суд,"677027, г Якутск, ул Орджоникидзе, д 44/2, офис 205",https://sakha45.yak.msudrf.ru/,sakha45.yak.msudrf.ru,нет,14MS0054
Республика Саха (Якутия),Якутск,,Судебный участок № 46 города Якутска Республики Саха,MS,Мировой суд,"677027, г Якутск, ул Орджоникидзе, д 44/2, офис 406",https://sakha46.yak.msudrf.ru/,sakha46.yak.msudrf.ru,нет,14MS0055
Республика Саха (Якутия),Якутск,,Судебный участок № 47 города Якутска Республики Саха,MS,Мировой суд,"677027, г Якутск, ул Орджоникидзе, д 44/2, офис 405",https://sakha47.yak.msudrf.ru/,sakha47.yak.msudrf.ru,нет,14MS0056
Республика Саха (Якутия),Якутск,,Судебный участок № 48 города Якутска Республики Саха,MS,Мировой суд,"677027, г Якутск, ул Орджоникидзе, д 44/2, офис 409",https://sakha48.yak.msudrf.ru/,sakha48.yak.msudrf.ru,нет,14MS0057
Республика Саха (Якутия),Якутск,,Судебный участок № 49 города Якутска Республики Саха,MS,Мировой суд,"677027, г Якутск, ул Орджоникидзе, д 44/1",https://sakha49.yak.msudrf.ru/,sakha49.yak.msudrf.ru,нет,14MS0059
Республика Саха (Якутия),Якутск,,Судебный участок № 59 города Якутска Республики Саха,MS,Мировой суд,"677027, г Якутск, ул Орджоникидзе, д 44/2, офис 506",https://sakha59.yak.msudrf.ru/,sakha59.yak.msudrf.ru,нет,14MS0058
Республика Саха (Якутия),Якутск,,Судебный участок № 62 города Якутска Республики Саха,MS,Мировой суд,"677027, г Якутск, ул Орджоникидзе, д 44/2, офис 505",https://sakha62.yak.msudrf.ru/,sakha62.yak.msudrf.ru,нет,14MS0062
Республика Саха (Якутия),Якутск,,Судебный участок № 63 города Якутска Республики Саха,MS,Мировой суд,"677027, г Якутск, ул Орджоникидзе, д 44/2, офис 509",https://sakha63.yak.msudrf.ru/,sakha63.yak.msudrf.ru,нет,14MS0063
Астраханская область,Астрахань,,Судебный участок мирового судьи № 1 Кировского района г. Астрахани,MS,Мировой суд,"414040, г Астрахань, ул Адмиралтейская, зд 42",https://kir1.ast.msudrf.ru/,kir1.ast.msudrf.ru,нет,30MS0001
Астраханская область,Астрахань,,Судебный участок мирового судьи № 1 Ленинского района г. Астрахани,MS,Мировой суд,"414040, г Астрахань, ул Адмиралтейская, зд 42",https://len1.ast.msudrf.ru/,len1.ast.msudrf.ru,нет,30MS0007
Астраханская область,Астрахань,,Судебный участок мирового судьи № 1 Советского района г. Астрахани,MS,Мировой суд,"414018, г Астрахань, ул 1-я Литейная, зд 12",https://sov1.ast.msudrf.ru/,sov1.ast.msudrf.ru,нет,30MS0014
Астраханская область,Астрахань,,Судебный участок мирового судьи № 1 Трусовского района г. Астрахани,MS,Мировой суд,"414016, г Астрахань, ул Николая Ветошникова, д 11",https://tr1.ast.msudrf.ru/,tr1.ast.msudrf.ru,нет,30MS0021
Астраханская область,Астрахань,,Судебный участок мирового судьи № 2 Кировского района г. Астрахани,MS,Мировой суд,"414040, г Астрахань, ул Адмиралтейская, зд 42",https://kir2.ast.msudrf.ru/,kir2.ast.msudrf.ru,нет,30MS0002
Астраханская область,Астрахань,,Судебный участок мирового судьи № 2 Ленинского района г. Астрахани,MS,Мировой суд,"414040, г Астрахань, ул Адмиралтейская, зд 42",https://len2.ast.msudrf.ru/,len2.ast.msudrf.ru,нет,30MS0008
Астраханская область,Астрахань,,Судебный участок мирового судьи № 2 Советского района г. Астрахани,MS,Мировой суд,"414022, г. Астрахань, ул. Звездная, 57 корп. 4 литер «Б»",https://sov2.ast.msudrf.ru/,sov2.ast.msudrf.ru,нет,30MS0015
Астраханская область,Астрахань,,Судебный участок мирового судьи № 2 Трусовского района г. Астрахани,MS,Мировой суд,"414016, г Астрахань, ул Николая Ветошникова, д 11",https://tr2.ast.msudrf.ru/,tr2.ast.msudrf.ru,нет,30MS0022
Астраханская область,Астрахань,,Судебный участок мирового судьи № 3 Кировского района г. Астрахани,MS,Мировой суд,"414040, г Астрахань, ул Адмиралтейская, зд 42",https://kir3.ast.msudrf.ru/,kir3.ast.msudrf.ru,нет,30MS0003
Астраханская область,Астрахань,,Судебный участок мирового судьи № 3 Ленинского района г. Астрахани,MS,Мировой суд,"414052, г Астрахань, ул Бориса Алексеева, д 2Б",https://len3.ast.msudrf.ru/,len3.ast.msudrf.ru,нет,30MS0009
Астраханская область,Астрахань,,Судебный участок мирового судьи № 3 Советского района г. Астрахани,MS,Мировой суд,"414022, г. Астрахань, ул. Звездная, д. 57 корп. 4 литер «Б»",https://sov3.ast.msudrf.ru/,sov3.ast.msudrf.ru,нет,30MS0016
Астраханская область,Астрахань,,Судебный участок мирового судьи № 4 Кировского района г. Астрахани,MS,Мировой суд,"414040, г Астрахань, ул Адмиралтейская, зд 42",https://kir4.ast.msudrf.ru/,kir4.ast.msudrf.ru,нет,30MS0004
Астраханская область,Астрахань,,Судебный участок мирового судьи № 4 Ленинского района г. Астрахани,MS,Мировой суд,"414040, г Астрахань, ул Адмиралтейская, зд 42",https://len4.ast.msudrf.ru/,len4.ast.msudrf.ru,нет,30MS0010
Астраханская область,Астрахань,,Судебный участок мирового судьи № 4 Советского района г. Астрахани,MS,Мировой суд,"414040, г Астрахань, ул Адмиралтейская, зд 42",https://sov4.ast.msudrf.ru/,sov4.ast.msudrf.ru,нет,30MS0017
Астраханская область,Астрахань,,Судебный участок мирового судьи № 4 Трусовского района г. Астрахани,MS,Мировой суд,"414042, г Астрахань, ул Коновалова, стр 14А",https://tr4.ast.msudrf.ru/,tr4.ast.msudrf.ru,нет,30MS0024
Астраханская область,Астрахань,,Судебный участок мирового судьи № 5 Кировского района г. Астрахани,MS,Мировой суд,"414040, г Астрахань, ул Адмиралтейская, зд 42",https://kir5.ast.msudrf.ru/,kir5.ast.msudrf.ru,нет,30MS0005
Астраханская область,Астрахань,,Судебный участок мирового судьи № 5 Ленинского района г. Астрахани,MS,Мировой суд,"414041, г Астрахань, ул Нариманова, д 1А",https://len5.ast.msudrf.ru/,len5.ast.msudrf.ru,нет,30MS0011
Астраханская область,Астрахань,,Судебный участок мирового судьи № 5 Советского района г. Астрахани,MS,Мировой суд,"414040, г Астрахань, ул Адмиралтейская, зд 42",https://sov5.ast.msudrf.ru/,sov5.ast.msudrf.ru,нет,30MS0018
Астраханская область,Астрахань,,Судебный участок мирового судьи № 5 Трусовского района г. Астрахани,MS,Мировой суд,"414042, г Астрахань, ул Коновалова, стр 14А",https://tr5.ast.msudrf.ru/,tr5.ast.msudrf.ru,нет,30MS0025
Астраханская область,Астрахань,,Судебный участок мирового судьи № 6 Кировского района г. Астрахани,MS,Мировой суд,"414040, г Астрахань, ул Адмиралтейская, зд 42",https://kir6.ast.msudrf.ru/,kir6.ast.msudrf.ru,нет,30MS0006
Астраханская область,Астрахань,,Судебный участок мирового судьи № 6 Ленинского района г. Астрахани,MS,Мировой суд,"414032, г Астрахань, ул Румынская, д 9 к 1",https://len6.ast.msudrf.ru/,len6.ast.msudrf.ru,нет,30MS0012
Астраханская область,Астрахань,,Судебный участок мирового судьи № 6 Советского района г. Астрахани,MS,Мировой суд,"414018, г Астрахань, ул 1-я Литейная, зд 12",https://sov6.ast.msudrf.ru/,sov6.ast.msudrf.ru,нет,30MS0019
Астраханская область,Астрахань,,Судебный участок мирового судьи № 7 Ленинского района г. Астрахани,MS,Мировой суд,"414032, г. Астрахань, ул. Жилая, 6Д литер А, помещение 1",https://len7.ast.msudrf.ru/,len7.ast.msudrf.ru,нет,30MS0013
Астраханская область,Астрахань,,Судебный участок мирового судьи № 7 Советского района г. Астрахани,MS,Мировой суд,"414018, г Астрахань, ул 1-я Литейная, зд 12",https://sov7.ast.msudrf.ru/,sov7.ast.msudrf.ru,нет,30MS0020
Астраханская область,Ахтубинск,,Судебный участок мирового судьи № 1 Ахтубинского района Астраханской области,MS,Мировой суд,"416500, Астраханская обл, г Ахтубинск, ул Можайского, зд 6",https://aht1.ast.msudrf.ru/,aht1.ast.msudrf.ru,нет,30MS0026
Астраханская область,Ахтубинск,,Судебный участок мирового судьи № 2 Ахтубинского района Астраханской области,MS,Мировой суд,"416500, Астраханская обл, г Ахтубинск, ул Можайского, зд 6",https://aht2.ast.msudrf.ru/,aht2.ast.msudrf.ru,нет,30MS0027
Астраханская область,Ахтубинск,,Судебный участок мирового судьи № 3 Ахтубинского района Астраханской области,MS,Мировой суд,"416500, Астраханская обл, г Ахтубинск, ул Можайского, зд 6",https://aht3.ast.msudrf.ru/,aht3.ast.msudrf.ru,нет,30MS0028
Астраханская область,Ахтубинск,,Судебный участок мирового судьи № 4 Ахтубинского района Астраханской области,MS,Мировой суд,"416500, Астраханская обл, г Ахтубинск, ул Можайского, зд 6",https://aht4.ast.msudrf.ru/,aht4.ast.msudrf.ru,нет,30MS0029
Астраханская область,Володарский,,Судебный участок мирового судьи № 1 Володарского района Астраханской области,MS,Мировой суд,"416170, Астраханская обл, Володарский р-н, п Володарский, пл Октябрьская, зд 5",https://vol1.ast.msudrf.ru/,vol1.ast.msudrf.ru,нет,30MS0032
Астраханская область,Володарский,,Судебный участок мирового судьи № 2 Володарского района Астраханской области,MS,Мировой суд,"416170, Астраханская обл, Володарский р-н, п Володарский, пл Октябрьская, зд 5",https://vol2.ast.msudrf.ru/,vol2.ast.msudrf.ru,нет,30MS0033
Астраханская область,Володарский,,Судебный участок мирового судьи № 3 Володарского района Астраханской области,MS,Мировой суд,"416170, Астраханская обл, Володарский р-н, п Володарский, пл Октябрьская, зд 5",https://vol3.ast.msudrf.ru/,vol3.ast.msudrf.ru,нет,30MS0034
Астраханская область,Енотаевка,,Судебный участок мирового судьи № 1 Енотаевского района Астраханской области,MS,Мировой суд,"416200, Астраханская обл, с Енотаевка, ул Чернышевского, зд 52",https://en1.ast.msudrf.ru/,en1.ast.msudrf.ru,нет,30MS0035
Астраханская область,Енотаевка,,Судебный участок мирового судьи № 2 Енотаевского района Астраханской области,MS,Мировой суд,"416200, Астраханская обл, с Енотаевка, ул Чернышевского, зд 52",https://en2.ast.msudrf.ru/,en2.ast.msudrf.ru,нет,30MS0036
Астраханская область,Знаменск,,Судебный участок мирового судьи № 1 ЗАТО г. Знаменск,MS,Мировой суд,"416540, Астраханская обл, г Знаменск, ул Победы, д 2",https://znam1.ast.msudrf.ru/,znam1.ast.msudrf.ru,нет,30MS0030
Астраханская область,Знаменск,,Судебный участок мирового судьи № 2 ЗАТО г. Знаменск,MS,Мировой суд,"416540, Астраханская обл, г Знаменск, ул Победы, д 2",https://znam2.ast.msudrf.ru/,znam2.ast.msudrf.ru,нет,30MS0031
Астраханская область,Икряное,,Судебный участок мирового судьи № 1 Икрянинского района Астраханской области,MS,Мировой суд,"416370, Астраханская обл, с Икряное, ул Подгорная, стр 31",https://ikr1.ast.msudrf.ru/,ikr1.ast.msudrf.ru,нет,30MS0037
Астраханская область,Икряное,,Судебный участок мирового судьи № 2 Икрянинского района Астраханской области,MS,Мировой суд,"416370, Астраханская обл, с Икряное, ул Подгорная, стр 31",https://ikr2.ast.msudrf.ru/,ikr2.ast.msudrf.ru,нет,30MS0038
Астраханская область,Икряное,,Судебный участок мирового судьи № 3 Икрянинского района Астраханской области,MS,Мировой суд,"416370, Астраханская обл, с Икряное, ул Подгорная, стр 31",https://ikr3.ast.msudrf.ru/,ikr3.ast.msudrf.ru,нет,30MS0039
Астраханская область,Камызяк,,Судебный участок мирового судьи № 1 Камызякского района Астраханской области,MS,Мировой суд,"416340, Астраханская обл, г Камызяк, пл Павших Борцов, зд 2",https://kmz1.ast.msudrf.ru/,kmz1.ast.msudrf.ru,нет,30MS0040
Астраханская область,Камызяк,,Судебный участок мирового судьи № 2 Камызякского района Астраханской области,MS,Мировой суд,"416340, Астраханская обл, г Камызяк, пл Павших Борцов, зд 2",https://kmz2.ast.msudrf.ru/,kmz2.ast.msudrf.ru,нет,30MS0041
Астраханская область,Камызяк,,Судебный участок мирового судьи № 3 Камызякского района Астраханской области,MS,Мировой суд,"416340, Астраханская обл, г Камызяк, пл Павших Борцов, зд 2",https://kmz3.ast.msudrf.ru/,kmz3.ast.msudrf.ru,нет,30MS0042
Астраханская область,Красный Яр,,Судебный участок мирового судьи № 1 Красноярского района Астраханской области,MS,Мировой суд,"416150, Астраханская обл, с Красный Яр, ул Ватаженская, зд 4К",https://kras1.ast.msudrf.ru/,kras1.ast.msudrf.ru,нет,30MS0043
Астраханская область,Красный Яр,,Судебный участок мирового судьи № 2 Красноярского района Астраханской области,MS,Мировой суд,"416150, Астраханская обл, с Красный Яр, ул Ватаженская, зд 4К",https://kras2.ast.msudrf.ru/,kras2.ast.msudrf.ru,нет,30MS0044
Астраханская область,Лиман,,Судебный участок мирового судьи № 1 Лиманского района Астраханской области,MS,Мировой суд,"416410, Астраханская обл, рп Лиман, ул Ленина, д 58",https://lim1.ast.msudrf.ru/,lim1.ast.msudrf.ru,нет,30MS0045
Астраханская область,Лиман,,Судебный участок мирового судьи № 2 Лиманского района Астраханской области,MS,Мировой суд,"416410, Астраханская обл, рп Лиман, ул Ленина, д 53",https://lim2.ast.msudrf.ru/,lim2.ast.msudrf.ru,нет,30MS0046
Астраханская область,Нариманов,,Судебный участок мирового судьи № 1 Наримановского района Астраханской области,MS,Мировой суд,"416111, Астраханская обл, г Нариманов, ул Центральная, д 4, помещ 3",https://nar1.ast.msudrf.ru/,nar1.ast.msudrf.ru,нет,30MS0047
Астраханская область,Началово,,Судебный участок мирового судьи № 1 Приволжского района Астраханской области,MS,Мировой суд,"416450, Астраханская обл, с Началово, ул Ленина, д 102",https://priv1.ast.msudrf.ru/,priv1.ast.msudrf.ru,нет,30MS0049
Астраханская область,Началово,,Судебный участок мирового судьи № 2 Приволжского района Астраханской области,MS,Мировой суд,"416450, Астраханская обл, с Началово, ул Ленина, д 102",https://priv2.ast.msudrf.ru/,priv2.ast.msudrf.ru,нет,30MS0050
Астраханская область,Солянка,,Судебный участок мирового судьи № 2 Наримановского района Астраханской области,MS,Мировой суд,"416130, Астраханская обл, Наримановский р-н, с Солянка, ул Каспийская, зд 2",https://nar2.ast.msudrf.ru/,nar2.ast.msudrf.ru,нет,30MS0048
Астраханская область,Солянка,,Судебный участок мирового судьи № 3 Трусовского района г. Астрахани,MS,Мировой суд,"416130, Астраханская обл, Наримановский р-н, с Солянка, ул Каспийская, зд 2",https://tr3.ast.msudrf.ru/,tr3.ast.msudrf.ru,нет,30MS0023
Астраханская область,Харабали,,Судебный участок мирового судьи № 1 Харабалинского района Астраханской области,MS,Мировой суд,"416010, Астраханская обл, г Харабали, ул Интернациональная, д 156",https://hrb1.ast.msudrf.ru/,hrb1.ast.msudrf.ru,нет,30MS0051
Астраханская область,Харабали,,Судебный участок мирового судьи № 2 Харабалинского района Астраханской области,MS,Мировой суд,"416010, Астраханская обл, г Харабали, ул Интернациональная, д 156",https://hrb2.ast.msudrf.ru/,hrb2.ast.msudrf.ru,нет,30MS0052
Астраханская область,Черный Яр,,Судебный участок мирового судьи № 1 Черноярского района Астраханской области,MS,Мировой суд,"416230, Астраханская обл, с Черный Яр, ул Комиссара Савельева, д 1В",https://chrn1.ast.msudrf.ru/,chrn1.ast.msudrf.ru,нет,30MS0053
Костромская область,Антропово,,Судебный участок № 37 Галичского судебного района,MS,Мировой суд,"157260, Костромская обл, п Антропово, ул Октябрьская, д 23",https://37.kst.msudrf.ru/,37.kst.msudrf.ru,нет,44MS0037
Костромская область,Боговарово,,Судебный участок № 42 Вохомского судебного района,MS,Мировой суд,"157780, Костромская обл, с Боговарово, ул Победы, стр 47",https://42.kst.msudrf.ru/,42.kst.msudrf.ru,нет,44MS0042
Костромская область,Буй,,Судебный участок № 21 Буйского судебного района,MS,Мировой суд,"157006, Костромская обл, г Буй, ул 10 годовщины Октября, д 5",https://21.kst.msudrf.ru/,21.kst.msudrf.ru,нет,44MS0021
Костромская область,Буй,,Судебный участок № 22 Буйского судебного района,MS,Мировой суд,"157006, Костромская обл, г Буй, ул 10 годовщины Октября, д 5",https://22.kst.msudrf.ru/,22.kst.msudrf.ru,нет,44MS0022
Костромская область,Волгореченск,,Судебный участок № 16 Нерехтского судебного района города Волгореченска,MS,Мировой суд,"156901, Костромская обл, г Волгореченск, ул Имени 50-летия Ленинского Комсомола, д 58",https://16.kst.msudrf.ru/,16.kst.msudrf.ru,нет,44MS0016
Костромская область,Вохма,,Судебный участок № 34 Вохомского судебного района,MS,Мировой суд,"157760, Костромская обл, п Вохма, ул Советская, д 51",https://34.kst.msudrf.ru/,34.kst.msudrf.ru,нет,44MS0034
Костромская область,Галич,,Судебный участок № 28 Галичского судебного района,MS,Мировой суд,"157202, Костромская обл, г Галич, ул Гладышева, д 122Б",https://28.kst.msudrf.ru/,28.kst.msudrf.ru,нет,44MS0028
Костромская область,Галич,,Судебный участок № 29 Галичского судебного района,MS,Мировой суд,"157202, Костромская обл, г Галич, ул Гладышева, д 122Б",https://29.kst.msudrf.ru/,29.kst.msudrf.ru,нет,44MS0029
Костромская область,Георгиевское,,Судебный участок № 41 Кологривского судебного района,MS,Мировой суд,"157420, Костромская обл, с Георгиевское, ул Октябрьская, д 70",https://41.kst.msudrf.ru/,41.kst.msudrf.ru,нет,44MS0041
Костромская область,Кадый,,Судебный участок № 38 Макарьевского судебного района,MS,Мировой суд,"157980, Костромская обл, пгт Кадый, ул Больничная, д 6",https://38.kst.msudrf.ru/,38.kst.msudrf.ru,нет,44MS0038
Костромская область,Кологрив,,Судебный участок № 39 Кологривского судебного района,MS,Мировой суд,"157440, Костромская обл, г Кологрив, ул Центральная, д 1",https://39.kst.msudrf.ru/,39.kst.msudrf.ru,нет,44MS0039
Костромская область,Кострома,,Судебный участок № 1 Свердловского судебного района города Костромы,MS,Мировой суд,"156026, г Кострома, ул Советская, д 120",https://1.kst.msudrf.ru/,1.kst.msudrf.ru,нет,44MS0001
Костромская область,Кострома,,Судебный участок № 10 Ленинского судебного района города Костромы,MS,Мировой суд,"156026, г Кострома, ул Советская, д 120",https://10.kst.msudrf.ru/,10.kst.msudrf.ru,нет,44MS0010
Костромская область,Кострома,,Судебный участок № 11 Ленинского судебного района города Костромы,MS,Мировой суд,"156026, г Кострома, ул Советская, д 120",https://11.kst.msudrf.ru/,11.kst.msudrf.ru,нет,44MS0011
Костромская область,Кострома,,Судебный участок № 12 Ленинского судебного района города Костромы,MS,Мировой суд,"156026, г Кострома, ул Советская, д 120",https://12.kst.msudrf.ru/,12.kst.msudrf.ru,нет,44MS0012
Костромская область,Кострома,,Судебный участок № 13 Димитровского судебного района города Костромы,MS,Мировой суд,"156010, г Кострома, ул Южная, д 8",https://13.kst.msudrf.ru/,13.kst.msudrf.ru,нет,44MS0013
Костромская область,Кострома,,Судебный участок № 14 Димитровского судебного района города Костромы,MS,Мировой суд,"156010, г Кострома, ул Южная, д 8",https://14.kst.msudrf.ru/,14.kst.msudrf.ru,нет,44MS0014
Костромская область,Кострома,,Судебный участок № 15 Димитровского судебного района города Костромы,MS,Мировой суд,"156010, г Кострома, ул Южная, д 8",https://15.kst.msudrf.ru/,15.kst.msudrf.ru,нет,44MS0015
Костромская область,Кострома,,Судебный участок № 17 Костромского судебного района,MS,Мировой суд,"156026, г Кострома, ул Привокзальная, д 16А",https://17.kst.msudrf.ru/,17.kst.msudrf.ru,нет,44MS0017
Костромская область,Кострома,,Судебный участок № 18 Костромского судебного района,MS,Мировой суд,"156026, г Кострома, ул Привокзальная, д 16А",https://18.kst.msudrf.ru/,18.kst.msudrf.ru,нет,44MS0018
Костромская область,Кострома,,Судебный участок № 2 Свердловского судебного района города Костромы,MS,Мировой суд,"156026, г Кострома, ул Советская, д 120",https://2.kst.msudrf.ru/,2.kst.msudrf.ru,нет,44MS0002
Костромская область,Кострома,,Судебный участок № 3 Свердловского судебного района города Костромы,MS,Мировой суд,"156026, г Кострома, ул Советская, д 120",https://3.kst.msudrf.ru/,3.kst.msudrf.ru,нет,44MS0003
Костромская область,Кострома,,Судебный участок № 32 Свердловского судебного района города Костромы,MS,Мировой суд,"156026, г Кострома, ул Советская, д 120",https://32.kst.msudrf.ru/,32.kst.msudrf.ru,нет,44MS0032
Костромская область,Кострома,,Судебный участок № 36 Свердловского судебного района города Костромы,MS,Мировой суд,"156026, г Кострома, ул Привокзальная, д 16А",https://36.kst.msudrf.ru/,36.kst.msudrf.ru,нет,44MS0036
Костромская область,Кострома,,Судебный участок № 4 Свердловского судебного района города Костромы,MS,Мировой суд,"156026, г Кострома, ул Привокзальная, д 16А",https://4.kst.msudrf.ru/,4.kst.msudrf.ru,нет,44MS0004
Костромская область,Кострома,,Судебный участок № 5 Свердловского судебного района города Костромы,MS,Мировой суд,"156026, г Кострома, ул Советская, д 120",https://5.kst.msudrf.ru/,5.kst.msudrf.ru,нет,44MS0005
Костромская область,Кострома,,Судебный участок № 6 Свердловского судебного района города Костромы,MS,Мировой суд,"156026, г Кострома, ул Советская, д 120",https://6.kst.msudrf.ru/,6.kst.msudrf.ru,нет,44MS0006
Костромская область,Кострома,,Судебный участок № 7 Свердловского судебного района города Костромы,MS,Мировой суд,"156026, г Кострома, ул Советская, д 120",https://7.kst.msudrf.ru/,7.kst.msudrf.ru,нет,44MS0007
Костромская область,Кострома,,Судебный участок № 8 Ленинского судебного района города Костромы,MS,Мировой суд,"156026, г Кострома, ул Советская, д 120",https://8.kst.msudrf.ru/,8.kst.msudrf.ru,нет,44MS0008
Костромская область,Кострома,,Судебный участок № 9 Ленинского судебного района города Костромы,MS,Мировой суд,"156026, г Кострома, ул Советская, д 120",https://9.kst.msudrf.ru/,9.kst.msudrf.ru,нет,44MS0009
Костромская область,Красное-на-Волге,,Судебный участок № 30 Красносельского судебного района,MS,Мировой суд,"157940, Костромская обл, пгт Красное-на-Волге, пл Красная, д 11",https://30.kst.msudrf.ru/,30.kst.msudrf.ru,нет,44MS0030
Костромская область,Макарьев,,Судебный участок № 40 Макарьевского судебного района,MS,Мировой суд,"157460, Костромская обл, г Макарьев, пл Революции, д 34",https://40.kst.msudrf.ru/,40.kst.msudrf.ru,нет,44MS0040
Костромская область,Мантурово,,Судебный участок № 26 Мантуровского судебного района,MS,Мировой суд,"157300, Костромская обл, г Мантурово, ул Центральная, д 5А",https://26.kst.msudrf.ru/,26.kst.msudrf.ru,нет,44MS0026
Костромская область,Мантурово,,Судебный участок № 27 Мантуровского судебного района,MS,Мировой суд,"157300, Костромская обл, г Мантурово, ул Центральная, д 5А",https://27.kst.msudrf.ru/,27.kst.msudrf.ru,нет,44MS0027
Костромская область,Нерехта,,Судебный участок № 19 Нерехтского судебного района,MS,Мировой суд,"157800, Костромская обл, г Нерехта, ул Красноармейская, д 19",https://19.kst.msudrf.ru/,19.kst.msudrf.ru,нет,44MS0019
Костромская область,Нерехта,,Судебный участок № 20 Нерехтского судебного района,MS,Мировой суд,"157800, Костромская обл, г Нерехта, ул Красноармейская, д 19",https://20.kst.msudrf.ru/,20.kst.msudrf.ru,нет,44MS0020
Костромская область,Нея,,Судебный участок № 33 Нейского судебного района,MS,Мировой суд,"157330, Костромская обл, г Нея, ул Советская, д 42",https://33.kst.msudrf.ru/,33.kst.msudrf.ru,нет,44MS0033
Костромская область,Островское,,Судебный участок № 43 Островского судебного района,MS,Мировой суд,"157900, Костромская обл, п Островское, ул Советская, д 99",https://43.kst.msudrf.ru/,43.kst.msudrf.ru,нет,44MS0043
Костромская область,Павино,,Судебный участок № 44 Вохомского судебного района,MS,Мировой суд,"157650, Костромская обл, с Павино, ул Елькина, д 3",https://44.kst.msudrf.ru/,44.kst.msudrf.ru,нет,44MS0050
Костромская область,Парфеньево,,Судебный участок № 45 Нейского судебного района,MS,Мировой суд,"157270, Костромская обл, с Парфеньево, ул Ленина, д 58",https://45.kst.msudrf.ru/,45.kst.msudrf.ru,нет,44MS0045
Костромская область,Поназырево,,Судебный участок № 46 Шарьинского судебного района,MS,Мировой суд,"157580, Костромская обл, пгт Поназырево, ул Вокзальная, д 29",https://46.kst.msudrf.ru/,46.kst.msudrf.ru,нет,44MS0046
Костромская область,Пыщуг,,Судебный участок № 47 Вохомского судебного района,MS,Мировой суд,"157630, Костромская обл, с Пыщуг, ул Чкалова, д 7",https://47.kst.msudrf.ru/,47.kst.msudrf.ru,нет,44MS0051
Костромская область,Солигалич,,Судебный участок № 35 Чухломского судебного района,MS,Мировой суд,"157170, Костромская обл, г Солигалич, ул Вылузгина, д 4",https://35.kst.msudrf.ru/,35.kst.msudrf.ru,нет,44MS0035
Костромская область,Судиславль,,Судебный участок № 31 Островского судебного района,MS,Мировой суд,"157860, Костромская обл, пгт Судиславль, ул Невского, д 5",https://31.kst.msudrf.ru/,31.kst.msudrf.ru,нет,44MS0031
Костромская область,Сусанино,,Судебный участок № 48 Буйского судебного района,MS,Мировой суд,"157080, Костромская обл, пгт Сусанино, ул Октябрьская, д 2",https://48.kst.msudrf.ru/,48.kst.msudrf.ru,нет,44MS0048
Костромская область,Чухлома,,Судебный участок № 49 Чухломского судебного района,MS,Мировой суд,"157130, Костромская обл, г Чухлома, ул Калинина, д 1",https://49.kst.msudrf.ru/,49.kst.msudrf.ru,нет,44MS0049
Костромская область,Шарья,,Судебный участок № 23 Шарьинского судебного района,MS,Мировой суд,"157510, Костромская обл, г Шарья, пгт Ветлужский, ул Центральная, д 4",https://23.kst.msudrf.ru/,23.kst.msudrf.ru,нет,44MS0023
Костромская область,Шарья,,Судебный участок № 24 Шарьинского судебного района,MS,Мировой суд,"157510, Костромская обл, г Шарья, пгт Ветлужский, ул Центральная, д 4",https://24.kst.msudrf.ru/,24.kst.msudrf.ru,нет,44MS0024
Костромская область,Шарья,,Судебный участок № 25 Шарьинского судебного района,MS,Мировой суд,"157510, Костромская обл, г Шарья, пгт Ветлужский, ул Центральная, д 4",https://25.kst.msudrf.ru/,25.kst.msudrf.ru,нет,44MS0025
Ямало-Ненецкий АО,Аксарка,,Судебный участок № 4 судебного района Лабытнангского городского суда,MS,Мировой суд,"629620, Ямало-Ненецкий АО, с Аксарка, ул Первомайская, д 5",https://mirsud.yanao.ru/,mirsud.yanao.ru,нет,89MS0024
Ямало-Ненецкий АО,Губкинский,,Судебный участок № 1 судебного района Губкинского районного суда,MS,Мировой суд,"629832, Ямало-Ненецкий АО, г Губкинский, мкр № 7, д 1",https://mirsud.yanao.ru/,mirsud.yanao.ru,нет,89MS0001
Ямало-Ненецкий АО,Губкинский,,Судебный участок № 2 судебного района Губкинского районного суда,MS,Мировой суд,"629832, Ямало-Ненецкий АО, г Губкинский, мкр № 7, д 1",https://mirsud.yanao.ru/,mirsud.yanao.ru,нет,89MS0002
Ямало-Ненецкий АО,Красноселькуп,,Судебный участок судебного района Красноселькупского районного суда,MS,Мировой суд,"629380, Ямало-Ненецкий АО, с Красноселькуп, ул Дзержинского, д 8Б",https://mirsud.yanao.ru/,mirsud.yanao.ru,нет,89MS0022
Ямало-Ненецкий АО,Лабытнанги,,Судебный участок № 1 судебного района Лабытнангского городского суда,MS,Мировой суд,"629400, Ямало-Ненецкий АО, Приуральский р-н, г Лабытнанги, ул Клубная, д 68",https://mirsud.yanao.ru/,mirsud.yanao.ru,нет,89MS0003
Ямало-Ненецкий АО,Лабытнанги,,Судебный участок № 3 судебного района Лабытнангского городского суда,MS,Мировой суд,"629400, Ямало-Ненецкий АО, Приуральский р-н, г Лабытнанги, ул Клубная, д 68",https://mirsud.yanao.ru/,mirsud.yanao.ru,нет,89MS0031
Ямало-Ненецкий АО,Лабытнанги,,Судебный участок №2 судебного района Лабытнангского городского суда,MS,Мировой суд,"629400, ЯНАО, г. Лабытнанги, ул. Клубная, д. 68 Проезд автобусом 5 маршрута",https://mirsud.yanao.ru/,mirsud.yanao.ru,нет,89MS0004
Ямало-Ненецкий АО,Мужи,,Судебный участок судебного района Шурышкарского районного суда,MS,Мировой суд,"629640, Ямало-Ненецкий АО, с Мужи, ул Уральская, д 16А",https://mirsud.yanao.ru/,mirsud.yanao.ru,нет,89MS0029
Ямало-Ненецкий АО,Муравленко,,Судебный участок № 1 судебного района Муравленковского городского суда,MS,Мировой суд,"629603, Ямало-Ненецкий АО, г Муравленко, ул 70 лет Октября, д 30А",https://mirsud.yanao.ru/,mirsud.yanao.ru,нет,89MS0005
Ямало-Ненецкий АО,Муравленко,,Судебный участок № 2 судебного района Муравленковского городского суда,MS,Мировой суд,"629602, Ямало-Ненецкий АО, г Муравленко, ул Губкина, д 30",https://mirsud.yanao.ru/,mirsud.yanao.ru,нет,89MS0006
Ямало-Ненецкий АО,Надым,,Судебный участок № 1 судебного района Надымского городского суда,MS,Мировой суд,"629736, Ямало-Ненецкий АО, г Надым, ул Геологоразведчиков, д 7",https://mirsud.yanao.ru/,mirsud.yanao.ru,нет,89MS0007
Ямало-Ненецкий АО,Надым,,Судебный участок № 2 судебного района Надымского городского суда,MS,Мировой суд,"629736, Ямало-Ненецкий АО, г Надым, ул Геологоразведчиков, д 7",https://mirsud.yanao.ru/,mirsud.yanao.ru,нет,89MS0008
Ямало-Ненецкий АО,Надым,,Судебный участок № 3 судебного района Надымского городского суда,MS,Мировой суд,"629736, Ямало-Ненецкий АО, г Надым, ул Геологоразведчиков, д 7",https://mirsud.yanao.ru/,mirsud.yanao.ru,нет,89MS0023
Ямало-Ненецкий АО,Новый Уренгой,,Судебный участок № 1 судебного района Новоуренгойского городского суда,MS,Мировой суд,"629309, Ямало-Ненецкий АО, г Новый Уренгой, мкр Советский, д 9 к а стр 1",https://mirsud.yanao.ru/,mirsud.yanao.ru,нет,89MS0009
Ямало-Ненецкий АО,Новый Уренгой,,Судебный участок № 2 судебного района Новоуренгойского городского суда,MS,Мировой суд,"629309, Ямало-Ненецкий АО, г Новый Уренгой, мкр Советский, д 9 к а стр 1",https://mirsud.yanao.ru/,mirsud.yanao.ru,нет,89MS0010
Ямало-Ненецкий АО,Новый Уренгой,,Судебный участок № 3 судебного района Новоуренгойского городского суда,MS,Мировой суд,"629309, Ямало-Ненецкий АО, г Новый Уренгой, мкр Советский, д 9 к а стр 1",https://mirsud.yanao.ru/,mirsud.yanao.ru,нет,89MS0011
Ямало-Ненецкий АО,Новый Уренгой,,Судебный участок № 4 судебного района Новоуренгойского городского суда,MS,Мировой суд,"629303, ЯНАО, г. Новый Уренгой, мкрн. Советский, дом 9, стр. 1, к. АА",https://mirsud.yanao.ru/,mirsud.yanao.ru,нет,89MS0012
Ямало-Ненецкий АО,Новый Уренгой,,Судебный участок № 5 судебного района Новоуренгойского городского суда,MS,Мировой суд,"629309, Ямало-Ненецкий АО, г Новый Уренгой, мкр Советский, д 9 к а стр 1",https://mirsud.yanao.ru/,mirsud.yanao.ru,нет,89MS0013
Ямало-Ненецкий АО,Ноябрьск,,Судебный участок № 1 судебного района Ноябрьского городского суда,MS,Мировой суд,"629803, ЯНАО, г. Ноябрьск, пр. Мира, д. 49 (рассмотрение дел мировыми судьями). 629803, ЯНАО, г. Ноябрьск, ул. Ленина, д. 20",https://mirsud.yanao.ru/,mirsud.yanao.ru,нет,89MS0014
Ямало-Ненецкий АО,Ноябрьск,,Судебный участок № 2 судебного района Ноябрьского городского суда,MS,Мировой суд,"629803, ЯНАО, г. Ноябрьск, пр. Мира, д. 49 (рассмотрение дел мировыми судьями), 629803, ЯНАО, г. Ноябрьск, ул. Ленина, д. 20",https://mirsud.yanao.ru/,mirsud.yanao.ru,нет,89MS0015
Ямало-Ненецкий АО,Ноябрьск,,Судебный участок № 3 судебного района Ноябрьского городского суда,MS,Мировой суд,"629803, ЯНАО, г. Ноябрьск, пр. Мира, д. 49 (рассмотрение дел мировыми судьями). 629803, ЯНАО, г. Ноябрьск, ул. Ленина, д. 20",https://mirsud.yanao.ru/,mirsud.yanao.ru,нет,89MS0016
Ямало-Ненецкий АО,Ноябрьск,,Судебный участок № 4 судебного района Ноябрьского городского суда,MS,Мировой суд,"629803, ЯНАО, г. Ноябрьск, пр. Мира, д. 49 (рассмотрение дел мировыми судьями). 629803, ЯНАО, г. Ноябрьск, ул. Ленина, д. 20",https://mirsud.yanao.ru/,mirsud.yanao.ru,нет,89MS0017
Ямало-Ненецкий АО,Ноябрьск,,Судебный участок № 5 судебного района Ноябрьского городского суда,MS,Мировой суд,"629803, ЯНАО, г. Ноябрьск, пр. Мира, д. 49 (рассмотрение дел мировыми судьями), 629803, ЯНАО, г. Ноябрьск, ул. Ленина, д. 20",https://mirsud.yanao.ru/,mirsud.yanao.ru,нет,89MS0018
Ямало-Ненецкий АО,Салехард,,Судебный участок № 1 судебного района Салехардского городского суда,MS,Мировой суд,"629007, г Салехард, ул Совхозная, влд 13",https://mirsud.yanao.ru/,mirsud.yanao.ru,нет,89MS0019
Ямало-Ненецкий АО,Салехард,,Судебный участок № 2 судебного района Салехардского городского суда,MS,Мировой суд,"629007, г Салехард, ул Совхозная, влд 13",https://mirsud.yanao.ru/,mirsud.yanao.ru,нет,89MS0020
Ямало-Ненецкий АО,Салехард,,Судебный участок № 3 судебного района Салехардского городского суда,MS,Мировой суд,"629007, г Салехард, ул Совхозная, влд 13",https://mirsud.yanao.ru/,mirsud.yanao.ru,нет,89MS0021
Ямало-Ненецкий АО,Тазовский,,Судебный участок судебного района Тазовского районного суда,MS,Мировой суд,"629350, Ямало-Ненецкий АО, п Тазовский, мкр Маргулова, зд 8",https://mirsud.yanao.ru/,mirsud.yanao.ru,нет,89MS0028
Ямало-Ненецкий АО,Тарко-Сале,,Судебный участок № 2 судебного района Пуровского районного суда,MS,Мировой суд,"629850, Ямало-Ненецкий АО, г Тарко-Сале, ул Осенняя, д 1",https://mirsud.yanao.ru/,mirsud.yanao.ru,нет,89MS0026
Ямало-Ненецкий АО,Тарко-Сале,,Судебный участок № 3 судебного района Пуровского районного суда,MS,Мировой суд,"629850, Ямало-Ненецкий АО, г Тарко-Сале, ул Осенняя, д 1",https://mirsud.yanao.ru/,mirsud.yanao.ru,нет,89MS0027
Ямало-Ненецкий АО,Уренгой,,Судебный участок № 1 судебного района Пуровского районного суда,MS,Мировой суд,"629860, Ямало-Ненецкий АО, Пуровский р-н, пгт Уренгой, мкр 3-й, д 21А",https://mirsud.yanao.ru/,mirsud.yanao.ru,нет,89MS0025
Ямало-Ненецкий АО,Яр-Сале,,Судебный участок судебного района Ямальского районного суда,MS,Мировой суд,"629700, Ямало-Ненецкий АО, с Яр-Сале, ул Советская, д 31А",https://mirsud.yanao.ru/,mirsud.yanao.ru,нет,89MS0030
Республика Тыва,Ак-Довурак,,Судебный участок г. Ак-Довурака Республики Тыва,MS,Мировой суд,"668051, Респ Тыва, г Ак-Довурак, ул Юбилейная, д 3",https://a-g.tuva.msudrf.ru/,a-g.tuva.msudrf.ru,нет,17MS0026
Республика Тыва,Бай-Хаак,,Судебный участок Тандинского кожууна Республики Тыва,MS,Мировой суд,"668311, Республика Тыва, Тандинский район, с. Бай-Хаак, ул. Оюн Данчая, д. 45, 1 этаж, каб. 2",https://tandinsky.tuva.msudrf.ru/,tandinsky.tuva.msudrf.ru,нет,17MS0015
Республика Тыва,Каа-Хем,,Судебный участок № 1 Кызылского кожууна Республики Тыва,MS,Мировой суд,"667901, Респ Тыва, пгт Каа-Хем, ул Таежная, д 20",https://kizilsky.tuva.msudrf.ru/,kizilsky.tuva.msudrf.ru,нет,17MS0013
Республика Тыва,Каа-Хем,,Судебный участок № 2 Кызылского кожууна Республики Тыва,MS,Мировой суд,"667901, Респ Тыва, пгт Каа-Хем, ул Таежная, д 20",https://kizilsky2.tuva.msudrf.ru/,kizilsky2.tuva.msudrf.ru,нет,17MS0025
Республика Тыва,Кызыл,,Судебный участок мирового судьи № 1 г. Кызыла Республики Тыва,MS,Мировой суд,"667011, г Кызыл, ул Калинина, д 1Б",https://kizil1.tuva.msudrf.ru/,kizil1.tuva.msudrf.ru,нет,17MS0001
Республика Тыва,Кызыл,,Судебный участок мирового судьи № 2 г. Кызыла Республики Тыва,MS,Мировой суд,"667011, г Кызыл, ул Калинина, д 1Б",https://kizil2.tuva.msudrf.ru/,kizil2.tuva.msudrf.ru,нет,17MS0002
Республика Тыва,Кызыл,,Судебный участок мирового судьи № 3 г. Кызыла Республики Тыва,MS,Мировой суд,"667011, г Кызыл, ул Калинина, д 1Б",https://kizil3.tuva.msudrf.ru/,kizil3.tuva.msudrf.ru,нет,17MS0003
Республика Тыва,Кызыл,,Судебный участок мирового судьи № 4 г. Кызыла Республики Тыва,MS,Мировой суд,"667011, г Кызыл, ул Калинина, д 1Б",https://kizil4.tuva.msudrf.ru/,kizil4.tuva.msudrf.ru,нет,17MS0004
Республика Тыва,Кызыл,,Судебный участок мирового судьи № 5 г. Кызыла Республики Тыва,MS,Мировой суд,"667011, г Кызыл, ул Калинина, д 1Б",https://kizil5.tuva.msudrf.ru/,kizil5.tuva.msudrf.ru,нет,17MS0005
Республика Тыва,Кызыл,,Судебный участок мирового судьи № 6 г. Кызыла Республики Тыва,MS,Мировой суд,"667011, г Кызыл, ул Калинина, д 1Б",https://kizil6.tuva.msudrf.ru/,kizil6.tuva.msudrf.ru,нет,17MS0006
Республика Тыва,Кызыл,,Судебный участок мирового судьи № 7 г. Кызыла Республики Тыва,MS,Мировой суд,"667011, г Кызыл, ул Калинина, д 1Б",https://kizil7.tuva.msudrf.ru/,kizil7.tuva.msudrf.ru,нет,17MS0007
Республика Тыва,Кызыл,,Судебный участок мирового судьи № 8 г. Кызыла Республики Тыва,MS,Мировой суд,"667011, г Кызыл, ул Калинина, д 1Б",https://kizil8.tuva.msudrf.ru/,kizil8.tuva.msudrf.ru,нет,17MS0008
Республика Тыва,Кызыл-Мажалык,,Судебный участок Барун-Хемчикского кожууна Республики Тыва,MS,Мировой суд,"668040, Респ Тыва, с Кызыл-Мажалык, ул Чадамба, д 20",https://b-h.tuva.msudrf.ru/,b-h.tuva.msudrf.ru,нет,17MS0010
Республика Тыва,Самагалтай,,Судебный участок Тес-Хемского кожууна Республики Тыва,MS,Мировой суд,"668360, Респ Тыва, с Самагалтай, ул А.Ч.Кунаа, д 58",https://t-h.tuva.msudrf.ru/,t-h.tuva.msudrf.ru,нет,17MS0019
Республика Тыва,Сарыг-Сеп,,Судебный участок Каа-Хемского кожууна Республики Тыва,MS,Мировой суд,"668400, Респ Тыва, с Сарыг-Сеп, ул Енисейская, д 198",https://k-h.tuva.msudrf.ru/,k-h.tuva.msudrf.ru,нет,17MS0012
Республика Тыва,Суг-Аксы,,Судебный участок Сут-Хольского кожууна Республики Тыва,MS,Мировой суд,"668150, Респ Тыва, с Суг-Аксы, ул Бурбу, д 18",https://s-h.tuva.msudrf.ru/,s-h.tuva.msudrf.ru,нет,17MS0018
Республика Тыва,Тоора-Хем,,Судебный участок Тоджинского кожууна Республики Тыва,MS,Мировой суд,"668530, Респ Тыва, с Тоора-Хем, ул Октябрьская, д 18",https://todzhinskiy.tuva.msudrf.ru/,todzhinskiy.tuva.msudrf.ru,нет,17MS0020
Республика Тыва,Туран,,Судебный участок Пии-Хемского кожууна Республики Тыва,MS,Мировой суд,"668510, Респ Тыва, г Туран, ул Щетинкина, д 12А",https://p-h.tuva.msudrf.ru/,p-h.tuva.msudrf.ru,нет,17MS0014
Республика Тыва,Тээли,,Судебный участок Бай-Тайгинского кожууна Республики Тыва,MS,Мировой суд,"668010, Респ Тыва, с Тээли, ул Комсомольская, д 19",https://b-t.tuva.msudrf.ru/,b-t.tuva.msudrf.ru,нет,17MS0009
Республика Тыва,Хандагайты,,Судебный участок Овюрского кожууна Республики Тыва,MS,Мировой суд,"668130, Респ Тыва, с Хандагайты, ул Ленина, зд 2",https://ovjurskiy.tuva.msudrf.ru/,ovjurskiy.tuva.msudrf.ru,нет,17MS0017
Республика Тыва,Хову-Аксы,,Судебный участок Чеди-Хольского кожууна Республики Тыва,MS,Мировой суд,"668330, Респ Тыва, с Хову-Аксы, ул Мира, д 4А",https://ch-h.tuva.msudrf.ru/,ch-h.tuva.msudrf.ru,нет,17MS0022
Республика Тыва,Чаа-Холь,,Судебный участок Чаа-Хольского кожууна Республики Тыва,MS,Мировой суд,"668221, Респ Тыва, с Чаа-Холь, ул Ленина, д 8",https://c-h.tuva.msudrf.ru/,c-h.tuva.msudrf.ru,нет,17MS0021
Республика Тыва,Чадан,,Судебный участок Дзун-Хемчикского кожууна Республики Тыва,MS,Мировой суд,"668111, Респ Тыва, г Чадан, ул Ленина, д 42",https://d-h.tuva.msudrf.ru/,d-h.tuva.msudrf.ru,нет,17MS0011
Республика Тыва,Шагонар,,Судебный участок № 1 Улуг-Хемского кожууна Республики Тыва,MS,Мировой суд,"668210, Респ Тыва, г Шагонар, ул Дружбы, д 55А",https://u-g.tuva.msudrf.ru/,u-g.tuva.msudrf.ru,нет,17MS0016
Республика Тыва,Шагонар,,Судебный участок № 2 Улуг-Хемского кожууна Республики Тыва,MS,Мировой суд,"668210, Респ Тыва, г Шагонар, ул Дружбы, д 55А",https://u-g2.tuva.msudrf.ru/,u-g2.tuva.msudrf.ru,нет,17MS0024
Республика Тыва,Эрзин,,Судебный участок Эрзинского кожууна Республики Тыва,MS,Мировой суд,"668380, Респ Тыва, с Эрзин, ул Комсомольская, д 29, офис 109",https://jerzinskiy.tuva.msudrf.ru/,jerzinskiy.tuva.msudrf.ru,нет,17MS0023
