РЕГИОН,ГОРОД,РАЙОН,НАЗВАНИЕ,ТИП,ТИП_НАЗВАНИЕ,АДРЕС,САЙТ,ДОМЕН_SUDRF,ПАРСЕР,КОД
Краснодарский край,Абинск,,Судебный участок № 113 Абинского района,MS,Мировой суд,"353320, Краснодарский край, г Абинск, пр-кт Комсомольский, д 83",https://msud113.krd.msudrf.ru/,msud113.krd.msudrf.ru,нет,23MS0113
Краснодарский край,Абинск,,Судебный участок № 114 Абинского района,MS,Мировой суд,"353320, Краснодарский край, г Абинск, пр-кт Комсомольский, д 83",https://msud114.krd.msudrf.ru/,msud114.krd.msudrf.ru,нет,23MS0114
Краснодарский край,Абинск,,Судебный участок № 115 Абинского района,MS,Мировой суд,"353320, Краснодарский край, г Абинск, пр-кт Комсомольский, д 83",https://msud115.krd.msudrf.ru/,msud115.krd.msudrf.ru,нет,23MS0115
Краснодарский край,Абинск,,Судебный участок № 116 Абинского района,MS,Мировой суд,"353320, Краснодарский край, г Абинск, ул Пролетарская, д 65А",https://msud116.krd.msudrf.ru/,msud116.krd.msudrf.ru,нет,23MS0116
Краснодарский край,Анапа,,Судебный участок № 1 г. Анапы,MS,Мировой суд,"353440, Краснодарский край, г Анапа, ул Парковая, д 82",https://msud1.krd.msudrf.ru/,msud1.krd.msudrf.ru,нет,23MS0001
Краснодарский край,Анапа,,Судебный участок № 117 Анапского района,MS,Мировой суд,"353440, Краснодарский край, г Анапа, ул Шевченко, д 241",https://msud117.krd.msudrf.ru/,msud117.krd.msudrf.ru,нет,23MS0117
Краснодарский край,Анапа,,Судебный участок № 118 Анапского района,MS,Мировой суд,"353451, Краснодарский край, г Анапа, ул Чехова, д 44",https://msud118.krd.msudrf.ru/,msud118.krd.msudrf.ru,нет,23MS0118
Краснодарский край,Анапа,,Судебный участок № 119 Анапского района,MS,Мировой суд,"353440, Краснодарский край, г Анапа, ул Шевченко, д 241",https://msud119.krd.msudrf.ru/,msud119.krd.msudrf.ru,нет,23MS0119
Краснодарский край,Анапа,,Судебный участок № 179 г. Анапы,MS,Мировой суд,"353440, Краснодарский край, г Анапа, ул Парковая, д 82",https://msud273.krd.msudrf.ru/,msud273.krd.msudrf.ru,нет,23MS0273
Краснодарский край,Анапа,,Судебный участок № 2 г. Анапы,MS,Мировой суд,"353440, Краснодарский край, г Анапа, ул Парковая, д 82",https://msud2.krd.msudrf.ru/,msud2.krd.msudrf.ru,нет,23MS0002
Краснодарский край,Анапа,,Судебный участок № 251 Анапского района,MS,Мировой суд,"353451, Краснодарский край, г Анапа, ул Чехова, д 44",https://msud251.krd.msudrf.ru/,msud251.krd.msudrf.ru,нет,23MS0251
Краснодарский край,Анапа,,Судебный участок № 3 г. Анапы,MS,Мировой суд,"353440, Краснодарский край, г Анапа, ул Парковая, д 82",https://msud3.krd.msudrf.ru/,msud3.krd.msudrf.ru,нет,23MS0003
Краснодарский край,Апшеронск,,Судебный участок № 120 Апшеронского района,MS,Мировой суд,"352690, Краснодарский край, г Апшеронск, ул Ленина, д 112",https://msud120.krd.msudrf.ru/,msud120.krd.msudrf.ru,нет,23MS0120
Краснодарский край,Апшеронск,,Судебный участок № 122 Апшеронского района,MS,Мировой суд,"352690, Краснодарский край, г Апшеронск, ул Ленина, д 112",https://msud122.krd.msudrf.ru/,msud122.krd.msudrf.ru,нет,23MS0122
Краснодарский край,Апшеронск,,Судебный участок № 123 Апшеронского района,MS,Мировой суд,"352690, Краснодарский край, г Апшеронск, ул Ленина, д 121",https://msud123.krd.msudrf.ru/,msud123.krd.msudrf.ru,нет,23MS0123
Краснодарский край,Апшеронск,,Судебный участок № 252 Апшеронского района,MS,Мировой суд,"352690, Краснодарский край, г Апшеронск, ул Ленина, д 112",https://msud252.krd.msudrf.ru/,msud252.krd.msudrf.ru,нет,23MS0252
Краснодарский край,Армавир,,Судебный участок № 10 г. Армавира,MS,Мировой суд,"352900, Краснодарский край, г Армавир, ул Розы Люксембург, д 146",https://msud10.krd.msudrf.ru/,msud10.krd.msudrf.ru,нет,23MS0010
Краснодарский край,Армавир,,Судебный участок № 227 г. Армавира,MS,Мировой суд,"352900, Краснодарский край, г Армавир, ул Розы Люксембург, д 146",https://msud227.krd.msudrf.ru/,msud227.krd.msudrf.ru,нет,23MS0227
Краснодарский край,Армавир,,Судебный участок № 4 г. Армавира,MS,Мировой суд,"352900, Краснодарский край, г Армавир, ул Розы Люксембург, д 146",https://msud4.krd.msudrf.ru/,msud4.krd.msudrf.ru,нет,23MS0004
Краснодарский край,Армавир,,Судебный участок № 5 г. Армавира,MS,Мировой суд,"352900, Краснодарский край, г Армавир, ул Розы Люксембург, д 146",https://msud5.krd.msudrf.ru/,msud5.krd.msudrf.ru,нет,23MS0005
Краснодарский край,Армавир,,Судебный участок № 6 г. Армавира,MS,Мировой суд,"352900, Краснодарский край, г Армавир, ул Розы Люксембург, д 146",https://msud6.krd.msudrf.ru/,msud6.krd.msudrf.ru,нет,23MS0006
Краснодарский край,Армавир,,Судебный участок № 7 г. Армавира,MS,Мировой суд,"352900, Краснодарский край, г Армавир, ул Розы Люксембург, д 146",https://msud7.krd.msudrf.ru/,msud7.krd.msudrf.ru,нет,23MS0007
Краснодарский край,Армавир,,Судебный участок № 8 г. Армавира,MS,Мировой суд,"352900, Краснодарский край, г Армавир, ул Розы Люксембург, д 146",https://msud8.krd.msudrf.ru/,msud8.krd.msudrf.ru,нет,23MS0008
Краснодарский край,Армавир,,Судебный участок № 9 г. Армавира,MS,Мировой суд,"352900, Краснодарский край, г Армавир, ул Розы Люксембург, д 146",https://msud9.krd.msudrf.ru/,msud9.krd.msudrf.ru,нет,23MS0009
Краснодарский край,Белая Глина,,Судебный участок № 124 Белоглинского района,MS,Мировой суд,"353040, Краснодарский край, с Белая Глина, ул Красная, д 109",https://msud124.krd.msudrf.ru/,msud124.krd.msudrf.ru,нет,23MS0124
Краснодарский край,Белая Глина,,Судебный участок № 125 Белоглинского района,MS,Мировой суд,"353040, Краснодарский край, с Белая Глина, ул Красная, д 109",https://msud125.krd.msudrf.ru/,msud125.krd.msudrf.ru,нет,23MS0125
Краснодарский край,Белореченск,,Судебный участок № 11 г. Белореченска,MS,Мировой суд,"352630, Краснодарский край, г Белореченск, ул Ленина, д 52",https://msud11.krd.msudrf.ru/,msud11.krd.msudrf.ru,нет,23MS0011
Краснодарский край,Белореченск,,Судебный участок № 12 г. Белореченска,MS,Мировой суд,"352630, Краснодарский край, г Белореченск, ул Ленина, д 52",https://msud12.krd.msudrf.ru/,msud12.krd.msudrf.ru,нет,23MS0012
Краснодарский край,Белореченск,,Судебный участок № 126 Белореченского района,MS,Мировой суд,"352630, Краснодарский край, г Белореченск, ул Ленина, д 52",https://msud126.krd.msudrf.ru/,msud126.krd.msudrf.ru,нет,23MS0126
Краснодарский край,Белореченск,,Судебный участок № 127 Белореченского района,MS,Мировой суд,"352630, Краснодарский край, г Белореченск, ул Ленина, д 52",https://msud127.krd.msudrf.ru/,msud127.krd.msudrf.ru,нет,23MS0127
Краснодарский край,Белореченск,,Судебный участок № 228 г. Белореченска,MS,Мировой суд,"352630, Краснодарский край, г Белореченск, ул Ленина, д 52",https://msud228.krd.msudrf.ru/,msud228.krd.msudrf.ru,нет,23MS0228
Краснодарский край,Брюховецкая,,Судебный участок № 128 Брюховецкого района,MS,Мировой суд,"352750, Краснодарский край, ст-ца Брюховецкая, ул Ленина, д 20",https://msud128.krd.msudrf.ru/,msud128.krd.msudrf.ru,нет,23MS0128
Краснодарский край,Брюховецкая,,Судебный участок № 129 Брюховецкого района,MS,Мировой суд,"352750, Краснодарский край, ст-ца Брюховецкая, ул Ленина, д 20",https://msud129.krd.msudrf.ru/,msud129.krd.msudrf.ru,нет,23MS0129
Краснодарский край,Брюховецкая,,Судебный участок № 253 Брюховецкого района,MS,Мировой суд,"352750, Краснодарский край, ст-ца Брюховецкая, ул Ленина, д 20",https://msud253.krd.msudrf.ru/,msud253.krd.msudrf.ru,нет,23MS0253
Краснодарский край,Выселки,,Судебный участок № 130 Выселковского района,MS,Мировой суд,"353100, Краснодарский край, ст-ца Выселки, ул Ленина, д 63",https://msud130.krd.msudrf.ru/,msud130.krd.msudrf.ru,нет,23MS0130
Краснодарский край,Выселки,,Судебный участок № 131 Выселковского района,MS,Мировой суд,"353100, Краснодарский край, ст-ца Выселки, ул Широкая, д 265",https://msud131.krd.msudrf.ru/,msud131.krd.msudrf.ru,нет,23MS0131
Краснодарский край,Выселки,,Судебный участок № 132 Выселковского района,MS,Мировой суд,"353100, Краснодарский край, ст-ца Выселки, ул Широкая, д 265",https://msud132.krd.msudrf.ru/,msud132.krd.msudrf.ru,нет,23MS0132
Краснодарский край,Геленджик,,Судебный участок № 13 г. Геленджика,MS,Мировой суд,"353460, Краснодарский край, г Геленджик, ул Херсонская, д 65А",https://msud13.krd.msudrf.ru/,msud13.krd.msudrf.ru,нет,23MS0013
Краснодарский край,Геленджик,,Судебный участок № 14 г. Геленджика,MS,Мировой суд,"353460, Краснодарский край, г Геленджик, ул Херсонская, д 65А",https://msud14.krd.msudrf.ru/,msud14.krd.msudrf.ru,нет,23MS0014
Краснодарский край,Геленджик,,Судебный участок № 15 г. Геленджика,MS,Мировой суд,"353460, Краснодарский край, г Геленджик, ул Тельмана, д 104А",https://msud15.krd.msudrf.ru/,msud15.krd.msudrf.ru,нет,23MS0015
Краснодарский край,Геленджик,,Судебный участок № 16 г. Геленджика,MS,Мировой суд,"353460, Краснодарский край, г Геленджик, ул Тельмана, д 104А",https://msud16.krd.msudrf.ru/,msud16.krd.msudrf.ru,нет,23MS0016
Краснодарский край,Горячий Ключ,,Судебный участок № 17 г. Горячего Ключа,MS,Мировой суд,"353292, Краснодарский край, г Горячий Ключ, ул Кучерявого, д 52Б",https://msud17.krd.msudrf.ru/,msud17.krd.msudrf.ru,нет,23MS0017
Краснодарский край,Горячий Ключ,,Судебный участок № 18 г. Горячего Ключа,MS,Мировой суд,"353292, Краснодарский край, г Горячий Ключ, ул Кучерявого, д 52Б",https://msud18.krd.msudrf.ru/,msud18.krd.msudrf.ru,нет,23MS0018
Краснодарский край,Горячий Ключ,,Судебный участок № 229 г. Горячего Ключа,MS,Мировой суд,"353292, Краснодарский край, г Горячий Ключ, ул Кучерявого, д 52Б",https://msud229.krd.msudrf.ru/,msud229.krd.msudrf.ru,нет,23MS0229
Краснодарский край,Гулькевичи,,Судебный участок № 133 Гулькевичского района,MS,Мировой суд,"352190, Краснодарский край, г Гулькевичи, ул Советская, д 11",https://msud133.krd.msudrf.ru/,msud133.krd.msudrf.ru,нет,23MS0133
Краснодарский край,Гулькевичи,,Судебный участок № 134 Гулькевичского района,MS,Мировой суд,"352192, Краснодарский край, г Гулькевичи, ул Энергетиков, д 16",https://msud134.krd.msudrf.ru/,msud134.krd.msudrf.ru,нет,23MS0134
Краснодарский край,Динская,,Судебный участок № 137 Динского района,MS,Мировой суд,"353204, Краснодарский край, ст-ца Динская, ул Красная, д 21/2",https://msud137.krd.msudrf.ru/,msud137.krd.msudrf.ru,нет,23MS0137
Краснодарский край,Динская,,Судебный участок № 138 Динского района,MS,Мировой суд,"353204, Краснодарский край, ст-ца Динская, ул Красная, д 21/2",https://msud138.krd.msudrf.ru/,msud138.krd.msudrf.ru,нет,23MS0138
Краснодарский край,Динская,,Судебный участок № 139 Динского района,MS,Мировой суд,"353204, Краснодарский край, ст-ца Динская, ул Красная, д 21/2",https://msud139.krd.msudrf.ru/,msud139.krd.msudrf.ru,нет,23MS0139
Краснодарский край,Динская,,Судебный участок № 140 Динского района,MS,Мировой суд,"353204, Краснодарский край, ст-ца Динская, ул Красная, д 21/2",https://msud140.krd.msudrf.ru/,msud140.krd.msudrf.ru,нет,23MS0140
Краснодарский край,Динская,,Судебный участок № 141 Динского района,MS,Мировой суд,"353204, Краснодарский край, ст-ца Динская, ул Красная, д 21/2",https://msud141.krd.msudrf.ru/,msud141.krd.msudrf.ru,нет,23MS0141
Краснодарский край,Динская,,Судебный участок № 255 Динского района,MS,Мировой суд,"353204, Краснодарский край, ст-ца Динская, ул Красная, д 21/1",https://msud255.krd.msudrf.ru/,msud255.krd.msudrf.ru,нет,23MS0255
Краснодарский край,Ейск,,Судебный участок № 142 Ейского района,MS,Мировой суд,"353680, Краснодарский край, г Ейск, ул Свердлова, д 150",https://msud142.krd.msudrf.ru/,msud142.krd.msudrf.ru,нет,23MS0142
Краснодарский край,Ейск,,Судебный участок № 143 Ейского района,MS,Мировой суд,"353680, Краснодарский край, г Ейск, ул Свердлова, д 150",https://msud143.krd.msudrf.ru/,msud143.krd.msudrf.ru,нет,23MS0143
Краснодарский край,Ейск,,Судебный участок № 19 г. Ейска,MS,Мировой суд,"353680, Краснодарский край, г Ейск, ул Свердлова, д 150",https://msud19.krd.msudrf.ru/,msud19.krd.msudrf.ru,нет,23MS0019
Краснодарский край,Ейск,,Судебный участок № 20 г. Ейска,MS,Мировой суд,"353680, Краснодарский край, г Ейск, ул Свердлова, д 150",https://msud20.krd.msudrf.ru/,msud20.krd.msudrf.ru,нет,23MS0020
Краснодарский край,Ейск,,Судебный участок № 21 г. Ейска,MS,Мировой суд,"353680, Краснодарский край, г Ейск, ул Свердлова, д 150",https://msud21.krd.msudrf.ru/,msud21.krd.msudrf.ru,нет,23MS0021
Краснодарский край,Ейск,,Судебный участок № 22 г. Ейска,MS,Мировой суд,"353680, Краснодарский край, г Ейск, ул Свердлова, д 150",https://msud22.krd.msudrf.ru/,msud22.krd.msudrf.ru,нет,23MS0022
Краснодарский край,Ейск,,Судебный участок № 230 г. Ейска,MS,Мировой суд,"353680, Краснодарский край, г Ейск, ул Свердлова, д 150",https://msud230.krd.msudrf.ru/,msud230.krd.msudrf.ru,нет,23MS0230
Краснодарский край,Кавказская,,Судебный участок № 144 Кавказского района,MS,Мировой суд,"352140, Краснодарский край, ст-ца Кавказская, ул Ленина, д 164",https://msud144.krd.msudrf.ru/,msud144.krd.msudrf.ru,нет,23MS0144
Краснодарский край,Кавказская,,Судебный участок № 145 Кавказского района,MS,Мировой суд,"352140, Краснодарский край, ст-ца Кавказская, ул Ленина, д 164",https://msud145.krd.msudrf.ru/,msud145.krd.msudrf.ru,нет,23MS0145
Краснодарский край,Калининская,,Судебный участок № 146 Калининского района,MS,Мировой суд,"353780, Краснодарский край, ст-ца Калининская, ул Ленина, д 142",https://msud146.krd.msudrf.ru/,msud146.krd.msudrf.ru,нет,23MS0146
Краснодарский край,Калининская,,Судебный участок № 147 Калининского района,MS,Мировой суд,"353780, Краснодарский край, ст-ца Калининская, ул Ленина, д 142",https://msud147.krd.msudrf.ru/,msud147.krd.msudrf.ru,нет,23MS0147
Краснодарский край,Калининская,,Судебный участок № 148 Калининского района,MS,Мировой суд,"353780, Краснодарский край, ст-ца Калининская, ул Ленина, д 142",https://msud148.krd.msudrf.ru/,msud148.krd.msudrf.ru,нет,23MS0148
Краснодарский край,Каневская,,Судебный участок № 149 Каневского района,MS,Мировой суд,"353730, Краснодарский край, ст-ца Каневская, ул Горького, д 49",https://msud149.krd.msudrf.ru/,msud149.krd.msudrf.ru,нет,23MS0149
Краснодарский край,Каневская,,Судебный участок № 150 Каневского района,MS,Мировой суд,"353730, Краснодарский край, ст-ца Каневская, ул Горького, д 49",https://msud150.krd.msudrf.ru/,msud150.krd.msudrf.ru,нет,23MS0150
Краснодарский край,Каневская,,Судебный участок № 151 Каневского района,MS,Мировой суд,"353730, Краснодарский край, ст-ца Каневская, ул Горького, д 49",https://msud151.krd.msudrf.ru/,msud151.krd.msudrf.ru,нет,23MS0151
Краснодарский край,Каневская,,Судебный участок № 152 Каневского района,MS,Мировой суд,"353730, Краснодарский край, ст-ца Каневская, ул Горького, д 49",https://msud152.krd.msudrf.ru/,msud152.krd.msudrf.ru,нет,23MS0152
Краснодарский край,Каневская,,Судебный участок № 256 Каневского района,MS,Мировой суд,"353730, Краснодарский край, ст-ца Каневская, ул Горького, д 49",https://msud256.krd.msudrf.ru/,msud256.krd.msudrf.ru,нет,23MS0256
Краснодарский край,Кореновск,,Судебный участок № 153 Кореновского района,MS,Мировой суд,"353182, Краснодарский край, г Кореновск, пер Линейный, д 1",https://msud153.krd.msudrf.ru/,msud153.krd.msudrf.ru,нет,23MS0153
Краснодарский край,Кореновск,,Судебный участок № 154 Кореновского района,MS,Мировой суд,"353182, Краснодарский край, г Кореновск, пер Линейный, д 1",https://msud154.krd.msudrf.ru/,msud154.krd.msudrf.ru,нет,23MS0154
Краснодарский край,Кореновск,,Судебный участок № 155 Кореновского района,MS,Мировой суд,"353182, Краснодарский край, г Кореновск, пер Линейный, д 1",https://msud155.krd.msudrf.ru/,msud155.krd.msudrf.ru,нет,23MS0155
Краснодарский край,Кореновск,,Судебный участок № 257 Кореновского района,MS,Мировой суд,"353182, Краснодарский край, г Кореновск, пер Линейный, д 1",https://msud257.krd.msudrf.ru/,msud257.krd.msudrf.ru,нет,23MS0257
Краснодарский край,Краснодар,,Судебный участок № 162 Прикубанского внутригородского округа г. Краснодара,MS,Мировой суд,"350010, г Краснодар, ул Зиповская, д 5/7",https://msud271.krd.msudrf.ru/,msud271.krd.msudrf.ru,нет,23MS0271
Краснодарский край,Краснодар,,Судебный участок № 185 Прикубанского внутригородского округа г. Краснодара,MS,Мировой суд,"350010, г Краснодар, ул Зиповская, д 5/7",https://msud274.krd.msudrf.ru/,msud274.krd.msudrf.ru,нет,23MS0274
Краснодарский край,Краснодар,,Судебный участок № 23 Западного внутригородского округа г. Краснодара,MS,Мировой суд,"350007, г Краснодар, ул им. Захарова, д 11",https://msud23.krd.msudrf.ru/,msud23.krd.msudrf.ru,нет,23MS0023
Краснодарский край,Краснодар,,Судебный участок № 231 Западного внутригородского округа г. Краснодара,MS,Мировой суд,"350051, г Краснодар, ул им. Федора Лузана, д 8",https://msud231.krd.msudrf.ru/,msud231.krd.msudrf.ru,нет,23MS0231
Краснодарский край,Краснодар,,Судебный участок № 232 Западного внутригородского округа г. Краснодара,MS,Мировой суд,"350051, г Краснодар, ул им. Федора Лузана, д 8",https://msud232.krd.msudrf.ru/,msud232.krd.msudrf.ru,нет,23MS0232
Краснодарский край,Краснодар,,Судебный участок № 233 Западного внутригородского округа г. Краснодара,MS,Мировой суд,"350051, г Краснодар, ул им. Федора Лузана, д 8",https://msud233.krd.msudrf.ru/,msud233.krd.msudrf.ru,нет,23MS0233
Краснодарский край,Краснодар,,Судебный участок № 234 Карасунского внутригородского округа г. Краснодара,MS,Мировой суд,"350088, г Краснодар, ул Уральская, д 186",https://msud234.krd.msudrf.ru/,msud234.krd.msudrf.ru,нет,23MS0234
Краснодарский край,Краснодар,,Судебный участок № 235 Карасунского внутригородского округа г. Краснодара,MS,Мировой суд,"350075, г Краснодар, ул Старокубанская, д 125",https://msud235.krd.msudrf.ru/,msud235.krd.msudrf.ru,нет,23MS0235
Краснодарский край,Краснодар,,Судебный участок № 236 Карасунского внутригородского округа г. Краснодара,MS,Мировой суд,"350088, г Краснодар, ул Уральская, д 186",https://msud236.krd.msudrf.ru/,msud236.krd.msudrf.ru,нет,23MS0236
Краснодарский край,Краснодар,,Судебный участок № 237 Карасунского внутригородского округа г. Краснодара,MS,Мировой суд,"350088, г Краснодар, ул Уральская, д 186",https://msud237.krd.msudrf.ru/,msud237.krd.msudrf.ru,нет,23MS0237
Краснодарский край,Краснодар,,Судебный участок № 238 Карасунского внутригородского округа г. Краснодара,MS,Мировой суд,"350088, г Краснодар, ул Уральская, д 186",https://msud238.krd.msudrf.ru/,msud238.krd.msudrf.ru,нет,23MS0238
Краснодарский край,Краснодар,,Судебный участок № 239 Прикубанского внутригородского округа г. Краснодара,MS,Мировой суд,"350010, г Краснодар, ул Зиповская, д 5/7",https://msud239.krd.msudrf.ru/,msud239.krd.msudrf.ru,нет,23MS0239
Краснодарский край,Краснодар,,Судебный участок № 24 Западного внутригородского округа г. Краснодара,MS,Мировой суд,"350007, г Краснодар, ул им. Захарова, д 11",https://msud24.krd.msudrf.ru/,msud24.krd.msudrf.ru,нет,23MS0024
Краснодарский край,Краснодар,,Судебный участок № 240 Прикубанского внутригородского округа г. Краснодара,MS,Мировой суд,"350010, г Краснодар, ул Зиповская, д 5/7",https://msud240.krd.msudrf.ru/,msud240.krd.msudrf.ru,нет,23MS0240
Краснодарский край,Краснодар,,Судебный участок № 241 Прикубанского внутригородского округа г. Краснодара,MS,Мировой суд,"350010, г Краснодар, ул Зиповская, д 5/7",https://msud241.krd.msudrf.ru/,msud241.krd.msudrf.ru,нет,23MS0241
Краснодарский край,Краснодар,,Судебный участок № 242 Прикубанского внутригородского округа г. Краснодара,MS,Мировой суд,"350010, г Краснодар, ул Зиповская, д 5/7",https://msud242.krd.msudrf.ru/,msud242.krd.msudrf.ru,нет,23MS0242
Краснодарский край,Краснодар,,Судебный участок № 243 Прикубанского внутригородского округа г. Краснодара,MS,Мировой суд,"350010, г Краснодар, ул Зиповская, д 5/7",https://msud243.krd.msudrf.ru/,msud243.krd.msudrf.ru,нет,23MS0243
Краснодарский край,Краснодар,,Судебный участок № 244 Прикубанского внутригородского округа г. Краснодара,MS,Мировой суд,"350010, г Краснодар, ул Зиповская, д 5/7",https://msud244.krd.msudrf.ru/,msud244.krd.msudrf.ru,нет,23MS0244
Краснодарский край,Краснодар,,Судебный участок № 245 Центрального внутригородского округа г. Краснодара,MS,Мировой суд,"350000, г Краснодар, ул Красная, д 89/3",https://msud245.krd.msudrf.ru/,msud245.krd.msudrf.ru,нет,23MS0245
Краснодарский край,Краснодар,,Судебный участок № 25 Западного внутригородского округа г. Краснодара,MS,Мировой суд,"350020, г Краснодар, ул Красных Партизан, д 567Б",https://msud25.krd.msudrf.ru/,msud25.krd.msudrf.ru,нет,23MS0025
Краснодарский край,Краснодар,,Судебный участок № 26 Западного внутригородского округа г. Краснодара,MS,Мировой суд,"350007, г Краснодар, ул им. Захарова, д 11",https://msud26.krd.msudrf.ru/,msud26.krd.msudrf.ru,нет,23MS0026
Краснодарский край,Краснодар,,Судебный участок № 27 Западного внутригородского округа г. Краснодара,MS,Мировой суд,"350020, г Краснодар, ул Красных Партизан, д 567Б",https://msud27.krd.msudrf.ru/,msud27.krd.msudrf.ru,нет,23MS0027
Краснодарский край,Краснодар,,Судебный участок № 28 Западного внутригородского округа г. Краснодара,MS,Мировой суд,"350007, г Краснодар, ул им. Захарова, д 11",https://msud28.krd.msudrf.ru/,msud28.krd.msudrf.ru,нет,23MS0028
Краснодарский край,Краснодар,,Судебный участок № 29 Западного внутригородского округа г. Краснодара,MS,Мировой суд,"350007, г Краснодар, ул им. Захарова, д 11",https://msud29.krd.msudrf.ru/,msud29.krd.msudrf.ru,нет,23MS0029
Краснодарский край,Краснодар,,Судебный участок № 30 Западного внутригородского округа г. Краснодара,MS,Мировой суд,"350020, г Краснодар, ул Красных Партизан, д 567Б",https://msud30.krd.msudrf.ru/,msud30.krd.msudrf.ru,нет,23MS0030
Краснодарский край,Краснодар,,Судебный участок № 31 Карасунского внутригородского округа г. Краснодара,MS,Мировой суд,"350075, г Краснодар, ул Старокубанская, д 125",https://msud31.krd.msudrf.ru/,msud31.krd.msudrf.ru,нет,23MS0031
Краснодарский край,Краснодар,,Судебный участок № 32 Карасунского внутригородского округа г. Краснодара,MS,Мировой суд,"350088, г Краснодар, ул Уральская, д 186",https://msud32.krd.msudrf.ru/,msud32.krd.msudrf.ru,нет,23MS0032
Краснодарский край,Краснодар,,Судебный участок № 33 Карасунского внутригородского округа г. Краснодара,MS,Мировой суд,"350088, г Краснодар, ул Уральская, д 186",https://msud33.krd.msudrf.ru/,msud33.krd.msudrf.ru,нет,23MS0033
Краснодарский край,Краснодар,,Судебный участок № 34 Карасунского внутригородского округа г. Краснодара,MS,Мировой суд,"350088, г Краснодар, ул Уральская, д 186",https://msud34.krd.msudrf.ru/,msud34.krd.msudrf.ru,нет,23MS0034
Краснодарский край,Краснодар,,Судебный участок № 35 Карасунского внутригородского округа г. Краснодара,MS,Мировой суд,"350088, г Краснодар, ул Уральская, д 186",https://msud35.krd.msudrf.ru/,msud35.krd.msudrf.ru,нет,23MS0035
Краснодарский край,Краснодар,,Судебный участок № 36 Карасунского внутригородского округа г. Краснодара,MS,Мировой суд,"350088, г Краснодар, ул Уральская, д 186",https://msud36.krd.msudrf.ru/,msud36.krd.msudrf.ru,нет,23MS0036
Краснодарский край,Краснодар,,Судебный участок № 37 Карасунского внутригородского округа г. Краснодара,MS,Мировой суд,"350088, г Краснодар, ул Уральская, д 186",https://msud37.krd.msudrf.ru/,msud37.krd.msudrf.ru,нет,23MS0037
Краснодарский край,Краснодар,,Судебный участок № 38 Карасунского внутригородского округа г. Краснодара,MS,Мировой суд,"350075, г Краснодар, ул Старокубанская, д 125",https://msud38.krd.msudrf.ru/,msud38.krd.msudrf.ru,нет,23MS0038
Краснодарский край,Краснодар,,Судебный участок № 39 Карасунского внутригородского округа г. Краснодара,MS,Мировой суд,"350088, г Краснодар, ул Уральская, д 186",https://msud39.krd.msudrf.ru/,msud39.krd.msudrf.ru,нет,23MS0039
Краснодарский край,Краснодар,,Судебный участок № 40 Карасунского внутригородского округа г. Краснодара,MS,Мировой суд,"350088, г Краснодар, ул Уральская, д 186",https://msud40.krd.msudrf.ru/,msud40.krd.msudrf.ru,нет,23MS0040
Краснодарский край,Краснодар,,Судебный участок № 41 Карасунского внутригородского округа г. Краснодара,MS,Мировой суд,"350075, г Краснодар, ул Старокубанская, д 125",https://msud41.krd.msudrf.ru/,msud41.krd.msudrf.ru,нет,23MS0041
Краснодарский край,Краснодар,,Судебный участок № 42 Карасунского внутригородского округа г. Краснодара,MS,Мировой суд,"350088, г Краснодар, ул Уральская, д 186",https://msud42.krd.msudrf.ru/,msud42.krd.msudrf.ru,нет,23MS0042
Краснодарский край,Краснодар,,Судебный участок № 43 Прикубанского внутригородского округа г. Краснодара,MS,Мировой суд,"350010, г Краснодар, ул Зиповская, д 5/7",https://msud43.krd.msudrf.ru/,msud43.krd.msudrf.ru,нет,23MS0043
Краснодарский край,Краснодар,,Судебный участок № 44 Прикубанского внутригородского округа г. Краснодара,MS,Мировой суд,"350010, г Краснодар, ул Зиповская, д 5/7",https://msud44.krd.msudrf.ru/,msud44.krd.msudrf.ru,нет,23MS0044
Краснодарский край,Краснодар,,Судебный участок № 45 Прикубанского внутригородского округа г. Краснодара,MS,Мировой суд,"350010, г Краснодар, ул Зиповская, д 5/7",https://msud45.krd.msudrf.ru/,msud45.krd.msudrf.ru,нет,23MS0045
Краснодарский край,Краснодар,,Судебный участок № 46 Прикубанского внутригородского округа г. Краснодара,MS,Мировой суд,"350010, г Краснодар, ул Зиповская, д 5/7",https://msud46.krd.msudrf.ru/,msud46.krd.msudrf.ru,нет,23MS0046
Краснодарский край,Краснодар,,Судебный участок № 47 Прикубанского внутригородского округа г. Краснодара,MS,Мировой суд,"350010, г Краснодар, ул Зиповская, д 5/7",https://msud47.krd.msudrf.ru/,msud47.krd.msudrf.ru,нет,23MS0047
Краснодарский край,Краснодар,,Судебный участок № 48 Прикубанского внутригородского округа г. Краснодара,MS,Мировой суд,"350010, г Краснодар, ул Зиповская, д 5/7",https://msud48.krd.msudrf.ru/,msud48.krd.msudrf.ru,нет,23MS0048
Краснодарский край,Краснодар,,Судебный участок № 49 Прикубанского внутригородского округа г. Краснодара,MS,Мировой суд,"350010, г Краснодар, ул Зиповская, д 5/7",https://msud49.krd.msudrf.ru/,msud49.krd.msudrf.ru,нет,23MS0049
Краснодарский край,Краснодар,,Судебный участок № 50 Прикубанского внутригородского округа г. Краснодара,MS,Мировой суд,"350010, г Краснодар, ул Зиповская, д 5/7",https://msud50.krd.msudrf.ru/,msud50.krd.msudrf.ru,нет,23MS0050
Краснодарский край,Краснодар,,Судебный участок № 51 Прикубанского внутригородского округа г. Краснодара,MS,Мировой суд,"350010, г Краснодар, ул Зиповская, д 5/7",https://msud51.krd.msudrf.ru/,msud51.krd.msudrf.ru,нет,23MS0051
Краснодарский край,Краснодар,,Судебный участок № 52 Прикубанского внутригородского округа г. Краснодара,MS,Мировой суд,"350010, г Краснодар, ул Зиповская, д 5/7",https://msud52.krd.msudrf.ru/,msud52.krd.msudrf.ru,нет,23MS0052
Краснодарский край,Краснодар,,Судебный участок № 53 Прикубанского внутригородского округа г. Краснодара,MS,Мировой суд,"350010, г Краснодар, ул Зиповская, д 5/7",https://msud53.krd.msudrf.ru/,msud53.krd.msudrf.ru,нет,23MS0053
Краснодарский край,Краснодар,,Судебный участок № 54 Центрального внутригородского округа г. Краснодара,MS,Мировой суд,"350007, г Краснодар, ул им. Захарова, д 11",https://msud54.krd.msudrf.ru/,msud54.krd.msudrf.ru,нет,23MS0054
Краснодарский край,Краснодар,,Судебный участок № 55 Центрального внутригородского округа г. Краснодара,MS,Мировой суд,"350000, г Краснодар, ул Красная, д 89/3",https://msud55.krd.msudrf.ru/,msud55.krd.msudrf.ru,нет,23MS0055
Краснодарский край,Краснодар,,Судебный участок № 56 Центрального внутригородского округа г. Краснодара,MS,Мировой суд,"350000, г Краснодар, ул Красная, д 89/3",https://msud56.krd.msudrf.ru/,msud56.krd.msudrf.ru,нет,23MS0056
Краснодарский край,Краснодар,,Судебный участок № 57 Центрального внутригородского округа г. Краснодара,MS,Мировой суд,"350007, г Краснодар, ул им. Захарова, д 11",https://msud57.krd.msudrf.ru/,msud57.krd.msudrf.ru,нет,23MS0057
Краснодарский край,Краснодар,,Судебный участок № 58 Центрального внутригородского округа г. Краснодара,MS,Мировой суд,"350007, г Краснодар, ул им. Захарова, д 11",https://msud58.krd.msudrf.ru/,msud58.krd.msudrf.ru,нет,23MS0058
Краснодарский край,Краснодар,,Судебный участок № 59 Центрального внутригородского округа г. Краснодара,MS,Мировой суд,"350007, г Краснодар, ул Индустриальная, д 10",https://msud59.krd.msudrf.ru/,msud59.krd.msudrf.ru,нет,23MS0059
Краснодарский край,Краснодар,,Судебный участок № 60 Центрального внутригородского округа г. Краснодара,MS,Мировой суд,"350007, г Краснодар, ул Индустриальная, д 10",https://msud60.krd.msudrf.ru/,msud60.krd.msudrf.ru,нет,23MS0060
Краснодарский край,Краснодар,,Судебный участок № 61 Центрального внутригородского округа г. Краснодара,MS,Мировой суд,"350007, г Краснодар, ул Индустриальная, д 10",https://msud61.krd.msudrf.ru/,msud61.krd.msudrf.ru,нет,23MS0061
Краснодарский край,Краснодар,,Судебный участок № 62 Центрального внутригородского округа г. Краснодара,MS,Мировой суд,"350007, г Краснодар, ул Индустриальная, д 10",https://msud62.krd.msudrf.ru/,msud62.krd.msudrf.ru,нет,23MS0062
Краснодарский край,Краснодар,,Судебный участок № 63 Центрального внутригородского округа г. Краснодара,MS,Мировой суд,"350007, г Краснодар, ул Индустриальная, д 10",https://msud63.krd.msudrf.ru/,msud63.krd.msudrf.ru,нет,23MS0063
Краснодарский край,Краснодар,,Судебный участок № 64 Центрального внутригородского округа г. Краснодара,MS,Мировой суд,"350007, г Краснодар, ул Индустриальная, д 10",https://msud64.krd.msudrf.ru/,msud64.krd.msudrf.ru,нет,23MS0064
Краснодарский край,Краснодарский край,,Судебный участок № 112 г. Туапсе,MS,Мировой суд,"352800, г. Краснодарский край, г.Туапсе, ул. Красной Армии, д. 12",https://msud112.krd.msudrf.ru/,msud112.krd.msudrf.ru,нет,23MS0112
Краснодарский край,Красносельский,,Судебный участок № 135 Гулькевичского района,MS,Мировой суд,"352189, Краснодарский край, Гулькевичский р-н, пгт Красносельский, ул Строителей, д 46",https://msud135.krd.msudrf.ru/,msud135.krd.msudrf.ru,нет,23MS0135
Краснодарский край,Красносельский,,Судебный участок № 136 Гулькевичского района,MS,Мировой суд,"352189, Краснодарский край, Гулькевичский р-н, пгт Красносельский, ул Строителей, д 46",https://msud136.krd.msudrf.ru/,msud136.krd.msudrf.ru,нет,23MS0136
Краснодарский край,Красносельский,,Судебный участок № 254 Гулькевичского района,MS,Мировой суд,"352189, Краснодарский край, Гулькевичский р-н, пгт Красносельский, ул Строителей, д 46",https://msud254.krd.msudrf.ru/,msud254.krd.msudrf.ru,нет,23MS0254
Краснодарский край,Кропоткин,,Судебный участок № 65 г. Кропоткина,MS,Мировой суд,"352382, Краснодарский край, Кавказский р-н, г Кропоткин, ул Пушкина, д 55",https://msud65.krd.msudrf.ru/,msud65.krd.msudrf.ru,нет,23MS0065
Краснодарский край,Кропоткин,,Судебный участок № 66 г. Кропоткина,MS,Мировой суд,"352382, Краснодарский край, Кавказский р-н, г Кропоткин, ул Пушкина, д 55",https://msud66.krd.msudrf.ru/,msud66.krd.msudrf.ru,нет,23MS0066
Краснодарский край,Кропоткин,,Судебный участок № 67 г. Кропоткина,MS,Мировой суд,"352382, Краснодарский край, Кавказский р-н, г Кропоткин, ул Пушкина, д 55",https://msud67.krd.msudrf.ru/,msud67.krd.msudrf.ru,нет,23MS0067
Краснодарский край,Кропоткин,,Судебный участок № 68 г. Кропоткина,MS,Мировой суд,"352392, Краснодарский край, Кавказский р-н, г Кропоткин, проезд Березовый, д 7",https://msud68.krd.msudrf.ru/,msud68.krd.msudrf.ru,нет,23MS0068
Краснодарский край,Крыловская,,Судебный участок № 160 Крыловского района,MS,Мировой суд,"352080, Краснодарский край, ст-ца Крыловская, ул Орджоникидзе, д 44",https://msud160.krd.msudrf.ru/,msud160.krd.msudrf.ru,нет,23MS0160
Краснодарский край,Крыловская,,Судебный участок № 161 Крыловского района,MS,Мировой суд,"352080, Краснодарский край, ст-ца Крыловская, ул Орджоникидзе, д 44",https://msud161.krd.msudrf.ru/,msud161.krd.msudrf.ru,нет,23MS0161
Краснодарский край,Крымск,,Судебный участок № 163 Крымского района,MS,Мировой суд,"353383, Краснодарский край, г Крымск, ул Свердлова, д 2",https://msud163.krd.msudrf.ru/,msud163.krd.msudrf.ru,нет,23MS0163
Краснодарский край,Крымск,,Судебный участок № 164 Крымского района,MS,Мировой суд,"353383, Краснодарский край, г Крымск, ул Свердлова, д 2",https://msud164.krd.msudrf.ru/,msud164.krd.msudrf.ru,нет,23MS0164
Краснодарский край,Крымск,,Судебный участок № 246 г. Крымска,MS,Мировой суд,"353383, Краснодарский край, г Крымск, ул Свердлова, д 2",https://msud246.krd.msudrf.ru/,msud246.krd.msudrf.ru,нет,23MS0246
Краснодарский край,Крымск,,Судебный участок № 259 Крымского района,MS,Мировой суд,"353383, Краснодарский край, г Крымск, ул Свердлова, д 2",https://msud259.krd.msudrf.ru/,msud259.krd.msudrf.ru,нет,23MS0259
Краснодарский край,Крымск,,Судебный участок № 69 г. Крымска,MS,Мировой суд,"353383, Краснодарский край, г Крымск, ул Свердлова, д 2",https://msud69.krd.msudrf.ru/,msud69.krd.msudrf.ru,нет,23MS0069
Краснодарский край,Крымск,,Судебный участок № 70 г. Крымска,MS,Мировой суд,"353383, Краснодарский край, г Крымск, ул Свердлова, д 2",https://msud70.krd.msudrf.ru/,msud70.krd.msudrf.ru,нет,23MS0070
Краснодарский край,Курганинск,,Судебный участок № 165 Курганинского района,MS,Мировой суд,"352430, Краснодарский край, г Курганинск, ул Ленина, д 14",https://msud165.krd.msudrf.ru/,msud165.krd.msudrf.ru,нет,23MS0165
Краснодарский край,Курганинск,,Судебный участок № 166 Курганинского района,MS,Мировой суд,"352430, Краснодарский край, г Курганинск, ул Первомайская, д 18А",https://msud166.krd.msudrf.ru/,msud166.krd.msudrf.ru,нет,23MS0166
Краснодарский край,Курганинск,,Судебный участок № 167 Курганинского района,MS,Мировой суд,"352430, Краснодарский край, г Курганинск, ул Первомайская, д 18А",https://msud167.krd.msudrf.ru/,msud167.krd.msudrf.ru,нет,23MS0167
Краснодарский край,Курганинск,,Судебный участок № 168 Курганинского района,MS,Мировой суд,"352430, Краснодарский край, г Курганинск, ул Ленина, д 14",https://msud168.krd.msudrf.ru/,msud168.krd.msudrf.ru,нет,23MS0168
Краснодарский край,Курганинск,,Судебный участок № 260 Курганинского района,MS,Мировой суд,"352430, Краснодарский край, г Курганинск, ул Ленина, д 14",https://msud260.krd.msudrf.ru/,msud260.krd.msudrf.ru,нет,23MS0260
Краснодарский край,Кущевская,,Судебный участок № 169 Кущевского района,MS,Мировой суд,"352030, Краснодарский край, ст-ца Кущевская, ул Красная, д 33",https://msud169.krd.msudrf.ru/,msud169.krd.msudrf.ru,нет,23MS0169
Краснодарский край,Кущевская,,Судебный участок № 171 Кущевского района,MS,Мировой суд,"352030, Краснодарский край, ст-ца Кущевская, ул Красная, д 31",https://msud171.krd.msudrf.ru/,msud171.krd.msudrf.ru,нет,23MS0171
Краснодарский край,Кущевская,,Судебный участок № 261 Кущевского района,MS,Мировой суд,"352030, Краснодарский край, ст-ца Кущевская, ул Красная, д 31",https://msud261.krd.msudrf.ru/,msud261.krd.msudrf.ru,нет,23MS0261
Краснодарский край,Лабинск,,Судебный участок № 172 Лабинского района,MS,Мировой суд,"352500, Краснодарский край, г Лабинск, ул Халтурина, д 22/3",https://msud172.krd.msudrf.ru/,msud172.krd.msudrf.ru,нет,23MS0172
Краснодарский край,Лабинск,,Судебный участок № 173 Лабинского района,MS,Мировой суд,"352500, Краснодарский край, г Лабинск, ул Халтурина, д 22/3",https://msud173.krd.msudrf.ru/,msud173.krd.msudrf.ru,нет,23MS0173
Краснодарский край,Лабинск,,Судебный участок № 71 г. Лабинска,MS,Мировой суд,"352500, Краснодарский край, г Лабинск, ул Халтурина, д 22/3",https://msud71.krd.msudrf.ru/,msud71.krd.msudrf.ru,нет,23MS0071
Краснодарский край,Лабинск,,Судебный участок № 72 г. Лабинска,MS,Мировой суд,"352500, Краснодарский край, г Лабинск, ул Халтурина, д 22/3",https://msud72.krd.msudrf.ru/,msud72.krd.msudrf.ru,нет,23MS0072
Краснодарский край,Лабинск,,Судебный участок № 73 г. Лабинска,MS,Мировой суд,"352500, Краснодарский край, г Лабинск, ул Халтурина, д 22/3",https://msud73.krd.msudrf.ru/,msud73.krd.msudrf.ru,нет,23MS0073
Краснодарский край,Ленинградская,,Судебный участок № 174 Ленинградского района,MS,Мировой суд,"353740, Краснодарский край, ст-ца Ленинградская, ул Красная, д 137",https://msud174.krd.msudrf.ru/,msud174.krd.msudrf.ru,нет,23MS0174
Краснодарский край,Ленинградская,,Судебный участок № 175 Ленинградского района,MS,Мировой суд,"353740, Краснодарский край, ст-ца Ленинградская, ул Красная, д 137",https://msud175.krd.msudrf.ru/,msud175.krd.msudrf.ru,нет,23MS0175
Краснодарский край,Ленинградская,,Судебный участок № 176 Ленинградского района,MS,Мировой суд,"353740, Краснодарский край, ст-ца Ленинградская, ул Красная, д 137",https://msud176.krd.msudrf.ru/,msud176.krd.msudrf.ru,нет,23MS0176
Краснодарский край,Мостовской,,Судебный участок № 177 Мостовского района,MS,Мировой суд,"352570, Краснодарский край, пгт Мостовской, ул Горького, д 124",https://msud177.krd.msudrf.ru/,msud177.krd.msudrf.ru,нет,23MS0177
Краснодарский край,Мостовской,,Судебный участок № 178 Мостовского района,MS,Мировой суд,"352570, Краснодарский край, пгт Мостовской, ул Горького, д 124",https://msud178.krd.msudrf.ru/,msud178.krd.msudrf.ru,нет,23MS0178
Краснодарский край,Мостовской,,Судебный участок № 262 Мостовского района,MS,Мировой суд,"352570, Краснодарский край, пгт Мостовской, ул Горького, д 124",https://msud262.krd.msudrf.ru/,msud262.krd.msudrf.ru,нет,23MS0262
Краснодарский край,Новокубанск,,Судебный участок № 180 Новокубанского района,MS,Мировой суд,"352240, Краснодарский край, г Новокубанск, ул Первомайская, влд 122",https://msud180.krd.msudrf.ru/,msud180.krd.msudrf.ru,нет,23MS0180
Краснодарский край,Новокубанск,,Судебный участок № 181 Новокубанского района,MS,Мировой суд,"352240, Краснодарский край, г Новокубанск, ул Первомайская, влд 122",https://msud181.krd.msudrf.ru/,msud181.krd.msudrf.ru,нет,23MS0181
Краснодарский край,Новокубанск,,Судебный участок № 182 Новокубанского района,MS,Мировой суд,"352240, Краснодарский край, г Новокубанск, ул Лермонтова, влд 63",https://msud182.krd.msudrf.ru/,msud182.krd.msudrf.ru,нет,23MS0182
Краснодарский край,Новокубанск,,Судебный участок № 183 Новокубанского района,MS,Мировой суд,"352240, Краснодарский край, г Новокубанск, ул Лермонтова, влд 63",https://msud183.krd.msudrf.ru/,msud183.krd.msudrf.ru,нет,23MS0183
Краснодарский край,Новопокровская,,Судебный участок № 184 Новопокровского района,MS,Мировой суд,"353020, Краснодарский край, ст-ца Новопокровская, ул Первомайская, д 159",https://msud184.krd.msudrf.ru/,msud184.krd.msudrf.ru,нет,23MS0184
Краснодарский край,Новопокровская,,Судебный участок № 263 Новопокровского района,MS,Мировой суд,"353020, Краснодарский край, ст-ца Новопокровская, ул Первомайская, д 159",https://msud263.krd.msudrf.ru/,msud263.krd.msudrf.ru,нет,23MS0263
Краснодарский край,Новороссийск,,Судебный участок № 247 г. Новороссийска,MS,Мировой суд,"353900, Краснодарский край, г Новороссийск, ул Героев Десантников, д 77",https://msud247.krd.msudrf.ru/,msud247.krd.msudrf.ru,нет,23MS0247
Краснодарский край,Новороссийск,,Судебный участок № 248 г. Новороссийска,MS,Мировой суд,"353900, Краснодарский край, г Новороссийск, ул Героев Десантников, д 77",https://msud248.krd.msudrf.ru/,msud248.krd.msudrf.ru,нет,23MS0248
Краснодарский край,Новороссийск,,Судебный участок № 74 г. Новороссийска,MS,Мировой суд,"353900, Краснодарский край, г Новороссийск, ул Героев Десантников, д 77",https://msud74.krd.msudrf.ru/,msud74.krd.msudrf.ru,нет,23MS0074
Краснодарский край,Новороссийск,,Судебный участок № 75 г. Новороссийска,MS,Мировой суд,"353900, Краснодарский край, г Новороссийск, ул Героев Десантников, д 77",https://msud75.krd.msudrf.ru/,msud75.krd.msudrf.ru,нет,23MS0075
Краснодарский край,Новороссийск,,Судебный участок № 76 г. Новороссийска,MS,Мировой суд,"353900, Краснодарский край, г Новороссийск, ул Героев Десантников, д 77",https://msud76.krd.msudrf.ru/,msud76.krd.msudrf.ru,нет,23MS0076
Краснодарский край,Новороссийск,,Судебный участок № 77 г. Новороссийска,MS,Мировой суд,"353900, Краснодарский край, г Новороссийск, ул Героев Десантников, д 77",https://msud77.krd.msudrf.ru/,msud77.krd.msudrf.ru,нет,23MS0077
Краснодарский край,Новороссийск,,Судебный участок № 78 г. Новороссийска,MS,Мировой суд,"353900, Краснодарский край, г Новороссийск, ул Героев Десантников, д 77",https://msud78.krd.msudrf.ru/,msud78.krd.msudrf.ru,нет,23MS0078
Краснодарский край,Новороссийск,,Судебный участок № 79 г. Новороссийска,MS,Мировой суд,"353900, Краснодарский край, г Новороссийск, ул Героев Десантников, д 77",https://msud79.krd.msudrf.ru/,msud79.krd.msudrf.ru,нет,23MS0079
Краснодарский край,Новороссийск,,Судебный участок № 80 г. Новороссийска,MS,Мировой суд,"353900, Краснодарский край, г Новороссийск, ул Героев Десантников, д 77",https://msud80.krd.msudrf.ru/,msud80.krd.msudrf.ru,нет,23MS0080
Краснодарский край,Новороссийск,,Судебный участок № 81 г. Новороссийска,MS,Мировой суд,"353900, Краснодарский край, г Новороссийск, ул Героев Десантников, д 77",https://msud81.krd.msudrf.ru/,msud81.krd.msudrf.ru,нет,23MS0081
Краснодарский край,Новороссийск,,Судебный участок № 82 г. Новороссийска,MS,Мировой суд,"353900, Краснодарский край, г Новороссийск, ул Героев Десантников, д 77",https://msud82.krd.msudrf.ru/,msud82.krd.msudrf.ru,нет,23MS0082
Краснодарский край,Новороссийск,,Судебный участок № 83 г. Новороссийска,MS,Мировой суд,"353900, Краснодарский край, г Новороссийск, ул Героев Десантников, д 77",https://msud83.krd.msudrf.ru/,msud83.krd.msudrf.ru,нет,23MS0083
Краснодарский край,Отрадная,,Судебный участок № 186 Отрадненского района,MS,Мировой суд,"352290, Краснодарский край, ст-ца Отрадная, ул Братская, д 69А",https://msud186.krd.msudrf.ru/,msud186.krd.msudrf.ru,нет,23MS0186
Краснодарский край,Отрадная,,Судебный участок № 187 Отрадненского района,MS,Мировой суд,"352290, Краснодарский край, ст-ца Отрадная, ул Братская, д 69А",https://msud187.krd.msudrf.ru/,msud187.krd.msudrf.ru,нет,23MS0187
Краснодарский край,Отрадная,,Судебный участок № 188 Отрадненского района,MS,Мировой суд,"352290, Краснодарский край, ст-ца Отрадная, ул Братская, д 69А",https://msud188.krd.msudrf.ru/,msud188.krd.msudrf.ru,нет,23MS0188
Краснодарский край,Павловская,,Судебный участок № 189 Павловского района,MS,Мировой суд,"352040, Краснодарский край, ст-ца Павловская, ул Крупской, д 239",https://msud189.krd.msudrf.ru/,msud189.krd.msudrf.ru,нет,23MS0189
Краснодарский край,Павловская,,Судебный участок № 190 Павловского района,MS,Мировой суд,"352040, Краснодарский край, ст-ца Павловская, ул Крупской, д 239",https://msud190.krd.msudrf.ru/,msud190.krd.msudrf.ru,нет,23MS0190
Краснодарский край,Павловская,,Судебный участок № 191 Павловского района,MS,Мировой суд,"352040, Краснодарский край, ст-ца Павловская, ул Крупской, д 239",https://msud191.krd.msudrf.ru/,msud191.krd.msudrf.ru,нет,23MS0191
Краснодарский край,Полтавская,,Судебный участок № 156 Красноармейского района,MS,Мировой суд,"353800, Краснодарский край, ст-ца Полтавская, ул Коммунистическая, д 201",https://msud156.krd.msudrf.ru/,msud156.krd.msudrf.ru,нет,23MS0156
Краснодарский край,Полтавская,,Судебный участок № 157 Красноармейского района,MS,Мировой суд,"353800, Краснодарский край, ст-ца Полтавская, ул Коммунистическая, д 201",https://msud157.krd.msudrf.ru/,msud157.krd.msudrf.ru,нет,23MS0157
Краснодарский край,Полтавская,,Судебный участок № 158 Красноармейского района,MS,Мировой суд,"353800, Краснодарский край, ст-ца Полтавская, ул Коммунистическая, д 201",https://msud158.krd.msudrf.ru/,msud158.krd.msudrf.ru,нет,23MS0158
Краснодарский край,Полтавская,,Судебный участок № 159 Красноармейского района,MS,Мировой суд,"353800, Краснодарский край, ст-ца Полтавская, ул Коммунистическая, д 201",https://msud159.krd.msudrf.ru/,msud159.krd.msudrf.ru,нет,23MS0159
Краснодарский край,Полтавская,,Судебный участок № 258 Красноармейского района,MS,Мировой суд,"353800, Краснодарский край, ст-ца Полтавская, ул Коммунистическая, д 201",https://msud258.krd.msudrf.ru/,msud258.krd.msudrf.ru,нет,23MS0258
Краснодарский край,Приморско-Ахтарск,,Судебный участок № 192 Приморско-Ахтарского района,MS,Мировой суд,"353860, Краснодарский край, г Приморско-Ахтарск, ул Тамаровского, д 7",https://msud192.krd.msudrf.ru/,msud192.krd.msudrf.ru,нет,23MS0192
Краснодарский край,Приморско-Ахтарск,,Судебный участок № 193 Приморско-Ахтарского района,MS,Мировой суд,"353860, Краснодарский край, г Приморско-Ахтарск, ул Тамаровского, д 7",https://msud193.krd.msudrf.ru/,msud193.krd.msudrf.ru,нет,23MS0193
Краснодарский край,Приморско-Ахтарск,,Судебный участок № 194 Приморско-Ахтарского района,MS,Мировой суд,"353860, Краснодарский край, г Приморско-Ахтарск, ул Тамаровского, д 7",https://msud194.krd.msudrf.ru/,msud194.krd.msudrf.ru,нет,23MS0194
Краснодарский край,Северин,,Судебный участок № 204 Тбилисского района,MS,Мировой суд,"352350, Краснодарский край, Тбилисский р-н, х Северин, ул Ленина, д 22",https://msud204.krd.msudrf.ru/,msud204.krd.msudrf.ru,нет,23MS0204
Краснодарский край,Северин,,Судебный участок № 205 Тбилисского района,MS,Мировой суд,"352350, Краснодарский край, Тбилисский р-н, х Северин, ул Ленина, д 22",https://msud205.krd.msudrf.ru/,msud205.krd.msudrf.ru,нет,23MS0205
Краснодарский край,Северин,,Судебный участок № 266 Тбилисского района,MS,Мировой суд,"352350, Краснодарский край, Тбилисский р-н, х Северин, ул Ленина, д 22",https://msud266.krd.msudrf.ru/,msud266.krd.msudrf.ru,нет,23MS0266
Краснодарский край,Северская,,Судебный участок № 195 Северского района,MS,Мировой суд,"353240, Краснодарский край, ст-ца Северская, ул Петровского, д 56",https://msud195.krd.msudrf.ru/,msud195.krd.msudrf.ru,нет,23MS0195
Краснодарский край,Северская,,Судебный участок № 196 Северского района,MS,Мировой суд,"353240, Краснодарский край, ст-ца Северская, ул Петровского, д 56",https://msud196.krd.msudrf.ru/,msud196.krd.msudrf.ru,нет,23MS0196
Краснодарский край,Северская,,Судебный участок № 197 Северского района,MS,Мировой суд,"353240, Краснодарский край, ст-ца Северская, ул Петровского, д 56",https://msud197.krd.msudrf.ru/,msud197.krd.msudrf.ru,нет,23MS0197
Краснодарский край,Северская,,Судебный участок № 198 Северского района,MS,Мировой суд,"353240, Краснодарский край, ст-ца Северская, ул Петровского, д 56",https://msud198.krd.msudrf.ru/,msud198.krd.msudrf.ru,нет,23MS0198
Краснодарский край,Северская,,Судебный участок № 264 Северского района,MS,Мировой суд,"353240, Краснодарский край, ст-ца Северская, ул Петровского, д 56",https://msud264.krd.msudrf.ru/,msud264.krd.msudrf.ru,нет,23MS0264
Краснодарский край,Северская,,Судебный участок № 265 Северского района,MS,Мировой суд,"353240, Краснодарский край, ст-ца Северская, ул Петровского, д 56",https://msud265.krd.msudrf.ru/,msud265.krd.msudrf.ru,нет,23MS0265
Краснодарский край,Славянск-на-Кубани,,Судебный участок № 199 Славянского района,MS,Мировой суд,"353560, Краснодарский край, г Славянск-на-Кубани, ул Красная, д 30/2, офис 31",https://msud199.krd.msudrf.ru/,msud199.krd.msudrf.ru,нет,23MS0199
Краснодарский край,Славянск-на-Кубани,,Судебный участок № 200 Славянского района,MS,Мировой суд,"353560, Краснодарский край, г Славянск-на-Кубани, ул Красная, д 30/2, офис 37",https://msud200.krd.msudrf.ru/,msud200.krd.msudrf.ru,нет,23MS0200
Краснодарский край,Славянск-на-Кубани,,Судебный участок № 201 Славянского района,MS,Мировой суд,"353560, Краснодарский край, г Славянск-на-Кубани, ул Красная, д 30/2",https://msud201.krd.msudrf.ru/,msud201.krd.msudrf.ru,нет,23MS0201
Краснодарский край,Славянск-на-Кубани,,Судебный участок № 84 г. Славянска-на-Кубани,MS,Мировой суд,"353560, Краснодарский край, г Славянск-на-Кубани, ул Красная, д 30/2",https://msud84.krd.msudrf.ru/,msud84.krd.msudrf.ru,нет,23MS0084
Краснодарский край,Славянск-на-Кубани,,Судебный участок № 85 г. Славянска-на-Кубани,MS,Мировой суд,"353560, Краснодарский край, г Славянск-на-Кубани, ул Красная, д 30/2",https://msud85.krd.msudrf.ru/,msud85.krd.msudrf.ru,нет,23MS0085
Краснодарский край,Славянск-на-Кубани,,Судебный участок № 86 г. Славянска-на-Кубани,MS,Мировой суд,"353560, Краснодарский край, г Славянск-на-Кубани, ул Красная, д 30/2",https://msud86.krd.msudrf.ru/,msud86.krd.msudrf.ru,нет,23MS0086
Краснодарский край,Сочи,,Судебный участок № 100 Центрального района г. Сочи,MS,Мировой суд,"354000, Краснодарский край, г Сочи, ул Тоннельная, д 16",https://msud100.krd.msudrf.ru/,msud100.krd.msudrf.ru,нет,23MS0100
Краснодарский край,Сочи,,Судебный участок № 101 Центрального района г. Сочи,MS,Мировой суд,"354057, Краснодарский край, г Сочи, ул Туапсинская, д 13",https://msud101.krd.msudrf.ru/,msud101.krd.msudrf.ru,нет,23MS0101
Краснодарский край,Сочи,,Судебный участок № 102 Центрального района г. Сочи,MS,Мировой суд,"354068, Краснодарский край, г Сочи, пер Строительный, д 9",https://msud102.krd.msudrf.ru/,msud102.krd.msudrf.ru,нет,23MS0102
Краснодарский край,Сочи,,Судебный участок № 103 Центрального района г. Сочи,MS,Мировой суд,"354057, Краснодарский край, г Сочи, ул Туапсинская, д 13",https://msud103.krd.msudrf.ru/,msud103.krd.msudrf.ru,нет,23MS0103
Краснодарский край,Сочи,,Судебный участок № 104 Центрального района г. Сочи,MS,Мировой суд,"354057, Краснодарский край, г Сочи, ул Туапсинская, д 13",https://msud104.krd.msudrf.ru/,msud104.krd.msudrf.ru,нет,23MS0104
Краснодарский край,Сочи,,Судебный участок № 105 Центрального района г. Сочи,MS,Мировой суд,"354057, Краснодарский край, г Сочи, ул Туапсинская, д 13",https://msud105.krd.msudrf.ru/,msud105.krd.msudrf.ru,нет,23MS0105
Краснодарский край,Сочи,,Судебный участок № 106 Центрального района г. Сочи,MS,Мировой суд,"354000, Краснодарский край, г Сочи, ул Тоннельная, д 16",https://msud106.krd.msudrf.ru/,msud106.krd.msudrf.ru,нет,23MS0106
Краснодарский край,Сочи,,Судебный участок № 170 Центрального района г. Сочи,MS,Мировой суд,"354068, Краснодарский край, г Сочи, ул Чехова, д 58",https://msud272.krd.msudrf.ru/,msud272.krd.msudrf.ru,нет,23MS0272
Краснодарский край,Сочи,,Судебный участок № 249 Хостинского района г. Сочи,MS,Мировой суд,"354067, Краснодарский край, г. Сочи, п. Хоста, ул. Ялтинская, д. 12",https://msud249.krd.msudrf.ru/,msud249.krd.msudrf.ru,нет,23MS0249
Краснодарский край,Сочи,,Судебный участок № 250 Центрального района г. Сочи,MS,Мировой суд,"354057, Краснодарский край, г Сочи, ул Туапсинская, д 13",https://msud250.krd.msudrf.ru/,msud250.krd.msudrf.ru,нет,23MS0250
Краснодарский край,Сочи,,Судебный участок № 87 Адлерского района г. Сочи,MS,Мировой суд,"354340, Краснодарский край, г Сочи, р-н Адлерский внутригородской, ул Кирова, д 58А",https://msud87.krd.msudrf.ru/,msud87.krd.msudrf.ru,нет,23MS0087
Краснодарский край,Сочи,,Судебный участок № 88 Адлерского района г. Сочи,MS,Мировой суд,"354340, Краснодарский край, г Сочи, р-н Адлерский внутригородской, ул Кирова, д 58А",https://msud88.krd.msudrf.ru/,msud88.krd.msudrf.ru,нет,23MS0088
Краснодарский край,Сочи,,Судебный участок № 89 Адлерского района г. Сочи,MS,Мировой суд,"354340, Краснодарский край, г Сочи, р-н Адлерский внутригородской, ул Кирова, д 58А",https://msud89.krd.msudrf.ru/,msud89.krd.msudrf.ru,нет,23MS0089
Краснодарский край,Сочи,,Судебный участок № 90 Адлерского района г. Сочи,MS,Мировой суд,"354340, Краснодарский край, г Сочи, р-н Адлерский внутригородской, ул Кирова, д 58А",https://msud90.krd.msudrf.ru/,msud90.krd.msudrf.ru,нет,23MS0090
Краснодарский край,Сочи,,Судебный участок № 91 Адлерского района г. Сочи,MS,Мировой суд,"354340, Краснодарский край, г Сочи, р-н Адлерский внутригородской, ул Кирова, д 58А",https://msud91.krd.msudrf.ru/,msud91.krd.msudrf.ru,нет,23MS0091
Краснодарский край,Сочи,,Судебный участок № 92 Адлерского района г. Сочи,MS,Мировой суд,"354340, Краснодарский край, г Сочи, р-н Адлерский внутригородской, ул Кирова, д 58А",https://msud92.krd.msudrf.ru/,msud92.krd.msudrf.ru,нет,23MS0092
Краснодарский край,Сочи,,Судебный участок № 93 Лазаревского района г. Сочи,MS,Мировой суд,"354200, Краснодарский край, г Сочи, р-н Лазаревский внутригородской, ул Родниковая, д 23",https://msud93.krd.msudrf.ru/,msud93.krd.msudrf.ru,нет,23MS0093
Краснодарский край,Сочи,,Судебный участок № 94 Лазаревского района г. Сочи,MS,Мировой суд,"354200, Краснодарский край, г Сочи, р-н Лазаревский внутригородской, ул Родниковая, д 23",https://msud94.krd.msudrf.ru/,msud94.krd.msudrf.ru,нет,23MS0094
Краснодарский край,Сочи,,Судебный участок № 95 Лазаревского района г. Сочи,MS,Мировой суд,"354200, Краснодарский край, г Сочи, р-н Лазаревский внутригородской, ул Родниковая, д 23",https://msud95.krd.msudrf.ru/,msud95.krd.msudrf.ru,нет,23MS0095
Краснодарский край,Сочи,,Судебный участок № 96 Лазаревского района г. Сочи,MS,Мировой суд,"354200, Краснодарский край, г Сочи, р-н Лазаревский внутригородской, ул Родниковая, д 23",https://msud96.krd.msudrf.ru/,msud96.krd.msudrf.ru,нет,23MS0096
Краснодарский край,Сочи,,Судебный участок № 97 Хостинского района г. Сочи,MS,Мировой суд,"354067, Краснодарский край, г. Сочи, п. Хоста, ул. 50 лет СССР, д. 14",https://msud97.krd.msudrf.ru/,msud97.krd.msudrf.ru,нет,23MS0097
Краснодарский край,Сочи,,Судебный участок № 98 Хостинского района г. Сочи,MS,Мировой суд,"354067, Краснодарский край, г. Сочи, п. Хоста, ул. 50 лет СССР, д. 14",https://msud98.krd.msudrf.ru/,msud98.krd.msudrf.ru,нет,23MS0098
Краснодарский край,Сочи,,Судебный участок № 99 Хостинского района г. Сочи,MS,Мировой суд,"354067, Краснодарский край, г. Сочи, п. Хоста, ул. 50 лет СССР, д. 14",https://msud99.krd.msudrf.ru/,msud99.krd.msudrf.ru,нет,23MS0099
Краснодарский край,Староминская,,Судебный участок № 202 Староминского района,MS,Мировой суд,"353600, Краснодарский край, ст-ца Староминская, ул В.Петренко, д 12",https://msud202.krd.msudrf.ru/,msud202.krd.msudrf.ru,нет,23MS0202
Краснодарский край,Староминская,,Судебный участок № 203 Староминского района,MS,Мировой суд,"353600, Краснодарский край, ст-ца Староминская, ул В.Петренко, д 12",https://msud203.krd.msudrf.ru/,msud203.krd.msudrf.ru,нет,23MS0203
Краснодарский край,Старощербиновская,,Судебный участок № 225 Щербиновского района,MS,Мировой суд,"353620, Краснодарский край, ст-ца Старощербиновская, ул Первомайская, д 87",https://msud225.krd.msudrf.ru/,msud225.krd.msudrf.ru,нет,23MS0225
Краснодарский край,Старощербиновская,,Судебный участок № 226 Щербиновского района,MS,Мировой суд,"353620, Краснодарский край, ст-ца Старощербиновская, ул Первомайская, д 87",https://msud226.krd.msudrf.ru/,msud226.krd.msudrf.ru,нет,23MS0226
Краснодарский край,Темрюк,,Судебный участок № 206 Темрюкского района,MS,Мировой суд,"353500, Краснодарский край, г Темрюк, ул Таманская, д 9А",https://msud206.krd.msudrf.ru/,msud206.krd.msudrf.ru,нет,23MS0206
Краснодарский край,Темрюк,,Судебный участок № 207 Темрюкского района,MS,Мировой суд,"353500, Краснодарский край, г Темрюк, ул Таманская, д 9А",https://msud207.krd.msudrf.ru/,msud207.krd.msudrf.ru,нет,23MS0207
Краснодарский край,Темрюк,,Судебный участок № 208 Темрюкского района,MS,Мировой суд,"353500, Краснодарский край, г Темрюк, ул Ленина, д 23/2",https://msud208.krd.msudrf.ru/,msud208.krd.msudrf.ru,нет,23MS0208
Краснодарский край,Темрюк,,Судебный участок № 209 Темрюкского района,MS,Мировой суд,"353500, Краснодарский край, г Темрюк, ул Таманская, д 9А",https://msud209.krd.msudrf.ru/,msud209.krd.msudrf.ru,нет,23MS0209
Краснодарский край,Темрюк,,Судебный участок № 267 Темрюкского района,MS,Мировой суд,"353500, Краснодарский край, г Темрюк, ул Ленина, д 23/2",https://msud267.krd.msudrf.ru/,msud267.krd.msudrf.ru,нет,23MS0267
Краснодарский край,Тимашевск,,Судебный участок № 210 Тимашевского района,MS,Мировой суд,"352708, Краснодарский край, г Тимашевск, ул Пионерская, д 90",https://msud210.krd.msudrf.ru/,msud210.krd.msudrf.ru,нет,23MS0210
Краснодарский край,Тимашевск,,Судебный участок № 211 Тимашевского района,MS,Мировой суд,"352708, Краснодарский край, г Тимашевск, ул Пионерская, д 90",https://msud211.krd.msudrf.ru/,msud211.krd.msudrf.ru,нет,23MS0211
Краснодарский край,Тимашевск,,Судебный участок № 212 Тимашевского района,MS,Мировой суд,"352708, Краснодарский край, г Тимашевск, ул Пионерская, д 90",https://msud212.krd.msudrf.ru/,msud212.krd.msudrf.ru,нет,23MS0212
Краснодарский край,Тимашевск,,Судебный участок № 213 Тимашевского района,MS,Мировой суд,"352708, Краснодарский край, г Тимашевск, ул Пионерская, д 90",https://msud213.krd.msudrf.ru/,msud213.krd.msudrf.ru,нет,23MS0213
Краснодарский край,Тимашевск,,Судебный участок № 268 Тимашевского района,MS,Мировой суд,"352708, Краснодарский край, г Тимашевск, ул Пионерская, д 90",https://msud268.krd.msudrf.ru/,msud268.krd.msudrf.ru,нет,23MS0268
Краснодарский край,Тихорецк,,Судебный участок № 107 г. Тихорецка,MS,Мировой суд,"352120, Краснодарский край, г Тихорецк, ул Калинина, д 55",https://msud107.krd.msudrf.ru/,msud107.krd.msudrf.ru,нет,23MS0107
Краснодарский край,Тихорецк,,Судебный участок № 108 г. Тихорецка,MS,Мировой суд,"352120, Краснодарский край, г Тихорецк, ул Калинина, д 55",https://msud108.krd.msudrf.ru/,msud108.krd.msudrf.ru,нет,23MS0108
Краснодарский край,Тихорецк,,Судебный участок № 109 г. Тихорецка,MS,Мировой суд,"352120, Краснодарский край, г Тихорецк, ул Калинина, д 55",https://msud109.krd.msudrf.ru/,msud109.krd.msudrf.ru,нет,23MS0109
Краснодарский край,Тихорецк,,Судебный участок № 214 Тихорецкого района,MS,Мировой суд,"352120, Краснодарский край, г Тихорецк, ул Калинина, д 55",https://msud214.krd.msudrf.ru/,msud214.krd.msudrf.ru,нет,23MS0214
Краснодарский край,Тихорецк,,Судебный участок № 215 Тихорецкого района,MS,Мировой суд,"352120, Краснодарский край, г Тихорецк, ул Калинина, д 55",https://msud215.krd.msudrf.ru/,msud215.krd.msudrf.ru,нет,23MS0215
Краснодарский край,Тихорецк,,Судебный участок № 269 Тихорецкого района,MS,Мировой суд,"352120, Краснодарский край, г Тихорецк, ул Калинина, д 55",https://msud269.krd.msudrf.ru/,msud269.krd.msudrf.ru,нет,23MS0269
Краснодарский край,Туапсе,,Судебный участок № 110 г. Туапсе,MS,Мировой суд,"352800, Краснодарский край, г Туапсе, ул Красной Армии, д 12",https://msud110.krd.msudrf.ru/,msud110.krd.msudrf.ru,нет,23MS0110
Краснодарский край,Туапсе,,Судебный участок № 111 г. Туапсе,MS,Мировой суд,"352800, Краснодарский край, г Туапсе, ул Красной Армии, д 12",https://msud111.krd.msudrf.ru/,msud111.krd.msudrf.ru,нет,23MS0111
Краснодарский край,Туапсе,,Судебный участок № 216 Туапсинского района,MS,Мировой суд,"352800, Краснодарский край, г Туапсе, ул Полетаева, д 7А",https://msud216.krd.msudrf.ru/,msud216.krd.msudrf.ru,нет,23MS0216
Краснодарский край,Туапсе,,Судебный участок № 217 Туапсинского района,MS,Мировой суд,"352800, Краснодарский край, г Туапсе, ул Полетаева, д 7",https://msud217.krd.msudrf.ru/,msud217.krd.msudrf.ru,нет,23MS0217
Краснодарский край,Туапсе,,Судебный участок № 218 Туапсинского района,MS,Мировой суд,"352800, Краснодарский край, г Туапсе, ул Полетаева, д 7",https://msud218.krd.msudrf.ru/,msud218.krd.msudrf.ru,нет,23MS0218
Краснодарский край,Успенское,,Судебный участок № 219 Успенского района,MS,Мировой суд,"352450, Краснодарский край, с Успенское, ул Ленина, д 119",https://msud219.krd.msudrf.ru/,msud219.krd.msudrf.ru,нет,23MS0219
Краснодарский край,Успенское,,Судебный участок № 220 Успенского района,MS,Мировой суд,"352450, Краснодарский край, с Успенское, ул Ленина, д 119",https://msud220.krd.msudrf.ru/,msud220.krd.msudrf.ru,нет,23MS0220
Краснодарский край,Усть-Лабинск,,Судебный участок № 221 Усть-Лабинского района,MS,Мировой суд,"352330, Краснодарский край, г Усть-Лабинск, ул Ленина, д 24",https://msud221.krd.msudrf.ru/,msud221.krd.msudrf.ru,нет,23MS0221
Краснодарский край,Усть-Лабинск,,Судебный участок № 222 Усть-Лабинского района,MS,Мировой суд,"352330, Краснодарский край, г Усть-Лабинск, ул Мира, д 60",https://msud222.krd.msudrf.ru/,msud222.krd.msudrf.ru,нет,23MS0222
Краснодарский край,Усть-Лабинск,,Судебный участок № 223 Усть-Лабинского района,MS,Мировой суд,"352330, Краснодарский край, г Усть-Лабинск, ул Мира, д 60",https://msud223.krd.msudrf.ru/,msud223.krd.msudrf.ru,нет,23MS0223
Краснодарский край,Усть-Лабинск,,Судебный участок № 224 Усть-Лабинского района,MS,Мировой суд,"352330, Краснодарский край, г Усть-Лабинск, ул Мира, д 60",https://msud224.krd.msudrf.ru/,msud224.krd.msudrf.ru,нет,23MS0224
Краснодарский край,Усть-Лабинск,,Судебный участок № 270 Усть-Лабинского района,MS,Мировой суд,"352330, Краснодарский край, г Усть-Лабинск, ул Мира, д 60",https://msud270.krd.msudrf.ru/,msud270.krd.msudrf.ru,нет,23MS0270
Краснодарский край,Хадыженск,,Судебный участок № 121 Апшеронского района,MS,Мировой суд,"352680, Краснодарский край, Апшеронский р-н, г Хадыженск, ул Ленина, д 54",https://msud121.krd.msudrf.ru/,msud121.krd.msudrf.ru,нет,23MS0121
Самарская область,,,Судебный участок № 141 Клявлинского судебного района Самарской области,MS,Мировой суд,"446960, Самарская обл, ж/д_ст Клявлино, пр-кт Ленина, д 5",https://141.sam.msudrf.ru/,141.sam.msudrf.ru,нет,63MS0141
Самарская область,Алексеевка,,Судебный участок № 123 Нефтегорского судебного района Самарской области,MS,Мировой суд,"446640, Самарская обл, с Алексеевка, ул Советская, зд 43",https://123.sam.msudrf.ru/,123.sam.msudrf.ru,нет,63MS0123
Самарская область,Безенчук,,Судебный участок № 124 Безенчукского судебного района Самарской области,MS,Мировой суд,"446253, Самарская обл, пгт Безенчук, ул Советская, д 172",https://124.sam.msudrf.ru/,124.sam.msudrf.ru,нет,63MS0124
Самарская область,Безенчук,,Судебный участок № 125 Безенчукского судебного района Самарской области,MS,Мировой суд,"446253, Самарская обл, пгт Безенчук, ул Советская, д 172",https://125.sam.msudrf.ru/,125.sam.msudrf.ru,нет,63MS0125
Самарская область,Богатое,,Судебный участок № 126 Богатовского судебного района Самарской области,MS,Мировой суд,"446630, Самарская обл, с Богатое, ул Чапаева, зд 14",https://126.sam.msudrf.ru/,126.sam.msudrf.ru,нет,63MS0126
Самарская область,Большая Глушица,,Судебный участок № 127 Большеглушицкого судебного района Самарской области,MS,Мировой суд,"446180, Самарская обл, с Большая Глушица, ул Советская, зд 36А",https://127.sam.msudrf.ru/,127.sam.msudrf.ru,нет,63MS0127
Самарская область,Большая Черниговка,,Судебный участок № 128 Большеглушицкого судебного района Самарской области,MS,Мировой суд,"446290, Самарская обл, с Большая Черниговка, ул Микрорайон, д 3",https://128.sam.msudrf.ru/,128.sam.msudrf.ru,нет,63MS0128
Самарская область,Борское,,Судебный участок № 129 Богатовского судебного района Самарской области,MS,Мировой суд,"446660, Самарская обл, с Борское, ул Ленинградская, д 47",https://129.sam.msudrf.ru/,129.sam.msudrf.ru,нет,63MS0129
Самарская область,Елховка,,Судебный участок № 134 Кошкинского судебного района Самарской области,MS,Мировой суд,"446870, Самарская обл, с Елховка, ул Матвея Заводского, д 45А, кв 2",https://134.sam.msudrf.ru/,134.sam.msudrf.ru,нет,63MS0134
Самарская область,Жигулевск,,Судебный участок № 58 судебного района г. Жигулевска Самарской области,MS,Мировой суд,"445351, Самарская обл, г Жигулевск, ул Гидростроителей, д 10",https://58.sam.msudrf.ru/,58.sam.msudrf.ru,нет,63MS0058
Самарская область,Жигулевск,,Судебный участок № 59 судебного района г. Жигулевска Самарской области,MS,Мировой суд,"445351, Самарская обл, г Жигулевск, ул Гидростроителей, д 10",https://59.sam.msudrf.ru/,59.sam.msudrf.ru,нет,63MS0059
Самарская область,Жигулевск,,Судебный участок № 60 судебного района г. Жигулевска Самарской области,MS,Мировой суд,"445351, Самарская обл, г Жигулевск, ул Гидростроителей, д 10",https://60.sam.msudrf.ru/,60.sam.msudrf.ru,нет,63MS0060
Самарская область,Жигулевск,,Судебный участок № 61 судебного района г. Жигулевска Самарской области,MS,Мировой суд,"445351, Самарская обл, г Жигулевск, ул Гидростроителей, д 10",https://61.sam.msudrf.ru/,61.sam.msudrf.ru,нет,63MS0061
Самарская область,Исаклы,,Судебный участок № 135 Исаклинского судебного района Самарской области,MS,Мировой суд,"446570, Самарская обл, с Исаклы, ул Куйбышевская, зд 88",https://135.sam.msudrf.ru/,135.sam.msudrf.ru,нет,63MS0135
Самарская область,Камышла,,Судебный участок № 136 Клявлинского судебного района Самарской области,MS,Мировой суд,"446970, Самарская обл, с Камышла, ул Комсомольская, влд 11",https://136.sam.msudrf.ru/,136.sam.msudrf.ru,нет,63MS0136
Самарская область,Кинель,,Судебный участок № 137 Кинельского судебного района Самарской области,MS,Мировой суд,"446430, Самарская обл, г Кинель, ул Фестивальная, д 5А",https://137.sam.msudrf.ru/,137.sam.msudrf.ru,нет,63MS0137
Самарская область,Кинель,,Судебный участок № 62 Кинельского судебного района Самарской области,MS,Мировой суд,"446430, Самарская обл, г Кинель, ул Фестивальная, д 5А",https://62.sam.msudrf.ru/,62.sam.msudrf.ru,нет,63MS0062
Самарская область,Кинель,,Судебный участок № 63 Кинельского судебного района Самарской области,MS,Мировой суд,"446430, Самарская обл, г Кинель, ул Фестивальная, д 5А",https://63.sam.msudrf.ru/,63.sam.msudrf.ru,нет,63MS0063
Самарская область,Кинель,,Судебный участок № 64 Кинельского судебного района Самарской области,MS,Мировой суд,"446430, Самарская обл, г Кинель, ул Фестивальная, д 5А",https://64.sam.msudrf.ru/,64.sam.msudrf.ru,нет,63MS0064
Самарская область,Кинель-Черкассы,,Судебный участок № 138 Кинель-Черкасского судебного района Самарской области,MS,Мировой суд,"446351, Самарская обл, с Кинель-Черкассы, ул Калинина, д 50",https://138.sam.msudrf.ru/,138.sam.msudrf.ru,нет,63MS0138
Самарская область,Кинель-Черкассы,,Судебный участок № 139 Кинель-Черкасского судебного района Самарской области,MS,Мировой суд,"446351, Самарская обл, с Кинель-Черкассы, ул Калинина, д 50",https://139.sam.msudrf.ru/,139.sam.msudrf.ru,нет,63MS0139
Самарская область,Кинель-Черкассы,,Судебный участок № 140 Кинель-Черкасского судебного района Самарской области,MS,Мировой суд,"446351, Самарская обл, с Кинель-Черкассы, ул Калинина, д 50",https://140.sam.msudrf.ru/,140.sam.msudrf.ru,нет,63MS0140
Самарская область,Кошки,,Судебный участок № 142 Кошкинского судебного района Самарской области,MS,Мировой суд,"446800, Самарская обл, с Кошки, ул 60 лет Октября, влд 19",https://142.sam.msudrf.ru/,142.sam.msudrf.ru,нет,63MS0142
Самарская область,Красноармейское,,Судебный участок № 143 Красноармейского судебного района Самарской области,MS,Мировой суд,"446140, Самарская обл, с Красноармейское, ул Октябрьская, д 1",https://143.sam.msudrf.ru/,143.sam.msudrf.ru,нет,63MS0143
Самарская область,Красный Яр,,Судебный участок № 144 Красноярского судебного района Самарской области,MS,Мировой суд,"446370, Самарская обл, с Красный Яр, ул Приусадебная, д 9",https://144.sam.msudrf.ru/,144.sam.msudrf.ru,нет,63MS0144
Самарская область,Красный Яр,,Судебный участок № 145 Красноярского судебного района Самарской области,MS,Мировой суд,"446370, Самарская обл, с Красный Яр, ул Приусадебная, д 9",https://145.sam.msudrf.ru/,145.sam.msudrf.ru,нет,63MS0145
Самарская область,Красный Яр,,Судебный участок № 146 Красноярского судебного района Самарской области,MS,Мировой суд,"446370, Самарская обл, с Красный Яр, ул Приусадебная, д 9",https://146.sam.msudrf.ru/,146.sam.msudrf.ru,нет,63MS0146
Самарская область,Нефтегорск,,Судебный участок № 147 Нефтегорского судебного района Самарской области,MS,Мировой суд,"446600, Самарская обл, г Нефтегорск, ул Спортивная, д 10",https://147.sam.msudrf.ru/,147.sam.msudrf.ru,нет,63MS0147
Самарская область,Нефтегорск,,Судебный участок № 148 Нефтегорского судебного района Самарской области,MS,Мировой суд,"446600, Самарская обл, г Нефтегорск, ул Спортивная, д 10",https://148.sam.msudrf.ru/,148.sam.msudrf.ru,нет,63MS0148
Самарская область,Новокуйбышевск,,Судебный участок № 65 судебного района г. Новокуйбышевска Самарской области,MS,Мировой суд,"446200, Самарская область, г. Новокуйбышевск, ул. Сафразьяна, д. 7, вход с ул. Островского",https://65.sam.msudrf.ru/,65.sam.msudrf.ru,нет,63MS0065
Самарская область,Новокуйбышевск,,Судебный участок № 66 судебного района г. Новокуйбышевска Самарской области,MS,Мировой суд,"446200, Самарская область, г. Новокуйбышевск, ул. Сафразьяна, д. 7, вход с ул. Островского",https://66.sam.msudrf.ru/,66.sam.msudrf.ru,нет,63MS0066
Самарская область,Новокуйбышевск,,Судебный участок № 67 судебного района г. Новокуйбышевска Самарской области,MS,Мировой суд,"446200, Самарская область, г. Новокуйбышевск, ул. Сафразьяна, д. 7, вход с ул. Островского",https://67.sam.msudrf.ru/,67.sam.msudrf.ru,нет,63MS0067
Самарская область,Новокуйбышевск,,Судебный участок № 68 судебного района г. Новокуйбышевска Самарской области,MS,Мировой суд,"446200, Самарская область, г. Новокуйбышевск, ул. Сафразьяна, д. 7, вход с ул. Островского",https://68.sam.msudrf.ru/,68.sam.msudrf.ru,нет,63MS0068
Самарская область,Новокуйбышевск,,Судебный участок № 69 судебного района г. Новокуйбышевска Самарской области,MS,Мировой суд,"446200, Самарская область, г. Новокуйбышевск, ул. Сафразьяна, д. 7, вход с ул. Островского",https://69.sam.msudrf.ru/,69.sam.msudrf.ru,нет,63MS0069
Самарская область,Октябрьск,,Судебный участок № 70 судебного района г. Октябрьска Самарской области,MS,Мировой суд,"445240, Самарская обл, г Октябрьск, пер Кирпичный, д 4",https://70.sam.msudrf.ru/,70.sam.msudrf.ru,нет,63MS0070
Самарская область,Октябрьск,,Судебный участок № 71 судебного района г. Октябрьска Самарской области,MS,Мировой суд,"445240, Самарская обл, г Октябрьск, пер Кирпичный, д 4",https://71.sam.msudrf.ru/,71.sam.msudrf.ru,нет,63MS0071
Самарская область,Отрадный,,Судебный участок № 72 судебного района г. Отрадного Самарской области,MS,Мировой суд,"446304, Самарская обл, г Отрадный, ул Советская, д 22",https://72.sam.msudrf.ru/,72.sam.msudrf.ru,нет,63MS0072
Самарская область,Отрадный,,Судебный участок № 73 судебного района г. Отрадного Самарской области,MS,Мировой суд,"446304, Самарская обл, г Отрадный, ул Советская, д 22",https://73.sam.msudrf.ru/,73.sam.msudrf.ru,нет,63MS0073
Самарская область,Отрадный,,Судебный участок № 74 судебного района г. Отрадного Самарской области,MS,Мировой суд,"446304, Самарская обл, г Отрадный, ул Советская, д 22",https://74.sam.msudrf.ru/,74.sam.msudrf.ru,нет,63MS0074
Самарская область,Пестравка,,Судебный участок № 149 Красноармейского судебного района Самарской области,MS,Мировой суд,"446160, Самарская обл, с Пестравка, ул 50 лет Октября, зд 49",https://149.sam.msudrf.ru/,149.sam.msudrf.ru,нет,63MS0149
Самарская область,Похвистнево,,Судебный участок № 150 Похвистневского судебного района Самарской области,MS,Мировой суд,"446450, Самарская обл, г Похвистнево, ул Куйбышева, д 11",https://150.sam.msudrf.ru/,150.sam.msudrf.ru,нет,63MS0150
Самарская область,Похвистнево,,Судебный участок № 75 Похвистневского судебного района Самарской области,MS,Мировой суд,"446450, Самарская обл, г Похвистнево, ул Куйбышева, д 11",https://75.sam.msudrf.ru/,75.sam.msudrf.ru,нет,63MS0075
Самарская область,Похвистнево,,Судебный участок № 76 Похвистневского судебного района Самарской области,MS,Мировой суд,"446450, Самарская обл, г Похвистнево, ул Куйбышева, д 11",https://76.sam.msudrf.ru/,76.sam.msudrf.ru,нет,63MS0076
Самарская область,Приволжье,,Судебный участок № 151 Приволжского судебного района Самарской области,MS,Мировой суд,"445560, Самарская обл, с Приволжье, ул Больничная, зд 4",https://151.sam.msudrf.ru/,151.sam.msudrf.ru,нет,63MS0151
Самарская область,Самара,,Судебный участок № 10 Кировского судебного района г. Самары,MS,Мировой суд,"443051, г Самара, ул Путейская, влд 29",https://10.sam.msudrf.ru/,10.sam.msudrf.ru,нет,63MS0010
Самарская область,Самара,,Судебный участок № 11 Кировского судебного района г. Самары,MS,Мировой суд,"443051, г Самара, ул Путейская, влд 29",https://11.sam.msudrf.ru/,11.sam.msudrf.ru,нет,63MS0011
Самарская область,Самара,,Судебный участок № 12 Кировского судебного района г. Самары,MS,Мировой суд,"443051, г Самара, ул Путейская, влд 29",https://12.sam.msudrf.ru/,12.sam.msudrf.ru,нет,63MS0012
Самарская область,Самара,,Судебный участок № 13 Кировского судебного района г. Самары,MS,Мировой суд,"443051, г Самара, ул Путейская, влд 29",https://13.sam.msudrf.ru/,13.sam.msudrf.ru,нет,63MS0013
Самарская область,Самара,,Судебный участок № 130 Волжского судебного района Самарской области,MS,Мировой суд,"443099, г Самара, ул Молодогвардейская, д 53",https://130.sam.msudrf.ru/,130.sam.msudrf.ru,нет,63MS0130
Самарская область,Самара,,Судебный участок № 131 Волжского судебного района Самарской области,MS,Мировой суд,"443099, г Самара, ул Молодогвардейская, д 53",https://131.sam.msudrf.ru/,131.sam.msudrf.ru,нет,63MS0131
Самарская область,Самара,,Судебный участок № 132 Волжского судебного района Самарской области,MS,Мировой суд,"443099, г Самара, ул Молодогвардейская, д 53",https://132.sam.msudrf.ru/,132.sam.msudrf.ru,нет,63MS0132
Самарская область,Самара,,Судебный участок № 133 Волжского судебного района Самарской области,MS,Мировой суд,"443099, г Самара, ул Молодогвардейская, д 53",https://133.sam.msudrf.ru/,133.sam.msudrf.ru,нет,63MS0133
Самарская область,Самара,,Судебный участок № 14 Кировского судебного района г. Самары,MS,Мировой суд,"443051, г Самара, ул Путейская, влд 29",https://14.sam.msudrf.ru/,14.sam.msudrf.ru,нет,63MS0014
Самарская область,Самара,,Судебный участок № 15 Кировского судебного района г. Самары,MS,Мировой суд,"443051, г Самара, ул Путейская, влд 29",https://15.sam.msudrf.ru/,15.sam.msudrf.ru,нет,63MS0015
Самарская область,Самара,,Судебный участок № 16 Кировского судебного района г. Самары,MS,Мировой суд,"443051, г Самара, ул Путейская, влд 29",https://16.sam.msudrf.ru/,16.sam.msudrf.ru,нет,63MS0016
Самарская область,Самара,,Судебный участок № 163 Красноглинского судебного района г. Самары Самарской области,MS,Мировой суд,"443112, г Самара, п Управленческий, ул Имени академика Н.Д. Кузнецова, д 13",https://163.sam.msudrf.ru/,163.sam.msudrf.ru,нет,63MS0163
Самарская область,Самара,,Судебный участок № 164 Волжского судебного района Самарской области,MS,Мировой суд,"443099, г Самара, ул Молодогвардейская, д 53",https://164.sam.msudrf.ru/,164.sam.msudrf.ru,нет,63MS0164
Самарская область,Самара,,Судебный участок № 17 Кировского судебного района г. Самары,MS,Мировой суд,"443051, г Самара, ул Путейская, влд 29",https://17.sam.msudrf.ru/,17.sam.msudrf.ru,нет,63MS0017
Самарская область,Самара,,Судебный участок № 18 Красноглинского судебного района г. Самары,MS,Мировой суд,"443112, г Самара, п Управленческий, ул Имени академика Н.Д. Кузнецова, д 13",https://18.sam.msudrf.ru/,18.sam.msudrf.ru,нет,63MS0018
Самарская область,Самара,,Судебный участок № 19 Красноглинского судебного района г. Самары,MS,Мировой суд,"443112, г Самара, п Управленческий, ул Имени академика Н.Д. Кузнецова, д 13",https://19.sam.msudrf.ru/,19.sam.msudrf.ru,нет,63MS0019
Самарская область,Самара,,Судебный участок № 2 Железнодорожного судебного района г. Самары,MS,Мировой суд,"443030, г Самара, ул Спортивная, д 17",https://2.sam.msudrf.ru/,2.sam.msudrf.ru,нет,63MS0002
Самарская область,Самара,,Судебный участок № 20 Красноглинского судебного района г. Самары,MS,Мировой суд,"443112, г Самара, п Управленческий, ул Имени академика Н.Д. Кузнецова, д 13",https://20.sam.msudrf.ru/,20.sam.msudrf.ru,нет,63MS0020
Самарская область,Самара,,Судебный участок № 21 Красноглинского судебного района г. Самары,MS,Мировой суд,"443112, г Самара, п Управленческий, ул Имени академика Н.Д. Кузнецова, д 13",https://21.sam.msudrf.ru/,21.sam.msudrf.ru,нет,63MS0021
Самарская область,Самара,,Судебный участок № 22 Куйбышевского судебного района г. Самары,MS,Мировой суд,"443004, г Самара, ул Грозненская, д 4",https://22.sam.msudrf.ru/,22.sam.msudrf.ru,нет,63MS0022
Самарская область,Самара,,Судебный участок № 23 Куйбышевского судебного района г. Самары,MS,Мировой суд,"443004, г Самара, ул Грозненская, д 4",https://23.sam.msudrf.ru/,23.sam.msudrf.ru,нет,63MS0023
Самарская область,Самара,,Судебный участок № 24 Куйбышевского судебного района г. Самары,MS,Мировой суд,"443004, г Самара, ул Молдавская, д 4",https://24.sam.msudrf.ru/,24.sam.msudrf.ru,нет,63MS0024
Самарская область,Самара,,Судебный участок № 25 Куйбышевского судебного района г. Самары,MS,Мировой суд,"443004, г Самара, ул Молдавская, д 4",https://25.sam.msudrf.ru/,25.sam.msudrf.ru,нет,63MS0025
Самарская область,Самара,,Судебный участок № 26 Ленинского судебного района г. Самары,MS,Мировой суд,"443030, г Самара, ул Спортивная, д 17",https://26.sam.msudrf.ru/,26.sam.msudrf.ru,нет,63MS0026
Самарская область,Самара,,Судебный участок № 27 Ленинского судебного района г. Самары,MS,Мировой суд,"443030, г Самара, ул Спортивная, д 17",https://27.sam.msudrf.ru/,27.sam.msudrf.ru,нет,63MS0027
Самарская область,Самара,,Судебный участок № 28 Ленинского судебного района г. Самара,MS,Мировой суд,"443030, г Самара, ул Спортивная, д 17",https://28.sam.msudrf.ru/,28.sam.msudrf.ru,нет,63MS0028
Самарская область,Самара,,Судебный участок № 29 Октябрьского судебного района г. Самары,MS,Мировой суд,"443023, г Самара, ул Промышленности, стр 278",https://29.sam.msudrf.ru/,29.sam.msudrf.ru,нет,63MS0029
Самарская область,Самара,,Судебный участок № 3 Железнодорожного судебного района г. Самары,MS,Мировой суд,"443030, г Самара, ул Спортивная, д 17",https://3.sam.msudrf.ru/,3.sam.msudrf.ru,нет,63MS0003
Самарская область,Самара,,Судебный участок № 30 Ленинского судебного района г. Самары,MS,Мировой суд,"443030, г Самара, ул Спортивная, д 17",https://30.sam.msudrf.ru/,30.sam.msudrf.ru,нет,63MS0030
Самарская область,Самара,,Судебный участок № 31 Самарского судебного района г. Самара,MS,Мировой суд,"443099, г Самара, пер Репина, д 4",https://31.sam.msudrf.ru/,31.sam.msudrf.ru,нет,63MS0031
Самарская область,Самара,,Судебный участок № 32 Октябрьского судебного района г. Самары,MS,Мировой суд,"443023, г Самара, ул Промышленности, стр 278",https://32.sam.msudrf.ru/,32.sam.msudrf.ru,нет,63MS0032
Самарская область,Самара,,Судебный участок № 33 Октябрьского судебного района г. Самары,MS,Мировой суд,"443023, г Самара, ул Промышленности, стр 278",https://33.sam.msudrf.ru/,33.sam.msudrf.ru,нет,63MS0033
Самарская область,Самара,,Судебный участок № 34 Октябрьского судебного района г. Самары,MS,Мировой суд,"443023, г Самара, ул Промышленности, стр 278",https://34.sam.msudrf.ru/,34.sam.msudrf.ru,нет,63MS0034
Самарская область,Самара,,Судебный участок № 35 Октябрьского судебного района г. Самары,MS,Мировой суд,"443023, г Самара, ул Промышленности, стр 278",https://35.sam.msudrf.ru/,35.sam.msudrf.ru,нет,63MS0035
Самарская область,Самара,,Судебный участок № 36 Октябрьского судебного района г. Самары,MS,Мировой суд,"443023, г Самара, ул Промышленности, стр 278",https://36.sam.msudrf.ru/,36.sam.msudrf.ru,нет,63MS0036
Самарская область,Самара,,Судебный участок № 37 Промышленного судебного района г. Самары,MS,Мировой суд,"443092, г Самара, ул Теннисная, д 14А",https://37.sam.msudrf.ru/,37.sam.msudrf.ru,нет,63MS0037
Самарская область,Самара,,Судебный участок № 38 Промышленного судебного района г. Самары,MS,Мировой суд,"443092, г Самара, ул Теннисная, д 14А",https://38.sam.msudrf.ru/,38.sam.msudrf.ru,нет,63MS0038
Самарская область,Самара,,Судебный участок № 39 Промышленного судебного района г. Самары,MS,Мировой суд,"443092, г Самара, ул Теннисная, д 14А",https://39.sam.msudrf.ru/,39.sam.msudrf.ru,нет,63MS0039
Самарская область,Самара,,Судебный участок № 4 Железнодорожного судебного района г. Самары,MS,Мировой суд,"443030, г Самара, ул Спортивная, д 17",https://4.sam.msudrf.ru/,4.sam.msudrf.ru,нет,63MS0004
Самарская область,Самара,,Судебный участок № 40 Промышленного судебного района г. Самары,MS,Мировой суд,"443092, г Самара, ул Теннисная, д 14А",https://40.sam.msudrf.ru/,40.sam.msudrf.ru,нет,63MS0040
Самарская область,Самара,,Судебный участок № 41 Промышленного судебного района г. Самары,MS,Мировой суд,"443092, г Самара, ул Теннисная, д 14А",https://41.sam.msudrf.ru/,41.sam.msudrf.ru,нет,63MS0041
Самарская область,Самара,,Судебный участок № 42 Промышленного судебного района г. Самары,MS,Мировой суд,"443092, г Самара, ул Теннисная, д 14А",https://42.sam.msudrf.ru/,42.sam.msudrf.ru,нет,63MS0042
Самарская область,Самара,,Судебный участок № 43 Промышленного судебного района г. Самары,MS,Мировой суд,"443092, г Самара, ул Теннисная, д 14А",https://43.sam.msudrf.ru/,43.sam.msudrf.ru,нет,63MS0043
Самарская область,Самара,,Судебный участок № 44 Промышленного судебного района г. Самары,MS,Мировой суд,"443092, г Самара, ул Теннисная, д 14А",https://44.sam.msudrf.ru/,44.sam.msudrf.ru,нет,63MS0044
Самарская область,Самара,,Судебный участок № 45 Промышленного судебного района г. Самары,MS,Мировой суд,"443092, г Самара, ул Теннисная, д 14А",https://45.sam.msudrf.ru/,45.sam.msudrf.ru,нет,63MS0045
Самарская область,Самара,,Судебный участок № 46 Промышленного судебного района г. Самары,MS,Мировой суд,"443092, г Самара, ул Теннисная, д 14А",https://46.sam.msudrf.ru/,46.sam.msudrf.ru,нет,63MS0046
Самарская область,Самара,,Судебный участок № 47 Промышленного судебного района г. Самары,MS,Мировой суд,"443092, г Самара, ул Теннисная, д 14А",https://47.sam.msudrf.ru/,47.sam.msudrf.ru,нет,63MS0047
Самарская область,Самара,,Судебный участок № 48 Промышленного судебного района г. Самары,MS,Мировой суд,"443092, г Самара, ул Теннисная, д 14А",https://48.sam.msudrf.ru/,48.sam.msudrf.ru,нет,63MS0048
Самарская область,Самара,,Судебный участок № 49 Самарского судебного района г. Самары,MS,Мировой суд,"443099, г Самара, пер Репина, д 4",https://49.sam.msudrf.ru/,49.sam.msudrf.ru,нет,63MS0049
Самарская область,Самара,,Судебный участок № 5 Железнодорожного судебного района г. Самары,MS,Мировой суд,"443030, г Самара, ул Спортивная, д 17",https://5.sam.msudrf.ru/,5.sam.msudrf.ru,нет,63MS0005
Самарская область,Самара,,Судебный участок № 50 Советского судебного района г. Самара,MS,Мировой суд,"443117, г Самара, ул Партизанская, д 236",https://50.sam.msudrf.ru/,50.sam.msudrf.ru,нет,63MS0050
Самарская область,Самара,,Судебный участок № 51 Советского судебного района г. Самары,MS,Мировой суд,"443117, г Самара, ул Партизанская, д 236",https://51.sam.msudrf.ru/,51.sam.msudrf.ru,нет,63MS0051
Самарская область,Самара,,Судебный участок № 52 Советского судебного района г. Самары,MS,Мировой суд,"443117, г Самара, ул Партизанская, д 236",https://52.sam.msudrf.ru/,52.sam.msudrf.ru,нет,63MS0052
Самарская область,Самара,,Судебный участок № 53 Советского судебного района г. Самары,MS,Мировой суд,"443117, г Самара, ул Партизанская, д 236",https://53.sam.msudrf.ru/,53.sam.msudrf.ru,нет,63MS0053
Самарская область,Самара,,Судебный участок № 54 Советского судебного района г. Самары,MS,Мировой суд,"443117, г Самара, ул Партизанская, д 236",https://54.sam.msudrf.ru/,54.sam.msudrf.ru,нет,63MS0054
Самарская область,Самара,,Судебный участок № 55 Советского судебного района г. Самары,MS,Мировой суд,"443117, г Самара, ул Партизанская, д 236",https://55.sam.msudrf.ru/,55.sam.msudrf.ru,нет,63MS0055
Самарская область,Самара,,Судебный участок № 56 Советского судебного района г. Самары,MS,Мировой суд,"443117, г Самара, ул Партизанская, д 236",https://56.sam.msudrf.ru/,56.sam.msudrf.ru,нет,63MS0056
Самарская область,Самара,,Судебный участок № 57 Советского судебного района г. Самары,MS,Мировой суд,"443117, г Самара, ул Партизанская, д 236",https://57.sam.msudrf.ru/,57.sam.msudrf.ru,нет,63MS0057
Самарская область,Самара,,Судебный участок № 6 Железнодорожного судебного района г. Самары,MS,Мировой суд,"443030, г Самара, ул Спортивная, д 17",https://6.sam.msudrf.ru/,6.sam.msudrf.ru,нет,63MS0006
Самарская область,Самара,,Судебный участок № 7 Октябрьского судебного района г. Самары,MS,Мировой суд,"443023, г Самара, ул Промышленности, стр 278",https://7.sam.msudrf.ru/,7.sam.msudrf.ru,нет,63MS0007
Самарская область,Самара,,Судебный участок № 8 Кировского судебного района г. Самары,MS,Мировой суд,"443051, г Самара, ул Путейская, влд 29",https://8.sam.msudrf.ru/,8.sam.msudrf.ru,нет,63MS0008
Самарская область,Самара,,Судебный участок № 9 Кировского судебного района г. Самары,MS,Мировой суд,"443051, г Самара, ул Путейская, влд 29",https://9.sam.msudrf.ru/,9.sam.msudrf.ru,нет,63MS0009
Самарская область,Сергиевск,,Судебный участок № 152 Сергиевского судебного района Самарской области,MS,Мировой суд,"446540, Самарская обл, с Сергиевск, ул Советская, зд 35",https://152.sam.msudrf.ru/,152.sam.msudrf.ru,нет,63MS0152
Самарская область,Сергиевск,,Судебный участок № 153 Сергиевского судебного района Самарской области,MS,Мировой суд,"446540, Самарская обл, с Сергиевск, ул Советская, зд 35",https://153.sam.msudrf.ru/,153.sam.msudrf.ru,нет,63MS0153
Самарская область,Сызрань,,Судебный участок № 158 Cызранского судебного района Самарской области,MS,Мировой суд,"446001, Самарская обл, г Сызрань, ул Ульяновская, д 127",https://158.sam.msudrf.ru/,158.sam.msudrf.ru,нет,63MS0158
Самарская область,Сызрань,,Судебный участок № 77 судебного района г. Сызрани Самарской области,MS,Мировой суд,"446001, Самарская обл, г Сызрань, ул Советская, д 47А",https://77.sam.msudrf.ru/,77.sam.msudrf.ru,нет,63MS0077
Самарская область,Сызрань,,Судебный участок № 78 судебного района г. Сызрани Самарской области,MS,Мировой суд,"446001, Самарская обл, г Сызрань, ул Советская, д 47А",https://78.sam.msudrf.ru/,78.sam.msudrf.ru,нет,63MS0078
Самарская область,Сызрань,,Судебный участок № 79 судебного района г. Сызрани Самарской области,MS,Мировой суд,"446001, Самарская обл, г Сызрань, ул Советская, д 47А",https://79.sam.msudrf.ru/,79.sam.msudrf.ru,нет,63MS0079
Самарская область,Сызрань,,Судебный участок № 80 судебного района г. Сызрани Самарской области,MS,Мировой суд,"446001, Самарская обл, г Сызрань, ул Советская, д 47А",https://80.sam.msudrf.ru/,80.sam.msudrf.ru,нет,63MS0080
Самарская область,Сызрань,,Судебный участок № 81 судебного района г. Сызрани Самарской области,MS,Мировой суд,"446001, Самарская обл, г Сызрань, ул Советская, д 47А",https://81.sam.msudrf.ru/,81.sam.msudrf.ru,нет,63MS0081
Самарская область,Сызрань,,Судебный участок № 82 судебного района г. Сызрани Самарской области,MS,Мировой суд,"446001, Самарская обл, г Сызрань, ул Советская, д 47А",https://82.sam.msudrf.ru/,82.sam.msudrf.ru,нет,63MS0082
Самарская область,Сызрань,,Судебный участок № 83 судебного района г. Сызрани Самарской области,MS,Мировой суд,"446001, Самарская обл, г Сызрань, ул Советская, д 47А",https://83.sam.msudrf.ru/,83.sam.msudrf.ru,нет,63MS0083
Самарская область,Сызрань,,Судебный участок № 84 судебного района г. Сызрани Самарской области,MS,Мировой суд,"446001, Самарская обл, г Сызрань, ул Советская, д 47А",https://84.sam.msudrf.ru/,84.sam.msudrf.ru,нет,63MS0084
Самарская область,Тольятти,,Судебный участок № 100 Автозаводского судебного района г. Тольятти Самарской области,MS,Мировой суд,"445039, Самарская обл, г Тольятти, ул Дзержинского, д 17Б",https://100.sam.msudrf.ru/,100.sam.msudrf.ru,нет,63MS0100
Самарская область,Тольятти,,Судебный участок № 101 Автозаводского судебного района г. Тольятти Самарской области,MS,Мировой суд,"445039, Самарская обл, г Тольятти, ул Дзержинского, д 17Б",https://101.sam.msudrf.ru/,101.sam.msudrf.ru,нет,63MS0101
Самарская область,Тольятти,,Судебный участок № 102 Автозаводского судебного района г. Тольятти Самарской области,MS,Мировой суд,"445039, Самарская обл, г Тольятти, ул Дзержинского, д 17Б",https://102.sam.msudrf.ru/,102.sam.msudrf.ru,нет,63MS0102
Самарская область,Тольятти,,Судебный участок № 103 Автозаводского судебного района г. Тольятти Самарской области,MS,Мировой суд,"445039, Самарская обл, г Тольятти, ул Дзержинского, д 17Б",https://103.sam.msudrf.ru/,103.sam.msudrf.ru,нет,63MS0103
Самарская область,Тольятти,,Судебный участок № 104 Автозаводского судебного района г. Тольятти Самарской области,MS,Мировой суд,"445039, Самарская обл, г Тольятти, ул Дзержинского, д 17Б",https://104.sam.msudrf.ru/,104.sam.msudrf.ru,нет,63MS0104
Самарская область,Тольятти,,Судебный участок № 105 Комсомольского судебного района г. Тольятти Самарской области,MS,Мировой суд,"445015, Самарская обл, г Тольятти, ул Шлюзовая, влд 4",https://105.sam.msudrf.ru/,105.sam.msudrf.ru,нет,63MS0105
Самарская область,Тольятти,,Судебный участок № 106 Комсомольского судебного района г. Тольятти Самарской области,MS,Мировой суд,"445015, Самарская обл, г Тольятти, ул Шлюзовая, влд 4",https://106.sam.msudrf.ru/,106.sam.msudrf.ru,нет,63MS0106
Самарская область,Тольятти,,Судебный участок № 107 Комсомольского судебного района г. Тольятти Самарской области,MS,Мировой суд,"445015, Самарская обл, г Тольятти, ул Шлюзовая, влд 4",https://107.sam.msudrf.ru/,107.sam.msudrf.ru,нет,63MS0107
Самарская область,Тольятти,,Судебный участок № 108 Комсомольского судебного района г. Тольятти Самарской области,MS,Мировой суд,"445015, Самарская обл, г Тольятти, ул Шлюзовая, влд 4",https://108.sam.msudrf.ru/,108.sam.msudrf.ru,нет,63MS0108
Самарская область,Тольятти,,Судебный участок № 109 Комсомольского судебного района г. Тольятти Самарской области,MS,Мировой суд,"445015, Самарская обл, г Тольятти, ул Шлюзовая, влд 4",https://109.sam.msudrf.ru/,109.sam.msudrf.ru,нет,63MS0109
Самарская область,Тольятти,,Судебный участок № 110 Комсомольского судебного района г. Тольятти Самарской области,MS,Мировой суд,"445015, Самарская обл, г Тольятти, ул Шлюзовая, влд 4",https://110.sam.msudrf.ru/,110.sam.msudrf.ru,нет,63MS0110
Самарская область,Тольятти,,Судебный участок № 111 Центрального судебного района г. Тольятти Самарской области,MS,Мировой суд,"445020, Самарская обл, г Тольятти, ул Белорусская, влд 16",https://111.sam.msudrf.ru/,111.sam.msudrf.ru,нет,63MS0111
Самарская область,Тольятти,,Судебный участок № 112 Центрального судебного района г. Тольятти Самарской области,MS,Мировой суд,"445020, Самарская обл, г Тольятти, ул Белорусская, влд 16",https://112.sam.msudrf.ru/,112.sam.msudrf.ru,нет,63MS0112
Самарская область,Тольятти,,Судебный участок № 113 Центрального судебного района г. Тольятти Самарской области,MS,Мировой суд,"445020, Самарская обл, г Тольятти, ул Белорусская, влд 16",https://113.sam.msudrf.ru/,113.sam.msudrf.ru,нет,63MS0113
Самарская область,Тольятти,,Судебный участок № 114 Центрального судебного района г. Тольятти Самарской области,MS,Мировой суд,"445020, Самарская обл, г Тольятти, ул Белорусская, влд 16",https://114.sam.msudrf.ru/,114.sam.msudrf.ru,нет,63MS0114
Самарская область,Тольятти,,Судебный участок № 115 Центрального судебного района г. Тольятти Самарской области,MS,Мировой суд,"445020, Самарская обл, г Тольятти, ул Белорусская, влд 16",https://115.sam.msudrf.ru/,115.sam.msudrf.ru,нет,63MS0115
Самарская область,Тольятти,,Судебный участок № 116 Центрального судебного района г. Тольятти Самарской области,MS,Мировой суд,"445020, Самарская обл, г Тольятти, ул Белорусская, влд 16",https://116.sam.msudrf.ru/,116.sam.msudrf.ru,нет,63MS0116
Самарская область,Тольятти,,Судебный участок № 117 Центрального судебного района г. Тольятти Самарской области,MS,Мировой суд,"445020, Самарская обл, г Тольятти, ул Белорусская, влд 16",https://117.sam.msudrf.ru/,117.sam.msudrf.ru,нет,63MS0117
Самарская область,Тольятти,,Судебный участок № 118 Центрального судебного района г. Тольятти Самарской области,MS,Мировой суд,"445020, Самарская обл, г Тольятти, ул Белорусская, влд 16",https://118.sam.msudrf.ru/,118.sam.msudrf.ru,нет,63MS0118
Самарская область,Тольятти,,Судебный участок № 155 Ставропольского судебного района Самарской области,MS,Мировой суд,"445012, Самарская обл, г Тольятти, ул Мурысева, д 54",https://155.sam.msudrf.ru/,155.sam.msudrf.ru,нет,63MS0155
Самарская область,Тольятти,,Судебный участок № 156 Ставропольского судебного района Самарской области,MS,Мировой суд,"445012, Самарская обл, г Тольятти, ул Мурысева, д 54",https://156.sam.msudrf.ru/,156.sam.msudrf.ru,нет,63MS0156
Самарская область,Тольятти,,Судебный участок № 157 Ставропольского судебного района Самарской области,MS,Мировой суд,"445012, Самарская обл, г Тольятти, ул Мурысева, д 54",https://157.sam.msudrf.ru/,157.sam.msudrf.ru,нет,63MS0157
Самарская область,Тольятти,,Судебный участок № 85 Автозаводского судебного района г. Тольятти Самарской области,MS,Мировой суд,"445039, Самарская обл, г Тольятти, ул Дзержинского, д 17Б",https://85.sam.msudrf.ru/,85.sam.msudrf.ru,нет,63MS0085
Самарская область,Тольятти,,Судебный участок № 86 Автозаводского судебного района г. Тольятти Самарской области,MS,Мировой суд,"445039, Самарская обл, г Тольятти, ул Дзержинского, д 17Б",https://86.sam.msudrf.ru/,86.sam.msudrf.ru,нет,63MS0086
Самарская область,Тольятти,,Судебный участок № 87 Автозаводского судебного района г. Тольятти Самарской области,MS,Мировой суд,"445039, Самарская обл, г Тольятти, ул Дзержинского, д 17Б",https://87.sam.msudrf.ru/,87.sam.msudrf.ru,нет,63MS0087
Самарская область,Тольятти,,Судебный участок № 88 Автозаводского судебного района г. Тольятти Самарской области,MS,Мировой суд,"445039, Самарская обл, г Тольятти, ул Дзержинского, д 17Б",https://88.sam.msudrf.ru/,88.sam.msudrf.ru,нет,63MS0088
Самарская область,Тольятти,,Судебный участок № 89 Автозаводского судебного района г. Тольятти Самарской области,MS,Мировой суд,"445039, Самарская обл, г Тольятти, ул Дзержинского, д 17Б",https://89.sam.msudrf.ru/,89.sam.msudrf.ru,нет,63MS0089
Самарская область,Тольятти,,Судебный участок № 90 Автозаводского судебного района г. Тольятти Самарской области,MS,Мировой суд,"445039, Самарская обл, г Тольятти, ул Дзержинского, д 17Б",https://90.sam.msudrf.ru/,90.sam.msudrf.ru,нет,63MS0090
Самарская область,Тольятти,,Судебный участок № 91 Автозаводского судебного района г. Тольятти Самарской области,MS,Мировой суд,"445039, Самарская обл, г Тольятти, ул Дзержинского, д 17Б",https://91.sam.msudrf.ru/,91.sam.msudrf.ru,нет,63MS0091
Самарская область,Тольятти,,Судебный участок № 92 Автозаводского судебного района г. Тольятти Самарской области,MS,Мировой суд,"445039, Самарская обл, г Тольятти, ул Дзержинского, д 17Б",https://92.sam.msudrf.ru/,92.sam.msudrf.ru,нет,63MS0092
Самарская область,Тольятти,,Судебный участок № 93 Автозаводского судебного района г. Тольятти Самарской области,MS,Мировой суд,"445039, Самарская обл, г Тольятти, ул Дзержинского, д 17Б",https://93.sam.msudrf.ru/,93.sam.msudrf.ru,нет,63MS0093
Самарская область,Тольятти,,Судебный участок № 94 Автозаводского судебного района г. Тольятти Самарской области,MS,Мировой суд,"445039, Самарская обл, г Тольятти, ул Дзержинского, д 17Б",https://94.sam.msudrf.ru/,94.sam.msudrf.ru,нет,63MS0094
Самарская область,Тольятти,,Судебный участок № 95 Автозаводского судебного района г. Тольятти Самарской области,MS,Мировой суд,"445039, Самарская обл, г Тольятти, ул Дзержинского, д 17Б",https://95.sam.msudrf.ru/,95.sam.msudrf.ru,нет,63MS0095
Самарская область,Тольятти,,Судебный участок № 96 Автозаводского судебного района г. Тольятти Самарской области,MS,Мировой суд,"445039, Самарская обл, г Тольятти, ул Дзержинского, д 17Б",https://96.sam.msudrf.ru/,96.sam.msudrf.ru,нет,63MS0096
Самарская область,Тольятти,,Судебный участок № 97 Автозаводского судебного района г. Тольятти Самарской области,MS,Мировой суд,"445039, Самарская обл, г Тольятти, ул Дзержинского, д 17Б",https://97.sam.msudrf.ru/,97.sam.msudrf.ru,нет,63MS0097
Самарская область,Тольятти,,Судебный участок № 98 Автозаводского судебного района г. Тольятти Самарской области,MS,Мировой суд,"445039, Самарская обл, г Тольятти, ул Дзержинского, д 17Б",https://98.sam.msudrf.ru/,98.sam.msudrf.ru,нет,63MS0098
Самарская область,Тольятти,,Судебный участок № 99 Автозаводского судебного района г. Тольятти Самарской области,MS,Мировой суд,"445039, Самарская обл, г Тольятти, ул Дзержинского, д 17Б",https://99.sam.msudrf.ru/,99.sam.msudrf.ru,нет,63MS0099
Самарская область,Хворостянка,,Судебный участок № 159 Приволжского судебного района Самарской области,MS,Мировой суд,"445590, Самарская обл, с Хворостянка, ул Советская, д 43",https://159.sam.msudrf.ru/,159.sam.msudrf.ru,нет,63MS0159
Самарская область,Чапаевск,,Судебный участок № 119 судебного района г. Чапаевска Самарской области,MS,Мировой суд,"446100, Самарская обл, г Чапаевск, ул Пионерская, д 1",https://119.sam.msudrf.ru/,119.sam.msudrf.ru,нет,63MS0119
Самарская область,Чапаевск,,Судебный участок № 120 судебного района г. Чапаевска Самарской области,MS,Мировой суд,"446100, Самарская обл, г Чапаевск, ул Пионерская, д 1",https://120.sam.msudrf.ru/,120.sam.msudrf.ru,нет,63MS0120
Самарская область,Чапаевск,,Судебный участок № 121 судебного района г. Чапаевска Самарской области,MS,Мировой суд,"446100, Самарская обл, г Чапаевск, ул Пионерская, д 1",https://121.sam.msudrf.ru/,121.sam.msudrf.ru,нет,63MS0121
Самарская область,Чапаевск,,Судебный участок № 122 судебного района г. Чапаевска Самарской области,MS,Мировой суд,"446100, Самарская обл, г Чапаевск, ул Пионерская, д 1",https://122.sam.msudrf.ru/,122.sam.msudrf.ru,нет,63MS0122
Самарская область,Челно-Вершины,,Судебный участок № 160 Исаклинского судебного района Самарской области,MS,Мировой суд,"446840, Самарская обл, с Челно-Вершины, ул Шоссейная, зд 1",https://160.sam.msudrf.ru/,160.sam.msudrf.ru,нет,63MS0160
Самарская область,Шентала,,Судебный участок № 161 Исаклинского судебного района Самарской области,MS,Мировой суд,"446910, Самарская область, ст. Шентала, ул. Советская, д. 5",https://161.sam.msudrf.ru/,161.sam.msudrf.ru,нет,63MS0161
Самарская область,Шигоны,,Судебный участок № 162 Шигонского судебного района Самарской области,MS,Мировой суд,"446720, Самарская обл, Шигонский р-н, с Шигоны, пл Ленина, зд 4",https://162.sam.msudrf.ru/,162.sam.msudrf.ru,нет,63MS0162
Новосибирская область,Баган,,Судебный участок № 4 Карасукского судебного района Новосибирской области,MS,Мировой суд,"632770, Новосибирская обл, с Баган, ул М.Горького, д 38",https://bag.nsk.msudrf.ru/,bag.nsk.msudrf.ru,нет,54MS0068
Новосибирская область,Барабинск,,Судебный участок № 2 Барабинского судебного района Новосибирской области,MS,Мировой суд,"632336, Новосибирская обл, Барабинский р-н, г Барабинск, ул Кирова, д 26",https://2bar.nsk.msudrf.ru/,2bar.nsk.msudrf.ru,нет,54MS0070
Новосибирская область,Барабинск,,Судебный участок № 3 Барабинского судебного района Новосибирской области,MS,Мировой суд,"632336, Новосибирская обл, Барабинский р-н, г Барабинск, ул Кирова, д 26",https://3bar.nsk.msudrf.ru/,3bar.nsk.msudrf.ru,нет,54MS0071
Новосибирская область,Бердск,,Судебный участок № 1 г. Бердска Новосибирской области,MS,Мировой суд,"633003, Новосибирская обл, г Бердск, ул Боровая, д 4/7",https://1brd.nsk.msudrf.ru/,1brd.nsk.msudrf.ru,нет,54MS0072
Новосибирская область,Бердск,,Судебный участок № 2 г. Бердска Новосибирской области,MS,Мировой суд,"633003, Новосибирская обл, г Бердск, ул Боровая, д 4/7",https://2brd.nsk.msudrf.ru/,2brd.nsk.msudrf.ru,нет,54MS0073
Новосибирская область,Бердск,,Судебный участок № 3 г. Бердска Новосибирской области,MS,Мировой суд,"633003, Новосибирская обл, г Бердск, ул Боровая, д 4/7",https://3brd.nsk.msudrf.ru/,3brd.nsk.msudrf.ru,нет,54MS0074
Новосибирская область,Бердск,,Судебный участок № 4 г. Бердска Новосибирской области,MS,Мировой суд,"633003, Новосибирская обл, г Бердск, ул Боровая, д 4/7",https://4brd.nsk.msudrf.ru/,4brd.nsk.msudrf.ru,нет,54MS0075
Новосибирская область,Бердск,,Судебный участок № 5 г. Бердска Новосибирской области,MS,Мировой суд,"633003, Новосибирская обл, г Бердск, ул Боровая, д 4/7",https://5brd.nsk.msudrf.ru/,5brd.nsk.msudrf.ru,нет,54MS0137
Новосибирская область,Болотное,,Судебный участок № 1 Болотнинского судебного района Новосибирской области,MS,Мировой суд,"633340, Новосибирская обл, г Болотное, ул Коммунистическая, д 6",https://1bol.nsk.msudrf.ru/,1bol.nsk.msudrf.ru,нет,54MS0076
Новосибирская область,Болотное,,Судебный участок № 2 Болотнинского судебного района Новосибирской области,MS,Мировой суд,"633340, Новосибирская обл, г Болотное, ул Коммунистическая, д 6",https://2bol.nsk.msudrf.ru/,2bol.nsk.msudrf.ru,нет,54MS0077
Новосибирская область,Венгерово,,Судебный участок № 1 Венгеровского судебного района Новосибирской области,MS,Мировой суд,"632241, Новосибирская обл, Венгеровский р-н, с Венгерово, ул Краснопартизанская, зд 64",https://ven.nsk.msudrf.ru/,ven.nsk.msudrf.ru,нет,54MS0078
Новосибирская область,Довольное,,Судебный участок № 1 Доволенского судебного района Новосибирской области,MS,Мировой суд,"632450, Новосибирская обл, Доволенский р-н, с Довольное, ул Ленина, д 77",https://dvl.nsk.msudrf.ru/,dvl.nsk.msudrf.ru,нет,54MS0079
Новосибирская область,Здвинск,,Судебный участок № 2 Доволенского судебного района Новосибирской области,MS,Мировой суд,"632951, Новосибирская обл, с Здвинск, ул Здвинского, д 38",https://zdv.nsk.msudrf.ru/,zdv.nsk.msudrf.ru,нет,54MS0080
Новосибирская область,Искитим,,Судебный участок № 1 Искитимского судебного района Новосибирской области,MS,Мировой суд,"633204, Новосибирская обл, г Искитим, пр-кт Юбилейный, д 1Б",https://1isk.nsk.msudrf.ru/,1isk.nsk.msudrf.ru,нет,54MS0081
Новосибирская область,Искитим,,Судебный участок № 2 Искитимского судебного района Новосибирской области,MS,Мировой суд,"633204, Новосибирская обл, г Искитим, пр-кт Юбилейный, д 1Б",https://2isk.nsk.msudrf.ru/,2isk.nsk.msudrf.ru,нет,54MS0082
Новосибирская область,Искитим,,Судебный участок № 3 Искитимского судебного района Новосибирской области,MS,Мировой суд,"633204, Новосибирская обл, г Искитим, пр-кт Юбилейный, д 1Б",https://3isk.nsk.msudrf.ru/,3isk.nsk.msudrf.ru,нет,54MS0083
Новосибирская область,Искитим,,Судебный участок № 4 Искитимского судебного района Новосибирской области,MS,Мировой суд,"633204, Новосибирская обл, г Искитим, пр-кт Юбилейный, д 1Б",https://4isk.nsk.msudrf.ru/,4isk.nsk.msudrf.ru,нет,54MS0084
Новосибирская область,Искитим,,Судебный участок № 5 Искитимского судебного района Новосибирской области,MS,Мировой суд,"633204, Новосибирская обл, г Искитим, пр-кт Юбилейный, д 1Б",https://5isk.nsk.msudrf.ru/,5isk.nsk.msudrf.ru,нет,54MS0085
Новосибирская область,Искитим,,Судебный участок № 6 Искитимского судебного района Новосибирской области,MS,Мировой суд,"633204, Новосибирская обл, г Искитим, пр-кт Юбилейный, д 1Б",https://6isk.nsk.msudrf.ru/,6isk.nsk.msudrf.ru,нет,54MS0086
Новосибирская область,Карасук,,Судебный участок № 1 Карасукского судебного района Новосибирской области,MS,Мировой суд,"632868, Новосибирская обл, г Карасук, ул Октябрьская, д 75",https://1kar.nsk.msudrf.ru/,1kar.nsk.msudrf.ru,нет,54MS0087
Новосибирская область,Карасук,,Судебный участок № 2 Карасукского судебного района Новосибирской области,MS,Мировой суд,"632868, Новосибирская обл, г Карасук, ул Октябрьская, д 75",https://2kar.nsk.msudrf.ru/,2kar.nsk.msudrf.ru,нет,54MS0088
Новосибирская область,Карасук,,Судебный участок № 3 Карасукского судебного района Новосибирской области,MS,Мировой суд,"632868, Новосибирская обл, г Карасук, ул Октябрьская, д 75",https://3kar.nsk.msudrf.ru/,3kar.nsk.msudrf.ru,нет,54MS0089
Новосибирская область,Каргат,,Судебный участок № 3 Чулымского судебного района Новосибирской области,MS,Мировой суд,"632402, Новосибирская обл, г Каргат, ул Максима Горького, д 38",https://krg.nsk.msudrf.ru/,krg.nsk.msudrf.ru,нет,54MS0090
Новосибирская область,Колывань,,Судебный участок № 1 Колыванского судебного района Новосибирской области,MS,Мировой суд,"633162, Новосибирская обл, рп Колывань, ул Московская, д 39",https://1klv.nsk.msudrf.ru/,1klv.nsk.msudrf.ru,нет,54MS0091
Новосибирская область,Колывань,,Судебный участок № 2 Колыванского судебного района Новосибирской области,MS,Мировой суд,"633162, Новосибирская обл, рп Колывань, ул Московская, д 39",https://2klv.nsk.msudrf.ru/,2klv.nsk.msudrf.ru,нет,54MS0092
Новосибирская область,Коченево,,Судебный участок № 1 Коченевского судебного района Новосибирской области,MS,Мировой суд,"632640, Новосибирская обл, рп Коченево, ул Николая Бровина, д 8",https://1kch.nsk.msudrf.ru/,1kch.nsk.msudrf.ru,нет,54MS0093
Новосибирская область,Коченево,,Судебный участок № 2 Коченевского судебного района Новосибирской области,MS,Мировой суд,"632640, Новосибирская обл, рп Коченево, ул Николая Бровина, д 8",https://2kch.nsk.msudrf.ru/,2kch.nsk.msudrf.ru,нет,54MS0094
Новосибирская область,Кочки,,Судебный участок № 3 Ордынского судебного района Новосибирской области,MS,Мировой суд,"632491, Новосибирская обл, с Кочки, ул Советская, д 20",https://kcv.nsk.msudrf.ru/,kcv.nsk.msudrf.ru,нет,54MS0095
Новосибирская область,Краснозерское,,Судебный участок № 1 Краснозерского судебного района Новосибирской области,MS,Мировой суд,"632901, Новосибирская обл, рп Краснозерское, ул Советская, зд 68",https://1krz.nsk.msudrf.ru/,1krz.nsk.msudrf.ru,нет,54MS0096
Новосибирская область,Краснозерское,,Судебный участок № 2 Краснозерского судебного района Новосибирской области,MS,Мировой суд,"632901, Новосибирская обл, рп Краснозерское, ул Советская, зд 68",https://2krz.nsk.msudrf.ru/,2krz.nsk.msudrf.ru,нет,54MS0097
Новосибирская область,Краснообск,,Судебный участок № 1 Новосибирского судебного района Новосибирской области,MS,Мировой суд,"630501, Новосибирская обл, Новосибирский р-н, рп Краснообск, ул Центральная, д 4",https://1nsk.nsk.msudrf.ru/,1nsk.nsk.msudrf.ru,нет,54MS0108
Новосибирская область,Краснообск,,Судебный участок № 2 Новосибирского судебного района Новосибирской области,MS,Мировой суд,"630501, Новосибирская обл, Новосибирский р-н, рп Краснообск, ул Центральная, д 4",https://2nsk.nsk.msudrf.ru/,2nsk.nsk.msudrf.ru,нет,54MS0109
Новосибирская область,Краснообск,,Судебный участок № 3 Новосибирского судебного района Новосибирской области,MS,Мировой суд,"630501, Новосибирская обл, Новосибирский р-н, рп Краснообск, ул Центральная, д 4",https://3nsk.nsk.msudrf.ru/,3nsk.nsk.msudrf.ru,нет,54MS0110
Новосибирская область,Краснообск,,Судебный участок № 4 Новосибирского судебного района Новосибирской области,MS,Мировой суд,"630501, Новосибирская обл, Новосибирский р-н, рп Краснообск, ул Центральная, д 4",https://4nsk.nsk.msudrf.ru/,4nsk.nsk.msudrf.ru,нет,54MS0111
Новосибирская область,Краснообск,,Судебный участок № 5 Новосибирского судебного района Новосибирской области,MS,Мировой суд,"630501, Новосибирская обл, Новосибирский р-н, рп Краснообск, ул Центральная, д 4",https://5nsk.nsk.msudrf.ru/,5nsk.nsk.msudrf.ru,нет,54MS0112
Новосибирская область,Краснообск,,Судебный участок № 6 Новосибирского судебного района Новосибирской области,MS,Мировой суд,"630501, Новосибирская обл, Новосибирский р-н, рп Краснообск, ул Центральная, д 4",https://6nsk.nsk.msudrf.ru/,6nsk.nsk.msudrf.ru,нет,54MS0138
Новосибирская область,Куйбышев,,Судебный участок № 1 Куйбышевского судебного района Новосибирской области,MS,Мировой суд,"632382, Новосибирская обл, Куйбышевский р-н, г Куйбышев, кв-л 15-й, зд 3/1",https://1kbv.nsk.msudrf.ru/,1kbv.nsk.msudrf.ru,нет,54MS0098
Новосибирская область,Куйбышев,,Судебный участок № 2 Куйбышевского судебного района Новосибирской области,MS,Мировой суд,"632382, Новосибирская обл, Куйбышевский р-н, г Куйбышев, кв-л 15-й, зд 3/1",https://2kbv.nsk.msudrf.ru/,2kbv.nsk.msudrf.ru,нет,54MS0099
Новосибирская область,Куйбышев,,Судебный участок № 3 Куйбышевского судебного района Новосибирской области,MS,Мировой суд,"632382, Новосибирская обл, Куйбышевский р-н, г Куйбышев, кв-л 15-й, зд 3/1",https://3kbv.nsk.msudrf.ru/,3kbv.nsk.msudrf.ru,нет,54MS0100
Новосибирская область,Купино,,Судебный участок № 1 Купинского судебного района Новосибирской области,MS,Мировой суд,"632733, Новосибирская обл, г Купино, ул Карла Маркса, д 8А",https://1kpn.nsk.msudrf.ru/,1kpn.nsk.msudrf.ru,нет,54MS0101
Новосибирская область,Купино,,Судебный участок № 2 Купинского судебного района Новосибирской области,MS,Мировой суд,"632733, Новосибирская обл, г Купино, ул Карла Маркса, д 8А",https://2kpn.nsk.msudrf.ru/,2kpn.nsk.msudrf.ru,нет,54MS0102
Новосибирская область,Кыштовка,,Судебный участок № 2 Венгеровского судебного района Новосибирской области,MS,Мировой суд,"632270, Новосибирская обл, с Кыштовка, ул Кооперативная, д 25",https://ktv.nsk.msudrf.ru/,ktv.nsk.msudrf.ru,нет,54MS0103
Новосибирская область,Маслянино,,Судебный участок № 4 Черепановского судебного района Новосибирской области,MS,Мировой суд,"633564, Новосибирская обл, рп Маслянино, ул Партизанская, д 1",https://2msl.nsk.msudrf.ru/,2msl.nsk.msudrf.ru,нет,54MS0105
Новосибирская область,Мошково,,Судебный участок № 1 Мошковского судебного района Новосибирской области,MS,Мировой суд,"633131, Новосибирская обл, рп Мошково, ул Советская, д 7Б",https://1mkv.nsk.msudrf.ru/,1mkv.nsk.msudrf.ru,нет,54MS0106
Новосибирская область,Мошково,,Судебный участок № 2 Мошковского судебного района Новосибирской области,MS,Мировой суд,"633131, Новосибирская обл, рп Мошково, ул Советская, д 7Б",https://2mkv.nsk.msudrf.ru/,2mkv.nsk.msudrf.ru,нет,54MS0107
Новосибирская область,Новосибирск,,Судебный участок № 1 Дзержинского судебного района г. Новосибирска,MS,Мировой суд,"630015, г Новосибирск, ул Гоголя, д 233/1",https://1dzr.nsk.msudrf.ru/,1dzr.nsk.msudrf.ru,нет,54MS0001
Новосибирская область,Новосибирск,,Судебный участок № 1 Железнодорожного судебного района г. Новосибирска,MS,Мировой суд,"630132, г Новосибирск, ул 1905 года, д 87",https://1zhl.nsk.msudrf.ru/,1zhl.nsk.msudrf.ru,нет,54MS0008
Новосибирская область,Новосибирск,,Судебный участок № 1 Заельцовского судебного района г. Новосибирска,MS,Мировой суд,"630049, г Новосибирск, ул Весенняя, д 12А",https://1zlv.nsk.msudrf.ru/,1zlv.nsk.msudrf.ru,нет,54MS0012
Новосибирская область,Новосибирск,,Судебный участок № 1 Калининского судебного района г. Новосибирска,MS,Мировой суд,"630049, г Новосибирск, ул Весенняя, д 12А",https://1kln.nsk.msudrf.ru/,1kln.nsk.msudrf.ru,нет,54MS0018
Новосибирская область,Новосибирск,,Судебный участок № 1 Кировского судебного района г. Новосибирска,MS,Мировой суд,"630088, г Новосибирск, ул Петухова, д 57, офис 5-7",https://1kir.nsk.msudrf.ru/,1kir.nsk.msudrf.ru,нет,54MS0026
Новосибирская область,Новосибирск,,Судебный участок № 1 Ленинского судебного района г. Новосибирска,MS,Мировой суд,"630096, г Новосибирск, ул Забалуева, д 4",https://1len.nsk.msudrf.ru/,1len.nsk.msudrf.ru,нет,54MS0034
Новосибирская область,Новосибирск,,Судебный участок № 1 Октябрьского судебного района г. Новосибирска,MS,Мировой суд,"630091, г Новосибирск, ул Каменская, д 66",https://1okt.nsk.msudrf.ru/,1okt.nsk.msudrf.ru,нет,54MS0046
Новосибирская область,Новосибирск,,Судебный участок № 1 Первомайского судебного района г. Новосибирска,MS,Мировой суд,"630037, г Новосибирск, ул Эйхе, д 17",https://1prv.nsk.msudrf.ru/,1prv.nsk.msudrf.ru,нет,54MS0054
Новосибирская область,Новосибирск,,Судебный участок № 1 Советского судебного района г. Новосибирска,MS,Мировой суд,"630055, г Новосибирск, ул Мусы Джалиля, д 3/1, офис 403",https://1sov.nsk.msudrf.ru/,1sov.nsk.msudrf.ru,нет,54MS0058
Новосибирская область,Новосибирск,,Судебный участок № 1 Центрального судебного района г. Новосибирска,MS,Мировой суд,"630091, г Новосибирск, ул Каменская, д 66",https://1cnt.nsk.msudrf.ru/,1cnt.nsk.msudrf.ru,нет,54MS0064
Новосибирская область,Новосибирск,,Судебный участок № 10 Ленинского судебного района г. Новосибирска,MS,Мировой суд,"630096, г Новосибирск, ул Забалуева, д 4",https://10len.nsk.msudrf.ru/,10len.nsk.msudrf.ru,нет,54MS0043
Новосибирская область,Новосибирск,,Судебный участок № 11 Ленинского судебного района г. Новосибирска,MS,Мировой суд,"630096, г Новосибирск, ул Забалуева, д 4, офис 21",https://11len.nsk.msudrf.ru/,11len.nsk.msudrf.ru,нет,54MS0044
Новосибирская область,Новосибирск,,Судебный участок № 12 Ленинского судебного района г. Новосибирска,MS,Мировой суд,"630096, г Новосибирск, ул Забалуева, д 4, офис 22",https://12len.nsk.msudrf.ru/,12len.nsk.msudrf.ru,нет,54MS0045
Новосибирская область,Новосибирск,,Судебный участок № 13 Ленинского судебного района г. Новосибирска,MS,Мировой суд,"630096, г Новосибирск, ул Забалуева, д 4, офис 14",https://13len.nsk.msudrf.ru/,13len.nsk.msudrf.ru,нет,54MS0140
Новосибирская область,Новосибирск,,Судебный участок № 2 Дзержинского судебного района г. Новосибирска,MS,Мировой суд,"630015, г Новосибирск, пр-кт Дзержинского, д 20",https://2dzr.nsk.msudrf.ru/,2dzr.nsk.msudrf.ru,нет,54MS0002
Новосибирская область,Новосибирск,,Судебный участок № 2 Железнодорожного судебного района г. Новосибирска,MS,Мировой суд,"630132, г Новосибирск, ул 1905 года, д 87",https://2zhl.nsk.msudrf.ru/,2zhl.nsk.msudrf.ru,нет,54MS0009
Новосибирская область,Новосибирск,,Судебный участок № 2 Заельцовского судебного района г. Новосибирска,MS,Мировой суд,"630049, г Новосибирск, ул Весенняя, д 12А",https://2zlv.nsk.msudrf.ru/,2zlv.nsk.msudrf.ru,нет,54MS0013
Новосибирская область,Новосибирск,,Судебный участок № 2 Калининского судебного района г. Новосибирска,MS,Мировой суд,"630049, г Новосибирск, ул Весенняя, д 12А",https://2kln.nsk.msudrf.ru/,2kln.nsk.msudrf.ru,нет,54MS0019
Новосибирская область,Новосибирск,,Судебный участок № 2 Кировского судебного района г. Новосибирска,MS,Мировой суд,"630088, г Новосибирск, ул Сибиряков-Гвардейцев, д 56",https://2kir.nsk.msudrf.ru/,2kir.nsk.msudrf.ru,нет,54MS0027
Новосибирская область,Новосибирск,,Судебный участок № 2 Ленинского судебного района г. Новосибирска,MS,Мировой суд,"630096, г Новосибирск, ул Забалуева, д 4, офис 3",https://2len.nsk.msudrf.ru/,2len.nsk.msudrf.ru,нет,54MS0035
Новосибирская область,Новосибирск,,Судебный участок № 2 Октябрьского судебного района г. Новосибирска,MS,Мировой суд,"630091, г Новосибирск, ул Каменская, д 66",https://2okt.nsk.msudrf.ru/,2okt.nsk.msudrf.ru,нет,54MS0047
Новосибирская область,Новосибирск,,Судебный участок № 2 Первомайского судебного района г. Новосибирска,MS,Мировой суд,"630037, г Новосибирск, ул Эйхе, д 17",https://2prv.nsk.msudrf.ru/,2prv.nsk.msudrf.ru,нет,54MS0055
Новосибирская область,Новосибирск,,Судебный участок № 2 Советского судебного района г. Новосибирска,MS,Мировой суд,"630055, г Новосибирск, ул Мусы Джалиля, д 3/1, офис 410",https://2sov.nsk.msudrf.ru/,2sov.nsk.msudrf.ru,нет,54MS0059
Новосибирская область,Новосибирск,,Судебный участок № 2 Центрального судебного района г. Новосибирска,MS,Мировой суд,"630091, г Новосибирск, ул Каменская, д 66",https://2cnt.nsk.msudrf.ru/,2cnt.nsk.msudrf.ru,нет,54MS0065
Новосибирская область,Новосибирск,,Судебный участок № 3 Дзержинского судебного района г. Новосибирска,MS,Мировой суд,"630015, г Новосибирск, пр-кт Дзержинского, д 20",https://3dzr.nsk.msudrf.ru/,3dzr.nsk.msudrf.ru,нет,54MS0003
Новосибирская область,Новосибирск,,Судебный участок № 3 Железнодорожного судебного района г. Новосибирска,MS,Мировой суд,"630003, г Новосибирск, спуск Владимировский, д 11",https://3zhl.nsk.msudrf.ru/,3zhl.nsk.msudrf.ru,нет,54MS0010
Новосибирская область,Новосибирск,,Судебный участок № 3 Заельцовского судебного района г. Новосибирска,MS,Мировой суд,"630049, г Новосибирск, ул Весенняя, д 12А",https://3zlv.nsk.msudrf.ru/,3zlv.nsk.msudrf.ru,нет,54MS0014
Новосибирская область,Новосибирск,,Судебный участок № 3 Калининского судебного района г. Новосибирска,MS,Мировой суд,"630049, г Новосибирск, ул Весенняя, д 12А",https://3kln.nsk.msudrf.ru/,3kln.nsk.msudrf.ru,нет,54MS0020
Новосибирская область,Новосибирск,,Судебный участок № 3 Кировского судебного района г. Новосибирска,MS,Мировой суд,"630088, г Новосибирск, ул Петухова, д 57, офис 12/14",https://3kir.nsk.msudrf.ru/,3kir.nsk.msudrf.ru,нет,54MS0028
Новосибирская область,Новосибирск,,Судебный участок № 3 Ленинского судебного района г. Новосибирска,MS,Мировой суд,"630096, г Новосибирск, ул Забалуева, д 4",https://3len.nsk.msudrf.ru/,3len.nsk.msudrf.ru,нет,54MS0036
Новосибирская область,Новосибирск,,Судебный участок № 3 Октябрьского судебного района г. Новосибирска,MS,Мировой суд,"630091, г Новосибирск, ул Каменская, д 66",https://3okt.nsk.msudrf.ru/,3okt.nsk.msudrf.ru,нет,54MS0048
Новосибирская область,Новосибирск,,Судебный участок № 3 Первомайского судебного района г. Новосибирска,MS,Мировой суд,"630037, г Новосибирск, ул Эйхе, д 17",https://3prv.nsk.msudrf.ru/,3prv.nsk.msudrf.ru,нет,54MS0056
Новосибирская область,Новосибирск,,Судебный участок № 3 Советского судебного района г. Новосибирска,MS,Мировой суд,"630055, г Новосибирск, ул Мусы Джалиля, д 3/1",https://3sov.nsk.msudrf.ru/,3sov.nsk.msudrf.ru,нет,54MS0060
Новосибирская область,Новосибирск,,Судебный участок № 3 Центрального судебного района г. Новосибирска,MS,Мировой суд,"630091, г Новосибирск, ул Каменская, д 66",https://3cnt.nsk.msudrf.ru/,3cnt.nsk.msudrf.ru,нет,54MS0066
Новосибирская область,Новосибирск,,Судебный участок № 4 Дзержинского судебного района г. Новосибирска,MS,Мировой суд,"630015, г Новосибирск, ул Промышленная, д 1",https://4dzr.nsk.msudrf.ru/,4dzr.nsk.msudrf.ru,нет,54MS0004
Новосибирская область,Новосибирск,,Судебный участок № 4 Железнодорожного судебного района г. Новосибирска,MS,Мировой суд,"630003, г Новосибирск, спуск Владимировский, д 11",https://4zhl.nsk.msudrf.ru/,4zhl.nsk.msudrf.ru,нет,54MS0011
Новосибирская область,Новосибирск,,Судебный участок № 4 Заельцовского судебного района г. Новосибирска,MS,Мировой суд,"630049, г Новосибирск, ул Весенняя, д 12А",https://4zlv.nsk.msudrf.ru/,4zlv.nsk.msudrf.ru,нет,54MS0015
Новосибирская область,Новосибирск,,Судебный участок № 4 Калининского судебного района г. Новосибирска,MS,Мировой суд,"630049, г Новосибирск, ул Весенняя, д 12А",https://4kln.nsk.msudrf.ru/,4kln.nsk.msudrf.ru,нет,54MS0021
Новосибирская область,Новосибирск,,Судебный участок № 4 Кировского судебного района г. Новосибирска,MS,Мировой суд,"630088, г. Новосибирск, ул. Петухова, д. 57, 5 этаж, каб. 12, 14",https://4kir.nsk.msudrf.ru/,4kir.nsk.msudrf.ru,нет,54MS0029
Новосибирская область,Новосибирск,,Судебный участок № 4 Ленинского судебного района г. Новосибирска,MS,Мировой суд,"630096, г Новосибирск, ул Забалуева, д 4",https://4len.nsk.msudrf.ru/,4len.nsk.msudrf.ru,нет,54MS0037
Новосибирская область,Новосибирск,,Судебный участок № 4 Октябрьского судебного района г. Новосибирска,MS,Мировой суд,"630091, г Новосибирск, ул Каменская, д 66",https://4okt.nsk.msudrf.ru/,4okt.nsk.msudrf.ru,нет,54MS0049
Новосибирская область,Новосибирск,,Судебный участок № 4 Первомайского судебного района г. Новосибирска,MS,Мировой суд,"630037, г Новосибирск, ул Эйхе, д 17",https://4prv.nsk.msudrf.ru/,4prv.nsk.msudrf.ru,нет,54MS0057
Новосибирская область,Новосибирск,,Судебный участок № 4 Советского судебного района г. Новосибирска,MS,Мировой суд,"630055, г Новосибирск, ул Мусы Джалиля, д 3/1, офис 403",https://4sov.nsk.msudrf.ru/,4sov.nsk.msudrf.ru,нет,54MS0061
Новосибирская область,Новосибирск,,Судебный участок № 4 Центрального судебного района г. Новосибирска,MS,Мировой суд,"630091, г Новосибирск, ул Каменская, д 66",https://4cnt.nsk.msudrf.ru/,4cnt.nsk.msudrf.ru,нет,54MS0067
Новосибирская область,Новосибирск,,Судебный участок № 5 Дзержинского судебного района г. Новосибирска,MS,Мировой суд,"630015, г Новосибирск, ул Промышленная, д 1",https://5dzr.nsk.msudrf.ru/,5dzr.nsk.msudrf.ru,нет,54MS0005
Новосибирская область,Новосибирск,,Судебный участок № 5 Заельцовского судебного района г. Новосибирска,MS,Мировой суд,"630049, г Новосибирск, ул Весенняя, д 12А",https://5zlv.nsk.msudrf.ru/,5zlv.nsk.msudrf.ru,нет,54MS0016
Новосибирская область,Новосибирск,,Судебный участок № 5 Калининского судебного района г. Новосибирска,MS,Мировой суд,"630049, г Новосибирск, ул Весенняя, д 12А",https://5kln.nsk.msudrf.ru/,5kln.nsk.msudrf.ru,нет,54MS0022
Новосибирская область,Новосибирск,,Судебный участок № 5 Кировского судебного района г. Новосибирска,MS,Мировой суд,"630088, г Новосибирск, ул Петухова, д 57, офис 3",https://5kir.nsk.msudrf.ru/,5kir.nsk.msudrf.ru,нет,54MS0030
Новосибирская область,Новосибирск,,Судебный участок № 5 Ленинского судебного района г. Новосибирска,MS,Мировой суд,"630096, г Новосибирск, ул Забалуева, д 4",https://5len.nsk.msudrf.ru/,5len.nsk.msudrf.ru,нет,54MS0038
Новосибирская область,Новосибирск,,Судебный участок № 5 Октябрьского судебного района г. Новосибирска,MS,Мировой суд,"630091, г Новосибирск, ул Каменская, д 66",https://5okt.nsk.msudrf.ru/,5okt.nsk.msudrf.ru,нет,54MS0050
Новосибирская область,Новосибирск,,Судебный участок № 5 Советского судебного района г. Новосибирска,MS,Мировой суд,"630055, г Новосибирск, ул Мусы Джалиля, д 3/1",https://5sov.nsk.msudrf.ru/,5sov.nsk.msudrf.ru,нет,54MS0062
Новосибирская область,Новосибирск,,Судебный участок № 5 Центрального судебного района г. Новосибирска,MS,Мировой суд,"630091, г Новосибирск, ул Каменская, д 66",https://5cnt.nsk.msudrf.ru/,5cnt.nsk.msudrf.ru,нет,54MS0136
Новосибирская область,Новосибирск,,Судебный участок № 6 Дзержинского судебного района г. Новосибирска,MS,Мировой суд,"630015, г Новосибирск, пр-кт Дзержинского, д 20",https://6dzr.nsk.msudrf.ru/,6dzr.nsk.msudrf.ru,нет,54MS0006
Новосибирская область,Новосибирск,,Судебный участок № 6 Заельцовского судебного района г. Новосибирска,MS,Мировой суд,"630049, г Новосибирск, ул Весенняя, д 12А",https://6zlv.nsk.msudrf.ru/,6zlv.nsk.msudrf.ru,нет,54MS0017
Новосибирская область,Новосибирск,,Судебный участок № 6 Калининского судебного района г. Новосибирска,MS,Мировой суд,"630049, г Новосибирск, ул Весенняя, д 12А",https://6kln.nsk.msudrf.ru/,6kln.nsk.msudrf.ru,нет,54MS0023
Новосибирская область,Новосибирск,,Судебный участок № 6 Кировского судебного района г. Новосибирска,MS,Мировой суд,"630088, г Новосибирск, ул Сибиряков-Гвардейцев, д 56",https://6kir.nsk.msudrf.ru/,6kir.nsk.msudrf.ru,нет,54MS0031
Новосибирская область,Новосибирск,,Судебный участок № 6 Ленинского судебного района г. Новосибирска,MS,Мировой суд,"630096, г Новосибирск, ул Забалуева, д 4, офис 11",https://6len.nsk.msudrf.ru/,6len.nsk.msudrf.ru,нет,54MS0039
Новосибирская область,Новосибирск,,Судебный участок № 6 Октябрьского судебного района г. Новосибирска,MS,Мировой суд,"630091, г Новосибирск, ул Каменская, д 66",https://6okt.nsk.msudrf.ru/,6okt.nsk.msudrf.ru,нет,54MS0051
Новосибирская область,Новосибирск,,Судебный участок № 6 Советского судебного района г. Новосибирска,MS,Мировой суд,"630055, г Новосибирск, ул Мусы Джалиля, д 3/1, офис 411",https://6sov.nsk.msudrf.ru/,6sov.nsk.msudrf.ru,нет,54MS0063
Новосибирская область,Новосибирск,,Судебный участок № 7 Дзержинского судебного района г. Новосибирска,MS,Мировой суд,"630015, г Новосибирск, ул Гоголя, д 233/1",https://7dzr.nsk.msudrf.ru/,7dzr.nsk.msudrf.ru,нет,54MS0007
Новосибирская область,Новосибирск,,Судебный участок № 7 Калининского судебного района г. Новосибирска,MS,Мировой суд,"630049, г Новосибирск, ул Весенняя, д 12А",https://7kln.nsk.msudrf.ru/,7kln.nsk.msudrf.ru,нет,54MS0024
Новосибирская область,Новосибирск,,Судебный участок № 7 Кировского судебного района г. Новосибирска,MS,Мировой суд,"630088, г Новосибирск, ул Сибиряков-Гвардейцев, д 56",https://7kir.nsk.msudrf.ru/,7kir.nsk.msudrf.ru,нет,54MS0032
Новосибирская область,Новосибирск,,Судебный участок № 7 Ленинского судебного района г. Новосибирска,MS,Мировой суд,"630096, г Новосибирск, ул Забалуева, д 4, офис 12",https://7len.nsk.msudrf.ru/,7len.nsk.msudrf.ru,нет,54MS0040
Новосибирская область,Новосибирск,,Судебный участок № 7 Октябрьского судебного района г. Новосибирска,MS,Мировой суд,"630091, г Новосибирск, ул Каменская, д 66",https://7okt.nsk.msudrf.ru/,7okt.nsk.msudrf.ru,нет,54MS0052
Новосибирская область,Новосибирск,,Судебный участок № 8 Дзержинского судебного района г. Новосибирска,MS,Мировой суд,"630015, г Новосибирск, пр-кт Дзержинского, д 20",https://8dzr.nsk.msudrf.ru/,8dzr.nsk.msudrf.ru,нет,54MS0139
Новосибирская область,Новосибирск,,Судебный участок № 8 Калининского судебного района г. Новосибирска,MS,Мировой суд,"630049, г Новосибирск, ул Весенняя, д 12А",https://8kln.nsk.msudrf.ru/,8kln.nsk.msudrf.ru,нет,54MS0025
Новосибирская область,Новосибирск,,Судебный участок № 8 Кировского судебного района г. Новосибирска,MS,Мировой суд,"630088, г Новосибирск, ул Сибиряков-Гвардейцев, д 56",https://8kir.nsk.msudrf.ru/,8kir.nsk.msudrf.ru,нет,54MS0033
Новосибирская область,Новосибирск,,Судебный участок № 8 Ленинского судебного района г. Новосибирска,MS,Мировой суд,"630096, г Новосибирск, ул Забалуева, д 4, офис 13",https://8len.nsk.msudrf.ru/,8len.nsk.msudrf.ru,нет,54MS0041
Новосибирская область,Новосибирск,,Судебный участок № 8 Октябрьского судебного района г. Новосибирска,MS,Мировой суд,"630091, г Новосибирск, ул Каменская, д 66",https://8okt.nsk.msudrf.ru/,8okt.nsk.msudrf.ru,нет,54MS0053
Новосибирская область,Новосибирск,,Судебный участок № 9 Ленинского судебного района г. Новосибирска,MS,Мировой суд,"630096, г Новосибирск, ул Забалуева, д 4, офис 17",https://9len.nsk.msudrf.ru/,9len.nsk.msudrf.ru,нет,54MS0042
Новосибирская область,Новосибирск,,Судебный участок № 9 Октябрьского судебного района г. Новосибирска,MS,Мировой суд,"630091, г Новосибирск, ул Каменская, д 66",https://9okt.nsk.msudrf.ru/,9okt.nsk.msudrf.ru,нет,54MS0141
Новосибирская область,Обь,,Судебный участок № 1 г. Оби Новосибирской области,MS,Мировой суд,"633102, Новосибирская обл, г Обь, ул Геодезическая, д 66А",https://1ob.nsk.msudrf.ru/,1ob.nsk.msudrf.ru,нет,54MS0113
Новосибирская область,Обь,,Судебный участок № 2 г. Оби Новосибирской области,MS,Мировой суд,"633102, Новосибирская обл, г Обь, ул Геодезическая, д 66А",https://2ob.nsk.msudrf.ru/,2ob.nsk.msudrf.ru,нет,54MS0114
Новосибирская область,Ордынское,,Судебный участок № 1 Ордынского судебного района Новосибирской области,MS,Мировой суд,"633261, Новосибирская обл, рп Ордынское, пр-кт Революции, д 21",https://1ord.nsk.msudrf.ru/,1ord.nsk.msudrf.ru,нет,54MS0115
Новосибирская область,Ордынское,,Судебный участок № 2 Ордынского судебного района Новосибирской области,MS,Мировой суд,"633261, Новосибирская обл, рп Ордынское, пр-кт Революции, д 21",https://2ord.nsk.msudrf.ru/,2ord.nsk.msudrf.ru,нет,54MS0116
Новосибирская область,Северное,,Судебный участок № 4 Куйбышевского судебного района Новосибирской области,MS,Мировой суд,"632080, Новосибирская обл, с Северное, пер Ленина, д 3",https://sev.nsk.msudrf.ru/,sev.nsk.msudrf.ru,нет,54MS0117
Новосибирская область,Сузун,,Судебный участок № 1 Сузунского судебного района Новосибирской области,MS,Мировой суд,"633621, Новосибирская обл, рп Сузун, ул Остальцова, д 25",https://1szn.nsk.msudrf.ru/,1szn.nsk.msudrf.ru,нет,54MS0118
Новосибирская область,Сузун,,Судебный участок № 2 Сузунского судебного района Новосибирской области,MS,Мировой суд,"633621, Новосибирская обл, рп Сузун, ул Остальцова, д 25",https://2szn.nsk.msudrf.ru/,2szn.nsk.msudrf.ru,нет,54MS0119
Новосибирская область,Татарск,,Судебный участок № 1 Татарского судебного района Новосибирской области,MS,Мировой суд,"632122, Новосибирская обл, Татарский р-н, г Татарск, ул Василевского, зд 3",https://1tat.nsk.msudrf.ru/,1tat.nsk.msudrf.ru,нет,54MS0120
Новосибирская область,Татарск,,Судебный участок № 2 Татарского судебного района Новосибирской области,MS,Мировой суд,"632122, Новосибирская обл, Татарский р-н, г Татарск, ул Василевского, зд 3",https://2tat.nsk.msudrf.ru/,2tat.nsk.msudrf.ru,нет,54MS0121
Новосибирская область,Тогучин,,Судебный участок № 1 Тогучинского судебного района Новосибирской области,MS,Мировой суд,"633456, Новосибирская обл, г Тогучин, ул Садовая, д 9Б",https://1tgn.nsk.msudrf.ru/,1tgn.nsk.msudrf.ru,нет,54MS0122
Новосибирская область,Тогучин,,Судебный участок № 2 Тогучинского судебного района Новосибирской области,MS,Мировой суд,"633456, Новосибирская обл, г Тогучин, ул Садовая, д 9Б",https://2tgn.nsk.msudrf.ru/,2tgn.nsk.msudrf.ru,нет,54MS0123
Новосибирская область,Тогучин,,Судебный участок № 3 Тогучинского судебного района Новосибирской области,MS,Мировой суд,"633456, Новосибирская обл, г Тогучин, ул Садовая, д 9Б",https://3tgn.nsk.msudrf.ru/,3tgn.nsk.msudrf.ru,нет,54MS0124
Новосибирская область,Убинское,,Судебный участок № 1 Барабинского судебного района Новосибирской области,MS,Мировой суд,"632520, Новосибирская обл, с Убинское, ул Железнодорожная, д 1",https://ubn.nsk.msudrf.ru/,ubn.nsk.msudrf.ru,нет,54MS0126
Новосибирская область,Усть-Тарка,,Судебный участок № 3 Татарского судебного района Новосибирской области,MS,Мировой суд,"632160, Новосибирская обл, Усть-Таркский р-н, с Усть-Тарка, ул Дзержинского, д 18",https://ust.nsk.msudrf.ru/,ust.nsk.msudrf.ru,нет,54MS0127
Новосибирская область,Чаны,,Судебный участок № 1 Чановского судебного района Новосибирской области,MS,Мировой суд,"632201, Новосибирская обл, рп Чаны, ул Братьев Желтиковых, д 178",https://1chn.nsk.msudrf.ru/,1chn.nsk.msudrf.ru,нет,54MS0128
Новосибирская область,Чаны,,Судебный участок № 2 Чановского судебного района Новосибирской области,MS,Мировой суд,"632201, Новосибирская обл, рп Чаны, ул Братьев Желтиковых, д 178",https://2chn.nsk.msudrf.ru/,2chn.nsk.msudrf.ru,нет,54MS0129
Новосибирская область,Черепаново,,Судебный участок № 1 Черепановского судебного района Новосибирской области,MS,Мировой суд,"633520, Новосибирская обл, г Черепаново, ул Пролетарская, зд 101/1",https://1chr.nsk.msudrf.ru/,1chr.nsk.msudrf.ru,нет,54MS0130
Новосибирская область,Черепаново,,Судебный участок № 2 Черепановского судебного района Новосибирской области,MS,Мировой суд,"633520, Новосибирская обл, г Черепаново, ул Пролетарская, зд 101/1",https://2chr.nsk.msudrf.ru/,2chr.nsk.msudrf.ru,нет,54MS0131
Новосибирская область,Черепаново,,Судебный участок № 3 Черепановского судебного района Новосибирской области,MS,Мировой суд,"633520, Новосибирская обл, г Черепаново, ул Пролетарская, зд 101/1",https://3chr.nsk.msudrf.ru/,3chr.nsk.msudrf.ru,нет,54MS0132
Новосибирская область,Чистоозерное,,Судебный участок № 3 Купинского судебного района Новосибирской области,MS,Мировой суд,"632720, Новосибирская обл, рп Чистоозерное, ул Чапаева, д 50",https://ctz.nsk.msudrf.ru/,ctz.nsk.msudrf.ru,нет,54MS0133
Новосибирская область,Чулым,,Судебный участок № 1 Чулымского судебного района Новосибирской области,MS,Мировой суд,"632551, Новосибирская обл, г Чулым, ул Чулымская, д 45",https://1chl.nsk.msudrf.ru/,1chl.nsk.msudrf.ru,нет,54MS0134
Новосибирская область,Чулым,,Судебный участок № 2 Чулымского судебного района Новосибирской области,MS,Мировой суд,"632551, Новосибирская обл, г Чулым, ул Чулымская, д 45",https://2chl.nsk.msudrf.ru/,2chl.nsk.msudrf.ru,нет,54MS0135
Приморский край,Анучино,,Судебный участок № 69 Анучинского судебного района,MS,Мировой суд,"692300, Приморский край, с Анучино, ул Банивура, д 12",https://69.prm.msudrf.ru/,69.prm.msudrf.ru,нет,25MS0069
Приморский край,Арсеньев,,Судебный участок № 101 судебного района г. Арсеньева,MS,Мировой суд,"692337, Приморский край, г Арсеньев, ул Заводская, д 5",https://101.prm.msudrf.ru/,101.prm.msudrf.ru,нет,25MS0101
Приморский край,Арсеньев,,Судебный участок № 29 судебного района г. Арсеньева,MS,Мировой суд,"692337, Приморский край, г Арсеньев, ул Заводская, д 5",https://29.prm.msudrf.ru/,29.prm.msudrf.ru,нет,25MS0029
Приморский край,Арсеньев,,Судебный участок № 30 судебного района г. Арсеньева,MS,Мировой суд,"692337, Приморский край, г Арсеньев, ул Заводская, д 5",https://30.prm.msudrf.ru/,30.prm.msudrf.ru,нет,25MS0030
Приморский край,Арсеньев,,Судебный участок № 31 судебного района г. Арсеньева,MS,Мировой суд,"692337, Приморский край, г Арсеньев, ул Заводская, д 5",https://31.prm.msudrf.ru/,31.prm.msudrf.ru,нет,25MS0031
Приморский край,Артем,,Судебный участок № 102 судебного района г. Артёма,MS,Мировой суд,"692760, Приморский край, г Артем, ул Урицкого, д 7А, офис 306",https://102.prm.msudrf.ru/,102.prm.msudrf.ru,нет,25MS0102
Приморский край,Артем,,Судебный участок № 32 судебного района г. Артёма,MS,Мировой суд,"692760, Приморский край, г Артем, ул Урицкого, д 7А",https://32.prm.msudrf.ru/,32.prm.msudrf.ru,нет,25MS0032
Приморский край,Артем,,Судебный участок № 33 судебного района г. Артёма,MS,Мировой суд,"692760, Приморский край, г Артем, ул Урицкого, д 7А",https://33.prm.msudrf.ru/,33.prm.msudrf.ru,нет,25MS0033
Приморский край,Артем,,Судебный участок № 34 судебного района г. Артёма,MS,Мировой суд,"692760, Приморский край, г Артем, ул Урицкого, д 7А",https://34.prm.msudrf.ru/,34.prm.msudrf.ru,нет,25MS0034
Приморский край,Артем,,Судебный участок № 35 судебного района г. Артёма,MS,Мировой суд,"692760, Приморский край, г Артем, ул Урицкого, д 7А",https://35.prm.msudrf.ru/,35.prm.msudrf.ru,нет,25MS0035
Приморский край,Артем,,Судебный участок № 36 судебного района г. Артёма,MS,Мировой суд,"692760, Приморский край, г Артем, ул Урицкого, д 7А",https://36.prm.msudrf.ru/,36.prm.msudrf.ru,нет,25MS0036
Приморский край,Большой Камень,,Судебный участок № 37 судебного района г. Большого Камня и Шкотовского района,MS,Мировой суд,"692801, Приморский край, г Большой Камень, ул Блюхера, д 25",https://37.prm.msudrf.ru/,37.prm.msudrf.ru,нет,25MS0037
Приморский край,Большой Камень,,Судебный участок № 38 судебного района г. Большого Камня и Шкотовского района,MS,Мировой суд,"692801, Приморский край, г Большой Камень, ул Блюхера, д 25",https://38.prm.msudrf.ru/,38.prm.msudrf.ru,нет,25MS0038
Приморский край,Владивосток,,Судебный участок № 1 Ленинского судебного района г. Владивостока,MS,Мировой суд,"690013, г Владивосток, ул Батумская, д 15А",https://1.prm.msudrf.ru/,1.prm.msudrf.ru,нет,25MS0001
Приморский край,Владивосток,,Судебный участок № 10 Первомайского судебного района г. Владивостока,MS,Мировой суд,"690013, г Владивосток, ул Батумская, д 15А",https://10.prm.msudrf.ru/,10.prm.msudrf.ru,нет,25MS0010
Приморский край,Владивосток,,Судебный участок № 100 Фрунзенского судебного района г. Владивостока,MS,Мировой суд,"690090, г Владивосток, ул Алеутская, д 45А, офис 602/614",https://100.prm.msudrf.ru/,100.prm.msudrf.ru,нет,25MS0100
Приморский край,Владивосток,,Судебный участок № 11 Первомайского судебного района г. Владивостока,MS,Мировой суд,"690012, г Владивосток, ул Калинина, д 241",https://11.prm.msudrf.ru/,11.prm.msudrf.ru,нет,25MS0011
Приморский край,Владивосток,,Судебный участок № 12 Первомайского судебного района г. Владивостока,MS,Мировой суд,"690012, г Владивосток, ул Калинина, д 241",https://12.prm.msudrf.ru/,12.prm.msudrf.ru,нет,25MS0012
Приморский край,Владивосток,,Судебный участок № 13 Первомайского судебного района г. Владивостока,MS,Мировой суд,"690012, г Владивосток, ул Калинина, д 241",https://13.prm.msudrf.ru/,13.prm.msudrf.ru,нет,25MS0013
Приморский край,Владивосток,,Судебный участок № 14 Первореченского судебного района г. Владивостока,MS,Мировой суд,"690033, г Владивосток, ул Бородинская, д 12",https://14.prm.msudrf.ru/,14.prm.msudrf.ru,нет,25MS0014
Приморский край,Владивосток,,Судебный участок № 15 Первореченского судебного района г. Владивостока,MS,Мировой суд,"690033, г Владивосток, ул Бородинская, д 12",https://15.prm.msudrf.ru/,15.prm.msudrf.ru,нет,25MS0015
Приморский край,Владивосток,,Судебный участок № 16 Первореченского судебного района г. Владивостока,MS,Мировой суд,"690033, г Владивосток, ул Бородинская, д 12",https://16.prm.msudrf.ru/,16.prm.msudrf.ru,нет,25MS0016
Приморский край,Владивосток,,Судебный участок № 17 Первореченского судебного района г. Владивостока,MS,Мировой суд,"690033, г Владивосток, ул Бородинская, д 12",https://17.prm.msudrf.ru/,17.prm.msudrf.ru,нет,25MS0017
Приморский край,Владивосток,,Судебный участок № 18 Первореченского судебного района г. Владивостока,MS,Мировой суд,"690033, г Владивосток, ул Бородинская, д 12",https://18.prm.msudrf.ru/,18.prm.msudrf.ru,нет,25MS0018
Приморский край,Владивосток,,Судебный участок № 19 Первореченского судебного района г. Владивостока,MS,Мировой суд,"690033, г Владивосток, ул Бородинская, д 12",https://19.prm.msudrf.ru/,19.prm.msudrf.ru,нет,25MS0019
Приморский край,Владивосток,,Судебный участок № 2 Ленинского судебного района г. Владивостока,MS,Мировой суд,"690013, г Владивосток, ул Батумская, д 15А",https://2.prm.msudrf.ru/,2.prm.msudrf.ru,нет,25MS0002
Приморский край,Владивосток,,Судебный участок № 20 Советского судебного района г. Владивостока,MS,Мировой суд,"690033, г Владивосток, ул Бородинская, д 12",https://20.prm.msudrf.ru/,20.prm.msudrf.ru,нет,25MS0020
Приморский край,Владивосток,,Судебный участок № 21 Советского судебного района г. Владивостока,MS,Мировой суд,"690033, г Владивосток, ул Бородинская, д 12",https://21.prm.msudrf.ru/,21.prm.msudrf.ru,нет,25MS0021
Приморский край,Владивосток,,Судебный участок № 22 Советского судебного района г. Владивостока,MS,Мировой суд,"690033, г Владивосток, ул Бородинская, д 12",https://22.prm.msudrf.ru/,22.prm.msudrf.ru,нет,25MS0022
Приморский край,Владивосток,,Судебный участок № 23 Советского судебного района г. Владивостока,MS,Мировой суд,"690033, г Владивосток, ул Бородинская, д 12",https://23.prm.msudrf.ru/,23.prm.msudrf.ru,нет,25MS0023
Приморский край,Владивосток,,Судебный участок № 24 Советского судебного района г. Владивостока,MS,Мировой суд,"690033, г Владивосток, ул Бородинская, д 12",https://24.prm.msudrf.ru/,24.prm.msudrf.ru,нет,25MS0024
Приморский край,Владивосток,,Судебный участок № 25 Фрунзенского судебного района г. Владивостока,MS,Мировой суд,"690091, Приморский край, г. Владивосток, ул. Алеутская, д. 45 А, этаж 6, каб. 606 А-Б, каб. 612",https://25.prm.msudrf.ru/,25.prm.msudrf.ru,нет,25MS0025
Приморский край,Владивосток,,Судебный участок № 26 Первореченского судебного района г. Владивостока,MS,Мировой суд,"690033, г Владивосток, ул Бородинская, д 12",https://26.prm.msudrf.ru/,26.prm.msudrf.ru,нет,25MS0110
Приморский край,Владивосток,,Судебный участок № 27 Фрунзенского судебного района г. Владивостока,MS,Мировой суд,"690090, г Владивосток, ул Алеутская, д 45А, офис 607",https://27.prm.msudrf.ru/,27.prm.msudrf.ru,нет,25MS0027
Приморский край,Владивосток,,Судебный участок № 28 Фрунзенского судебного района г. Владивостока,MS,Мировой суд,"690090, г Владивосток, ул Алеутская, д 45А, офис 604/610",https://28.prm.msudrf.ru/,28.prm.msudrf.ru,нет,25MS0028
Приморский край,Владивосток,,Судебный участок № 3 Ленинского судебного района г. Владивостока,MS,Мировой суд,"690013, г Владивосток, ул Батумская, д 15А",https://3.prm.msudrf.ru/,3.prm.msudrf.ru,нет,25MS0003
Приморский край,Владивосток,,Судебный участок № 4 Ленинского судебного района г. Владивостока,MS,Мировой суд,"690013, г Владивосток, ул Батумская, д 15А",https://4.prm.msudrf.ru/,4.prm.msudrf.ru,нет,25MS0004
Приморский край,Владивосток,,Судебный участок № 5 Ленинского судебного района г. Владивостока,MS,Мировой суд,"690013, г Владивосток, ул Батумская, д 15А",https://5.prm.msudrf.ru/,5.prm.msudrf.ru,нет,25MS0005
Приморский край,Владивосток,,Судебный участок № 6 Ленинского судебного района г. Владивостока,MS,Мировой суд,"690013, г Владивосток, ул Батумская, д 15А",https://6.prm.msudrf.ru/,6.prm.msudrf.ru,нет,25MS0006
Приморский край,Владивосток,,Судебный участок № 7 Первомайского судебного района г. Владивостока,MS,Мировой суд,"690012, г Владивосток, ул Калинина, д 241",https://7.prm.msudrf.ru/,7.prm.msudrf.ru,нет,25MS0007
Приморский край,Владивосток,,Судебный участок № 8 Первомайского судебного района г. Владивостока,MS,Мировой суд,"690012, г Владивосток, ул Калинина, д 241",https://8.prm.msudrf.ru/,8.prm.msudrf.ru,нет,25MS0008
Приморский край,Владивосток,,Судебный участок № 9 Первомайского судебного района г. Владивостока,MS,Мировой суд,"690013, Приморский край, г. Владивосток, ул. Батумская, д. 15-а на новый адрес 690012, Приморский край, г. Владивосток, ул. Калинина д. 241",https://9.prm.msudrf.ru/,9.prm.msudrf.ru,нет,25MS0009
Приморский край,Владивосток,,Судебный участок № 99 Ленинского судебного района г. Владивостока,MS,Мировой суд,"690013, г Владивосток, ул Батумская, д 15А",https://99.prm.msudrf.ru/,99.prm.msudrf.ru,нет,25MS0099
Приморский край,Владимиро-Александровское,,Судебный участок № 106 Партизанского судебного района,MS,Мировой суд,"692962, Приморский край, с Владимиро-Александровское, ул Комсомольская, д 10",https://106.prm.msudrf.ru/,106.prm.msudrf.ru,нет,25MS0106
Приморский край,Владимиро-Александровское,,Судебный участок № 83 Партизанского судебного района,MS,Мировой суд,"692962, Приморский край, с Владимиро-Александровское, ул Комсомольская, д 10",https://83.prm.msudrf.ru/,83.prm.msudrf.ru,нет,25MS0083
Приморский край,Вольно-Надеждинское,,Судебный участок № 78 Надеждинского судебного района,MS,Мировой суд,"692481, Приморский край, с. Вольно-Надеждинское, ул. Железнодорожная, д. 13-б, 3-й этаж",https://78.prm.msudrf.ru/,78.prm.msudrf.ru,нет,25MS0078
Приморский край,Вольно-Надеждинское,,Судебный участок № 79 Надеждинского судебного района,MS,Мировой суд,"692481, Приморский край, Надеждинский район, с. Вольно-Надеждинское, ул. Железнодорожная, д. 13-б, 3-й этаж",https://79.prm.msudrf.ru/,79.prm.msudrf.ru,нет,25MS0079
Приморский край,Дальнегорск,,Судебный участок № 39 судебного района г. Дальнегорска,MS,Мировой суд,"692446, Приморский край, г Дальнегорск, пр-кт 50 лет Октября, д 99А",https://39.prm.msudrf.ru/,39.prm.msudrf.ru,нет,25MS0039
Приморский край,Дальнегорск,,Судебный участок № 40 судебного района г. Дальнегорска,MS,Мировой суд,"692446, Приморский край, г Дальнегорск, пр-кт 50 лет Октября, д 99А",https://40.prm.msudrf.ru/,40.prm.msudrf.ru,нет,25MS0040
Приморский край,Дальнегорск,,Судебный участок № 41 судебного района г. Дальнегорска,MS,Мировой суд,"692446, Приморский край, г Дальнегорск, пр-кт 50 лет Октября, д 99А",https://41.prm.msudrf.ru/,41.prm.msudrf.ru,нет,25MS0041
Приморский край,Дальнереченск,,Судебный участок № 42 судебного района г. Дальнереченска и Дальнереченского района,MS,Мировой суд,"692132, Приморский край, г Дальнереченск, ул Ленина, д 75Б",https://42.prm.msudrf.ru/,42.prm.msudrf.ru,нет,25MS0042
Приморский край,Дальнереченск,,Судебный участок № 43 судебного района г. Дальнереченска и Дальнереченского района,MS,Мировой суд,"692132, Приморский край, г Дальнереченск, ул Ленина, д 75Б",https://43.prm.msudrf.ru/,43.prm.msudrf.ru,нет,25MS0043
Приморский край,Дальнереченск,,Судебный участок № 70 судебного района г. Дальнереченска и Дальнереченского района,MS,Мировой суд,"692132, Приморский край, г Дальнереченск, ул Ленина, д 75Б",https://70.prm.msudrf.ru/,70.prm.msudrf.ru,нет,25MS0070
Приморский край,Кавалерово,,Судебный участок № 71 Кавалеровского судебного района,MS,Мировой суд,"692413, Приморский край, пгт Кавалерово, ул Кузнечная, зд 15А",https://71.prm.msudrf.ru/,71.prm.msudrf.ru,нет,25MS0071
Приморский край,Камень-Рыболов,,Судебный участок № 109 Ханкайского судебного района,MS,Мировой суд,"692684, Приморский край, с Камень-Рыболов, ул Кирова, зд 3",https://109.prm.msudrf.ru/,109.prm.msudrf.ru,нет,25MS0109
Приморский край,Камень-Рыболов,,Судебный участок № 89 Ханкайского судебного района,MS,Мировой суд,"692684, Приморский край, с Камень-Рыболов, ул Октябрьская, зд 2",https://89.prm.msudrf.ru/,89.prm.msudrf.ru,нет,25MS0089
Приморский край,Кировский,,Судебный участок № 105 Кировского судебного района,MS,Мировой суд,"692091, Приморский край, пгт Кировский, ул Ленинская, зд 25",https://105.prm.msudrf.ru/,105.prm.msudrf.ru,нет,25MS0105
Приморский край,Кировский,,Судебный участок № 72 Кировского судебного района,MS,Мировой суд,"692091, Приморский край, пгт Кировский, ул Ленинская, зд 25",https://72.prm.msudrf.ru/,72.prm.msudrf.ru,нет,25MS0072
Приморский край,Лесозаводск,,Судебный участок № 44 судебного района г. Лесозаводска и Лесозаводского района,MS,Мировой суд,"692031, Приморский край, г Лесозаводск, ул Пушкинская, зд 9",https://44.prm.msudrf.ru/,44.prm.msudrf.ru,нет,25MS0044
Приморский край,Лесозаводск,,Судебный участок № 45 судебного района г. Лесозаводска и Лесозаводского района,MS,Мировой суд,"692031, Приморский край, г Лесозаводск, ул Пушкинская, зд 9",https://45.prm.msudrf.ru/,45.prm.msudrf.ru,нет,25MS0045
Приморский край,Лесозаводск,,Судебный участок № 75 судебного района г. Лесозаводска и Лесозаводского района,MS,Мировой суд,"692031, Приморский край, г Лесозаводск, ул Пушкинская, зд 9",https://75.prm.msudrf.ru/,75.prm.msudrf.ru,нет,25MS0075
Приморский край,Лучегорск,,Судебный участок № 107 Пожарского судебного района,MS,Мировой суд,"692001, Приморский край, пгт Лучегорск, мкр 4-й, д 3Б",https://107.prm.msudrf.ru/,107.prm.msudrf.ru,нет,25MS0107
Приморский край,Лучегорск,,Судебный участок № 85 Пожарского судебного района,MS,Мировой суд,"692001, Приморский край, пгт Лучегорск, мкр 4-й, д 3Б",https://85.prm.msudrf.ru/,85.prm.msudrf.ru,нет,25MS0085
Приморский край,Михайловка,,Судебный участок № 76 Михайловского судебного района,MS,Мировой суд,"692651, Приморский край, с Михайловка, ул Красноармейская, зд 25",https://76.prm.msudrf.ru/,76.prm.msudrf.ru,нет,25MS0076
Приморский край,Находка,,Судебный участок № 103 судебного района г. Находки,MS,Мировой суд,"692919, Приморский край, г Находка, ул Малиновского, д 1М",https://103.prm.msudrf.ru/,103.prm.msudrf.ru,нет,25MS0103
Приморский край,Находка,,Судебный участок № 46 судебного района г. Находки,MS,Мировой суд,"692919, Приморский край, г Находка, ул Малиновского, д 1М",https://46.prm.msudrf.ru/,46.prm.msudrf.ru,нет,25MS0046
Приморский край,Находка,,Судебный участок № 47 судебного района г. Находки,MS,Мировой суд,"692919, Приморский край, г Находка, ул Малиновского, д 1М",https://47.prm.msudrf.ru/,47.prm.msudrf.ru,нет,25MS0047
Приморский край,Находка,,Судебный участок № 48 судебного района г. Находки,MS,Мировой суд,"692919, Приморский край, г Находка, ул Малиновского, д 1М",https://48.prm.msudrf.ru/,48.prm.msudrf.ru,нет,25MS0048
Приморский край,Находка,,Судебный участок № 49 судебного района г. Находки,MS,Мировой суд,"692919, Приморский край, г Находка, ул Малиновского, д 1М",https://49.prm.msudrf.ru/,49.prm.msudrf.ru,нет,25MS0049
Приморский край,Находка,,Судебный участок № 50 судебного района г. Находки,MS,Мировой суд,"692919, Приморский край, г Находка, ул Малиновского, д 1М",https://50.prm.msudrf.ru/,50.prm.msudrf.ru,нет,25MS0050
Приморский край,Находка,,Судебный участок № 51 судебного района г. Находки,MS,Мировой суд,"692919, Приморский край, г Находка, ул Малиновского, д 1М",https://51.prm.msudrf.ru/,51.prm.msudrf.ru,нет,25MS0051
Приморский край,Находка,,Судебный участок № 52 судебного района г. Находки,MS,Мировой суд,"692919, Приморский край, г Находка, ул Малиновского, д 1М",https://52.prm.msudrf.ru/,52.prm.msudrf.ru,нет,25MS0052
Приморский край,Находка,,Судебный участок № 53 судебного района г. Находки,MS,Мировой суд,"692919, Приморский край, г Находка, ул Малиновского, д 1М",https://53.prm.msudrf.ru/,53.prm.msudrf.ru,нет,25MS0053
Приморский край,Новопокровка,,Судебный участок № 73 Красноармейского судебного района,MS,Мировой суд,"692171, Приморский край, с Новопокровка, ул Советская, зд 109",https://73.prm.msudrf.ru/,73.prm.msudrf.ru,нет,25MS0073
Приморский край,Новошахтинский,,Судебный участок № 77 Михайловского судебного района,MS,Мировой суд,"692656, Приморский край, Михайловский р-н, пгт Новошахтинский, ул Производственная, зд 8",https://77.prm.msudrf.ru/,77.prm.msudrf.ru,нет,25MS0077
Приморский край,Ольга,,Судебный участок № 82 Ольгинского судебного района,MS,Мировой суд,"692460, Приморский край, пгт Ольга, ул Комсомольская, стр 22",https://82.prm.msudrf.ru/,82.prm.msudrf.ru,нет,25MS0082
Приморский край,Партизанск,,Судебный участок № 54 судебного района г. Партизанска,MS,Мировой суд,"692853, Приморский край, г Партизанск, ул Кронида Кореннова, д 22",https://54.prm.msudrf.ru/,54.prm.msudrf.ru,нет,25MS0054
Приморский край,Партизанск,,Судебный участок № 55 судебного района г. Партизанска,MS,Мировой суд,"692853, Приморский край, г Партизанск, ул Кронида Кореннова, д 22",https://55.prm.msudrf.ru/,55.prm.msudrf.ru,нет,25MS0055
Приморский край,Партизанск,,Судебный участок № 56 судебного района г. Партизанска,MS,Мировой суд,"692853, Приморский край, г Партизанск, ул Кронида Кореннова, д 22",https://56.prm.msudrf.ru/,56.prm.msudrf.ru,нет,25MS0056
Приморский край,Пограничный,,Судебный участок № 84 Пограничного судебного района,MS,Мировой суд,"692582, Приморский край, пгт Пограничный, ул Советская, д 45",https://84.prm.msudrf.ru/,84.prm.msudrf.ru,нет,25MS0084
Приморский край,Покровка,,Судебный участок № 80 Октябрьского судебного района,MS,Мировой суд,"692561, Приморский край, с Покровка, ул Октябрьская, д 26, а/я 88",https://80.prm.msudrf.ru/,80.prm.msudrf.ru,нет,25MS0080
Приморский край,Покровка,,Судебный участок № 81 Октябрьского судебного района,MS,Мировой суд,"692561, Приморский край, с Покровка, ул Октябрьская, д 26, а/я 16",https://81.prm.msudrf.ru/,81.prm.msudrf.ru,нет,25MS0081
Приморский край,Преображение,,Судебный участок № 74 Лазовского судебного района,MS,Мировой суд,"692998, Приморский край, Лазовский р-н, пгт Преображение, ул Заводская, д 4",https://74.prm.msudrf.ru/,74.prm.msudrf.ru,нет,25MS0074
Приморский край,Славянка,,Судебный участок № 90 Хасанского судебного района,MS,Мировой суд,"692701, Приморский край, пгт Славянка, ул Ленинская, д 41",https://90.prm.msudrf.ru/,90.prm.msudrf.ru,нет,25MS0090
Приморский край,Славянка,,Судебный участок № 91 Хасанского судебного района,MS,Мировой суд,"692701, Приморский край, пгт Славянка, ул Ленинская, д 41",https://91.prm.msudrf.ru/,91.prm.msudrf.ru,нет,25MS0091
Приморский край,Спасск-Дальний,,Судебный участок № 108 судебного района г. Спасска-Дальнего и Спасского района,MS,Мировой суд,"692245, Приморский край, г Спасск-Дальний, ул Советская, д 47",https://108.prm.msudrf.ru/,108.prm.msudrf.ru,нет,25MS0108
Приморский край,Спасск-Дальний,,Судебный участок № 86 судебного района г. Спасска-Дальнего и Спасского района,MS,Мировой суд,"692245, Приморский край, г Спасск-Дальний, ул Кустовиновская, д 3",https://86.prm.msudrf.ru/,86.prm.msudrf.ru,нет,25MS0086
Приморский край,Спасское,,Судебный участок № 57 судебного района г. Спасска-Дальнего и Спасского района,MS,Мировой суд,"692211, Приморский край, Спасский р-н, с Спасское, ул Спасская, д 118",https://57.prm.msudrf.ru/,57.prm.msudrf.ru,нет,25MS0057
Приморский край,Спасское,,Судебный участок № 58 судебного района г. Спасска-Дальнего и Спасского района,MS,Мировой суд,"692211, Приморский край, Спасский р-н, с Спасское, ул Спасская, д 118",https://58.prm.msudrf.ru/,58.prm.msudrf.ru,нет,25MS0058
Приморский край,Спасское,,Судебный участок № 59 судебного района г. Спасска-Дальнего и Спасского района,MS,Мировой суд,"692211, Приморский край, Спасский р-н, с Спасское, ул Спасская, д 118",https://59.prm.msudrf.ru/,59.prm.msudrf.ru,нет,25MS0059
Приморский край,Терней,,Судебный участок № 87 Тернейского судебного района,MS,Мировой суд,"692150, Приморский край, пгт Терней, ул Партизанская, д 80",https://87.prm.msudrf.ru/,87.prm.msudrf.ru,нет,25MS0087
Приморский край,Уссурийск,,Судебный участок № 104 судебного района г. Уссурийска и Уссурийского района,MS,Мировой суд,"692525, Приморский край, г Уссурийск, ул Орджоникидзе, зд 24",https://104.prm.msudrf.ru/,104.prm.msudrf.ru,нет,25MS0104
Приморский край,Уссурийск,,Судебный участок № 60 судебного района г. Уссурийска и Уссурийского района,MS,Мировой суд,"692525, Приморский край, г Уссурийск, ул Орджоникидзе, зд 24",https://60.prm.msudrf.ru/,60.prm.msudrf.ru,нет,25MS0060
Приморский край,Уссурийск,,Судебный участок № 61 судебного района г. Уссурийска и Уссурийского района,MS,Мировой суд,"692525, Приморский край, г Уссурийск, ул Орджоникидзе, зд 24",https://61.prm.msudrf.ru/,61.prm.msudrf.ru,нет,25MS0061
Приморский край,Уссурийск,,Судебный участок № 62 судебного района г. Уссурийска и Уссурийского района,MS,Мировой суд,"692525, Приморский край, г Уссурийск, ул Орджоникидзе, зд 24",https://62.prm.msudrf.ru/,62.prm.msudrf.ru,нет,25MS0062
Приморский край,Уссурийск,,Судебный участок № 63 судебного района г. Уссурийска и Уссурийского района,MS,Мировой суд,"692525, Приморский край, г Уссурийск, ул Орджоникидзе, зд 24",https://63.prm.msudrf.ru/,63.prm.msudrf.ru,нет,25MS0063
Приморский край,Уссурийск,,Судебный участок № 64 судебного района г. Уссурийска и Уссурийского района,MS,Мировой суд,"692525, Приморский край, г Уссурийск, ул Орджоникидзе, зд 24",https://64.prm.msudrf.ru/,64.prm.msudrf.ru,нет,25MS0064
Приморский край,Уссурийск,,Судебный участок № 65 судебного района г. Уссурийска и Уссурийского района,MS,Мировой суд,"692525, Приморский край, г Уссурийск, ул Орджоникидзе, зд 24",https://65.prm.msudrf.ru/,65.prm.msudrf.ru,нет,25MS0065
Приморский край,Уссурийск,,Судебный участок № 66 судебного района г. Уссурийска и Уссурийского района,MS,Мировой суд,"692525, Приморский край, г Уссурийск, ул Орджоникидзе, зд 24",https://66.prm.msudrf.ru/,66.prm.msudrf.ru,нет,25MS0066
Приморский край,Уссурийск,,Судебный участок № 88 судебного района г. Уссурийска и Уссурийского района,MS,Мировой суд,"692525, Приморский край, г Уссурийск, ул Орджоникидзе, зд 24",https://88.prm.msudrf.ru/,88.prm.msudrf.ru,нет,25MS0088
Приморский край,Фокино,,Судебный участок № 67 судебного района г. Фокино,MS,Мировой суд,"692880, Приморский край, ЗАТО г.Фокино, ул.Мищенко, д.7",https://67.prm.msudrf.ru/,67.prm.msudrf.ru,нет,25MS0067
Приморский край,Фокино,,Судебный участок № 68 судебного района г. Фокино,MS,Мировой суд,"692880, Приморский край, ЗАТО г.Фокино, ул.Мищенко, д.7",https://68.prm.msudrf.ru/,68.prm.msudrf.ru,нет,25MS0068
Приморский край,Хороль,,Судебный участок № 92 Хорольского судебного района,MS,Мировой суд,"692254, Приморский край, с Хороль, ул Советская, д 2",https://92.prm.msudrf.ru/,92.prm.msudrf.ru,нет,25MS0092
Приморский край,Хороль,,Судебный участок № 93 Хорольского судебного района,MS,Мировой суд,"692254, Приморский край, с Хороль, ул Советская, д 2",https://93.prm.msudrf.ru/,93.prm.msudrf.ru,нет,25MS0093
Приморский край,Черниговка,,Судебный участок № 94 Черниговского судебного района,MS,Мировой суд,"692372, Приморский край, с Черниговка, ул Буденного, д 20",https://94.prm.msudrf.ru/,94.prm.msudrf.ru,нет,25MS0094
Приморский край,Черниговка,,Судебный участок № 95 Черниговского судебного района,MS,Мировой суд,"692372, Приморский край, с Черниговка, ул Буденного, д 20",https://95.prm.msudrf.ru/,95.prm.msudrf.ru,нет,25MS0095
Приморский край,Чугуевка,,Судебный участок № 96 Чугуевского судебного района,MS,Мировой суд,"692623, Приморский край, с Чугуевка, ул Комсомольская, д 27Б",https://96.prm.msudrf.ru/,96.prm.msudrf.ru,нет,25MS0096
Приморский край,Шкотово,,Судебный участок № 97 судебного района г. Большого Камня и Шкотовского района,MS,Мировой суд,"692815, Приморский край, Шкотовский р-н, пгт Шкотово, ул Лазо, д 5",https://97.prm.msudrf.ru/,97.prm.msudrf.ru,нет,25MS0097
Приморский край,Яковлевка,,Судебный участок № 98 Яковлевского судебного района,MS,Мировой суд,"692361, Приморский край, с Яковлевка, пер Почтовый, д 2",https://98.prm.msudrf.ru/,98.prm.msudrf.ru,нет,25MS0098
Кировская область,Арбаж,,Судебный участок № 1 Яранского судебного района,MS,Мировой суд,"612180, Кировская обл, пгт Арбаж, ул Свободы, д 16",https://1.kir.msudrf.ru/,1.kir.msudrf.ru,нет,43MS0001
Кировская область,Афанасьево,,Судебный участок № 2 Омутнинского судебного района,MS,Мировой суд,"613060, Кировская обл, пгт Афанасьево, ул Красных Партизан, д 5",https://2.kir.msudrf.ru/,2.kir.msudrf.ru,нет,43MS0002
Кировская область,Белая Холуница,,Судебный участок № 3 Слободского судебного района,MS,Мировой суд,"613200, Кировская обл, г Белая Холуница, ул Чапаева, д 1",https://3.kir.msudrf.ru/,3.kir.msudrf.ru,нет,43MS0003
Кировская область,Богородское,,Судебный участок № 4 Унинского судебного района,MS,Мировой суд,"612470, Кировская обл, пгт Богородское, ул Коммуны, д 9",https://4.kir.msudrf.ru/,4.kir.msudrf.ru,нет,43MS0004
Кировская область,Верхошижемье,,Судебный участок № 7 Советского судебного района,MS,Мировой суд,"613310, Кировская обл, пгт Верхошижемье, ул Школьная, д 9А",https://7.kir.msudrf.ru/,7.kir.msudrf.ru,нет,43MS0007
Кировская область,Вятские Поляны,,Судебный участок № 73 Вятскополянского судебного района,MS,Мировой суд,"612964, Кировская обл, г Вятские Поляны, ул Мира, д 45",https://73.kir.msudrf.ru/,73.kir.msudrf.ru,нет,43MS0011
Кировская область,Вятские Поляны,,Судебный участок № 8 Вятскополянского судебного района,MS,Мировой суд,"612964, Кировская обл, г Вятские Поляны, ул Мира, д 45",https://8.kir.msudrf.ru/,8.kir.msudrf.ru,нет,43MS0008
Кировская область,Даровской,,Судебный участок № 11 Котельничского судебного района,MS,Мировой суд,"612140, Кировская обл, пгт Даровской, ул Кооперативная, д 29А",https://11.kir.msudrf.ru/,11.kir.msudrf.ru,нет,43MS0012
Кировская область,Демьяново,,Судебный участок № 35 Подосиновского судебного района,MS,Мировой суд,"613911, Кировская обл, Подосиновский р-н, пгт Демьяново, ул Советская, д 27",https://35.kir.msudrf.ru/,35.kir.msudrf.ru,нет,43MS0039
Кировская область,Зуевка,,Судебный участок № 12 Зуевского судебного района,MS,Мировой суд,"612412, Кировская обл, г Зуевка, ул Опалева, д 55",https://12.kir.msudrf.ru/,12.kir.msudrf.ru,нет,43MS0013
Кировская область,Кикнур,,Судебный участок № 13 Санчурского судебного района,MS,Мировой суд,"612300, Кировская обл, пгт Кикнур, ул Советская, д 34",https://13.kir.msudrf.ru/,13.kir.msudrf.ru,нет,43MS0014
Кировская область,Кильмезь,,Судебный участок № 14 Малмыжского судебного района,MS,Мировой суд,"613570, Кировская обл, пгт Кильмезь, ул Горького, д 9",https://14.kir.msudrf.ru/,14.kir.msudrf.ru,нет,43MS0015
Кировская область,Киров,,Судебный участок № 42 Ленинского судебного района г. Кирова.,MS,Мировой суд,"610033, г Киров, ул Московская, д 103",https://42len.kir.msudrf.ru/,42len.kir.msudrf.ru,нет,43MS0081
Кировская область,Киров,,Судебный участок № 52 Ленинского судебного района г. Кирова,MS,Мировой суд,"610033, г Киров, ул Московская, д 103",https://52.kir.msudrf.ru/,52.kir.msudrf.ru,нет,43MS0058
Кировская область,Киров,,Судебный участок № 53 Ленинского судебного района г. Кирова,MS,Мировой суд,"610033, г Киров, ул Московская, д 103",https://53.kir.msudrf.ru/,53.kir.msudrf.ru,нет,43MS0059
Кировская область,Киров,,Судебный участок № 54 Ленинского судебного района г. Кирова,MS,Мировой суд,"610033, г Киров, ул Московская, д 103",https://54.kir.msudrf.ru/,54.kir.msudrf.ru,нет,43MS0060
Кировская область,Киров,,Судебный участок № 55 Ленинского судебного района г. Кирова,MS,Мировой суд,"610033, г Киров, ул Московская, д 103",https://55.kir.msudrf.ru/,55.kir.msudrf.ru,нет,43MS0061
Кировская область,Киров,,Судебный участок № 56 Ленинского судебного района г. Кирова,MS,Мировой суд,"610033, г Киров, ул Московская, д 103",https://56.kir.msudrf.ru/,56.kir.msudrf.ru,нет,43MS0062
Кировская область,Киров,,Судебный участок № 57 Ленинского судебного района г. Кирова,MS,Мировой суд,"610033, г Киров, ул Московская, д 103",https://57.kir.msudrf.ru/,57.kir.msudrf.ru,нет,43MS0063
Кировская область,Киров,,Судебный участок № 58 Ленинского судебного района г. Кирова,MS,Мировой суд,"610033, г Киров, ул Московская, д 103",https://58.kir.msudrf.ru/,58.kir.msudrf.ru,нет,43MS0064
Кировская область,Киров,,Судебный участок № 59 Нововятского судебного района г. Кирова,MS,Мировой суд,"610008, г Киров, ул Опарина, д 8",https://59.kir.msudrf.ru/,59.kir.msudrf.ru,нет,43MS0067
Кировская область,Киров,,Судебный участок № 60 Нововятского судебного района г. Кирова,MS,Мировой суд,"610008, г Киров, ул Опарина, д 8",https://60.kir.msudrf.ru/,60.kir.msudrf.ru,нет,43MS0068
Кировская область,Киров,,Судебный участок № 61 Октябрьского судебного района г. Кирова,MS,Мировой суд,"610047, г Киров, ул Луганская, д 2",https://61.kir.msudrf.ru/,61.kir.msudrf.ru,нет,43MS0069
Кировская область,Киров,,Судебный участок № 62 Октябрьского судебного района г. Кирова,MS,Мировой суд,"610000, г Киров, ул Преображенская, д 71",https://62.kir.msudrf.ru/,62.kir.msudrf.ru,нет,43MS0070
Кировская область,Киров,,Судебный участок № 63 Октябрьского судебного района г. Кирова,MS,Мировой суд,"610000, г Киров, ул Преображенская, д 71",https://63.kir.msudrf.ru/,63.kir.msudrf.ru,нет,43MS0071
Кировская область,Киров,,Судебный участок № 64 Октябрьского судебного района г. Кирова,MS,Мировой суд,"610000, г Киров, ул Преображенская, д 71",https://64.kir.msudrf.ru/,64.kir.msudrf.ru,нет,43MS0072
Кировская область,Киров,,Судебный участок № 65 Октябрьского судебного района г. Кирова,MS,Мировой суд,"610047, г Киров, ул Луганская, д 4",https://65.kir.msudrf.ru/,65.kir.msudrf.ru,нет,43MS0073
Кировская область,Киров,,Судебный участок № 66 Октябрьского судебного района г. Кирова,MS,Мировой суд,"610000, г Киров, ул Преображенская, д 71",https://66.kir.msudrf.ru/,66.kir.msudrf.ru,нет,43MS0074
Кировская область,Киров,,Судебный участок № 67 Первомайского судебного района г. Кирова,MS,Мировой суд,"610004, г Киров, ул Советская, д 29",https://67.kir.msudrf.ru/,67.kir.msudrf.ru,нет,43MS0076
Кировская область,Киров,,Судебный участок № 68 Первомайского судебного района г. Кирова,MS,Мировой суд,"610004, г Киров, ул Профсоюзная, д 4/9",https://68.kir.msudrf.ru/,68.kir.msudrf.ru,нет,43MS0077
Кировская область,Киров,,Судебный участок № 69 Первомайского судебного района г. Кирова,MS,Мировой суд,"610004, г Киров, ул Профсоюзная, д 4/9",https://69.kir.msudrf.ru/,69.kir.msudrf.ru,нет,43MS0078
Кировская область,Киров,,Судебный участок № 70 Ленинского судебного района г. Кирова,MS,Мировой суд,"610033, г Киров, ул Московская, д 103",https://70.kir.msudrf.ru/,70.kir.msudrf.ru,нет,43MS0065
Кировская область,Киров,,Судебный участок № 71 Первомайского судебного района г. Кирова,MS,Мировой суд,"610004, г Киров, ул Советская, д 29",https://71.kir.msudrf.ru/,71.kir.msudrf.ru,нет,43MS0079
Кировская область,Киров,,Судебный участок № 72 Первомайского судебного района г. Кирова,MS,Мировой суд,"610004, г Киров, ул Советская, д 29",https://72.kir.msudrf.ru/,72.kir.msudrf.ru,нет,43MS0080
Кировская область,Киров,,Судебный участок № 78 Октябрьского судебного района г. Кирова,MS,Мировой суд,"610004, г Киров, ул Ленина, д 20",https://78.kir.msudrf.ru/,78.kir.msudrf.ru,нет,43MS0083
Кировская область,Киров,,Судебный участок № 79 Ленинского судебного района г. Кирова,MS,Мировой суд,"610033, г Киров, ул Московская, д 103",https://79.kir.msudrf.ru/,79.kir.msudrf.ru,нет,43MS0066
Кировская область,Киров,,Судебный участок № 80 Октябрьского судебного района г. Кирова,MS,Мировой суд,"610047, г Киров, ул Луганская, д 4",https://80.kir.msudrf.ru/,80.kir.msudrf.ru,нет,43MS0075
Кировская область,Киров,,Судебный участок № 9 Первомайского судебного района г. Кирова,MS,Мировой суд,"610004, г Киров, ул Ленина, д 20",https://9.kir.msudrf.ru/,9.kir.msudrf.ru,нет,43MS0082
Кировская область,Кирово-Чепецк,,Судебный участок № 15 Кирово-Чепецкого судебного района,MS,Мировой суд,"613043, Кировская обл, г Кирово-Чепецк, ул Речная, д 4 к 3",https://15.kir.msudrf.ru/,15.kir.msudrf.ru,нет,43MS0016
Кировская область,Кирово-Чепецк,,Судебный участок № 16 Кирово-Чепецкого судебного района,MS,Мировой суд,"613043, Кировская обл, г Кирово-Чепецк, ул Речная, д 4 к 3",https://16.kir.msudrf.ru/,16.kir.msudrf.ru,нет,43MS0017
Кировская область,Кирово-Чепецк,,Судебный участок № 17 Кирово-Чепецкого судебного района,MS,Мировой суд,"613043, Кировская обл, г Кирово-Чепецк, ул Речная, д 4 к 3",https://17.kir.msudrf.ru/,17.kir.msudrf.ru,нет,43MS0018
Кировская область,Кирово-Чепецк,,Судебный участок № 18 Кирово-Чепецкого судебного района,MS,Мировой суд,"613043, Кировская обл, г Кирово-Чепецк, ул Речная, д 4 к 3",https://18.kir.msudrf.ru/,18.kir.msudrf.ru,нет,43MS0019
Кировская область,Кирово-Чепецк,,Судебный участок № 74 Кирово-Чепецкого судебного района,MS,Мировой суд,"613043, Кировская обл, г Кирово-Чепецк, ул Речная, д 4 к 3",https://74.kir.msudrf.ru/,74.kir.msudrf.ru,нет,43MS0020
Кировская область,Кирс,,Судебный участок № 5 Верхнекамского судебного района,MS,Мировой суд,"612820, Кировская обл, г Кирс, ул Слободская, д 16",https://5.kir.msudrf.ru/,5.kir.msudrf.ru,нет,43MS0005
Кировская область,Котельнич,,Судебный участок № 19 Котельничского судебного района,MS,Мировой суд,"612601, Кировская обл, г Котельнич, ул Советская, д 27",https://19.kir.msudrf.ru/,19.kir.msudrf.ru,нет,43MS0021
Кировская область,Котельнич,,Судебный участок № 20 Котельничского судебного района,MS,Мировой суд,"612601, Кировская обл, г Котельнич, ул Советская, д 27",https://20.kir.msudrf.ru/,20.kir.msudrf.ru,нет,43MS0022
Кировская область,Котельнич,,Судебный участок № 75 Котельничского судебного района,MS,Мировой суд,"612601, Кировская обл, г Котельнич, ул Советская, д 27",https://75.kir.msudrf.ru/,75.kir.msudrf.ru,нет,43MS0023
Кировская область,Кумены,,Судебный участок № 21 Куменского судебного района,MS,Мировой суд,"613400, Кировская обл, пгт Кумены, ул Лесная, д 7",https://21.kir.msudrf.ru/,21.kir.msudrf.ru,нет,43MS0024
Кировская область,Лебяжье,,Судебный участок № 22 Советского судебного района,MS,Мировой суд,"613500, Кировская обл, пгт Лебяжье, ул Комарова, д 16",https://22.kir.msudrf.ru/,22.kir.msudrf.ru,нет,43MS0025
Кировская область,Ленинское,,Судебный участок № 48 Шабалинского судебного района,MS,Мировой суд,"612020, Кировская обл, пгт Ленинское, ул Фрунзе, д 21Б",https://48.kir.msudrf.ru/,48.kir.msudrf.ru,нет,43MS0053
Кировская область,Луза,,Судебный участок № 23 Лузского судебного района,MS,Мировой суд,"613982, Кировская обл, г Луза, ул Чапаева, д 2",https://23.kir.msudrf.ru/,23.kir.msudrf.ru,нет,43MS0026
Кировская область,Малмыж,,Судебный участок № 24 Малмыжского судебного района,MS,Мировой суд,"612920, Кировская обл, г Малмыж, ул Пушкаревская, д 4",https://24.kir.msudrf.ru/,24.kir.msudrf.ru,нет,43MS0027
Кировская область,Мураши,,Судебный участок № 25 Мурашинского судебного района,MS,Мировой суд,"613710, Кировская обл, г Мураши, ул Володарского, д 5",https://25.kir.msudrf.ru/,25.kir.msudrf.ru,нет,43MS0028
Кировская область,Нагорск,,Судебный участок № 26 Слободского судебного района,MS,Мировой суд,"613260, Кировская обл, пгт Нагорск, ул Советская, д 149",https://26.kir.msudrf.ru/,26.kir.msudrf.ru,нет,43MS0029
Кировская область,Нема,,Судебный участок № 27 Нолинского судебного района,MS,Мировой суд,"613470, Кировская обл, пгт Нема, ул Советская, д 9",https://27.kir.msudrf.ru/,27.kir.msudrf.ru,нет,43MS0030
Кировская область,Нолинск,,Судебный участок № 28 Нолинского судебного района,MS,Мировой суд,"613440, Кировская обл, г Нолинск, ул Пригородная, д 28",https://28.kir.msudrf.ru/,28.kir.msudrf.ru,нет,43MS0031
Кировская область,Омутнинск,,Судебный участок № 29 Омутнинского судебного района,MS,Мировой суд,"612740, Кировская обл, г Омутнинск, ул Герцена, д 23",https://29.kir.msudrf.ru/,29.kir.msudrf.ru,нет,43MS0032
Кировская область,Омутнинск,,Судебный участок № 30 Омутнинского судебного района,MS,Мировой суд,"612740, Кировская обл, г Омутнинск, ул Герцена, д 23",https://30.kir.msudrf.ru/,30.kir.msudrf.ru,нет,43MS0033
Кировская область,Омутнинск,,Судебный участок № 76 Омутнинского судебного района,MS,Мировой суд,"612740, Кировская обл, г Омутнинск, ул Герцена, д 23",https://76.kir.msudrf.ru/,76.kir.msudrf.ru,нет,43MS0034
Кировская область,Опарино,,Судебный участок № 31 Мурашинского судебного района,MS,Мировой суд,"613810, Кировская обл, пгт Опарино, ул Октябрьская, д 32",https://31.kir.msudrf.ru/,31.kir.msudrf.ru,нет,43MS0035
Кировская область,Оричи,,Судебный участок № 33 Оричевского судебного района,MS,Мировой суд,"612080, Кировская обл, пгт Оричи, ул Комсомольская, д 42",https://33.kir.msudrf.ru/,33.kir.msudrf.ru,нет,43MS0037
Кировская область,Орлов,,Судебный участок № 32 Котельничского судебного района,MS,Мировой суд,"612270, Кировская обл, г Орлов, ул Строителей, д 20",https://32.kir.msudrf.ru/,32.kir.msudrf.ru,нет,43MS0036
Кировская область,Пижанка,,Судебный участок № 34 Советского судебного района,MS,Мировой суд,"613380, Кировская обл, пгт Пижанка, ул Труда, д 8А",https://34.kir.msudrf.ru/,34.kir.msudrf.ru,нет,43MS0038
Кировская область,Рудничный,,Судебный участок № 6 Верхнекамского судебного района,MS,Мировой суд,"612830, Кировская обл, Верхнекамский р-н, пгт Рудничный, ул Орджоникидзе, д 26",https://6.kir.msudrf.ru/,6.kir.msudrf.ru,нет,43MS0006
Кировская область,Санчурск,,Судебный участок № 36 Санчурского судебного района,MS,Мировой суд,"612370, Кировская обл, пгт Санчурск, ул Зевахина, д 2",https://36.kir.msudrf.ru/,36.kir.msudrf.ru,нет,43MS0040
Кировская область,Свеча,,Судебный участок № 37 Шабалинского судебного района,MS,Мировой суд,"612040, Кировская обл, пгт Свеча, ул Свободы, д 16",https://37.kir.msudrf.ru/,37.kir.msudrf.ru,нет,43MS0041
Кировская область,Советск,,Судебный участок № 41 Советского судебного района,MS,Мировой суд,"613340, Кировская обл, г Советск, ул Октябрьская, д 87",https://41.kir.msudrf.ru/,41.kir.msudrf.ru,нет,43MS0046
Кировская область,Сосновка,,Судебный участок № 10 Вятскополянского судебного района,MS,Мировой суд,"612990, Кировская обл, Вятскополянский р-н, г Сосновка, ул Гоголя, д 34",https://10.kir.msudrf.ru/,10.kir.msudrf.ru,нет,43MS0010
Кировская область,Стулово,,Судебный участок № 38 Слободского судебного района,MS,Мировой суд,"613112, Кировская обл, Слободской р-н, д Стулово, ул Трактовая, д 42",https://38.kir.msudrf.ru/,38.kir.msudrf.ru,нет,43MS0042
Кировская область,Стулово,,Судебный участок № 39 Слободского судебного района,MS,Мировой суд,"613112, Кировская обл, Слободской р-н, д Стулово, ул Трактовая, д 42",https://39.kir.msudrf.ru/,39.kir.msudrf.ru,нет,43MS0043
Кировская область,Стулово,,Судебный участок № 40 Слободского судебного района,MS,Мировой суд,"613112, Кировская обл, Слободской р-н, д Стулово, ул Трактовая, д 42",https://40.kir.msudrf.ru/,40.kir.msudrf.ru,нет,43MS0044
Кировская область,Стулово,,Судебный участок № 77 Слободского судебного района,MS,Мировой суд,"613112, Кировская обл, Слободской р-н, д Стулово, ул Трактовая, д 42",https://77.kir.msudrf.ru/,77.kir.msudrf.ru,нет,43MS0045
Кировская область,Суна,,Судебный участок № 43 Нолинского судебного района,MS,Мировой суд,"612450, Кировская обл, пгт Суна, ул Большевиков, д 5А",https://43.kir.msudrf.ru/,43.kir.msudrf.ru,нет,43MS0048
Кировская область,Тужа,,Судебный участок № 44 Яранского судебного района,MS,Мировой суд,"612200, Кировская обл, пгт Тужа, ул Горького, д 16",https://44.kir.msudrf.ru/,44.kir.msudrf.ru,нет,43MS0049
Кировская область,Уни,,Судебный участок № 45 Унинского судебного района,MS,Мировой суд,"612540, Кировская обл, пгт Уни, ул Труда, д 54",https://45.kir.msudrf.ru/,45.kir.msudrf.ru,нет,43MS0050
Кировская область,Уржум,,Судебный участок № 46 Уржумского судебного района,MS,Мировой суд,"613530, Кировская обл, г Уржум, ул Советская, д 5",https://46.kir.msudrf.ru/,46.kir.msudrf.ru,нет,43MS0051
Кировская область,Фаленки,,Судебный участок № 47 Зуевского судебного района,MS,Мировой суд,"612500, Кировская обл, пгт Фаленки, ул Свободы, д 81",https://47.kir.msudrf.ru/,47.kir.msudrf.ru,нет,43MS0052
Кировская область,Юрья,,Судебный участок № 49 Юрьянского судебного района,MS,Мировой суд,"613600, Кировская обл, пгт Юрья, ул Ленина, д 2",https://49.kir.msudrf.ru/,49.kir.msudrf.ru,нет,43MS0054
Кировская область,Юрья,,Судебный участок № 50 Юрьянского судебного района,MS,Мировой суд,"613600, Кировская обл, пгт Юрья, ул Ленина, д 2",https://50.kir.msudrf.ru/,50.kir.msudrf.ru,нет,43MS0055
Кировская область,Яранск,,Судебный участок № 51 Яранского судебного района,MS,Мировой суд,"612260, Кировская обл, г Яранск, ул Карла Маркса, д 14",https://51.kir.msudrf.ru/,51.kir.msudrf.ru,нет,43MS0056
Ульяновская область,Базарный Сызган,,Судебный участок Базарносызганского района Инзенского судебного района Ульяновской области,MS,Мировой суд,"433700, Ульяновская обл, рп Базарный Сызган, ул Авдеева, д 34",https://1bazrn.uln.msudrf.ru/,1bazrn.uln.msudrf.ru,нет,73MS0032
Ульяновская область,Барыш,,Судебный участок № 1 Барышского района Барышского судебного района Ульяновской области,MS,Мировой суд,"433750, Ульяновская обл, Барышский р-н, г Барыш, ул Советская, д 152",https://1barrn.uln.msudrf.ru/,1barrn.uln.msudrf.ru,нет,73MS0040
Ульяновская область,Барыш,,Судебный участок № 2 Барышского района Барышского судебного района Ульяновской области,MS,Мировой суд,"433750, Ульяновская обл, Барышский р-н, г Барыш, ул Советская, д 152",https://2barrn.uln.msudrf.ru/,2barrn.uln.msudrf.ru,нет,73MS0041
Ульяновская область,Барыш,,Судебный участок № 3 Барышского района Барышского судебного района Ульяновской области,MS,Мировой суд,"433750, Ульяновская обл, Барышский р-н, г Барыш, ул Советская, д 152",https://3barrn.uln.msudrf.ru/,3barrn.uln.msudrf.ru,нет,73MS0042
Ульяновская область,Большое Нагаткино,,Судебный участок Цильнинского района Ульяновского судебного района Ульяновской области,MS,Мировой суд,"433610, Ульяновская обл, с Большое Нагаткино, ул Садовая, д 2",https://1cilrn.uln.msudrf.ru/,1cilrn.uln.msudrf.ru,нет,73MS0069
Ульяновская область,Вешкайма,,Судебный участок № 1 Вешкаймского района Майнского судебного района Ульяновской области,MS,Мировой суд,"433100, Ульяновская обл, рп Вешкайма, ул Мира, д 12",https://1veshrn.uln.msudrf.ru/,1veshrn.uln.msudrf.ru,нет,73MS0043
Ульяновская область,Вешкайма,,Судебный участок № 2 Вешкаймского района Майнского судебного района Ульяновской области,MS,Мировой суд,"433100, Ульяновская обл, рп Вешкайма, ул Мира, д 12",https://2veshrn.uln.msudrf.ru/,2veshrn.uln.msudrf.ru,нет,73MS0044
Ульяновская область,Димитровград,,Судебный участок № 1 Мелекесского района Мелекесского судебного района Ульяновской области,MS,Мировой суд,"433508, Ульяновская обл, г Димитровград, ул Гагарина, зд 34",https://1melrn.uln.msudrf.ru/,1melrn.uln.msudrf.ru,нет,73MS0052
Ульяновская область,Димитровград,,Судебный участок № 1 г. Димитровграда Димитровградского судебного района Ульяновской области,MS,Мировой суд,"433511, Ульяновская обл, г Димитровград, ул Бурцева, зд 3",https://1dmitrovgrad.uln.msudrf.ru/,1dmitrovgrad.uln.msudrf.ru,нет,73MS0033
Ульяновская область,Димитровград,,Судебный участок № 2 Мелекесского района Мелекесского судебного района Ульяновской области,MS,Мировой суд,"433512, Ульяновская обл, г Димитровград, пр-кт Димитрова, зд 39А",https://2melrn.uln.msudrf.ru/,2melrn.uln.msudrf.ru,нет,73MS0053
Ульяновская область,Димитровград,,Судебный участок № 2 г. Димитровграда Димитровградского судебного района Ульяновской области,MS,Мировой суд,"433511, Ульяновская обл, г Димитровград, ул Бурцева, зд 3",https://2dmitrovgrad.uln.msudrf.ru/,2dmitrovgrad.uln.msudrf.ru,нет,73MS0034
Ульяновская область,Димитровград,,Судебный участок № 3 г. Димитровграда Димитровградского судебного района Ульяновской области,MS,Мировой суд,"433511, Ульяновская обл, г Димитровград, ул Бурцева, зд 3",https://3dmitrovgrad.uln.msudrf.ru/,3dmitrovgrad.uln.msudrf.ru,нет,73MS0035
Ульяновская область,Димитровград,,Судебный участок № 4 г. Димитровграда Димитровградского судебного района Ульяновской области,MS,Мировой суд,"433511, Ульяновская обл, г Димитровград, ул Бурцева, зд 3",https://4dmitrovgrad.uln.msudrf.ru/,4dmitrovgrad.uln.msudrf.ru,нет,73MS0036
Ульяновская область,Димитровград,,Судебный участок № 5 г. Димитровграда Димитровградского судебного района Ульяновской области,MS,Мировой суд,"433511, Ульяновская обл, г Димитровград, ул Бурцева, зд 3",https://5dmitrovgrad.uln.msudrf.ru/,5dmitrovgrad.uln.msudrf.ru,нет,73MS0037
Ульяновская область,Димитровград,,Судебный участок № 6 г. Димитровграда Димитровградского судебного района Ульяновской области,MS,Мировой суд,"433511, Ульяновская обл, г Димитровград, ул Бурцева, зд 3",https://6dmitrovgrad.uln.msudrf.ru/,6dmitrovgrad.uln.msudrf.ru,нет,73MS0038
Ульяновская область,Димитровград,,Судебный участок № 7 г. Димитровграда Димитровградского судебного района Ульяновской области,MS,Мировой суд,"433511, Ульяновская обл, г Димитровград, ул Бурцева, зд 3",https://7dmitrovgrad.uln.msudrf.ru/,7dmitrovgrad.uln.msudrf.ru,нет,73MS0039
Ульяновская область,Инза,,Судебный участок № 1 Инзенского района Инзенского судебного района Ульяновской области,MS,Мировой суд,"433030, Ульяновская обл, г Инза, ул Ульяновская, д 24",https://1inzrn.uln.msudrf.ru/,1inzrn.uln.msudrf.ru,нет,73MS0045
Ульяновская область,Инза,,Судебный участок № 2 Инзенского района Инзенского судебного района Ульяновской области,MS,Мировой суд,"433030, Ульяновская обл, г Инза, ул Ульяновская, д 24",https://2inzrn.uln.msudrf.ru/,2inzrn.uln.msudrf.ru,нет,73MS0046
Ульяновская область,Ишеевка,,Судебный участок № 1 Ульяновского района Ульяновского судебного района Ульяновской области,MS,Мировой суд,"433310, Ульяновская обл, Ульяновский р-н, рп Ишеевка, ул Гагарина, зд 12",https://1ulrn.uln.msudrf.ru/,1ulrn.uln.msudrf.ru,нет,73MS0066
Ульяновская область,Ишеевка,,Судебный участок № 2 Ульяновского района Ульяновского судебного района Ульяновской области,MS,Мировой суд,"433310, Ульяновская обл, Ульяновский р-н, рп Ишеевка, ул Гагарина, зд 12",https://2ulrn.uln.msudrf.ru/,2ulrn.uln.msudrf.ru,нет,73MS0067
Ульяновская область,Карсун,,Судебный участок № 1 Карсунского района Карсунского судебного района Ульяновской области,MS,Мировой суд,"433210, Ульяновская обл, рп Карсун, ул Тельмана, д 10",https://1karsrn.uln.msudrf.ru/,1karsrn.uln.msudrf.ru,нет,73MS0047
Ульяновская область,Карсун,,Судебный участок № 2 Карсунского района Карсунского судебного района Ульяновской области,MS,Мировой суд,"433210, Ульяновская обл, рп Карсун, ул Тельмана, д 10",https://2karsrn.uln.msudrf.ru/,2karsrn.uln.msudrf.ru,нет,73MS0048
Ульяновская область,Кузоватово,,Судебный участок Кузоватовского района Новоспасского судебного района Ульяновской области,MS,Мировой суд,"433760, Ульяновская обл, рп Кузоватово, ул Октябрьская, зд 9А",https://1kuzrn.uln.msudrf.ru/,1kuzrn.uln.msudrf.ru,нет,73MS0049
Ульяновская область,Майна,,Судебный участок № 1 Майнского района Майнского судебного района Ульяновской области,MS,Мировой суд,"433130, Ульяновская обл, рп Майна, ул Советская, д 9",https://1maynrn.uln.msudrf.ru/,1maynrn.uln.msudrf.ru,нет,73MS0050
Ульяновская область,Майна,,Судебный участок № 2 Майнского района Майнского судебного района Ульяновской области,MS,Мировой суд,"433130, Ульяновская обл, рп Майна, ул Советская, д 9",https://2maynrn.uln.msudrf.ru/,2maynrn.uln.msudrf.ru,нет,73MS0051
Ульяновская область,Николаевка,,Судебный участок № 1 Николаевского района Николаевского судебного района Ульяновской области,MS,Мировой суд,"433810, Ульяновская обл, рп Николаевка, ул Коммунальная, д 2",https://1nikrn.uln.msudrf.ru/,1nikrn.uln.msudrf.ru,нет,73MS0056
Ульяновская область,Николаевка,,Судебный участок № 2 Николаевского района Николаевского судебного района Ульяновской области,MS,Мировой суд,"433810, Ульяновская обл, рп Николаевка, ул Коммунальная, д 2",https://2nikrn.uln.msudrf.ru/,2nikrn.uln.msudrf.ru,нет,73MS0057
Ульяновская область,Новая Малыкла,,Судебный участок Новомалыклинского района Мелекесского судебного района Ульяновской области,MS,Мировой суд,"433560, Ульяновская обл, с Новая Малыкла, ул Кооперативная, зд 26",https://1novmalrn.uln.msudrf.ru/,1novmalrn.uln.msudrf.ru,нет,73MS0054
Ульяновская область,Новоспасское,,Судебный участок Новоспасского района Новоспасского судебного района Ульяновской области,MS,Мировой суд,"433870, Ульяновская обл, рп Новоспасское, ул Азина, д 114",https://1novsprn.uln.msudrf.ru/,1novsprn.uln.msudrf.ru,нет,73MS0055
Ульяновская область,Новоульяновск,,Судебный участок г. Новоульяновска Ульяновского судебного района Ульяновской области,MS,Мировой суд,"433300, Ульяновская обл, г Новоульяновск, ул Ульяновская, д 29",https://1novul.uln.msudrf.ru/,1novul.uln.msudrf.ru,нет,73MS0068
Ульяновская область,Павловка,,Судебный участок Павловского района Николаевского судебного района Ульяновской области,MS,Мировой суд,"433970, Ульяновская обл, рп Павловка, ул Ленина, зд 96",https://1pavlrn.uln.msudrf.ru/,1pavlrn.uln.msudrf.ru,нет,73MS0058
Ульяновская область,Радищево,,Судебный участок Радищевского района Радищевского судебного района Ульяновской области,MS,Мировой суд,"433910, Ульяновская обл, рп Радищево, ул Кооперативная, д 5",https://1radrn.uln.msudrf.ru/,1radrn.uln.msudrf.ru,нет,73MS0059
Ульяновская область,Сенгилей,,Судебный участок № 1 Сенгилеевского района Сенгилеевского судебного района Ульяновской области,MS,Мировой суд,"433380, Ульяновская обл, г Сенгилей, ул Красноармейская, зд 53",https://1sengrn.uln.msudrf.ru/,1sengrn.uln.msudrf.ru,нет,73MS0060
Ульяновская область,Сенгилей,,Судебный участок № 2 Сенгилеевского района Сенгилеевского судебного района Ульяновской области,MS,Мировой суд,"433380, Ульяновская обл, г Сенгилей, ул Красноармейская, зд 53",https://2sengrn.uln.msudrf.ru/,2sengrn.uln.msudrf.ru,нет,73MS0061
Ульяновская область,Старая Кулатка,,Судебный участок Старокулаткинского района Радищевского судебного района Ульяновской области,MS,Мировой суд,"433940, Ульяновская обл, рп Старая Кулатка, ул Кирова, д 133А",https://1starkulrn.uln.msudrf.ru/,1starkulrn.uln.msudrf.ru,нет,73MS0062
Ульяновская область,Старая Майна,,Судебный участок Старомайнского района Чердаклинского судебного района Ульяновской области,MS,Мировой суд,"433460, Ульяновская обл, рп Старая Майна, ул Рабочая, зд 2",https://1starmayrn.uln.msudrf.ru/,1starmayrn.uln.msudrf.ru,нет,73MS0063
Ульяновская область,Сурское,,Судебный участок Сурского района Карсунского судебного района Ульяновской области,MS,Мировой суд,"433240, Ульяновская обл, рп Сурское, ул Хазова, зд 38",https://1surrn.uln.msudrf.ru/,1surrn.uln.msudrf.ru,нет,73MS0064
Ульяновская область,Тереньга,,Судебный участок Тереньгульского района Сенгилеевского судебного района Ульяновской области,MS,Мировой суд,"433361, Ульяновская обл, рп Тереньга, ул Евстифеева, д 9",https://1terrn.uln.msudrf.ru/,1terrn.uln.msudrf.ru,нет,73MS0065
Ульяновская область,Ульяновск,,Судебный участок № 1 Железнодорожного района Железнодорожного судебного района г. Ульяновска,MS,Мировой суд,"432012, г Ульяновск, ул Локомотивная, д 106А",https://1zdrn.uln.msudrf.ru/,1zdrn.uln.msudrf.ru,нет,73MS0028
Ульяновская область,Ульяновск,,Судебный участок № 1 Заволжского района Заволжского судебного района г. Ульяновска,MS,Мировой суд,"432010, г Ульяновск, проезд Менделеева, д 5",https://1zavolrn.uln.msudrf.ru/,1zavolrn.uln.msudrf.ru,нет,73MS0011
Ульяновская область,Ульяновск,,Судебный участок № 1 Засвияжского района Засвияжского судебного района г. Ульяновска,MS,Мировой суд,"432042, г Ульяновск, ул Станкостроителей, д 16 к 1",https://1zasvrn.uln.msudrf.ru/,1zasvrn.uln.msudrf.ru,нет,73MS0001
Ульяновская область,Ульяновск,,Судебный участок № 1 Ленинского района Ленинского судебного района г. Ульяновска,MS,Мировой суд,"432000, г Ульяновск, ул Ленина, д 104А к 2",https://1lenrn.uln.msudrf.ru/,1lenrn.uln.msudrf.ru,нет,73MS0020
Ульяновская область,Ульяновск,,Судебный участок № 10 Засвияжского района Засвияжского судебного района г. Ульяновска,MS,Мировой суд,"432042, г Ульяновск, ул Станкостроителей, д 16 к 1",https://10zasvrn.uln.msudrf.ru/,10zasvrn.uln.msudrf.ru,нет,73MS0010
Ульяновская область,Ульяновск,,Судебный участок № 2 Железнодорожного района Железнодорожного судебного района г. Ульяновска,MS,Мировой суд,"432012, г Ульяновск, ул Локомотивная, д 106А",https://2zdrn.uln.msudrf.ru/,2zdrn.uln.msudrf.ru,нет,73MS0029
Ульяновская область,Ульяновск,,Судебный участок № 2 Заволжского района Заволжского судебного района г. Ульяновска,MS,Мировой суд,"432010, г Ульяновск, проезд Менделеева, д 5",https://2zavolrn.uln.msudrf.ru/,2zavolrn.uln.msudrf.ru,нет,73MS0012
Ульяновская область,Ульяновск,,Судебный участок № 2 Засвияжского района Засвияжского судебного района г. Ульяновска,MS,Мировой суд,"432042, г Ульяновск, ул Станкостроителей, д 16 к 1",https://2zasvrn.uln.msudrf.ru/,2zasvrn.uln.msudrf.ru,нет,73MS0002
Ульяновская область,Ульяновск,,Судебный участок № 2 Ленинского района Ленинского судебного района г. Ульяновска,MS,Мировой суд,"432000, г Ульяновск, ул Ленина, д 104А к 2",https://2lenrn.uln.msudrf.ru/,2lenrn.uln.msudrf.ru,нет,73MS0021
Ульяновская область,Ульяновск,,Судебный участок № 3 Железнодорожного района Железнодорожного судебного района г. Ульяновска,MS,Мировой суд,"432012, г Ульяновск, ул Локомотивная, д 106А",https://3zdrn.uln.msudrf.ru/,3zdrn.uln.msudrf.ru,нет,73MS0030
Ульяновская область,Ульяновск,,Судебный участок № 3 Заволжского района Заволжского судебного района г. Ульяновска,MS,Мировой суд,"432010, г Ульяновск, проезд Менделеева, д 5",https://3zavolrn.uln.msudrf.ru/,3zavolrn.uln.msudrf.ru,нет,73MS0013
Ульяновская область,Ульяновск,,Судебный участок № 3 Засвияжского района Засвияжского судебного района г. Ульяновска,MS,Мировой суд,"432042, г Ульяновск, ул Станкостроителей, д 16 к 1",https://3zasvrn.uln.msudrf.ru/,3zasvrn.uln.msudrf.ru,нет,73MS0003
Ульяновская область,Ульяновск,,Судебный участок № 3 Ленинского района Ленинского судебного района г. Ульяновска,MS,Мировой суд,"432000, г Ульяновск, ул Ленина, д 104А к 2",https://3lenrn.uln.msudrf.ru/,3lenrn.uln.msudrf.ru,нет,73MS0022
Ульяновская область,Ульяновск,,Судебный участок № 4 Железнодорожного района Железнодорожного судебного района г. Ульяновска,MS,Мировой суд,"432012, г Ульяновск, ул Локомотивная, д 106А",https://4zdrn.uln.msudrf.ru/,4zdrn.uln.msudrf.ru,нет,73MS0031
Ульяновская область,Ульяновск,,Судебный участок № 4 Заволжского района Заволжского судебного района г. Ульяновска,MS,Мировой суд,"432010, г Ульяновск, проезд Менделеева, д 5",https://4zavolrn.uln.msudrf.ru/,4zavolrn.uln.msudrf.ru,нет,73MS0014
Ульяновская область,Ульяновск,,Судебный участок № 4 Засвияжского района Засвияжского судебного района г. Ульяновска,MS,Мировой суд,"432042, г Ульяновск, ул Станкостроителей, д 16 к 1",https://4zasvrn.uln.msudrf.ru/,4zasvrn.uln.msudrf.ru,нет,73MS0004
Ульяновская область,Ульяновск,,Судебный участок № 4 Ленинского района Ленинского судебного района г. Ульяновска,MS,Мировой суд,"432000, г Ульяновск, ул Ленина, д 104А к 2",https://4lenrn.uln.msudrf.ru/,4lenrn.uln.msudrf.ru,нет,73MS0023
Ульяновская область,Ульяновск,,Судебный участок № 5 Заволжского района Заволжского судебного района г. Ульяновска,MS,Мировой суд,"432010, г Ульяновск, проезд Менделеева, д 5",https://5zavolrn.uln.msudrf.ru/,5zavolrn.uln.msudrf.ru,нет,73MS0015
Ульяновская область,Ульяновск,,Судебный участок № 5 Засвияжского района Засвияжского судебного района г. Ульяновска,MS,Мировой суд,"432042, г Ульяновск, ул Станкостроителей, д 16 к 1",https://5zasvrn.uln.msudrf.ru/,5zasvrn.uln.msudrf.ru,нет,73MS0005
Ульяновская область,Ульяновск,,Судебный участок № 5 Ленинского района Ленинского судебного района г. Ульяновска,MS,Мировой суд,"432000, г Ульяновск, ул Ленина, д 104А к 2",https://5lenrn.uln.msudrf.ru/,5lenrn.uln.msudrf.ru,нет,73MS0024
Ульяновская область,Ульяновск,,Судебный участок № 6 Заволжского района Заволжского судебного района г. Ульяновска,MS,Мировой суд,"432010, г Ульяновск, проезд Менделеева, д 5",https://6zavolrn.uln.msudrf.ru/,6zavolrn.uln.msudrf.ru,нет,73MS0016
Ульяновская область,Ульяновск,,Судебный участок № 6 Засвияжского района Засвияжского судебного района г. Ульяновска,MS,Мировой суд,"432042, г Ульяновск, ул Станкостроителей, д 16 к 1",https://6zasvrn.uln.msudrf.ru/,6zasvrn.uln.msudrf.ru,нет,73MS0006
Ульяновская область,Ульяновск,,Судебный участок № 6 Ленинского района Ленинского судебного района г. Ульяновска,MS,Мировой суд,"432000, г Ульяновск, ул Ленина, д 104А к 2",https://6lenrn.uln.msudrf.ru/,6lenrn.uln.msudrf.ru,нет,73MS0025
Ульяновская область,Ульяновск,,Судебный участок № 7 Заволжского района Заволжского судебного района г. Ульяновска,MS,Мировой суд,"432010, г Ульяновск, проезд Менделеева, д 5",https://7zavolrn.uln.msudrf.ru/,7zavolrn.uln.msudrf.ru,нет,73MS0017
Ульяновская область,Ульяновск,,Судебный участок № 7 Засвияжского района Засвияжского судебного района г. Ульяновска,MS,Мировой суд,"432042, г Ульяновск, ул Станкостроителей, д 16 к 1",https://7zasvrn.uln.msudrf.ru/,7zasvrn.uln.msudrf.ru,нет,73MS0007
Ульяновская область,Ульяновск,,Судебный участок № 7 Ленинского района Ленинского судебного района г. Ульяновска,MS,Мировой суд,"432000, г Ульяновск, ул Ленина, д 104А к 2",https://7lenrn.uln.msudrf.ru/,7lenrn.uln.msudrf.ru,нет,73MS0026
Ульяновская область,Ульяновск,,Судебный участок № 8 Заволжского района Заволжского судебного района г. Ульяновска,MS,Мировой суд,"432010, г Ульяновск, проезд Менделеева, д 5",https://8zavolrn.uln.msudrf.ru/,8zavolrn.uln.msudrf.ru,нет,73MS0018
Ульяновская область,Ульяновск,,Судебный участок № 8 Засвияжского района Засвияжского судебного района г. Ульяновска,MS,Мировой суд,"432042, г Ульяновск, ул Станкостроителей, д 16 к 1",https://8zasvrn.uln.msudrf.ru/,8zasvrn.uln.msudrf.ru,нет,73MS0008
Ульяновская область,Ульяновск,,Судебный участок № 8 Ленинского района Ленинского судебного района г. Ульяновска,MS,Мировой суд,"432000, г Ульяновск, ул Ленина, д 104А к 2",https://8lenrn.uln.msudrf.ru/,8lenrn.uln.msudrf.ru,нет,73MS0027
Ульяновская область,Ульяновск,,Судебный участок № 9 Заволжского района Заволжского судебного района г. Ульяновска,MS,Мировой суд,"432010, г Ульяновск, проезд Менделеева, д 5",https://9zavolrn.uln.msudrf.ru/,9zavolrn.uln.msudrf.ru,нет,73MS0019
Ульяновская область,Ульяновск,,Судебный участок № 9 Засвияжского района Засвияжского судебного района г. Ульяновска,MS,Мировой суд,"432042, г Ульяновск, ул Станкостроителей, д 16 к 1",https://9zasvrn.uln.msudrf.ru/,9zasvrn.uln.msudrf.ru,нет,73MS0009
Ульяновская область,Чердаклы,,Судебный участок № 1 Чердаклинского района Чердаклинского судебного района Ульяновской области,MS,Мировой суд,"433400, Ульяновская обл, рп Чердаклы, ул Советская, д 20",https://1cherdrn.uln.msudrf.ru/,1cherdrn.uln.msudrf.ru,нет,73MS0070
Ульяновская область,Чердаклы,,Судебный участок № 2 Чердаклинского района Чердаклинского судебного района Ульяновской области,MS,Мировой суд,"433400, Ульяновская обл, рп Чердаклы, ул Советская, д 20",https://2cherdrn.uln.msudrf.ru/,2cherdrn.uln.msudrf.ru,нет,73MS0071
Курская область,Горшечное,,Судебный участок Горшеченского судебного района Курской области,MS,Мировой суд,"306710, Курская обл, рп Горшечное, ул Мира, д 42",https://gorshechensky.krs.msudrf.ru/,gorshechensky.krs.msudrf.ru,нет,46MS0004
Курская область,Дмитриев,,Судебный участок Хомутовского судебного района Курской области,MS,Мировой суд,"307500, Курская обл, Дмитриевский р-н, г Дмитриев, ул Ленина, д 54",https://homutovsky.krs.msudrf.ru/,homutovsky.krs.msudrf.ru,нет,46MS0039
Курская область,Дмитриев,,Судебный участок судебного района г. Дмитриева и Дмитриевского района Курской области,MS,Мировой суд,"307500, Курская обл, Дмитриевский р-н, г Дмитриев, ул Ленина, д 54",https://dmitriev.krs.msudrf.ru/,dmitriev.krs.msudrf.ru,нет,46MS0005
Курская область,Железногорск,,Судебный участок № 1 судебного района г. Железногорска и Железногорского района Курской области,MS,Мировой суд,"307130, Курская область, г. Железногорск, ул. XXI Партсъезда, д. 11",https://zheleznogorsk1.krs.msudrf.ru/,zheleznogorsk1.krs.msudrf.ru,нет,46MS0006
Курская область,Железногорск,,Судебный участок № 2 судебного района г. Железногорска и Железногорского района Курской области,MS,Мировой суд,"307130, Курская область, г. Железногорск, ул. XXI Партсъезда, д. 11",https://zheleznogorsk2.krs.msudrf.ru/,zheleznogorsk2.krs.msudrf.ru,нет,46MS0007
Курская область,Железногорск,,Судебный участок № 3 судебного района г. Железногорска и Железногорского района Курской области,MS,Мировой суд,"307130, Курская область, г. Железногорск, ул. XXI Партсъезда, д. 11",https://zheleznogorsk3.krs.msudrf.ru/,zheleznogorsk3.krs.msudrf.ru,нет,46MS0008
Курская область,Железногорск,,Судебный участок № 4 судебного района г. Железногорска и Железногорского района Курской области,MS,Мировой суд,"307130, Курская область, г. Железногорск, ул. XXI Партсъезда, д. 11",https://zheleznogorsk4.krs.msudrf.ru/,zheleznogorsk4.krs.msudrf.ru,нет,46MS0009
Курская область,Железногорск,,Судебный участок № 5 судебного района г. Железногорска и Железногорского района Курской области,MS,Мировой суд,"307130, Курская область, г. Железногорск, ул. XXI Партсъезда, д. 11",https://zheleznogorsk5.krs.msudrf.ru/,zheleznogorsk5.krs.msudrf.ru,нет,46MS0010
Курская область,Золотухино,,Судебный участок Золотухинского судебного района Курской области,MS,Мировой суд,"306020, Курская обл, рп Золотухино, ул Советская, влд 2",https://zolotuhinsky.krs.msudrf.ru/,zolotuhinsky.krs.msudrf.ru,нет,46MS0011
Курская область,Касторное,,Судебный участок Касторенского судебного района Курской области,MS,Мировой суд,"306700, Курская обл, рп Касторное, ул Советская, зд 1/1",https://kastorensky.krs.msudrf.ru/,kastorensky.krs.msudrf.ru,нет,46MS0012
Курская область,Конышевка,,Судебный участок Конышевского судебного района Курской области,MS,Мировой суд,"307620, Курская обл, рп Конышевка, ул Ленина, д 13",https://konishevsky.krs.msudrf.ru/,konishevsky.krs.msudrf.ru,нет,46MS0013
Курская область,Курск,,Судебный участок Беловского судебного района Курской области,MS,Мировой суд,"305000, г Курск, ул Радищева, зд 17",https://belovsky.krs.msudrf.ru/,belovsky.krs.msudrf.ru,нет,46MS0001
Курская область,Курск,,Судебный участок Большесолдатского судебного района Курской области,MS,Мировой суд,"305007, г Курск, ул Энгельса, д 109",https://bolshesoldatsky.krs.msudrf.ru/,bolshesoldatsky.krs.msudrf.ru,нет,46MS0002
Курская область,Курск,,Судебный участок Глушковского судебного района Курской области,MS,Мировой суд,"305000, г Курск, ул Кати Зеленко, д 7",https://glushkovsky.krs.msudrf.ru/,glushkovsky.krs.msudrf.ru,нет,46MS0003
Курская область,Курск,,Судебный участок Кореневского судебного района Курской области,MS,Мировой суд,"305035, г Курск, ул Красной Армии, д 50",https://korenevsky.krs.msudrf.ru/,korenevsky.krs.msudrf.ru,нет,46MS0014
Курская область,Курск,,Судебный участок № 1 Курского судебного района Курской области,MS,Мировой суд,"305000, г Курск, ул Горького, д 55А",https://kursky1.krs.msudrf.ru/,kursky1.krs.msudrf.ru,нет,46MS0015
Курская область,Курск,,Судебный участок № 1 судебного района Железнодорожного округа г. Курска,MS,Мировой суд,"305022, г Курск, ул Рабочая 2-я, д 11А",https://zhldr-kursk1.krs.msudrf.ru/,zhldr-kursk1.krs.msudrf.ru,нет,46MS0044
Курская область,Курск,,Судебный участок № 1 судебного района Сеймского округа г. Курска,MS,Мировой суд,"305007, г Курск, ул Энгельса, зд 109",https://seimsky-kursk1.krs.msudrf.ru/,seimsky-kursk1.krs.msudrf.ru,нет,46MS0059
Курская область,Курск,,Судебный участок № 1 судебного района Центрального округа г. Курска,MS,Мировой суд,"305007, г Курск, ул Энгельса, д 109",https://centr-kursk1.krs.msudrf.ru/,centr-kursk1.krs.msudrf.ru,нет,46MS0048
Курская область,Курск,,Судебный участок № 1 судебного района г. Рыльска и Рыльского района Курской области,MS,Мировой суд,"305007, г Курск, ул Энгельса, д 109",https://rilsk1.krs.msudrf.ru/,rilsk1.krs.msudrf.ru,нет,46MS0031
Курская область,Курск,,Судебный участок № 1 судебного района г. Суджи и Суджанского района Курской области,MS,Мировой суд,"305007, г Курск, ул Энгельса, д 109",https://sudzhi1.krs.msudrf.ru/,sudzhi1.krs.msudrf.ru,нет,46MS0035
Курская область,Курск,,Судебный участок № 10 судебного района Центрального округа г. Курска,MS,Мировой суд,"305007, г Курск, ул Энгельса, д 109",https://centr-kursk10.krs.msudrf.ru/,centr-kursk10.krs.msudrf.ru,нет,46MS0057
Курская область,Курск,,Судебный участок № 11 судебного района Центрального округа г. Курска,MS,Мировой суд,"305000, г Курск, ул Кати Зеленко, д 7",https://centr-kursk11.krs.msudrf.ru/,centr-kursk11.krs.msudrf.ru,нет,46MS0058
Курская область,Курск,,Судебный участок № 12 судебного района Центрального округа г. Курска,MS,Мировой суд,"305000, г Курск, ул Кати Зеленко, д 7",https://centr-kursk12.krs.msudrf.ru/,centr-kursk12.krs.msudrf.ru,нет,46MS0067
Курская область,Курск,,Судебный участок № 2 Курского судебного района Курской области,MS,Мировой суд,"305000, г Курск, ул Горького, д 55А",https://kursky2.krs.msudrf.ru/,kursky2.krs.msudrf.ru,нет,46MS0016
Курская область,Курск,,Судебный участок № 2 судебного района Железнодорожного округа г. Курска,MS,Мировой суд,"305022, г Курск, ул Рабочая 2-я, д 11А",https://zhldr-kursk2.krs.msudrf.ru/,zhldr-kursk2.krs.msudrf.ru,нет,46MS0045
Курская область,Курск,,Судебный участок № 2 судебного района Сеймского округа г. Курска,MS,Мировой суд,"305007, г Курск, ул Энгельса, зд 109",https://seimsky-kursk2.krs.msudrf.ru/,seimsky-kursk2.krs.msudrf.ru,нет,46MS0060
Курская область,Курск,,Судебный участок № 2 судебного района Центрального округа г. Курска,MS,Мировой суд,"305000, г Курск, ул Радищева, зд 17",https://centr-kursk2.krs.msudrf.ru/,centr-kursk2.krs.msudrf.ru,нет,46MS0049
Курская область,Курск,,Судебный участок № 2 судебного района г. Рыльска и Рыльского района Курской области,MS,Мировой суд,"305007, г Курск, ул Энгельса, д 109",https://rilsk2.krs.msudrf.ru/,rilsk2.krs.msudrf.ru,нет,46MS0032
Курская область,Курск,,Судебный участок № 2 судебного района г. Суджи и Суджанского района Курской области,MS,Мировой суд,"305007, г Курск, ул Энгельса, д 109",https://sudzhi2.krs.msudrf.ru/,sudzhi2.krs.msudrf.ru,нет,46MS0036
Курская область,Курск,,Судебный участок № 3 Курского судебного района Курской области,MS,Мировой суд,"305004, г Курск, ул Мирная, д 19Б",https://kursky3.krs.msudrf.ru/,kursky3.krs.msudrf.ru,нет,46MS0017
Курская область,Курск,,Судебный участок № 3 судебного района Железнодорожного округа г. Курска,MS,Мировой суд,"305022, г Курск, ул Рабочая 2-я, д 11А",https://zhldr-kursk3.krs.msudrf.ru/,zhldr-kursk3.krs.msudrf.ru,нет,46MS0046
Курская область,Курск,,Судебный участок № 3 судебного района Сеймского округа г. Курска,MS,Мировой суд,"305007, г Курск, ул Энгельса, зд 109",https://seimsky-kursk3.krs.msudrf.ru/,seimsky-kursk3.krs.msudrf.ru,нет,46MS0061
Курская область,Курск,,Судебный участок № 3 судебного района Центрального округа г. Курска,MS,Мировой суд,"305000, г Курск, ул Радищева, зд 17",https://centr-kursk3.krs.msudrf.ru/,centr-kursk3.krs.msudrf.ru,нет,46MS0050
Курская область,Курск,,Судебный участок № 4 судебного района Железнодорожного округа г. Курска,MS,Мировой суд,"305022, г Курск, ул Рабочая 2-я, д 11А",https://zhldr-kursk4.krs.msudrf.ru/,zhldr-kursk4.krs.msudrf.ru,нет,46MS0047
Курская область,Курск,,Судебный участок № 4 судебного района Сеймского округа г. Курска,MS,Мировой суд,"305007, г Курск, ул Энгельса, зд 109",https://seimsky-kursk4.krs.msudrf.ru/,seimsky-kursk4.krs.msudrf.ru,нет,46MS0062
Курская область,Курск,,Судебный участок № 4 судебного района Центрального округа г. Курска,MS,Мировой суд,"305000, г Курск, ул Радищева, зд 17",https://centr-kursk4.krs.msudrf.ru/,centr-kursk4.krs.msudrf.ru,нет,46MS0051
Курская область,Курск,,Судебный участок № 5 судебного района Сеймского округа г. Курска,MS,Мировой суд,"305007, г Курск, ул Энгельса, зд 109",https://seimsky-kursk5.krs.msudrf.ru/,seimsky-kursk5.krs.msudrf.ru,нет,46MS0063
Курская область,Курск,,Судебный участок № 5 судебного района Центрального округа г. Курска,MS,Мировой суд,"305000, г Курск, ул Кати Зеленко, д 7",https://centr-kursk5.krs.msudrf.ru/,centr-kursk5.krs.msudrf.ru,нет,46MS0052
Курская область,Курск,,Судебный участок № 6 судебного района Сеймского округа г. Курска,MS,Мировой суд,"305007, г Курск, ул Энгельса, зд 109",https://seimsky-kursk6.krs.msudrf.ru/,seimsky-kursk6.krs.msudrf.ru,нет,46MS0064
Курская область,Курск,,Судебный участок № 6 судебного района Центрального округа г. Курска,MS,Мировой суд,"305007, г Курск, ул Энгельса, д 109",https://centr-kursk6.krs.msudrf.ru/,centr-kursk6.krs.msudrf.ru,нет,46MS0053
Курская область,Курск,,Судебный участок № 7 судебного района Сеймского округа г. Курска,MS,Мировой суд,"305007, г Курск, ул Энгельса, зд 109",https://seimsky-kursk7.krs.msudrf.ru/,seimsky-kursk7.krs.msudrf.ru,нет,46MS0065
Курская область,Курск,,Судебный участок № 7 судебного района Центрального округа г. Курска,MS,Мировой суд,"305007, г Курск, ул Энгельса, д 109",https://centr-kursk7.krs.msudrf.ru/,centr-kursk7.krs.msudrf.ru,нет,46MS0054
Курская область,Курск,,Судебный участок № 8 судебного района Сеймского округа г. Курска,MS,Мировой суд,"305007, г Курск, ул Энгельса, зд 109",https://seimsky-kursk8.krs.msudrf.ru/,seimsky-kursk8.krs.msudrf.ru,нет,46MS0066
Курская область,Курск,,Судебный участок № 8 судебного района Центрального округа г. Курска,MS,Мировой суд,"305007, г Курск, ул Энгельса, д 109",https://centr-kursk8.krs.msudrf.ru/,centr-kursk8.krs.msudrf.ru,нет,46MS0055
Курская область,Курск,,Судебный участок № 9 судебного района Центрального округа г. Курска,MS,Мировой суд,"305007, г Курск, ул Энгельса, д 109",https://centr-kursk9.krs.msudrf.ru/,centr-kursk9.krs.msudrf.ru,нет,46MS0056
Курская область,Курчатов,,Судебный участок № 1 судебного района г. Курчатова и Курчатовского района Курской области,MS,Мировой суд,"307251, Курская обл, г Курчатов, ул Космонавтов, зд 1",https://kurchatov1.krs.msudrf.ru/,kurchatov1.krs.msudrf.ru,нет,46MS0018
Курская область,Курчатов,,Судебный участок № 2 судебного района г. Курчатова и Курчатовского района Курской области,MS,Мировой суд,"307251, Курская обл, г Курчатов, ул Гайдара, д 8",https://kurchatov2.krs.msudrf.ru/,kurchatov2.krs.msudrf.ru,нет,46MS0019
Курская область,Курчатов,,Судебный участок № 3 судебного района г. Курчатова и Курчатовского района Курской области,MS,Мировой суд,"307251, Курская обл, г Курчатов, ул Гайдара, д 8",https://kurchatov3.krs.msudrf.ru/,kurchatov3.krs.msudrf.ru,нет,46MS0020
Курская область,Кшень,,Судебный участок Советского судебного района Курской области,MS,Мировой суд,"306622, Курская обл, Советский р-н, с Кшень, ул Свердлова, д 53А",https://sovetsky.krs.msudrf.ru/,sovetsky.krs.msudrf.ru,нет,46MS0033
Курская область,Льгов,,Судебный участок № 1 судебного района г. Льгова и Льговского района Курской области,MS,Мировой суд,"307750, Курская обл, г Льгов, ул Советская, д 2А",https://lgov1.krs.msudrf.ru/,lgov1.krs.msudrf.ru,нет,46MS0021
Курская область,Льгов,,Судебный участок № 2 судебного района г. Льгова и Льговского района Курской области,MS,Мировой суд,"307750, Курская обл, г Льгов, ул Советская, д 2А",https://lgov2.krs.msudrf.ru/,lgov2.krs.msudrf.ru,нет,46MS0022
Курская область,Мантурово,,Судебный участок Мантуровского судебного района Курской области,MS,Мировой суд,"307000, Курская обл, с Мантурово, ул Ленина, д 19",https://manturovsky.krs.msudrf.ru/,manturovsky.krs.msudrf.ru,нет,46MS0023
Курская область,Медвенка,,Судебный участок Медвенского судебного района Курской области,MS,Мировой суд,"307030, Курская обл, пгт Медвенка, ул Советская, д 36",https://medvensky.krs.msudrf.ru/,medvensky.krs.msudrf.ru,нет,46MS0024
Курская область,Обоянь,,Судебный участок № 1 судебного района г. Обояни и Обоянского района Курской области,MS,Мировой суд,"306230, Курская обл, г Обоянь, ул Мирная, д 17",https://oboyan1.krs.msudrf.ru/,oboyan1.krs.msudrf.ru,нет,46MS0025
Курская область,Обоянь,,Судебный участок № 2 судебного района г. Обояни и Обоянского района Курской области,MS,Мировой суд,"306230, Курская обл, г Обоянь, ул Мирная, д 17",https://oboyan2.krs.msudrf.ru/,oboyan2.krs.msudrf.ru,нет,46MS0026
Курская область,Поныри,,Судебный участок Поныровского судебного района Курской области,MS,Мировой суд,"306000, Курская обл, рп Поныри, ул Веселая, влд 1",https://ponirovsky.krs.msudrf.ru/,ponirovsky.krs.msudrf.ru,нет,46MS0029
Курская область,Пристень,,Судебный участок Пристенского судебного района Курской области,MS,Мировой суд,"306200, Курская обл, рп Пристень, ул Коммунальная, зд 9",https://pristensky.krs.msudrf.ru/,pristensky.krs.msudrf.ru,нет,46MS0030
Курская область,Прямицыно,,Судебный участок № 1 Октябрьского судебного района Курской области,MS,Мировой суд,"307200, Курская обл, пгт Прямицыно, ул Сеймская, влд 59",https://oktyabrsky1.krs.msudrf.ru/,oktyabrsky1.krs.msudrf.ru,нет,46MS0027
Курская область,Прямицыно,,Судебный участок № 2 Октябрьского судебного района Курской области,MS,Мировой суд,"307200, Курская обл, пгт Прямицыно, ул Сеймская, влд 59",https://oktyabrsky2.krs.msudrf.ru/,oktyabrsky2.krs.msudrf.ru,нет,46MS0028
Курская область,Солнцево,,Судебный участок Солнцевского судебного района Курской области,MS,Мировой суд,"306120, Курская обл, рп Солнцево, ул Кирова, зд 1",https://solncevsky.krs.msudrf.ru/,solncevsky.krs.msudrf.ru,нет,46MS0034
Курская область,Тим,,Судебный участок Тимского судебного района Курской области,MS,Мировой суд,"307060, Курская обл, рп Тим, ул Кирова, д 56",https://timsky.krs.msudrf.ru/,timsky.krs.msudrf.ru,нет,46MS0037
Курская область,Фатеж,,Судебный участок судебного района г. Фатежа и Фатежского района Курской области,MS,Мировой суд,"307100, Курская обл, г Фатеж, ул Советская, зд 24",https://fatezha.krs.msudrf.ru/,fatezha.krs.msudrf.ru,нет,46MS0038
Курская область,Черемисиново,,Судебный участок Черемисиновского судебного района Курской области,MS,Мировой суд,"306440, Курская обл, пгт Черемисиново, ул Мира, д 11",https://cheremisinovsky.krs.msudrf.ru/,cheremisinovsky.krs.msudrf.ru,нет,46MS0040
Курская область,Щигры,,Судебный участок № 1 судебного района г. Щигры и Щигровского района Курской области,MS,Мировой суд,"306530, Курская обл, г Щигры, ул Черняховского, д 23",https://shigri1.krs.msudrf.ru/,shigri1.krs.msudrf.ru,нет,46MS0041
Курская область,Щигры,,Судебный участок № 2 судебного района г. Щигры и Щигровского района Курской области,MS,Мировой суд,"306530, Курская обл, г Щигры, ул Черняховского, д 23",https://shigri2.krs.msudrf.ru/,shigri2.krs.msudrf.ru,нет,46MS0042
Тамбовская область,Бондари,,Мировой судья судебного участка Бондарского района Тамбовской области,MS,Мировой суд,"393230, Тамбовская обл, с Бондари, ул Пароваткина, д 1",https://bond.tmb.msudrf.ru/,bond.tmb.msudrf.ru,нет,68MS0001
Тамбовская область,Гавриловка 2-я,,Мировой судья судебного участка Гавриловского района Тамбовской области,MS,Мировой суд,"393160, Тамбовская обл, с Гавриловка 2-я, ул Советская, стр 27",https://gavr.tmb.msudrf.ru/,gavr.tmb.msudrf.ru,нет,68MS0002
Тамбовская область,Дмитриевка,,Мировой судья судебного участка Никифоровского района Тамбовской области,MS,Мировой суд,"393000, Тамбовская обл, рп Дмитриевка, ул Центральная, д 1",https://nikif.tmb.msudrf.ru/,nikif.tmb.msudrf.ru,нет,68MS0023
Тамбовская область,Жердевка,,Мировой судья судебного участка Жердевского района и г. Жердевка Тамбовской области,MS,Мировой суд,"393670, Тамбовская обл, г Жердевка, ул Семашко, д 1А",https://zher.tmb.msudrf.ru/,zher.tmb.msudrf.ru,нет,68MS0003
Тамбовская область,Заворонежское,,Мировой судья судебного участка № 1 Мичуринского района Тамбовской области,MS,Мировой суд,"393749, Тамбовская обл, Мичуринский р-н, с Заворонежское, ул Советская, д 113",https://1michrn.tmb.msudrf.ru/,1michrn.tmb.msudrf.ru,нет,68MS0010
Тамбовская область,Заворонежское,,Мировой судья судебного участка № 1 г. Мичуринска Тамбовской области,MS,Мировой суд,"393749, Тамбовская обл, Мичуринский р-н, с Заворонежское, ул Лесхозная, зд 8А",https://1mich.tmb.msudrf.ru/,1mich.tmb.msudrf.ru,нет,68MS0012
Тамбовская область,Заворонежское,,Мировой судья судебного участка № 2 Мичуринского района Тамбовской области,MS,Мировой суд,"393749, Тамбовская обл, Мичуринский р-н, с Заворонежское, ул Советская, д 113",https://2michrn.tmb.msudrf.ru/,2michrn.tmb.msudrf.ru,нет,68MS0011
Тамбовская область,Заворонежское,,Мировой судья судебного участка № 2 г. Мичуринска Тамбовской области,MS,Мировой суд,"393749, Тамбовская обл, Мичуринский р-н, с Заворонежское, ул Лесхозная, зд 8А",https://2mich.tmb.msudrf.ru/,2mich.tmb.msudrf.ru,нет,68MS0013
Тамбовская область,Заворонежское,,Мировой судья судебного участка № 3 г. Мичуринска Тамбовской области,MS,Мировой суд,"393749, Тамбовская обл, Мичуринский р-н, с Заворонежское, ул Лесхозная, зд 8А",https://3mich.tmb.msudrf.ru/,3mich.tmb.msudrf.ru,нет,68MS0014
Тамбовская область,Заворонежское,,Мировой судья судебного участка № 4 г. Мичуринска Тамбовской области,MS,Мировой суд,"393749, Тамбовская обл, Мичуринский р-н, с Заворонежское, ул Лесхозная, зд 8А",https://4mich.tmb.msudrf.ru/,4mich.tmb.msudrf.ru,нет,68MS0015
Тамбовская область,Заворонежское,,Мировой судья судебного участка № 5 г. Мичуринска Тамбовской области,MS,Мировой суд,"393749, Тамбовская обл, Мичуринский р-н, с Заворонежское, ул Лесхозная, зд 8А",https://5mich.tmb.msudrf.ru/,5mich.tmb.msudrf.ru,нет,68MS0016
Тамбовская область,Знаменка,,Мировой судья судебного участка Знаменского района Тамбовской области,MS,Мировой суд,"393400, Тамбовская обл, рп Знаменка, ул Парковая, д 13",https://znam.tmb.msudrf.ru/,znam.tmb.msudrf.ru,нет,68MS0004
Тамбовская область,Инжавино,,Мировой судья судебного участка Инжавинского района Тамбовской области,MS,Мировой суд,"393310, Тамбовская обл, рп Инжавино, ул Ленинская, д 54А",https://inzh.tmb.msudrf.ru/,inzh.tmb.msudrf.ru,нет,68MS0005
Тамбовская область,Кирсанов,,Мировой судья судебного участка № 1 Кирсановского района и г. Кирсанова Тамбовской области,MS,Мировой суд,"393360, Тамбовская обл, г Кирсанов, ул 50 лет Победы, д 18А",https://1kirs.tmb.msudrf.ru/,1kirs.tmb.msudrf.ru,нет,68MS0006
Тамбовская область,Кирсанов,,Мировой судья судебного участка № 2 Кирсановского района и г. Кирсанова Тамбовской области,MS,Мировой суд,"393360, Тамбовская обл, г Кирсанов, ул 50 лет Победы, д 18А",https://2kirs.tmb.msudrf.ru/,2kirs.tmb.msudrf.ru,нет,68MS0007
Тамбовская область,Котовск,,Мировой судья судебного участка № 1 г. Котовска Тамбовской области,MS,Мировой суд,"393190, Тамбовская обл, г Котовск, ул Свободы, д 25",https://1kotovsk.tmb.msudrf.ru/,1kotovsk.tmb.msudrf.ru,нет,68MS0008
Тамбовская область,Котовск,,Мировой судья судебного участка № 2 г. Котовска Тамбовской области,MS,Мировой суд,"393190, Тамбовская обл, г Котовск, ул Свободы, д 25",https://2kotovsk.tmb.msudrf.ru/,2kotovsk.tmb.msudrf.ru,нет,68MS0009
Тамбовская область,Мордово,,Мировой судья судебного участка Мордовского района Тамбовской области,MS,Мировой суд,"393600, Тамбовская обл, рп Мордово, ул Коммунальная, д 37",https://mord.tmb.msudrf.ru/,mord.tmb.msudrf.ru,нет,68MS0017
Тамбовская область,Моршанск,,Мировой судья судебного участка № 1 Моршанского района и г. Моршанска Тамбовской области,MS,Мировой суд,"393950, Тамбовская обл, г Моршанск, ул Лотикова, д 89",https://1morsh.tmb.msudrf.ru/,1morsh.tmb.msudrf.ru,нет,68MS0018
Тамбовская область,Моршанск,,Мировой судья судебного участка № 2 Моршанского района и г. Моршанска Тамбовской области,MS,Мировой суд,"393950, Тамбовская обл, г Моршанск, ул Лотикова, д 89",https://2morsh.tmb.msudrf.ru/,2morsh.tmb.msudrf.ru,нет,68MS0019
Тамбовская область,Моршанск,,Мировой судья судебного участка № 3 Моршанского района и г. Моршанска Тамбовской области,MS,Мировой суд,"393950, Тамбовская обл, г Моршанск, ул Лотикова, д 89",https://3morsh.tmb.msudrf.ru/,3morsh.tmb.msudrf.ru,нет,68MS0020
Тамбовская область,Моршанск,,Мировой судья судебного участка № 4 Моршанского района и г. Моршанска Тамбовской области,MS,Мировой суд,"393950, Тамбовская обл, г Моршанск, ул Лотикова, д 89",https://4morsh.tmb.msudrf.ru/,4morsh.tmb.msudrf.ru,нет,68MS0021
Тамбовская область,Мучкапский,,Мировой судья судебного участка Мучкапского района Тамбовской области,MS,Мировой суд,"393570, Тамбовская обл, рп Мучкапский, ул Красная, стр 50",https://muchk.tmb.msudrf.ru/,muchk.tmb.msudrf.ru,нет,68MS0022
Тамбовская область,Первомайский,,Мировой судья судебного участка Первомайского района Тамбовской области,MS,Мировой суд,"393700, Тамбовская обл, рп Первомайский, ул Советская, д 209А",https://perv.tmb.msudrf.ru/,perv.tmb.msudrf.ru,нет,68MS0024
Тамбовская область,Петровское,,Мировой судья судебного участка Петровского района Тамбовской области,MS,Мировой суд,"393070, Тамбовская обл, с Петровское, ул Советская, д 78А",https://petr.tmb.msudrf.ru/,petr.tmb.msudrf.ru,нет,68MS0025
Тамбовская область,Пичаево,,Мировой судья судебного участка Пичаевского района Тамбовской области,MS,Мировой суд,"393970, Тамбовская обл, с Пичаево, ул Пролетарская, д 14",https://pich.tmb.msudrf.ru/,pich.tmb.msudrf.ru,нет,68MS0026
Тамбовская область,Рассказово,,Мировой судья судебного участка № 1 Рассказовского района и г. Рассказово Тамбовской области,MS,Мировой суд,"393250, Тамбовская обл, г Рассказово, ул Советская, д 18А",https://1rassk.tmb.msudrf.ru/,1rassk.tmb.msudrf.ru,нет,68MS0027
Тамбовская область,Рассказово,,Мировой судья судебного участка № 2 Рассказовского района и г. Рассказово Тамбовской области,MS,Мировой суд,"393250, Тамбовская обл, г Рассказово, ул Советская, д 18А",https://2rassk.tmb.msudrf.ru/,2rassk.tmb.msudrf.ru,нет,68MS0028
Тамбовская область,Рассказово,,Мировой судья судебного участка № 3 Рассказовского района и г. Рассказово Тамбовской области,MS,Мировой суд,"393250, Тамбовская обл, г Рассказово, ул Советская, д 18А",https://3rassk.tmb.msudrf.ru/,3rassk.tmb.msudrf.ru,нет,68MS0029
Тамбовская область,Ржакса,,Мировой судья судебного участка Ржаксинского района Тамбовской области,MS,Мировой суд,"393520, Тамбовская обл, рп Ржакса, ул Советская, д 78",https://rzhap.tmb.msudrf.ru/,rzhap.tmb.msudrf.ru,нет,68MS0030
Тамбовская область,Сатинка,,Мировой судья судебного участка Сампурского района Тамбовской области,MS,Мировой суд,"393430, Тамбовская обл, п Сатинка, ул Садовая, д 14А",https://samp.tmb.msudrf.ru/,samp.tmb.msudrf.ru,нет,68MS0031
Тамбовская область,Сосновка,,Мировой судья судебного участка № 1 Сосновского района Тамбовской области,MS,Мировой суд,"393840, Тамбовская обл, рп Сосновка, пер Больничный, д 3",https://1sosnov.tmb.msudrf.ru/,1sosnov.tmb.msudrf.ru,нет,68MS0032
Тамбовская область,Сосновка,,Мировой судья судебного участка № 2 Сосновского района Тамбовской области,MS,Мировой суд,"393840, Тамбовская обл, рп Сосновка, пер Больничный, д 3",https://2sosnov.tmb.msudrf.ru/,2sosnov.tmb.msudrf.ru,нет,68MS0033
Тамбовская область,Староюрьево,,Мировой судья судебного участка Староюрьевского района Тамбовской области,MS,Мировой суд,"393800, Тамбовская обл, с Староюрьево, ул Советская, д 88",https://starour.tmb.msudrf.ru/,starour.tmb.msudrf.ru,нет,68MS0034
Тамбовская область,Строитель,,Мировой судья судебного участка № 1 Тамбовского района Тамбовской области,MS,Мировой суд,"392005, Тамбовская обл, п Строитель, ул Придорожная, д 1А",https://1tambrn.tmb.msudrf.ru/,1tambrn.tmb.msudrf.ru,нет,68MS0035
Тамбовская область,Строитель,,Мировой судья судебного участка № 2 Тамбовского района Тамбовской области,MS,Мировой суд,"392005, Тамбовская обл, п Строитель, ул Придорожная, д 1А",https://2tambrn.tmb.msudrf.ru/,2tambrn.tmb.msudrf.ru,нет,68MS0036
Тамбовская область,Строитель,,Мировой судья судебного участка № 3 Тамбовского района Тамбовской области,MS,Мировой суд,"392005, Тамбовская обл, п Строитель, ул Придорожная, д 1А",https://3tambrn.tmb.msudrf.ru/,3tambrn.tmb.msudrf.ru,нет,68MS0037
Тамбовская область,Строитель,,Мировой судья судебного участка № 4 Тамбовского района Тамбовской области,MS,Мировой суд,"392005, Тамбовская обл, п Строитель, ул Придорожная, д 1А",https://4tambrn.tmb.msudrf.ru/,4tambrn.tmb.msudrf.ru,нет,68MS0038
Тамбовская область,Строитель,,Мировой судья судебного участка № 5 Тамбовского района Тамбовской области,MS,Мировой суд,"392005, Тамбовская обл, п Строитель, ул Придорожная, д 1А",https://5tambrn.tmb.msudrf.ru/,5tambrn.tmb.msudrf.ru,нет,68MS0039
Тамбовская область,Тамбов,,Мировой судья судебного участка № 1 Октябрьского района г. Тамбова,MS,Мировой суд,"392032, г Тамбов, ул Мичуринская, д 128В",https://1okt.tmb.msudrf.ru/,1okt.tmb.msudrf.ru,нет,68MS0040
Тамбовская область,Тамбов,,Мировой судья судебного участка № 1 Советского района г. Тамбова,MS,Мировой суд,"392032, г Тамбов, ул Мичуринская, д 128В",https://1sov.tmb.msudrf.ru/,1sov.tmb.msudrf.ru,нет,68MS0052
Тамбовская область,Тамбов,,Мировой судья судебного участка № 2 Ленинского района г. Тамбова,MS,Мировой суд,"392036, г Тамбов, ул Интернациональная, д 63",https://2len.tmb.msudrf.ru/,2len.tmb.msudrf.ru,нет,68MS0048
Тамбовская область,Тамбов,,Мировой судья судебного участка № 2 Октябрьского района г. Тамбова,MS,Мировой суд,"392032, г Тамбов, ул Мичуринская, д 128В",https://2okt.tmb.msudrf.ru/,2okt.tmb.msudrf.ru,нет,68MS0041
Тамбовская область,Тамбов,,Мировой судья судебного участка № 2 Советского района г. Тамбова,MS,Мировой суд,"392032, г Тамбов, ул Мичуринская, д 128В",https://2sov.tmb.msudrf.ru/,2sov.tmb.msudrf.ru,нет,68MS0053
Тамбовская область,Тамбов,,Мировой судья судебного участка № 3 Ленинского района г. Тамбова,MS,Мировой суд,"392036, г Тамбов, ул Интернациональная, д 63",https://3len.tmb.msudrf.ru/,3len.tmb.msudrf.ru,нет,68MS0049
Тамбовская область,Тамбов,,Мировой судья судебного участка № 3 Октябрьского района г. Тамбова,MS,Мировой суд,"392032, г Тамбов, ул Мичуринская, д 128В",https://3okt.tmb.msudrf.ru/,3okt.tmb.msudrf.ru,нет,68MS0042
Тамбовская область,Тамбов,,Мировой судья судебного участка № 3 Советского района г. Тамбова,MS,Мировой суд,"392032, г Тамбов, ул Мичуринская, д 128В",https://3sov.tmb.msudrf.ru/,3sov.tmb.msudrf.ru,нет,68MS0054
Тамбовская область,Тамбов,,Мировой судья судебного участка № 4 Ленинского района г. Тамбова,MS,Мировой суд,"392036, г Тамбов, ул Интернациональная, д 63",https://4len.tmb.msudrf.ru/,4len.tmb.msudrf.ru,нет,68MS0050
Тамбовская область,Тамбов,,Мировой судья судебного участка № 4 Октябрьского района г. Тамбова,MS,Мировой суд,"392032, г Тамбов, ул Мичуринская, д 128В",https://4okt.tmb.msudrf.ru/,4okt.tmb.msudrf.ru,нет,68MS0043
Тамбовская область,Тамбов,,Мировой судья судебного участка № 4 Советского района г. Тамбова,MS,Мировой суд,"392032, г Тамбов, ул Мичуринская, д 128В",https://4sov.tmb.msudrf.ru/,4sov.tmb.msudrf.ru,нет,68MS0055
Тамбовская область,Тамбов,,Мировой судья судебного участка № 5 Октябрьского района г. Тамбова,MS,Мировой суд,"392032, г Тамбов, ул Мичуринская, д 128В",https://5okt.tmb.msudrf.ru/,5okt.tmb.msudrf.ru,нет,68MS0044
Тамбовская область,Тамбов,,Мировой судья судебного участка № 5 Советского района г. Тамбова,MS,Мировой суд,"392032, г Тамбов, ул Мичуринская, д 128В",https://5sov.tmb.msudrf.ru/,5sov.tmb.msudrf.ru,нет,68MS0056
Тамбовская область,Тамбов,,Мировой судья судебного участка № 6 Октябрьского района г. Тамбова,MS,Мировой суд,"392032, г Тамбов, ул Мичуринская, д 128В",https://6okt.tmb.msudrf.ru/,6okt.tmb.msudrf.ru,нет,68MS0045
Тамбовская область,Тамбов,,Мировой судья судебного участка № 7 Октябрьского района г. Тамбова,MS,Мировой суд,"392032, г Тамбов, ул Мичуринская, д 128В",https://7okt.tmb.msudrf.ru/,7okt.tmb.msudrf.ru,нет,68MS0046
Тамбовская область,Тамбов,,Мировой судья судебного участка № 8 Октябрьского района г. Тамбова,MS,Мировой суд,"392032, г Тамбов, ул Мичуринская, д 128В",https://8okt.tmb.msudrf.ru/,8okt.tmb.msudrf.ru,нет,68MS0061
Тамбовская область,Тамбов,,Мировой судья судебного участка № 9 Октябрьского района г. Тамбова,MS,Мировой суд,"392032, г Тамбов, ул Мичуринская, д 128В",https://9okt.tmb.msudrf.ru/,9okt.tmb.msudrf.ru,нет,68MS0062
Тамбовская область,Токарёвка,,Мировой судья судебного участка Токаревского района Тамбовской области,MS,Мировой суд,"393550, Тамбовская обл, рп Токарёвка, ул Маяковского, д 1А",https://tok.tmb.msudrf.ru/,tok.tmb.msudrf.ru,нет,68MS0057
Тамбовская область,Уварово,,Мировой судья судебного участка № 1 Уваровского района и г. Уварово Тамбовской области,MS,Мировой суд,"393460, Тамбовская обл, г Уварово, ул Октябрьская, д 60",https://1uvar.tmb.msudrf.ru/,1uvar.tmb.msudrf.ru,нет,68MS0058
Тамбовская область,Уварово,,Мировой судья судебного участка № 2 Уваровского района и г. Уварово Тамбовской области,MS,Мировой суд,"393460, Тамбовская обл, г Уварово, ул Октябрьская, д 60",https://2uvar.tmb.msudrf.ru/,2uvar.tmb.msudrf.ru,нет,68MS0059
Тамбовская область,Умет,,Мировой судья судебного участка Уметского района Тамбовской области,MS,Мировой суд,"393130, Тамбовская обл, рп Умет, ул Мира, стр 12А",https://umet.tmb.msudrf.ru/,umet.tmb.msudrf.ru,нет,68MS0060
Республика Кабардино-Балкарская,Анзорей,,Судебный участок № 1 Лескенского судебного района,MS,Мировой суд,"361350, Респ Кабардино-Балкарская, с Анзорей, ул Шинахова, д 1В/1",https://leskms1.kbr.msudrf.ru/,leskms1.kbr.msudrf.ru,нет,07MS0027
Республика Кабардино-Балкарская,Анзорей,,Судебный участок № 2 Лескенского судебного района,MS,Мировой суд,"361350, Респ Кабардино-Балкарская, с Анзорей, ул Шинахова, д 1В/1",https://leskms2.kbr.msudrf.ru/,leskms2.kbr.msudrf.ru,нет,07MS0028
Республика Кабардино-Балкарская,Баксан,,Судебный участок № 1 Баксанского судебного района,MS,Мировой суд,"361535, Респ Кабардино-Балкарская, г Баксан, пр-кт Ленина, д 54",https://bakms1.kbr.msudrf.ru/,bakms1.kbr.msudrf.ru,нет,07MS0031
Республика Кабардино-Балкарская,Баксан,,Судебный участок № 2 Баксанского судебного района,MS,Мировой суд,"361535, Респ Кабардино-Балкарская, г Баксан, пр-кт Ленина, д 54",https://bakms2.kbr.msudrf.ru/,bakms2.kbr.msudrf.ru,нет,07MS0032
Республика Кабардино-Балкарская,Баксан,,Судебный участок № 3 Баксанского судебного района,MS,Мировой суд,"361535, Респ Кабардино-Балкарская, г Баксан, пр-кт Ленина, д 54",https://bakrms1.kbr.msudrf.ru/,bakrms1.kbr.msudrf.ru,нет,07MS0029
Республика Кабардино-Балкарская,Баксан,,Судебный участок № 4 Баксанского судебного района,MS,Мировой суд,"361535, Респ Кабардино-Балкарская, г Баксан, пр-кт Ленина, д 54",https://bakrms2.kbr.msudrf.ru/,bakrms2.kbr.msudrf.ru,нет,07MS0030
Республика Кабардино-Балкарская,Баксан,,Судебный участок № 5 Баксанского судебного района,MS,Мировой суд,"361535, Респ Кабардино-Балкарская, г Баксан, пр-кт Ленина, д 54",https://bakms5.kbr.msudrf.ru/,bakms5.kbr.msudrf.ru,нет,07MS0047
Республика Кабардино-Балкарская,Баксан,,Судебный участок № 6 Баксанского судебного района,MS,Мировой суд,"361535, Респ Кабардино-Балкарская, г Баксан, пр-кт Ленина, д 54",https://bakms6.kbr.msudrf.ru/,bakms6.kbr.msudrf.ru,нет,07MS0048
Республика Кабардино-Балкарская,Залукокоаже,,Судебный участок № 1 Зольского судебного района,MS,Мировой суд,"361701, Респ Кабардино-Балкарская, Зольский р-н, п Залукокоаже, ул Комсомольская, д 75",https://zolms1.kbr.msudrf.ru/,zolms1.kbr.msudrf.ru,нет,07MS0041
Республика Кабардино-Балкарская,Залукокоаже,,Судебный участок № 2 Зольского судебного района,MS,Мировой суд,"361701, Респ Кабардино-Балкарская, Зольский р-н, п Залукокоаже, ул Комсомольская, д 75",https://zolms2.kbr.msudrf.ru/,zolms2.kbr.msudrf.ru,нет,07MS0042
Республика Кабардино-Балкарская,Залукокоаже,,Судебный участок № 3 Зольского судебного района,MS,Мировой суд,"361701, Респ Кабардино-Балкарская, Зольский р-н, п Залукокоаже, ул Комсомольская, д 75",https://zolms3.kbr.msudrf.ru/,zolms3.kbr.msudrf.ru,нет,07MS0049
Республика Кабардино-Балкарская,Кашхатау,,Судебный участок № 1 Черекского судебного района,MS,Мировой суд,"361801, Респ Кабардино-Балкарская, пгт Кашхатау, ул Мечиева, д 193",https://cherms1.kbr.msudrf.ru/,cherms1.kbr.msudrf.ru,нет,07MS0043
Республика Кабардино-Балкарская,Кашхатау,,Судебный участок № 2 Черекского судебного района,MS,Мировой суд,"361801, Респ Кабардино-Балкарская, пгт Кашхатау, ул Мечиева, д 193",https://cherms2.kbr.msudrf.ru/,cherms2.kbr.msudrf.ru,нет,07MS0044
Республика Кабардино-Балкарская,Майский,,Судебный участок № 1 Майского судебного района,MS,Мировой суд,"361114, Респ Кабардино-Балкарская, г Майский, ул Комарова, д 15",https://mayms1.kbr.msudrf.ru/,mayms1.kbr.msudrf.ru,нет,07MS0039
Республика Кабардино-Балкарская,Майский,,Судебный участок № 2 Майского судебного района,MS,Мировой суд,"361114, Респ Кабардино-Балкарская, г Майский, ул Комарова, д 15",https://mayms2.kbr.msudrf.ru/,mayms2.kbr.msudrf.ru,нет,07MS0040
Республика Кабардино-Балкарская,Нальчик,,Судебный участок № 1 г. Нальчика,MS,Мировой суд,"360004, г Нальчик, ул Ногмова, д 72",https://nalms1.kbr.msudrf.ru/,nalms1.kbr.msudrf.ru,нет,07MS0001
Республика Кабардино-Балкарская,Нальчик,,Судебный участок № 10 г. Нальчика,MS,Мировой суд,"360004, г Нальчик, ул Ногмова, д 72",https://nalms10.kbr.msudrf.ru/,nalms10.kbr.msudrf.ru,нет,07MS0010
Республика Кабардино-Балкарская,Нальчик,,Судебный участок № 11 г. Нальчика,MS,Мировой суд,"360004, г Нальчик, ул Ногмова, д 72",https://nalms11.kbr.msudrf.ru/,nalms11.kbr.msudrf.ru,нет,07MS0011
Республика Кабардино-Балкарская,Нальчик,,Судебный участок № 12 г. Нальчика,MS,Мировой суд,"360022, г Нальчик, ул Пушкина, д 101",https://nalms12.kbr.msudrf.ru/,nalms12.kbr.msudrf.ru,нет,07MS0012
Республика Кабардино-Балкарская,Нальчик,,Судебный участок № 13 г. Нальчика,MS,Мировой суд,"360004, г Нальчик, ул Ногмова, д 72",https://nalms13.kbr.msudrf.ru/,nalms13.kbr.msudrf.ru,нет,07MS0013
Республика Кабардино-Балкарская,Нальчик,,Судебный участок № 14 г. Нальчика,MS,Мировой суд,"360004, г Нальчик, ул Ногмова, д 72",https://nalms14.kbr.msudrf.ru/,nalms14.kbr.msudrf.ru,нет,07MS0014
Республика Кабардино-Балкарская,Нальчик,,Судебный участок № 15 г. Нальчика,MS,Мировой суд,"360004, г Нальчик, ул Ногмова, д 72",https://nalms15.kbr.msudrf.ru/,nalms15.kbr.msudrf.ru,нет,07MS0015
Республика Кабардино-Балкарская,Нальчик,,Судебный участок № 16 г. Нальчика,MS,Мировой суд,"360004, г Нальчик, ул Ногмова, д 72",https://nalms16.kbr.msudrf.ru/,nalms16.kbr.msudrf.ru,нет,07MS0016
Республика Кабардино-Балкарская,Нальчик,,Судебный участок № 17 г. Нальчика,MS,Мировой суд,"360051, г Нальчик, ул Пушкина, д 85",https://nalms17.kbr.msudrf.ru/,nalms17.kbr.msudrf.ru,нет,07MS0017
Республика Кабардино-Балкарская,Нальчик,,Судебный участок № 2 г. Нальчика,MS,Мировой суд,"360051, г Нальчик, ул Пушкина, д 85",https://nalms2.kbr.msudrf.ru/,nalms2.kbr.msudrf.ru,нет,07MS0002
Республика Кабардино-Балкарская,Нальчик,,Судебный участок № 3 г. Нальчика,MS,Мировой суд,"360004, г Нальчик, ул Ногмова, д 72",https://nalms3.kbr.msudrf.ru/,nalms3.kbr.msudrf.ru,нет,07MS0003
Республика Кабардино-Балкарская,Нальчик,,Судебный участок № 4 г. Нальчика,MS,Мировой суд,"360004, г Нальчик, ул Ногмова, д 72",https://nalms4.kbr.msudrf.ru/,nalms4.kbr.msudrf.ru,нет,07MS0004
Республика Кабардино-Балкарская,Нальчик,,Судебный участок № 5 г. Нальчика,MS,Мировой суд,"360051, г Нальчик, ул Пушкина, д 85",https://nalms5.kbr.msudrf.ru/,nalms5.kbr.msudrf.ru,нет,07MS0005
Республика Кабардино-Балкарская,Нальчик,,Судебный участок № 6 г. Нальчика,MS,Мировой суд,"360004, г Нальчик, ул Ногмова, д 72",https://nalms6.kbr.msudrf.ru/,nalms6.kbr.msudrf.ru,нет,07MS0006
Республика Кабардино-Балкарская,Нальчик,,Судебный участок № 7 г. Нальчика,MS,Мировой суд,"360051, г Нальчик, ул Пушкина, д 85",https://nalms7.kbr.msudrf.ru/,nalms7.kbr.msudrf.ru,нет,07MS0007
Республика Кабардино-Балкарская,Нальчик,,Судебный участок № 8 г. Нальчика,MS,Мировой суд,"360004, г Нальчик, ул Ногмова, д 72",https://nalms8.kbr.msudrf.ru/,nalms8.kbr.msudrf.ru,нет,07MS0008
Республика Кабардино-Балкарская,Нальчик,,Судебный участок № 9 г. Нальчика,MS,Мировой суд,"360022, г Нальчик, ул Пушкина, д 101",https://nalms9.kbr.msudrf.ru/,nalms9.kbr.msudrf.ru,нет,07MS0009
Республика Кабардино-Балкарская,Нарткала,,Судебный участок № 1 Урванского судебного района,MS,Мировой суд,"361335, Респ Кабардино-Балкарская, г Нарткала, ул Яхогоева, д 14",https://urvms1.kbr.msudrf.ru/,urvms1.kbr.msudrf.ru,нет,07MS0023
Республика Кабардино-Балкарская,Нарткала,,Судебный участок № 2 Урванского судебного района,MS,Мировой суд,"361335, Респ Кабардино-Балкарская, г Нарткала, ул Яхогоева, д 14",https://urvms2.kbr.msudrf.ru/,urvms2.kbr.msudrf.ru,нет,07MS0024
Республика Кабардино-Балкарская,Нарткала,,Судебный участок № 3 Урванского судебного района,MS,Мировой суд,"361335, Респ Кабардино-Балкарская, г Нарткала, ул Яхогоева, д 14",https://urvms3.kbr.msudrf.ru/,urvms3.kbr.msudrf.ru,нет,07MS0025
Республика Кабардино-Балкарская,Нарткала,,Судебный участок № 4 Урванского судебного района,MS,Мировой суд,"361335, Респ Кабардино-Балкарская, г Нарткала, ул Яхогоева, д 14",https://urvms4.kbr.msudrf.ru/,urvms4.kbr.msudrf.ru,нет,07MS0026
Республика Кабардино-Балкарская,Прохладный,,Судебный участок № 1 Прохладненского судебного района,MS,Мировой суд,"361045, Респ Кабардино-Балкарская, г Прохладный, ул Ленина, д 104/1",https://prms1.kbr.msudrf.ru/,prms1.kbr.msudrf.ru,нет,07MS0020
Республика Кабардино-Балкарская,Прохладный,,Судебный участок № 2 Прохладненского судебного района,MS,Мировой суд,"361045, Респ Кабардино-Балкарская, г Прохладный, ул Ленина, д 104/1",https://prms2.kbr.msudrf.ru/,prms2.kbr.msudrf.ru,нет,07MS0021
Республика Кабардино-Балкарская,Прохладный,,Судебный участок № 3 Прохладненского судебного района,MS,Мировой суд,"361045, Респ Кабардино-Балкарская, г Прохладный, ул Ленина, д 104/1",https://prms3.kbr.msudrf.ru/,prms3.kbr.msudrf.ru,нет,07MS0022
Республика Кабардино-Балкарская,Прохладный,,Судебный участок № 4 Прохладненского судебного района,MS,Мировой суд,"361045, Респ Кабардино-Балкарская, г Прохладный, ул Ленина, д 104/1",https://prohms1.kbr.msudrf.ru/,prohms1.kbr.msudrf.ru,нет,07MS0018
Республика Кабардино-Балкарская,Прохладный,,Судебный участок № 5 Прохладненского судебного района,MS,Мировой суд,"361045, Респ Кабардино-Балкарская, г Прохладный, ул Ленина, д 104/1",https://prohms2.kbr.msudrf.ru/,prohms2.kbr.msudrf.ru,нет,07MS0019
Республика Кабардино-Балкарская,Терек,,Судебный участок № 1 Терского судебного района,MS,Мировой суд,"361203, Респ Кабардино-Балкарская, г Терек, ул Ленина, д 47",https://terms1.kbr.msudrf.ru/,terms1.kbr.msudrf.ru,нет,07MS0037
Республика Кабардино-Балкарская,Терек,,Судебный участок № 2 Терского судебного района,MS,Мировой суд,"361203, Респ Кабардино-Балкарская, г Терек, ул Ленина, д 47",https://terms2.kbr.msudrf.ru/,terms2.kbr.msudrf.ru,нет,07MS0038
Республика Кабардино-Балкарская,Терек,,Судебный участок № 3 Терского судебного района,MS,Мировой суд,"361203, Респ Кабардино-Балкарская, г Терек, ул Ленина, д 47",https://terms3.kbr.msudrf.ru/,terms3.kbr.msudrf.ru,нет,07MS0050
Республика Кабардино-Балкарская,Тырныауз,,Судебный участок № 1 Эльбрусского судебного района,MS,Мировой суд,"361624, Респ Кабардино-Балкарская, г Тырныауз, пр-кт Эльбрусский, зд 39А",https://elbms1.kbr.msudrf.ru/,elbms1.kbr.msudrf.ru,нет,07MS0045
Республика Кабардино-Балкарская,Тырныауз,,Судебный участок № 2 Эльбрусского судебного района,MS,Мировой суд,"361624, Респ Кабардино-Балкарская, г Тырныауз, пр-кт Эльбрусский, зд 39А",https://elbms2.kbr.msudrf.ru/,elbms2.kbr.msudrf.ru,нет,07MS0046
Республика Кабардино-Балкарская,Чегем,,Судебный участок № 1 Чегемского судебного района,MS,Мировой суд,"361401, Респ Кабардино-Балкарская, г Чегем, ш Баксанское, д 1В",https://chegms1.kbr.msudrf.ru/,chegms1.kbr.msudrf.ru,нет,07MS0033
Республика Кабардино-Балкарская,Чегем,,Судебный участок № 2 Чегемского судебного района,MS,Мировой суд,"361401, Респ Кабардино-Балкарская, г Чегем, ш Баксанское, д 1В",https://chegms2.kbr.msudrf.ru/,chegms2.kbr.msudrf.ru,нет,07MS0034
Республика Кабардино-Балкарская,Чегем,,Судебный участок № 3 Чегемского судебного района,MS,Мировой суд,"361401, Респ Кабардино-Балкарская, г Чегем, ш Баксанское, д 1В",https://chegms3.kbr.msudrf.ru/,chegms3.kbr.msudrf.ru,нет,07MS0035
Республика Кабардино-Балкарская,Чегем,,Судебный участок № 4 Чегемского судебного района,MS,Мировой суд,"361401, Респ Кабардино-Балкарская, г Чегем, ш Баксанское, д 1В",https://chegms4.kbr.msudrf.ru/,chegms4.kbr.msudrf.ru,нет,07MS0036
Новгородская область,Батецкий,,Судебный участок № 1 Солецкого судебного района Новгородской области,MS,Мировой суд,"175000, Новгородская обл, п Батецкий, ул Зосимова, д 19",https://1.nvg.msudrf.ru/,1.nvg.msudrf.ru,нет,53MS0022
Новгородская область,Боровичи,,Судебный участок № 2 Боровичского судебного района Новгородской области,MS,Мировой суд,"174406, Новгородская обл, г Боровичи, ул Алексея Кузнецова, д 7",https://2.nvg.msudrf.ru/,2.nvg.msudrf.ru,нет,53MS0023
Новгородская область,Боровичи,,Судебный участок № 3 Боровичского судебного района Новгородской области,MS,Мировой суд,"174406, Новгородская обл, г Боровичи, ул Алексея Кузнецова, д 7",https://3.nvg.msudrf.ru/,3.nvg.msudrf.ru,нет,53MS0024
Новгородская область,Боровичи,,Судебный участок № 37 Боровичского судебного района Новгородской области,MS,Мировой суд,"174406, Новгородская обл, г Боровичи, ул Алексея Кузнецова, д 7",https://37.nvg.msudrf.ru/,37.nvg.msudrf.ru,нет,53MS0036
Новгородская область,Боровичи,,Судебный участок № 4 Боровичского судебного района Новгородской области,MS,Мировой суд,"174406, Новгородская обл, г Боровичи, ул Алексея Кузнецова, д 7",https://4.nvg.msudrf.ru/,4.nvg.msudrf.ru,нет,53MS0001
Новгородская область,Валдай,,Судебный участок № 38 Валдайского судебного района Новгородской области,MS,Мировой суд,"175400, Новгородская обл, г Валдай, ул Молодёжная, д 1",https://38.nvg.msudrf.ru/,38.nvg.msudrf.ru,нет,53MS0041
Новгородская область,Валдай,,Судебный участок № 5 Валдайского судебного района Новгородской области,MS,Мировой суд,"175400, Новгородская обл, г Валдай, ул Кирова, д 1А",https://5.nvg.msudrf.ru/,5.nvg.msudrf.ru,нет,53MS0037
Новгородская область,Великий Новгород,,Судебный участок № 13 Новгородского судебного района Новгородской области,MS,Мировой суд,"173016, г Великий Новгород, ул Менделеева, д 4",https://13.nvg.msudrf.ru/,13.nvg.msudrf.ru,нет,53MS0012
Новгородская область,Великий Новгород,,Судебный участок № 14 Новгородского судебного района Новгородской области,MS,Мировой суд,"173016, г Великий Новгород, ул Менделеева, д 4",https://14.nvg.msudrf.ru/,14.nvg.msudrf.ru,нет,53MS0008
Новгородская область,Великий Новгород,,Судебный участок № 27 Новгородского судебного района Новгородской области,MS,Мировой суд,"173016, г Великий Новгород, ул Менделеева, д 4",https://27.nvg.msudrf.ru/,27.nvg.msudrf.ru,нет,53MS0009
Новгородская область,Великий Новгород,,Судебный участок № 28 Новгородского судебного района Новгородской области,MS,Мировой суд,"173016, г Великий Новгород, ул Менделеева, д 4",https://28.nvg.msudrf.ru/,28.nvg.msudrf.ru,нет,53MS0002
Новгородская область,Великий Новгород,,Судебный участок № 29 Новгородского судебного района Новгородской области,MS,Мировой суд,"173016, г Великий Новгород, ул Менделеева, д 4",https://29.nvg.msudrf.ru/,29.nvg.msudrf.ru,нет,53MS0038
Новгородская область,Великий Новгород,,Судебный участок № 30 Новгородского судебного района Новгородской области,MS,Мировой суд,"173016, г Великий Новгород, ул Менделеева, д 4",https://30.nvg.msudrf.ru/,30.nvg.msudrf.ru,нет,53MS0035
Новгородская область,Великий Новгород,,Судебный участок № 31 Новгородского судебного района Новгородской области,MS,Мировой суд,"173016, г Великий Новгород, ул Менделеева, д 4",https://31.nvg.msudrf.ru/,31.nvg.msudrf.ru,нет,53MS0010
Новгородская область,Великий Новгород,,Судебный участок № 32 Новгородского судебного района Новгородской области,MS,Мировой суд,"173016, г Великий Новгород, ул Менделеева, д 4",https://32.nvg.msudrf.ru/,32.nvg.msudrf.ru,нет,53MS0003
Новгородская область,Великий Новгород,,Судебный участок № 33 Новгородского судебного района Новгородской области,MS,Мировой суд,"173016, г Великий Новгород, ул Менделеева, д 4",https://33.nvg.msudrf.ru/,33.nvg.msudrf.ru,нет,53MS0039
Новгородская область,Великий Новгород,,Судебный участок № 34 Новгородского судебного района Новгородской области,MS,Мировой суд,"173016, г Великий Новгород, ул Менделеева, д 4",https://34.nvg.msudrf.ru/,34.nvg.msudrf.ru,нет,53MS0040
Новгородская область,Великий Новгород,,Судебный участок № 35 Новгородского судебного района Новгородской области,MS,Мировой суд,"173016, г Великий Новгород, ул Менделеева, д 4",https://35.nvg.msudrf.ru/,35.nvg.msudrf.ru,нет,53MS0004
Новгородская область,Великий Новгород,,Судебный участок № 36 Новгородского судебного района Новгородской области,MS,Мировой суд,"173016, г Великий Новгород, ул Менделеева, д 4",https://36.nvg.msudrf.ru/,36.nvg.msudrf.ru,нет,53MS0011
Новгородская область,Великий Новгород,,Судебный участок № 39 Новгородского судебного района Новгородской области,MS,Мировой суд,"173016, г Великий Новгород, ул Менделеева, д 4",https://39.nvg.msudrf.ru/,39.nvg.msudrf.ru,нет,53MS0020
Новгородская область,Волот,,Судебный участок № 6 Солецкого судебного района Новгородской области,MS,Мировой суд,"175100, Новгородская обл, п Волот, ул Гагарина, д 13",https://6.nvg.msudrf.ru/,6.nvg.msudrf.ru,нет,53MS0025
Новгородская область,Демянск,,Судебный участок № 7 Валдайского судебного района Новгородской области,MS,Мировой суд,"175310, Новгородская обл, рп Демянск, ул Школьная, д 6",https://7.nvg.msudrf.ru/,7.nvg.msudrf.ru,нет,53MS0026
Новгородская область,Крестцы,,Судебный участок № 8 Окуловского судебного района Новгородской области,MS,Мировой суд,"175460, Новгородская обл, рп Крестцы, ул Московская, д 3",https://8.nvg.msudrf.ru/,8.nvg.msudrf.ru,нет,53MS0006
Новгородская область,Любытино,,Судебный участок № 9 Боровичского судебного района Новгородской области,MS,Мировой суд,"174760, Новгородская обл, рп Любытино, ул Советов, д 46Б",https://9.nvg.msudrf.ru/,9.nvg.msudrf.ru,нет,53MS0027
Новгородская область,Малая Вишера,,Судебный участок № 10 Чудовского судебного района Новгородской области,MS,Мировой суд,"174260, Новгородская обл, г Малая Вишера, ул Новгородская, зд 22",https://10.nvg.msudrf.ru/,10.nvg.msudrf.ru,нет,53MS0007
Новгородская область,Марёво,,Судебный участок № 11 Валдайского судебного района Новгородской области,MS,Мировой суд,"175350, Новгородская обл, с Марёво, ул Комсомольская, д 43",https://11.nvg.msudrf.ru/,11.nvg.msudrf.ru,нет,53MS0028
Новгородская область,Мошенское,,Судебный участок № 12 Боровичского судебного района Новгородской области,MS,Мировой суд,"174450, Новгородская обл, с Мошенское, ул 1 Мая, д 10",https://12.nvg.msudrf.ru/,12.nvg.msudrf.ru,нет,53MS0029
Новгородская область,Окуловка,,Судебный участок № 15 Окуловского судебного района Новгородской области,MS,Мировой суд,"174350, Новгородская обл, г Окуловка, ул Володарского, д 4",https://15.nvg.msudrf.ru/,15.nvg.msudrf.ru,нет,53MS0030
Новгородская область,Окуловка,,Судебный участок № 16 Окуловского судебного района Новгородской области,MS,Мировой суд,"174350, Новгородская обл, г Окуловка, ул Володарского, д 4",https://16.nvg.msudrf.ru/,16.nvg.msudrf.ru,нет,53MS0031
Новгородская область,Парфино,,Судебный участок № 17 Старорусского судебного района Новгородской области,MS,Мировой суд,"175130, Новгородская обл, рп Парфино, ул Комсомольская, д 18",https://17.nvg.msudrf.ru/,17.nvg.msudrf.ru,нет,53MS0013
Новгородская область,Пестово,,Судебный участок № 18 Пестовского судебного района Новгородской области,MS,Мировой суд,"174510, Новгородская обл, г Пестово, ул Славная, д 1Г",https://18.nvg.msudrf.ru/,18.nvg.msudrf.ru,нет,53MS0032
Новгородская область,Поддорье,,Судебный участок № 19 Старорусского судебного района Новгородской области,MS,Мировой суд,"175260, Новгородская обл, с Поддорье, ул Октябрьская, д 19",https://19.nvg.msudrf.ru/,19.nvg.msudrf.ru,нет,53MS0033
Новгородская область,Сольцы,,Судебный участок № 20 Солецкого судебного района Новгородской области,MS,Мировой суд,"175040, Новгородская обл, г Сольцы, ул Комсомола, д 39",https://20.nvg.msudrf.ru/,20.nvg.msudrf.ru,нет,53MS0014
Новгородская область,Старая Русса,,Судебный участок № 21 Старорусского судебного района Новгородской области,MS,Мировой суд,"175202, Новгородская обл, г Старая Русса, ул Строителей, зд 1",https://21.nvg.msudrf.ru/,21.nvg.msudrf.ru,нет,53MS0015
Новгородская область,Старая Русса,,Судебный участок № 22 Старорусского судебного района Новгородской области,MS,Мировой суд,"175202, Новгородская обл, г Старая Русса, ул Строителей, зд 1",https://22.nvg.msudrf.ru/,22.nvg.msudrf.ru,нет,53MS0016
Новгородская область,Старая Русса,,Судебный участок № 40 Старорусского судебного района Новгородской области,MS,Мировой суд,"175202, Новгородская обл, г Старая Русса, ул Строителей, зд 1",https://40.nvg.msudrf.ru/,40.nvg.msudrf.ru,нет,53MS0005
Новгородская область,Хвойная,,Судебный участок № 23 Пестовского судебного района Новгородской области,MS,Мировой суд,"174580, Новгородская обл, рп Хвойная, ул Красноармейская, д 2А",https://23.nvg.msudrf.ru/,23.nvg.msudrf.ru,нет,53MS0034
Новгородская область,Холм,,Судебный участок № 24 Старорусского судебного района Новгородской области,MS,Мировой суд,"175270, Новгородская обл, г Холм, ул Кооперативная, д 27",https://24.nvg.msudrf.ru/,24.nvg.msudrf.ru,нет,53MS0017
Новгородская область,Чудово,,Судебный участок № 25 Чудовского судебного района Новгородской области,MS,Мировой суд,"174210, Новгородская обл, г Чудово, ул Глеба Успенского, зд 2",https://25.nvg.msudrf.ru/,25.nvg.msudrf.ru,нет,53MS0018
Новгородская область,Чудово,,Судебный участок № 41 Чудовского судебного района Новгородской области,MS,Мировой суд,"174210, Новгородская обл, г Чудово, ул Глеба Успенского, зд 2",https://41.nvg.msudrf.ru/,41.nvg.msudrf.ru,нет,53MS0021
Новгородская область,Шимск,,Судебный участок № 26 Солецкого судебного района Новгородской области,MS,Мировой суд,"174150, Новгородская обл, рп Шимск, ул Набережная, д 2А",https://26.nvg.msudrf.ru/,26.nvg.msudrf.ru,нет,53MS0019
Республика Северная Осетия - Алания,,,Судебный участок № 20 Промышленного судебного района г.Владикавказа,MS,Мировой суд,"362002, РСО-Алания, г.Владикавказ , ул.Красноармейская / ул.Л.Толстого , д. 2/17",https://20.rso.msudrf.ru/,20.rso.msudrf.ru,нет,15MS0024
Республика Северная Осетия - Алания,,,Судебный участок № 5 Ирафского судебного района,MS,Мировой суд,"363246, РСО-Алания, Ирафский район , ул.А. Макоева, д. 22 А",https://5.rso.msudrf.ru/,5.rso.msudrf.ru,нет,15MS0006
Республика Северная Осетия - Алания,Алагир,,Судебный участок № 1 Алагирского судебного района,MS,Мировой суд,"363246, Респ Северная Осетия - Алания, г Алагир, ул Терешковой, зд 4",https://1.rso.msudrf.ru/,1.rso.msudrf.ru,нет,15MS0001
Республика Северная Осетия - Алания,Алагир,,Судебный участок № 2 Алагирского судебного района,MS,Мировой суд,"363246, Респ Северная Осетия - Алания, г Алагир, ул Терешковой, зд 4",https://2.rso.msudrf.ru/,2.rso.msudrf.ru,нет,15MS0002
Республика Северная Осетия - Алания,Ардон,,Судебный участок № 3 Ардонского судебного района,MS,Мировой суд,"363334, Респ Северная Осетия - Алания, г Ардон, ул Пролетарская, д 49З",https://3.rso.msudrf.ru/,3.rso.msudrf.ru,нет,15MS0003
Республика Северная Осетия - Алания,Ардон,,Судебный участок № 35 Ардонского судебного района,MS,Мировой суд,"363334, Респ Северная Осетия - Алания, г Ардон, ул Пролетарская, д 49З",https://35.rso.msudrf.ru/,35.rso.msudrf.ru,нет,15MS0004
Республика Северная Осетия - Алания,Беслан,,Судебный участок № 11 Правобережного судебного района,MS,Мировой суд,"363029, Респ Северная Осетия - Алания, г Беслан, ул Мира, стр 9",https://11.rso.msudrf.ru/,11.rso.msudrf.ru,нет,15MS0012
Республика Северная Осетия - Алания,Беслан,,Судебный участок № 12 Правобережного судебного района,MS,Мировой суд,"363029, Респ Северная Осетия - Алания, г Беслан, ул Мира, стр 9",https://12.rso.msudrf.ru/,12.rso.msudrf.ru,нет,15MS0013
Республика Северная Осетия - Алания,Беслан,,Судебный участок № 34 Правобережного судебного района,MS,Мировой суд,"363029, Респ Северная Осетия - Алания, г Беслан, ул Мира, стр 9",https://34.rso.msudrf.ru/,34.rso.msudrf.ru,нет,15MS0014
Республика Северная Осетия - Алания,Владикавказ,,Судебный участок № 16 Ленинского судебного района г. Владикавказа,MS,Мировой суд,"362040, РСО-Алания, г. Владикавказ, ул. Баллаева/пер. Театральный, 6/1",https://16.rso.msudrf.ru/,16.rso.msudrf.ru,нет,15MS0020
Республика Северная Осетия - Алания,Владикавказ,,Судебный участок № 17 Ленинского судебного района г. Владикавказа,MS,Мировой суд,"362040, РСО-Алания, г. Владикавказ, ул. Баллаева/пер. Театральный, 6/1",https://17.rso.msudrf.ru/,17.rso.msudrf.ru,нет,15MS0021
Республика Северная Осетия - Алания,Владикавказ,,Судебный участок № 18 Ленинского судебного района г. Владикавказа,MS,Мировой суд,"362040, РСО-Алания, г. Владикавказ, ул. Баллаева/пер. Театральный, 6/1",https://18.rso.msudrf.ru/,18.rso.msudrf.ru,нет,15MS0022
Республика Северная Осетия - Алания,Владикавказ,,Судебный участок № 19 Ленинского судебного района г. Владикавказа,MS,Мировой суд,"362040, РСО-Алания, г. Владикавказ, ул. Баллаева/пер. Театральный, 6/1",https://19.rso.msudrf.ru/,19.rso.msudrf.ru,нет,15MS0023
Республика Северная Осетия - Алания,Владикавказ,,Судебный участок № 21 Промышленного судебного района г. Владикавказа,MS,Мировой суд,"362002, г.Владикавказ , ул.Красноармейская / ул.Л.Толстого , д. 2/17",https://21.rso.msudrf.ru/,21.rso.msudrf.ru,нет,15MS0025
Республика Северная Осетия - Алания,Владикавказ,,Судебный участок № 22 Промышленного судебного района г. Владикавказа,MS,Мировой суд,"362002, г.Владикавказ , ул.Красноармейская / ул.Л.Толстого , д. 2/17",https://22.rso.msudrf.ru/,22.rso.msudrf.ru,нет,15MS0026
Республика Северная Осетия - Алания,Владикавказ,,Судебный участок № 23 Советского судебного района г. Владикавказа,MS,Мировой суд,"362031, г Владикавказ, ул Московская, д 4",https://23.rso.msudrf.ru/,23.rso.msudrf.ru,нет,15MS0027
Республика Северная Осетия - Алания,Владикавказ,,Судебный участок № 24 Советского судебного района г. Владикавказа,MS,Мировой суд,"362031, г Владикавказ, ул Московская, д 4",https://24.rso.msudrf.ru/,24.rso.msudrf.ru,нет,15MS0028
Республика Северная Осетия - Алания,Владикавказ,,Судебный участок № 25 Советского судебного района г. Владикавказа,MS,Мировой суд,"362031, г Владикавказ, ул Московская, д 4",https://25.rso.msudrf.ru/,25.rso.msudrf.ru,нет,15MS0029
Республика Северная Осетия - Алания,Владикавказ,,Судебный участок № 26 Советского судебного района г. Владикавказа,MS,Мировой суд,"362031, г Владикавказ, ул Московская, д 4",https://26.rso.msudrf.ru/,26.rso.msudrf.ru,нет,15MS0031
Республика Северная Осетия - Алания,Владикавказ,,Судебный участок № 27 Советского судебного района г. Владикавказа,MS,Мировой суд,"362031, г Владикавказ, ул Московская, д 4",https://27.rso.msudrf.ru/,27.rso.msudrf.ru,нет,15MS0032
Республика Северная Осетия - Алания,Владикавказ,,Судебный участок № 28 Советского судебного района г. Владикавказа,MS,Мировой суд,"362031, г Владикавказ, ул Московская, д 4",https://28.rso.msudrf.ru/,28.rso.msudrf.ru,нет,15MS0033
Республика Северная Осетия - Алания,Владикавказ,,Судебный участок № 29 Советского судебного района г. Владикавказа,MS,Мировой суд,"362031, г Владикавказ, ул Московская, д 4",https://29.rso.msudrf.ru/,29.rso.msudrf.ru,нет,15MS0034
Республика Северная Осетия - Алания,Владикавказ,,Судебный участок № 30 Советского судебного района г. Владикавказа,MS,Мировой суд,"362031, г Владикавказ, ул Московская, д 4",https://30.rso.msudrf.ru/,30.rso.msudrf.ru,нет,15MS0030
Республика Северная Осетия - Алания,Владикавказ,,Судебный участок № 31 Советского судебного района г. Владикавказа,MS,Мировой суд,"362031, г Владикавказ, ул Московская, д 4",https://31.rso.msudrf.ru/,31.rso.msudrf.ru,нет,15MS0035
Республика Северная Осетия - Алания,Дигора,,Судебный участок № 4 Дигорского судебного района,MS,Мировой суд,"363410, Респ Северная Осетия - Алания, г Дигора, ул Сталина, д 13",https://4.rso.msudrf.ru/,4.rso.msudrf.ru,нет,15MS0005
Республика Северная Осетия - Алания,Моздок,,Судебный участок № 10 Моздокского судебного района,MS,Мировой суд,"363753, Респ Северная Осетия - Алания, г Моздок, ул Октябрьская, влд 35А",https://10.rso.msudrf.ru/,10.rso.msudrf.ru,нет,15MS0011
Республика Северная Осетия - Алания,Моздок,,Судебный участок № 7 Моздокского судебного района,MS,Мировой суд,"363753, Респ Северная Осетия - Алания, г Моздок, ул Октябрьская, влд 35А",https://7.rso.msudrf.ru/,7.rso.msudrf.ru,нет,15MS0008
Республика Северная Осетия - Алания,Моздок,,Судебный участок № 8 Моздокского судебного района,MS,Мировой суд,"363753, Респ Северная Осетия - Алания, г Моздок, ул Октябрьская, влд 35А",https://8.rso.msudrf.ru/,8.rso.msudrf.ru,нет,15MS0009
Республика Северная Осетия - Алания,Моздок,,Судебный участок № 9 Моздокского судебного района,MS,Мировой суд,"363753, Респ Северная Осетия - Алания, г Моздок, ул Октябрьская, влд 35А",https://9.rso.msudrf.ru/,9.rso.msudrf.ru,нет,15MS0010
Республика Северная Осетия - Алания,Октябрьское,,Судебный участок № 13 Пригородного судебного района,MS,Мировой суд,"363131, Респ Северная Осетия - Алания, с Октябрьское, ул Павла Тедеева, зд 74",https://13.rso.msudrf.ru/,13.rso.msudrf.ru,нет,15MS0015
Республика Северная Осетия - Алания,Октябрьское,,Судебный участок № 14 Пригородного судебного района,MS,Мировой суд,"363131, Респ Северная Осетия - Алания, с Октябрьское, ул Павла Тедеева, зд 74",https://14.rso.msudrf.ru/,14.rso.msudrf.ru,нет,15MS0016
Республика Северная Осетия - Алания,Октябрьское,,Судебный участок № 15 Пригородного судебного района,MS,Мировой суд,"363131, Респ Северная Осетия - Алания, с Октябрьское, ул Павла Тедеева, зд 74",https://15.rso.msudrf.ru/,15.rso.msudrf.ru,нет,15MS0017
Республика Северная Осетия - Алания,Октябрьское,,Судебный участок № 32 Пригородного судебного района,MS,Мировой суд,"363131, Респ Северная Осетия - Алания, с Октябрьское, ул Павла Тедеева, зд 74",https://32.rso.msudrf.ru/,32.rso.msudrf.ru,нет,15MS0018
Республика Северная Осетия - Алания,Октябрьское,,Судебный участок № 33 Пригородного судебного района,MS,Мировой суд,"363131, Респ Северная Осетия - Алания, с Октябрьское, ул Павла Тедеева, зд 74",https://33.rso.msudrf.ru/,33.rso.msudrf.ru,нет,15MS0019
Республика Северная Осетия - Алания,Эльхотово,,Судебный участок № 6 Кировского судебного района,MS,Мировой суд,"363600, Респ Северная Осетия - Алания, с Эльхотово, ул Ленина, д 131/1",https://6.rso.msudrf.ru/,6.rso.msudrf.ru,нет,15MS0007
Республика Адыгея,Адыгейск,,Судебный участок № 1 г. Адыгейска,MS,Мировой суд,"385200, Респ Адыгея, г Адыгейск, ул Ленина, д 17",https://adg1.adg.msudrf.ru/,adg1.adg.msudrf.ru,нет,01MS0022
Республика Адыгея,Вольное,,Судебный участок № 2 Кошехабльского района Республики Адыгея,MS,Мировой суд,"385436, Респ Адыгея, Кошехабльский р-н, с Вольное, ул Чапаева, д 44",https://koshr2.adg.msudrf.ru/,koshr2.adg.msudrf.ru,нет,01MS0015
Республика Адыгея,Гиагинская,,Судебный участок № 1 Гиагинского района Республики Адыгея,MS,Мировой суд,"385600, Респ Адыгея, ст-ца Гиагинская, ул Красная, д 266",https://giagr1.adg.msudrf.ru/,giagr1.adg.msudrf.ru,нет,01MS0012
Республика Адыгея,Дондуковская,,Судебный участок № 2 Гиагинского района Республики Адыгея,MS,Мировой суд,"385635, Респ Адыгея, Гиагинский р-н, ст-ца Дондуковская, ул Ленина, влд 145",https://giagr2.adg.msudrf.ru/,giagr2.adg.msudrf.ru,нет,01MS0013
Республика Адыгея,Каменномостский,,Судебный участок № 2 Майкопского района Республики Адыгея,MS,Мировой суд,"385750, Респ Адыгея, Майкопский р-н, п Каменномостский, ул Мира, д 48",https://mkpr2.adg.msudrf.ru/,mkpr2.adg.msudrf.ru,нет,01MS0010
Республика Адыгея,Кошехабль,,Судебный участок № 1 Кошехабльского района Республики Адыгея,MS,Мировой суд,"385400, Респ Адыгея, аул Кошехабль, ул Ленина, д 12",https://koshr1.adg.msudrf.ru/,koshr1.adg.msudrf.ru,нет,01MS0014
Республика Адыгея,Красногвардейское,,Судебный участок № 1 Красногвардейского района Республики Адыгея,MS,Мировой суд,"385300, Респ Адыгея, с Красногвардейское, ул Чапаева, влд 91",https://krasr1.adg.msudrf.ru/,krasr1.adg.msudrf.ru,нет,01MS0016
Республика Адыгея,Красногвардейское,,Судебный участок № 2 Красногвардейского района Республики Адыгея,MS,Мировой суд,"385300, Респ Адыгея, с Красногвардейское, ул Чапаева, влд 91",https://krasr2.adg.msudrf.ru/,krasr2.adg.msudrf.ru,нет,01MS0017
Республика Адыгея,Майкоп,,Судебный участок № 1 г. Майкопа,MS,Мировой суд,"385009, г Майкоп, п Западный, ул Юбилейная, д 23А",https://maikop1.adg.msudrf.ru/,maikop1.adg.msudrf.ru,нет,01MS0001
Республика Адыгея,Майкоп,,Судебный участок № 2 г. Майкопа,MS,Мировой суд,"385000, г Майкоп, ул Крестьянская, д 236",https://maikop2.adg.msudrf.ru/,maikop2.adg.msudrf.ru,нет,01MS0002
Республика Адыгея,Майкоп,,Судебный участок № 3 г. Майкопа,MS,Мировой суд,"385000, г Майкоп, ул Курганная, д 227",https://maikop3.adg.msudrf.ru/,maikop3.adg.msudrf.ru,нет,01MS0003
Республика Адыгея,Майкоп,,Судебный участок № 4 г. Майкопа,MS,Мировой суд,"385018, г Майкоп, ул Юннатов, д 2Е",https://maikop4.adg.msudrf.ru/,maikop4.adg.msudrf.ru,нет,01MS0004
Республика Адыгея,Майкоп,,Судебный участок № 5 г. Майкопа,MS,Мировой суд,"385008, г Майкоп, ул 12 Марта, д 155",https://maikop5.adg.msudrf.ru/,maikop5.adg.msudrf.ru,нет,01MS0005
Республика Адыгея,Майкоп,,Судебный участок № 6 г. Майкопа,MS,Мировой суд,"385008, г Майкоп, ул 12 Марта, д 155",https://maikop6.adg.msudrf.ru/,maikop6.adg.msudrf.ru,нет,01MS0006
Республика Адыгея,Майкоп,,Судебный участок № 7 г. Майкопа,MS,Мировой суд,"385012, г Майкоп, ул Спортивная, д 39А",https://maikop7.adg.msudrf.ru/,maikop7.adg.msudrf.ru,нет,01MS0007
Республика Адыгея,Майкоп,,Судебный участок № 8 г. Майкопа,MS,Мировой суд,"385012, г Майкоп, ул Кирпичная, д 75",https://maikop8.adg.msudrf.ru/,maikop8.adg.msudrf.ru,нет,01MS0008
Республика Адыгея,Понежукай,,Судебный участок № 2 Теучежского района Республики Адыгея,MS,Мировой суд,"385230, Респ Адыгея, аул Понежукай, ул Ленина, д 71",https://teur2.adg.msudrf.ru/,teur2.adg.msudrf.ru,нет,01MS0023
Республика Адыгея,Тахтамукай,,Судебный участок № 1 Тахтамукайского района Республики Адыгея,MS,Мировой суд,"385100, Респ Адыгея, аул Тахтамукай, ул Ш.Хакурате, д 53",https://tahr1.adg.msudrf.ru/,tahr1.adg.msudrf.ru,нет,01MS0018
Республика Адыгея,Тульский,,Судебный участок № 1 Майкопского района Республики Адыгея,MS,Мировой суд,"385730, Респ Адыгея, п Тульский, ул Садовая, д 51А",https://mkpr1.adg.msudrf.ru/,mkpr1.adg.msudrf.ru,нет,01MS0009
Республика Адыгея,Тульский,,Судебный участок № 3 Майкопского района Республики Адыгея,MS,Мировой суд,"385730, Респ Адыгея, п Тульский, ул Садовая, д 51А",https://mkpr3.adg.msudrf.ru/,mkpr3.adg.msudrf.ru,нет,01MS0011
Республика Адыгея,Хакуринохабль,,Судебный участок Шовгеновского района Республики Адыгея,MS,Мировой суд,"385440, Респ Адыгея, аул Хакуринохабль, ул Шовгенова, д 5",https://shovr.adg.msudrf.ru/,shovr.adg.msudrf.ru,нет,01MS0021
Республика Адыгея,Энем,,Судебный участок № 3 Тахтамукайского района Республики Адыгея,MS,Мировой суд,"385130, Респ Адыгея, Тахтамукайский р-н, пгт Энем, ул Октябрьская, д 5/1",https://tahr3.adg.msudrf.ru/,tahr3.adg.msudrf.ru,нет,01MS0020
Республика Адыгея,Яблоновский,,Судебный участок № 2 Тахтамукайского района Республики Адыгея,MS,Мировой суд,"385142, Респ Адыгея, Тахтамукайский р-н, пгт Яблоновский, ул Гагарина, д 144/1 к 7, помещ 1Б",https://tahr2.adg.msudrf.ru/,tahr2.adg.msudrf.ru,нет,01MS0019
Республика Адыгея,Яблоновский,,Судебный участок № 4 Тахтамукайского района Республики Адыгея,MS,Мировой суд,"385142, Респ Адыгея, Тахтамукайский р-н, пгт Яблоновский, ул Лаухина, д 11",https://tahr4.adg.msudrf.ru/,tahr4.adg.msudrf.ru,нет,01MS0024
