РЕГИОН,ГОРОД,РАЙОН,НАЗВАНИЕ,ТИП,ТИП_НАЗВАНИЕ,АДРЕС,САЙТ,ДОМЕН_SUDRF,ПАРСЕР,КОД
Свердловская область,Алапаевск,,"Судебный участок № 1 судебного района, в котором создан Алапаевский городской суд Свердловской области",MS,Мировой суд,"624607, Свердловская обл, г Алапаевск, ул Николая Островского, д 12",https://1alap.svd.msudrf.ru/,1alap.svd.msudrf.ru,нет,66MS0091
Свердловская область,Алапаевск,,"Судебный участок № 2 судебного района, в котором создан Алапаевский городской суд Свердловской области",MS,Мировой суд,"624600, Свердловская обл, г Алапаевск, ул Ленина, д 17",https://2alap.svd.msudrf.ru/,2alap.svd.msudrf.ru,нет,66MS0092
Свердловская область,Алапаевск,,"Судебный участок № 3 судебного района, в котором создан Алапаевский городской суд Свердловской области",MS,Мировой суд,"624607, Свердловская обл, г Алапаевск, ул Николая Островского, д 12",https://3alap.svd.msudrf.ru/,3alap.svd.msudrf.ru,нет,66MS0093
Свердловская область,Алапаевск,,"Судебный участок № 4 судебного района, в котором создан Алапаевский городской суд Свердловской области",MS,Мировой суд,"624607, Свердловская обл, г Алапаевск, ул Николая Островского, д 12",https://1alr.svd.msudrf.ru/,1alr.svd.msudrf.ru,нет,66MS0094
Свердловская область,Арамиль,"Судебный участок № 3 судебного района, в котором создан Сысертский","Судебный участок № 3 судебного района, в котором создан Сысертский районный суд Свердловской области",MS,Мировой суд,"624003, Свердловская обл, Сысертский р-н, г Арамиль, ул Карла Маркса, д 15",https://3sis.svd.msudrf.ru/,3sis.svd.msudrf.ru,нет,66MS0206
Свердловская область,Артемовский,,"Судебный участок № 1 судебного района, в котором создан Артемовский городской суд Свердловской области",MS,Мировой суд,"623785, Свердловская обл, г Артемовский, ул Куйбышева, д 3",https://1art.svd.msudrf.ru/,1art.svd.msudrf.ru,нет,66MS0096
Свердловская область,Артемовский,,"Судебный участок № 2 судебного района, в котором создан Артемовский городской суд Свердловской области",MS,Мировой суд,"623785, Свердловская обл, г Артемовский, ул Куйбышева, д 3",https://2art.svd.msudrf.ru/,2art.svd.msudrf.ru,нет,66MS0097
Свердловская область,Артемовский,,"Судебный участок № 3 судебного района, в котором создан Артемовский городской суд Свердловской области",MS,Мировой суд,"623785, Свердловская обл, г Артемовский, ул Куйбышева, д 3",https://3art.svd.msudrf.ru/,3art.svd.msudrf.ru,нет,66MS0098
Свердловская область,Арти,"Судебный участок № 1 судебного района, в котором создан Артинский","Судебный участок № 1 судебного района, в котором создан Артинский районный суд Свердловской области",MS,Мировой суд,"623340, Свердловская обл, пгт Арти, ул Молодежная, зд 6",https://1artr.svd.msudrf.ru/,1artr.svd.msudrf.ru,нет,66MS0103
Свердловская область,Арти,"Судебный участок № 2 судебного района, в котором создан Артинский","Судебный участок № 2 судебного района, в котором создан Артинский районный суд Свердловской области",MS,Мировой суд,"623340, Свердловская обл, пгт Арти, ул Молодежная, зд 6",https://2artr.svd.msudrf.ru/,2artr.svd.msudrf.ru,нет,66MS0104
Свердловская область,Асбест,,"Судебный участок № 1 судебного района, в котором создан Асбестовский городской суд Свердловской области",MS,Мировой суд,"624262, Свердловская обл, г Асбест, ул Уральская, д 35",https://1asb.svd.msudrf.ru/,1asb.svd.msudrf.ru,нет,66MS0099
Свердловская область,Асбест,,"Судебный участок № 2 судебного района, в котором создан Асбестовский городской суд Свердловской области",MS,Мировой суд,"624262, Свердловская обл, г Асбест, ул Уральская, д 35",https://2asb.svd.msudrf.ru/,2asb.svd.msudrf.ru,нет,66MS0100
Свердловская область,Асбест,,"Судебный участок № 3 судебного района, в котором создан Асбестовский городской суд Свердловской области",MS,Мировой суд,"624262, Свердловская обл, г Асбест, ул Уральская, д 35",https://3asb.svd.msudrf.ru/,3asb.svd.msudrf.ru,нет,66MS0101
Свердловская область,Асбест,,"Судебный участок № 4 судебного района, в котором создан Асбестовский городской суд Свердловской области",MS,Мировой суд,"624262, Свердловская обл, г Асбест, ул Уральская, д 35",https://4asb.svd.msudrf.ru/,4asb.svd.msudrf.ru,нет,66MS0102
Свердловская область,Ачит,"Судебный участок № 5 судебного района, в котором создан Красноуфимский","Судебный участок № 5 судебного района, в котором создан Красноуфимский районный суд Свердловской области",MS,Мировой суд,"623230, Свердловская обл, пгт Ачит, ул Кривозубова, д 8",https://achit.svd.msudrf.ru/,achit.svd.msudrf.ru,нет,66MS0105
Свердловская область,Байкалово,"Судебный участок № 4 судебного района, в котором создан Ирбитский","Судебный участок № 4 судебного района, в котором создан Ирбитский районный суд Свердловской области",MS,Мировой суд,"623870, Свердловская обл, с Байкалово, ул Кузнецова, д 26",https://6irb.svd.msudrf.ru/,6irb.svd.msudrf.ru,нет,66MS0229
Свердловская область,Белоярский,"Судебный участок № 1 судебного района, в котором создан Белоярский","Судебный участок № 1 судебного района, в котором создан Белоярский районный суд Свердловской области",MS,Мировой суд,"624030, Свердловская обл, пгт Белоярский, ул Юбилейная, д 15",https://1bel.svd.msudrf.ru/,1bel.svd.msudrf.ru,нет,66MS0107
Свердловская область,Белоярский,"Судебный участок № 2 судебного района, в котором создан Белоярский","Судебный участок № 2 судебного района, в котором создан Белоярский районный суд Свердловской области",MS,Мировой суд,"624030, Свердловская обл, пгт Белоярский, ул Юбилейная, д 15",https://2bel.svd.msudrf.ru/,2bel.svd.msudrf.ru,нет,66MS0108
Свердловская область,Березовский,,"Судебный участок № 1 судебного района, в котором создан Березовский городской суд Свердловской области",MS,Мировой суд,"623700, Свердловская обл, г Березовский, ул Ленина, стр 73",https://1brz.svd.msudrf.ru/,1brz.svd.msudrf.ru,нет,66MS0111
Свердловская область,Березовский,,"Судебный участок № 2 судебного района, в котором создан Березовский городской суд Свердловской области",MS,Мировой суд,"623700, Свердловская обл, г Березовский, ул Ленина, стр 73",https://2brz.svd.msudrf.ru/,2brz.svd.msudrf.ru,нет,66MS0112
Свердловская область,Березовский,,"Судебный участок № 3 судебного района, в котором создан Березовский городской суд Свердловской области",MS,Мировой суд,"623700, Свердловская обл, г Березовский, ул Ленина, стр 73",https://3brz.svd.msudrf.ru/,3brz.svd.msudrf.ru,нет,66MS0113
Свердловская область,Березовский,,"Судебный участок № 4 судебного района, в котором создан Березовский городской суд Свердловской области",MS,Мировой суд,"623700, Свердловская обл, г Березовский, ул Ленина, стр 73",https://4brz.svd.msudrf.ru/,4brz.svd.msudrf.ru,нет,66MS0114
Свердловская область,Бисерть,"Судебный участок № 3 судебного района, в котором создан Нижнесергинский","Судебный участок № 3 судебного района, в котором создан Нижнесергинский районный суд Свердловской области",MS,Мировой суд,"623050, Свердловская обл, Нижнесергинский р-н, пгт Бисерть, ул Ленина, д 39",https://3nsrg.svd.msudrf.ru/,3nsrg.svd.msudrf.ru,нет,66MS0165
Свердловская область,Богданович,,"Судебный участок № 1 судебного района, в котором создан Богдановичский городской суд Свердловской области",MS,Мировой суд,"623530, Свердловская обл, Богдановичский р-н, г Богданович, ул Свердлова, д 1",https://1bogr.svd.msudrf.ru/,1bogr.svd.msudrf.ru,нет,66MS0109
Свердловская область,Богданович,,"Судебный участок № 2 судебного района, в котором создан Богдановичский городской суд Свердловской области",MS,Мировой суд,"623530, Свердловская обл, Богдановичский р-н, г Богданович, ул Свердлова, д 1",https://2bogr.svd.msudrf.ru/,2bogr.svd.msudrf.ru,нет,66MS0110
Свердловская область,Богданович,,"Судебный участок № 3 судебного района, в котором создан Богдановичский городской суд Свердловской области",MS,Мировой суд,"623530, Свердловская обл, Богдановичский р-н, г Богданович, ул Свердлова, д 1",https://3bogr.svd.msudrf.ru/,3bogr.svd.msudrf.ru,нет,66MS0223
Свердловская область,Верхняя Пышма,,"Судебный участок № 1 судебного района, в котором создан Верхнепышминский городской суд Свердловской области",MS,Мировой суд,"624096, Свердловская обл, г Верхняя Пышма, ул Юбилейная, д 9А",https://1vp.svd.msudrf.ru/,1vp.svd.msudrf.ru,нет,66MS0116
Свердловская область,Верхняя Пышма,,"Судебный участок № 2 судебного района, в котором создан Верхнепышминский городской суд Свердловской области",MS,Мировой суд,"624096, Свердловская обл, г Верхняя Пышма, ул Юбилейная, д 9А",https://2vp.svd.msudrf.ru/,2vp.svd.msudrf.ru,нет,66MS0117
Свердловская область,Верхняя Пышма,,"Судебный участок № 3 судебного района, в котором создан Верхнепышминский городской суд Свердловской области",MS,Мировой суд,"624096, Свердловская обл, г Верхняя Пышма, ул Юбилейная, д 9А",https://3vp.svd.msudrf.ru/,3vp.svd.msudrf.ru,нет,66MS0118
Свердловская область,Верхняя Пышма,,"Судебный участок № 4 судебного района, в котором создан Верхнепышминский городской суд Свердловской области",MS,Мировой суд,"624090, Свердловская обл, г Верхняя Пышма, ул Юбилейная, зд 9А",https://4vp.svd.msudrf.ru/,4vp.svd.msudrf.ru,нет,66MS0119
Свердловская область,Верхняя Салда,"Судебный участок № 1 судебного района, в котором создан Верхнесалдинский","Судебный участок № 1 судебного района, в котором создан Верхнесалдинский районный суд Свердловской области",MS,Мировой суд,"624761, Свердловская обл, Верхнесалдинский р-н, г Верхняя Салда, ул Спортивная, д 2 к 4",https://1vsald.svd.msudrf.ru/,1vsald.svd.msudrf.ru,нет,66MS0120
Свердловская область,Верхняя Салда,"Судебный участок № 2 судебного района, в котором создан Верхнесалдинский","Судебный участок № 2 судебного района, в котором создан Верхнесалдинский районный суд Свердловской области",MS,Мировой суд,"624761, Свердловская обл, Верхнесалдинский р-н, г Верхняя Салда, ул Спортивная, д 2 к 4",https://2vsald.svd.msudrf.ru/,2vsald.svd.msudrf.ru,нет,66MS0121
Свердловская область,Верхняя Салда,"Судебный участок № 3 судебного района, в котором создан Верхнесалдинский","Судебный участок № 3 судебного района, в котором создан Верхнесалдинский районный суд Свердловской области",MS,Мировой суд,"624761, Свердловская обл, Верхнесалдинский р-н, г Верхняя Салда, ул Спортивная, д 2 к 4",https://3vsald.svd.msudrf.ru/,3vsald.svd.msudrf.ru,нет,66MS0122
Свердловская область,Верхотурье,"Судебный участок № 1 судебного района, в котором создан Верхотурский","Судебный участок № 1 судебного района, в котором создан Верхотурский районный суд Свердловской области",MS,Мировой суд,"624380, Свердловская обл, г Верхотурье, ул Свободы, д 9",https://1ver.svd.msudrf.ru/,1ver.svd.msudrf.ru,нет,66MS0226
Свердловская область,Гари,"Судебный участок № 7 судебного района, в котором создан Серовский","Судебный участок № 7 судебного района, в котором создан Серовский районный суд Свердловской области",MS,Мировой суд,"624910, Свердловская обл, пгт Гари, ул Медиков, соор 6",https://gar.svd.msudrf.ru/,gar.svd.msudrf.ru,нет,66MS0123
Свердловская область,Дегтярск,,"Судебный участок № 4 судебного района, в котором создан Ревдинский городской суд Свердловской области",MS,Мировой суд,"623271, Свердловская обл, г Дегтярск, ул Калинина, д 11",https://4rev.svd.msudrf.ru/,4rev.svd.msudrf.ru,нет,66MS0191
Свердловская область,Екатеринбург,,Судебный участок № 1 Академического судебного района Cвердловской области,MS,Мировой суд,"620105, г Екатеринбург, ул Вильгельма де Геннина, д 46/2",https://1akad.svd.msudrf.ru/,1akad.svd.msudrf.ru,нет,66MS0237
Свердловская область,Екатеринбург,"Судебный участок № 1 судебного района, в котором создан Верх-Исетский","Судебный участок № 1 судебного района, в котором создан Верх-Исетский районный суд г. Екатеринбурга Свердловской области",MS,Мировой суд,"620109, г Екатеринбург, ул Красноуральская, д 25А",https://1vis.svd.msudrf.ru/,1vis.svd.msudrf.ru,нет,66MS0001
Свердловская область,Екатеринбург,"Судебный участок № 1 судебного района, в котором создан Железнодорожный","Судебный участок № 1 судебного района, в котором создан Железнодорожный районный суд г. Екатеринбурга Свердловской области",MS,Мировой суд,"620075, г Екатеринбург, ул Кузнечная, стр 72",https://1zhel.svd.msudrf.ru/,1zhel.svd.msudrf.ru,нет,66MS0009
Свердловская область,Екатеринбург,"Судебный участок № 1 судебного района, в котором создан Кировский","Судебный участок № 1 судебного района, в котором создан Кировский районный суд г. Екатеринбурга Свердловской области",MS,Мировой суд,"620075, г Екатеринбург, ул Кузнечная, стр 72",https://1kir.svd.msudrf.ru/,1kir.svd.msudrf.ru,нет,66MS0018
Свердловская область,Екатеринбург,"Судебный участок № 1 судебного района, в котором создан Ленинский","Судебный участок № 1 судебного района, в котором создан Ленинский районный суд г. Екатеринбурга Свердловской области",MS,Мировой суд,"620142, г Екатеринбург, ул Щорса, стр 68",https://1len.svd.msudrf.ru/,1len.svd.msudrf.ru,нет,66MS0028
Свердловская область,Екатеринбург,"Судебный участок № 1 судебного района, в котором создан Октябрьский","Судебный участок № 1 судебного района, в котором создан Октябрьский районный суд г. Екатеринбурга Свердловской области",MS,Мировой суд,"620142, г Екатеринбург, ул Фрунзе, д 40",https://1okt.svd.msudrf.ru/,1okt.svd.msudrf.ru,нет,66MS0038
Свердловская область,Екатеринбург,"Судебный участок № 1 судебного района, в котором создан Орджоникидзевский","Судебный участок № 1 судебного района, в котором создан Орджоникидзевский районный суд г. Екатеринбурга Свердловской области",MS,Мировой суд,"620042, г Екатеринбург, ул Культуры, д 20",https://1ord.svd.msudrf.ru/,1ord.svd.msudrf.ru,нет,66MS0046
Свердловская область,Екатеринбург,"Судебный участок № 1 судебного района, в котором создан Чкаловский","Судебный участок № 1 судебного района, в котором создан Чкаловский районный суд г. Екатеринбурга Свердловской области",MS,Мировой суд,"620085, г Екатеринбург, пер Коллективный, стр 4",https://1chk.svd.msudrf.ru/,1chk.svd.msudrf.ru,нет,66MS0056
Свердловская область,Екатеринбург,"Судебный участок № 10 судебного района, в котором создан Кировский","Судебный участок № 10 судебного района, в котором создан Кировский районный суд г. Екатеринбурга Свердловской области",MS,Мировой суд,"620078, г Екатеринбург, ул Первомайская, д 112",https://10kir.svd.msudrf.ru/,10kir.svd.msudrf.ru,нет,66MS0027
Свердловская область,Екатеринбург,,Судебный участок № 2 Академического судебного района Cвердловской области,MS,Мировой суд,"620105, г Екатеринбург, ул Вильгельма де Геннина, д 46/2",https://2akad.svd.msudrf.ru/,2akad.svd.msudrf.ru,нет,66MS0238
Свердловская область,Екатеринбург,"Судебный участок № 2 судебного района, в котором создан Верх-Исетский","Судебный участок № 2 судебного района, в котором создан Верх-Исетский районный суд г. Екатеринбурга Свердловской области",MS,Мировой суд,"620109, г Екатеринбург, ул Красноуральская, д 25А",https://2vis.svd.msudrf.ru/,2vis.svd.msudrf.ru,нет,66MS0002
Свердловская область,Екатеринбург,"Судебный участок № 2 судебного района, в котором создан Железнодорожный","Судебный участок № 2 судебного района, в котором создан Железнодорожный районный суд г. Екатеринбурга Свердловской области",MS,Мировой суд,"620075, г Екатеринбург, ул Кузнечная, стр 72",https://2zhel.svd.msudrf.ru/,2zhel.svd.msudrf.ru,нет,66MS0010
Свердловская область,Екатеринбург,"Судебный участок № 2 судебного района, в котором создан Кировский","Судебный участок № 2 судебного района, в котором создан Кировский районный суд г. Екатеринбурга Свердловской области",MS,Мировой суд,"620075, г Екатеринбург, ул Кузнечная, стр 72",https://2kir.svd.msudrf.ru/,2kir.svd.msudrf.ru,нет,66MS0019
Свердловская область,Екатеринбург,"Судебный участок № 2 судебного района, в котором создан Ленинский","Судебный участок № 2 судебного района, в котором создан Ленинский районный суд г. Екатеринбурга Свердловской области",MS,Мировой суд,"620142, г Екатеринбург, ул Щорса, стр 68",https://2len.svd.msudrf.ru/,2len.svd.msudrf.ru,нет,66MS0029
Свердловская область,Екатеринбург,"Судебный участок № 2 судебного района, в котором создан Октябрьский","Судебный участок № 2 судебного района, в котором создан Октябрьский районный суд г. Екатеринбурга Свердловской области",MS,Мировой суд,"620142, г Екатеринбург, ул Фрунзе, д 40",https://2okt.svd.msudrf.ru/,2okt.svd.msudrf.ru,нет,66MS0039
Свердловская область,Екатеринбург,"Судебный участок № 2 судебного района, в котором создан Орджоникидзевский","Судебный участок № 2 судебного района, в котором создан Орджоникидзевский районный суд г. Екатеринбурга Свердловской области",MS,Мировой суд,"620091, г Екатеринбург, ул Краснофлотцев, д 18",https://2ord.svd.msudrf.ru/,2ord.svd.msudrf.ru,нет,66MS0047
Свердловская область,Екатеринбург,"Судебный участок № 2 судебного района, в котором создан Чкаловский","Судебный участок № 2 судебного района, в котором создан Чкаловский районный суд г. Екатеринбурга Свердловской области",MS,Мировой суд,"620085, г Екатеринбург, пер Коллективный, стр 4",https://2chk.svd.msudrf.ru/,2chk.svd.msudrf.ru,нет,66MS0057
Свердловская область,Екатеринбург,,Судебный участок № 3 Академического судебного района Cвердловской области,MS,Мировой суд,"620105, г Екатеринбург, ул Вильгельма де Геннина, д 46/2",https://3akad.svd.msudrf.ru/,3akad.svd.msudrf.ru,нет,66MS0239
Свердловская область,Екатеринбург,"Судебный участок № 3 судебного района, в котором создан Верх-Исетский","Судебный участок № 3 судебного района, в котором создан Верх-Исетский районный суд г. Екатеринбурга Свердловской области",MS,Мировой суд,"620109, г Екатеринбург, ул Красноуральская, д 25А",https://3vis.svd.msudrf.ru/,3vis.svd.msudrf.ru,нет,66MS0003
Свердловская область,Екатеринбург,"Судебный участок № 3 судебного района, в котором создан Железнодорожный","Судебный участок № 3 судебного района, в котором создан Железнодорожный районный суд г. Екатеринбурга Свердловской области",MS,Мировой суд,"620141, г Екатеринбург, ул Лесная, д 39",https://9zhel.svd.msudrf.ru/,9zhel.svd.msudrf.ru,нет,66MS0017
Свердловская область,Екатеринбург,"Судебный участок № 3 судебного района, в котором создан Кировский","Судебный участок № 3 судебного района, в котором создан Кировский районный суд г. Екатеринбурга Свердловской области",MS,Мировой суд,"620075, г Екатеринбург, ул Кузнечная, стр 72",https://3kir.svd.msudrf.ru/,3kir.svd.msudrf.ru,нет,66MS0020
Свердловская область,Екатеринбург,"Судебный участок № 3 судебного района, в котором создан Ленинский","Судебный участок № 3 судебного района, в котором создан Ленинский районный суд г. Екатеринбурга Свердловской области",MS,Мировой суд,"620102, г Екатеринбург, ул Московская, д 116",https://3len.svd.msudrf.ru/,3len.svd.msudrf.ru,нет,66MS0030
Свердловская область,Екатеринбург,"Судебный участок № 3 судебного района, в котором создан Октябрьский","Судебный участок № 3 судебного района, в котором создан Октябрьский районный суд г. Екатеринбурга Свердловской области",MS,Мировой суд,"620073, г Екатеринбург, ул Крестинского, д 59 к 1",https://3okt.svd.msudrf.ru/,3okt.svd.msudrf.ru,нет,66MS0040
Свердловская область,Екатеринбург,"Судебный участок № 3 судебного района, в котором создан Орджоникидзевский","Судебный участок № 3 судебного района, в котором создан Орджоникидзевский районный суд г. Екатеринбурга Свердловской области",MS,Мировой суд,"620042, г Екатеринбург, ул Культуры, д 20",https://3ord.svd.msudrf.ru/,3ord.svd.msudrf.ru,нет,66MS0048
Свердловская область,Екатеринбург,"Судебный участок № 3 судебного района, в котором создан Чкаловский","Судебный участок № 3 судебного района, в котором создан Чкаловский районный суд г. Екатеринбурга Свердловской области",MS,Мировой суд,"620085, г Екатеринбург, пер Коллективный, стр 4",https://3chk.svd.msudrf.ru/,3chk.svd.msudrf.ru,нет,66MS0058
Свердловская область,Екатеринбург,,Судебный участок № 4 Академического судебного района Cвердловской области,MS,Мировой суд,"620105, г Екатеринбург, ул Вильгельма де Геннина, д 46/2",https://4akad.svd.msudrf.ru/,4akad.svd.msudrf.ru,нет,66MS0240
Свердловская область,Екатеринбург,"Судебный участок № 4 судебного района, в котором создан Верх-Исетский","Судебный участок № 4 судебного района, в котором создан Верх-Исетский районный суд г. Екатеринбурга Свердловской области",MS,Мировой суд,"620109, г Екатеринбург, ул Красноуральская, д 25А",https://4vis.svd.msudrf.ru/,4vis.svd.msudrf.ru,нет,66MS0004
Свердловская область,Екатеринбург,"Судебный участок № 4 судебного района, в котором создан Железнодорожный","Судебный участок № 4 судебного района, в котором создан Железнодорожный районный суд г. Екатеринбурга Свердловской области",MS,Мировой суд,"620141, г Екатеринбург, ул Завокзальная, д 4",https://4zhel.svd.msudrf.ru/,4zhel.svd.msudrf.ru,нет,66MS0012
Свердловская область,Екатеринбург,"Судебный участок № 4 судебного района, в котором создан Кировский","Судебный участок № 4 судебного района, в котором создан Кировский районный суд г. Екатеринбурга Свердловской области",MS,Мировой суд,"620078, г Екатеринбург, ул Первомайская, д 112",https://4kir.svd.msudrf.ru/,4kir.svd.msudrf.ru,нет,66MS0021
Свердловская область,Екатеринбург,"Судебный участок № 4 судебного района, в котором создан Ленинский","Судебный участок № 4 судебного района, в котором создан Ленинский районный суд г. Екатеринбурга Свердловской области",MS,Мировой суд,"620102, г Екатеринбург, ул Московская, д 116",https://4len.svd.msudrf.ru/,4len.svd.msudrf.ru,нет,66MS0031
Свердловская область,Екатеринбург,"Судебный участок № 4 судебного района, в котором создан Октябрьский","Судебный участок № 4 судебного района, в котором создан Октябрьский районный суд г. Екатеринбурга Свердловской области",MS,Мировой суд,"620073, г Екатеринбург, ул Крестинского, д 59 к 1",https://4okt.svd.msudrf.ru/,4okt.svd.msudrf.ru,нет,66MS0041
Свердловская область,Екатеринбург,"Судебный участок № 4 судебного района, в котором создан Орджоникидзевский","Судебный участок № 4 судебного района, в котором создан Орджоникидзевский районный суд г. Екатеринбурга Свердловской области",MS,Мировой суд,"620042, г Екатеринбург, ул Культуры, д 20",https://4ord.svd.msudrf.ru/,4ord.svd.msudrf.ru,нет,66MS0049
Свердловская область,Екатеринбург,"Судебный участок № 4 судебного района, в котором создан Чкаловский","Судебный участок № 4 судебного района, в котором создан Чкаловский районный суд г. Екатеринбурга Свердловской области",MS,Мировой суд,"620105, г Екатеринбург, ул Вильгельма де Геннина, д 46/2",https://4chk.svd.msudrf.ru/,4chk.svd.msudrf.ru,нет,66MS0059
Свердловская область,Екатеринбург,,Судебный участок № 5 Академического судебного района Cвердловской области,MS,Мировой суд,"620105, г Екатеринбург, ул Вильгельма де Геннина, д 46/2",https://5akad.svd.msudrf.ru/,5akad.svd.msudrf.ru,нет,66MS0241
Свердловская область,Екатеринбург,"Судебный участок № 5 судебного района, в котором создан Верх-Исетский","Судебный участок № 5 судебного района, в котором создан Верх-Исетский районный суд г. Екатеринбурга Свердловской области",MS,Мировой суд,"620109, г Екатеринбург, ул Красноуральская, д 25А",https://5vis.svd.msudrf.ru/,5vis.svd.msudrf.ru,нет,66MS0005
Свердловская область,Екатеринбург,"Судебный участок № 5 судебного района, в котором создан Железнодорожный","Судебный участок № 5 судебного района, в котором создан Железнодорожный районный суд г. Екатеринбурга Свердловской области",MS,Мировой суд,"620141, г Екатеринбург, ул Лесная, д 39",https://5zhel.svd.msudrf.ru/,5zhel.svd.msudrf.ru,нет,66MS0013
Свердловская область,Екатеринбург,"Судебный участок № 5 судебного района, в котором создан Кировский","Судебный участок № 5 судебного района, в котором создан Кировский районный суд г. Екатеринбурга Свердловской области",MS,Мировой суд,"620078, г Екатеринбург, ул Первомайская, д 112",https://5kir.svd.msudrf.ru/,5kir.svd.msudrf.ru,нет,66MS0022
Свердловская область,Екатеринбург,"Судебный участок № 5 судебного района, в котором создан Ленинский","Судебный участок № 5 судебного района, в котором создан Ленинский районный суд г. Екатеринбурга Свердловской области",MS,Мировой суд,"620142, г Екатеринбург, ул Щорса, стр 68",https://5len.svd.msudrf.ru/,5len.svd.msudrf.ru,нет,66MS0032
Свердловская область,Екатеринбург,"Судебный участок № 5 судебного района, в котором создан Октябрьский","Судебный участок № 5 судебного района, в котором создан Октябрьский районный суд г. Екатеринбурга Свердловской области",MS,Мировой суд,"620073, г Екатеринбург, ул Крестинского, д 59 к 1",https://5okt.svd.msudrf.ru/,5okt.svd.msudrf.ru,нет,66MS0042
Свердловская область,Екатеринбург,"Судебный участок № 5 судебного района, в котором создан Орджоникидзевский","Судебный участок № 5 судебного района, в котором создан Орджоникидзевский районный суд г. Екатеринбурга Свердловской области",MS,Мировой суд,"620042, г Екатеринбург, ул Культуры, д 20",https://5ord.svd.msudrf.ru/,5ord.svd.msudrf.ru,нет,66MS0050
Свердловская область,Екатеринбург,"Судебный участок № 5 судебного района, в котором создан Чкаловский","Судебный участок № 5 судебного района, в котором создан Чкаловский районный суд г. Екатеринбурга Свердловской области",MS,Мировой суд,"620085, г Екатеринбург, пер Коллективный, стр 4",https://5chk.svd.msudrf.ru/,5chk.svd.msudrf.ru,нет,66MS0060
Свердловская область,Екатеринбург,"Судебный участок № 6 судебного района, в котором создан Верх-Исетский","Судебный участок № 6 судебного района, в котором создан Верх-Исетский районный суд г. Екатеринбурга Свердловской области",MS,Мировой суд,"620105, г Екатеринбург, ул Рябинина, д 29",https://6vis.svd.msudrf.ru/,6vis.svd.msudrf.ru,нет,66MS0006
Свердловская область,Екатеринбург,"Судебный участок № 6 судебного района, в котором создан Железнодорожный","Судебный участок № 6 судебного района, в котором создан Железнодорожный районный суд г. Екатеринбурга Свердловской области",MS,Мировой суд,"620141, г Екатеринбург, ул Лесная, д 39",https://8zhel.svd.msudrf.ru/,8zhel.svd.msudrf.ru,нет,66MS0016
Свердловская область,Екатеринбург,"Судебный участок № 6 судебного района, в котором создан Кировский","Судебный участок № 6 судебного района, в котором создан Кировский районный суд г. Екатеринбурга Свердловской области",MS,Мировой суд,"620075, г Екатеринбург, ул Кузнечная, стр 72",https://6kir.svd.msudrf.ru/,6kir.svd.msudrf.ru,нет,66MS0023
Свердловская область,Екатеринбург,"Судебный участок № 6 судебного района, в котором создан Ленинский","Судебный участок № 6 судебного района, в котором создан Ленинский районный суд г. Екатеринбурга Свердловской области",MS,Мировой суд,"620102, г Екатеринбург, ул Московская, д 116",https://6len.svd.msudrf.ru/,6len.svd.msudrf.ru,нет,66MS0033
Свердловская область,Екатеринбург,"Судебный участок № 6 судебного района, в котором создан Октябрьский","Судебный участок № 6 судебного района, в котором создан Октябрьский районный суд г. Екатеринбурга Свердловской области",MS,Мировой суд,"620142, г Екатеринбург, ул Фрунзе, д 40",https://6okt.svd.msudrf.ru/,6okt.svd.msudrf.ru,нет,66MS0043
Свердловская область,Екатеринбург,"Судебный участок № 6 судебного района, в котором создан Орджоникидзевский","Судебный участок № 6 судебного района, в котором создан Орджоникидзевский районный суд г. Екатеринбурга Свердловской области",MS,Мировой суд,"620091, г Екатеринбург, ул Краснофлотцев, д 18",https://6ord.svd.msudrf.ru/,6ord.svd.msudrf.ru,нет,66MS0051
Свердловская область,Екатеринбург,"Судебный участок № 6 судебного района, в котором создан Чкаловский","Судебный участок № 6 судебного района, в котором создан Чкаловский районный суд г. Екатеринбурга Свердловской области",MS,Мировой суд,"620085, г Екатеринбург, пер Коллективный, стр 4",https://6chk.svd.msudrf.ru/,6chk.svd.msudrf.ru,нет,66MS0061
Свердловская область,Екатеринбург,"Судебный участок № 7 судебного района, в котором создан Верх-Исетский","Судебный участок № 7 судебного района, в котором создан Верх-Исетский районный суд г. Екатеринбурга Свердловской области",MS,Мировой суд,"620109, г Екатеринбург, ул Красноуральская, д 25А",https://7vis.svd.msudrf.ru/,7vis.svd.msudrf.ru,нет,66MS0007
Свердловская область,Екатеринбург,"Судебный участок № 7 судебного района, в котором создан Железнодорожный","Судебный участок № 7 судебного района, в котором создан Железнодорожный районный суд г. Екатеринбурга Свердловской области",MS,Мировой суд,"620090, г Екатеринбург, ул Техническая, д 48",https://7zhel.svd.msudrf.ru/,7zhel.svd.msudrf.ru,нет,66MS0015
Свердловская область,Екатеринбург,"Судебный участок № 7 судебного района, в котором создан Кировский","Судебный участок № 7 судебного района, в котором создан Кировский районный суд г. Екатеринбурга Свердловской области",MS,Мировой суд,"620075, г Екатеринбург, ул Кузнечная, стр 72",https://7kir.svd.msudrf.ru/,7kir.svd.msudrf.ru,нет,66MS0024
Свердловская область,Екатеринбург,"Судебный участок № 7 судебного района, в котором создан Ленинский","Судебный участок № 7 судебного района, в котором создан Ленинский районный суд г. Екатеринбурга Свердловской области",MS,Мировой суд,"620142, г Екатеринбург, ул Щорса, стр 68",https://7len.svd.msudrf.ru/,7len.svd.msudrf.ru,нет,66MS0034
Свердловская область,Екатеринбург,"Судебный участок № 7 судебного района, в котором создан Орджоникидзевский","Судебный участок № 7 судебного района, в котором создан Орджоникидзевский районный суд г. Екатеринбурга Свердловской области",MS,Мировой суд,"620091, г Екатеринбург, ул Краснофлотцев, д 18",https://7ord.svd.msudrf.ru/,7ord.svd.msudrf.ru,нет,66MS0052
Свердловская область,Екатеринбург,"Судебный участок № 7 судебного района, в котором создан Чкаловский","Судебный участок № 7 судебного района, в котором создан Чкаловский районный суд г. Екатеринбурга Свердловской области",MS,Мировой суд,"620085, г Екатеринбург, пер Коллективный, стр 4",https://7chk.svd.msudrf.ru/,7chk.svd.msudrf.ru,нет,66MS0062
Свердловская область,Екатеринбург,"Судебный участок № 8 судебного района, в котором создан Верх-Исетский","Судебный участок № 8 судебного района, в котором создан Верх-Исетский районный суд г. Екатеринбурга Свердловской области",MS,Мировой суд,"620105, г Екатеринбург, ул Рябинина, д 29",https://8vis.svd.msudrf.ru/,8vis.svd.msudrf.ru,нет,66MS0008
Свердловская область,Екатеринбург,"Судебный участок № 8 судебного района, в котором создан Кировский","Судебный участок № 8 судебного района, в котором создан Кировский районный суд г. Екатеринбурга Свердловской области",MS,Мировой суд,"620075, г Екатеринбург, ул Кузнечная, стр 72",https://8kir.svd.msudrf.ru/,8kir.svd.msudrf.ru,нет,66MS0025
Свердловская область,Екатеринбург,"Судебный участок № 8 судебного района, в котором создан Ленинский","Судебный участок № 8 судебного района, в котором создан Ленинский районный суд г. Екатеринбурга Свердловской области",MS,Мировой суд,"620102, г Екатеринбург, ул Московская, д 116",https://8len.svd.msudrf.ru/,8len.svd.msudrf.ru,нет,66MS0035
Свердловская область,Екатеринбург,"Судебный участок № 8 судебного района, в котором создан Орджоникидзевский","Судебный участок № 8 судебного района, в котором создан Орджоникидзевский районный суд г. Екатеринбурга Свердловской области",MS,Мировой суд,"620091, г Екатеринбург, ул Краснофлотцев, д 18",https://8ord.svd.msudrf.ru/,8ord.svd.msudrf.ru,нет,66MS0053
Свердловская область,Екатеринбург,"Судебный участок № 8 судебного района, в котором создан Чкаловский","Судебный участок № 8 судебного района, в котором создан Чкаловский районный суд г. Екатеринбурга Свердловской области",MS,Мировой суд,"620085, г Екатеринбург, пер Коллективный, стр 4",https://8chk.svd.msudrf.ru/,8chk.svd.msudrf.ru,нет,66MS0063
Свердловская область,Екатеринбург,,Судебный участок № 9 Чкаловского судебного района Cвердловской области,MS,Мировой суд,"620105, г Екатеринбург, ул Вильгельма де Геннина, д 46 к 2",https://9chk.svd.msudrf.ru/,9chk.svd.msudrf.ru,нет,66MS0242
Свердловская область,Екатеринбург,"Судебный участок № 9 судебного района, в котором создан Верх-Исетский","Судебный участок № 9 судебного района, в котором создан Верх-Исетский районный суд города Екатеринбурга Свердловской области",MS,Мировой суд,"620105, г Екатеринбург, ул Рябинина, д 29",https://9vis.svd.msudrf.ru/,9vis.svd.msudrf.ru,нет,66MS0220
Свердловская область,Екатеринбург,"Судебный участок № 9 судебного района, в котором создан Кировский","Судебный участок № 9 судебного района, в котором создан Кировский районный суд г. Екатеринбурга Свердловской области",MS,Мировой суд,"620078, г Екатеринбург, ул Первомайская, д 112",https://9kir.svd.msudrf.ru/,9kir.svd.msudrf.ru,нет,66MS0026
Свердловская область,Екатеринбург,"Судебный участок № 9 судебного района, в котором создан Орджоникидзевский","Судебный участок № 9 судебного района, в котором создан Орджоникидзевский районный суд г. Екатеринбурга Свердловской области",MS,Мировой суд,"620091, г Екатеринбург, ул Краснофлотцев, д 18",https://9ord.svd.msudrf.ru/,9ord.svd.msudrf.ru,нет,66MS0054
Свердловская область,Заречный,"Судебный участок № 3 судебного района, в котором создан Белоярский","Судебный участок № 3 судебного района, в котором создан Белоярский районный суд Свердловской области",MS,Мировой суд,"624250, Свердловская обл, г Заречный, ул Лермонтова, д 27А",https://3bel.svd.msudrf.ru/,3bel.svd.msudrf.ru,нет,66MS0224
Свердловская область,Ивдель,,"Судебный участок № 1 судебного района, в котором создан Ивдельский городской суд Свердловской области",MS,Мировой суд,"624590, Свердловская обл, г Ивдель, ул Механошина, д 46",https://1ivd.svd.msudrf.ru/,1ivd.svd.msudrf.ru,нет,66MS0126
Свердловская область,Ивдель,,"Судебный участок № 2 судебного района, в котором создан Ивдельский городской суд Свердловской области",MS,Мировой суд,"624590, Свердловская обл, г Ивдель, ул Механошина, д 46",https://2ivd.svd.msudrf.ru/,2ivd.svd.msudrf.ru,нет,66MS0127
Свердловская область,Ирбит,"Судебный участок № 1 судебного района, в котором создан Ирбитский","Судебный участок № 1 судебного района, в котором создан Ирбитский районный суд Свердловской области",MS,Мировой суд,"623851, Свердловская обл, г Ирбит, ул Белинского, д 8А",https://1irb.svd.msudrf.ru/,1irb.svd.msudrf.ru,нет,66MS0128
Свердловская область,Ирбит,"Судебный участок № 2 судебного района, в котором создан Ирбитский","Судебный участок № 2 судебного района, в котором создан Ирбитский районный суд Свердловской области",MS,Мировой суд,"623851, Свердловская обл, г Ирбит, ул Белинского, д 8А",https://2irb.svd.msudrf.ru/,2irb.svd.msudrf.ru,нет,66MS0129
Свердловская область,Ирбит,"Судебный участок № 3 судебного района, в котором создан Ирбитский","Судебный участок № 3 судебного района, в котором создан Ирбитский районный суд Свердловской области",MS,Мировой суд,"623851, Свердловская обл, г Ирбит, ул Белинского, д 8А",https://3irb.svd.msudrf.ru/,3irb.svd.msudrf.ru,нет,66MS0130
Свердловская область,Ирбит,"Судебный участок № 5 судебного района, в котором создан Ирбитский","Судебный участок № 5 судебного района, в котором создан Ирбитский районный суд Свердловской области",MS,Мировой суд,"623851, Свердловская обл, г Ирбит, ул Белинского, д 8А",https://5irb.svd.msudrf.ru/,5irb.svd.msudrf.ru,нет,66MS0132
Свердловская область,Каменск-Уральский,"Судебный участок № 1 судебного района, в котором создан Каменский","Судебный участок № 1 судебного района, в котором создан Каменский районный суд г. Каменска-Уральского Свердловской области",MS,Мировой суд,"623406, Свердловская обл, г Каменск-Уральский, ул Строителей, д 18А",https://1kam.svd.msudrf.ru/,1kam.svd.msudrf.ru,нет,66MS0089
Свердловская область,Каменск-Уральский,"Судебный участок № 1 судебного района, в котором создан Красногорский","Судебный участок № 1 судебного района, в котором создан Красногорский районный суд г. Каменска-Уральского Свердловской области",MS,Мировой суд,"623406, Свердловская обл, г Каменск-Уральский, ул Попова, д 5",https://1krs.svd.msudrf.ru/,1krs.svd.msudrf.ru,нет,66MS0081
Свердловская область,Каменск-Уральский,"Судебный участок № 1 судебного района, в котором создан Синарский","Судебный участок № 1 судебного района, в котором создан Синарский районный суд г. Каменска-Уральского Свердловской области",MS,Мировой суд,"623406, Свердловская обл, г Каменск-Уральский, ул Попова, д 5",https://1sin.svd.msudrf.ru/,1sin.svd.msudrf.ru,нет,66MS0085
Свердловская область,Каменск-Уральский,"Судебный участок № 2 судебного района, в котором создан Каменский","Судебный участок № 2 судебного района, в котором создан Каменский районный суд г. Каменска-Уральского Свердловской области",MS,Мировой суд,"623406, Свердловская обл, г Каменск-Уральский, ул Строителей, д 18А",https://2kam.svd.msudrf.ru/,2kam.svd.msudrf.ru,нет,66MS0090
Свердловская область,Каменск-Уральский,"Судебный участок № 2 судебного района, в котором создан Красногорский","Судебный участок № 2 судебного района, в котором создан Красногорский районный суд г. Каменска-Уральского Свердловской области",MS,Мировой суд,"623406, Свердловская обл, г Каменск-Уральский, ул Попова, д 5",https://2krs.svd.msudrf.ru/,2krs.svd.msudrf.ru,нет,66MS0082
Свердловская область,Каменск-Уральский,"Судебный участок № 2 судебного района, в котором создан Синарский","Судебный участок № 2 судебного района, в котором создан Синарский районный суд г. Каменска-Уральского Свердловской области",MS,Мировой суд,"623406, Свердловская обл, г Каменск-Уральский, ул Попова, д 5",https://2sin.svd.msudrf.ru/,2sin.svd.msudrf.ru,нет,66MS0086
Свердловская область,Каменск-Уральский,"Судебный участок № 3 судебного района, в котором создан Красногорский","Судебный участок № 3 судебного района, в котором создан Красногорский районный суд г. Каменска-Уральского Свердловской области",MS,Мировой суд,"623406, Свердловская обл, г Каменск-Уральский, ул Попова, д 5",https://3krs.svd.msudrf.ru/,3krs.svd.msudrf.ru,нет,66MS0083
Свердловская область,Каменск-Уральский,"Судебный участок № 3 судебного района, в котором создан Синарский","Судебный участок № 3 судебного района, в котором создан Синарский районный суд г. Каменска-Уральского Свердловской области",MS,Мировой суд,"623406, Свердловская обл, г Каменск-Уральский, ул Попова, д 5",https://3sin.svd.msudrf.ru/,3sin.svd.msudrf.ru,нет,66MS0087
Свердловская область,Каменск-Уральский,"Судебный участок № 4 судебного района, в котором создан Красногорский","Судебный участок № 4 судебного района, в котором создан Красногорский районный суд г. Каменска-Уральского Свердловской области",MS,Мировой суд,"623406, Свердловская обл, г Каменск-Уральский, ул Попова, д 5",https://4krs.svd.msudrf.ru/,4krs.svd.msudrf.ru,нет,66MS0084
Свердловская область,Камышлов,"Судебный участок № 1 судебного района, в котором создан Камышловский","Судебный участок № 1 судебного района, в котором создан Камышловский районный суд Свердловской области",MS,Мировой суд,"624860, Свердловская обл, г Камышлов, ул Московская, зд 2",https://1kamr.svd.msudrf.ru/,1kamr.svd.msudrf.ru,нет,66MS0133
Свердловская область,Камышлов,"Судебный участок № 2 судебного района, в котором создан Камышловский","Судебный участок № 2 судебного района, в котором создан Камышловский районный суд Свердловской области",MS,Мировой суд,"624860, Свердловская обл, г Камышлов, ул Московская, зд 2",https://2kamr.svd.msudrf.ru/,2kamr.svd.msudrf.ru,нет,66MS0134
Свердловская область,Камышлов,"Судебный участок № 3 судебного района, в котором создан Камышловский","Судебный участок № 3 судебного района, в котором создан Камышловский районный суд Свердловской области",MS,Мировой суд,"624860, Свердловская обл, г Камышлов, ул Московская, зд 2",https://3kamr.svd.msudrf.ru/,3kamr.svd.msudrf.ru,нет,66MS0135
Свердловская область,Карпинск,,"Судебный участок № 1 судебного района, в котором создан Карпинский городской суд Свердловской области",MS,Мировой суд,"624933, Свердловская обл, г Карпинск, ул 8 Марта, д 32",https://1kar.svd.msudrf.ru/,1kar.svd.msudrf.ru,нет,66MS0136
Свердловская область,Карпинск,,"Судебный участок № 2 судебного района, в котором создан Карпинский городской суд Свердловской области",MS,Мировой суд,"624933, Свердловская обл, г Карпинск, ул 8 Марта, д 32",https://2kar.svd.msudrf.ru/,2kar.svd.msudrf.ru,нет,66MS0137
Свердловская область,Качканар,,"Судебный участок № 1 судебного района, в котором создан Качканарский городской суд Свердловской области",MS,Мировой суд,"624351, Свердловская обл, г Качканар, ул Гикалова, д 10",https://1kach.svd.msudrf.ru/,1kach.svd.msudrf.ru,нет,66MS0138
Свердловская область,Качканар,,"Судебный участок № 2 судебного района, в котором создан Качканарский городской суд Свердловской области",MS,Мировой суд,"624351, Свердловская обл, г Качканар, ул Гикалова, д 10",https://2kach.svd.msudrf.ru/,2kach.svd.msudrf.ru,нет,66MS0139
Свердловская область,Качканар,,"Судебный участок № 3 судебного района, в котором создан Качканарский городской суд Свердловской области",MS,Мировой суд,"624351, Свердловская обл, г Качканар, ул Гикалова, д 10",https://3kach.svd.msudrf.ru/,3kach.svd.msudrf.ru,нет,66MS0140
Свердловская область,Кировград,,"Судебный участок № 1 судебного района, в котором создан Кировградский городской суд Свердловской области",MS,Мировой суд,"624142, Свердловская обл, г Кировград, ул Гагарина, зд 1",https://1krg.svd.msudrf.ru/,1krg.svd.msudrf.ru,нет,66MS0141
Свердловская область,Кировград,,"Судебный участок № 2 судебного района, в котором создан Кировградский городской суд Свердловской области",MS,Мировой суд,"624142, Свердловская обл, г Кировград, ул Гагарина, зд 1",https://2krg.svd.msudrf.ru/,2krg.svd.msudrf.ru,нет,66MS0142
Свердловская область,Краснотурьинск,,"Судебный участок № 1 судебного района, в котором создан Краснотурьинский городской суд Свердловской области",MS,Мировой суд,"624440, Свердловская обл, г Краснотурьинск, ул Ленина, д 15",https://1krt.svd.msudrf.ru/,1krt.svd.msudrf.ru,нет,66MS0143
Свердловская область,Краснотурьинск,,"Судебный участок № 2 судебного района, в котором создан Краснотурьинский городской суд Свердловской области",MS,Мировой суд,"624440, Свердловская обл, г Краснотурьинск, ул Ленина, д 15",https://2krt.svd.msudrf.ru/,2krt.svd.msudrf.ru,нет,66MS0144
Свердловская область,Краснотурьинск,,"Судебный участок № 3 судебного района, в котором создан Краснотурьинский городской суд Свердловской области",MS,Мировой суд,"624440, Свердловская обл, г Краснотурьинск, ул Ленина, д 15",https://3krt.svd.msudrf.ru/,3krt.svd.msudrf.ru,нет,66MS0145
Свердловская область,Красноуральск,,"Судебный участок № 1 судебного района, в котором создан Красноуральский городской суд Свердловской области",MS,Мировой суд,"624330, Свердловская обл, г Красноуральск, ул Ленина, д 28",https://1kru.svd.msudrf.ru/,1kru.svd.msudrf.ru,нет,66MS0146
Свердловская область,Красноуральск,,"Судебный участок № 2 судебного района, в котором создан Красноуральский городской суд Свердловской области",MS,Мировой суд,"624330, Свердловская обл, г Красноуральск, ул Ленина, д 28",https://2kru.svd.msudrf.ru/,2kru.svd.msudrf.ru,нет,66MS0147
Свердловская область,Красноуральск,,"Судебный участок № 3 судебного района, в котором создан Красноуральский городской суд Свердловской области",MS,Мировой суд,"624330, Свердловская обл, г Красноуральск, ул Ленина, д 28",https://3kru.svd.msudrf.ru/,3kru.svd.msudrf.ru,нет,66MS0232
Свердловская область,Красноуфимск,"Судебный участок № 1 судебного района, в котором создан Красноуфимский","Судебный участок № 1 судебного района, в котором создан Красноуфимский районный суд Свердловской области",MS,Мировой суд,"623300, Свердловская обл, г Красноуфимск, ул Советская, д 18",https://1kuf.svd.msudrf.ru/,1kuf.svd.msudrf.ru,нет,66MS0148
Свердловская область,Красноуфимск,"Судебный участок № 2 судебного района, в котором создан Красноуфимский","Судебный участок № 2 судебного района, в котором создан Красноуфимский районный суд Свердловской области",MS,Мировой суд,"623300, Свердловская обл, г Красноуфимск, ул Советская, д 18",https://2kuf.svd.msudrf.ru/,2kuf.svd.msudrf.ru,нет,66MS0149
Свердловская область,Красноуфимск,"Судебный участок № 3 судебного района, в котором создан Красноуфимский","Судебный участок № 3 судебного района, в котором создан Красноуфимский районный суд Свердловской области",MS,Мировой суд,"623300, Свердловская обл, г Красноуфимск, ул Советская, д 24Б",https://3kuf.svd.msudrf.ru/,3kuf.svd.msudrf.ru,нет,66MS0150
Свердловская область,Красноуфимск,"Судебный участок № 4 судебного района, в котором создан Красноуфимский","Судебный участок № 4 судебного района, в котором создан Красноуфимский районный суд Свердловской области",MS,Мировой суд,"623300, Свердловская обл, г Красноуфимск, ул Советская, д 18",https://4kuf.svd.msudrf.ru/,4kuf.svd.msudrf.ru,нет,66MS0151
Свердловская область,Кушва,,"Судебный участок № 1 судебного района, в котором создан Кушвинский городской суд Свердловской области",MS,Мировой суд,"624300, Свердловская обл, г Кушва, ул Красноармейская, д 16А",https://1kshv.svd.msudrf.ru/,1kshv.svd.msudrf.ru,нет,66MS0152
Свердловская область,Кушва,,"Судебный участок № 2 судебного района, в котором создан Кушвинский городской суд Свердловской области",MS,Мировой суд,"624300, Свердловская обл, г Кушва, ул Красноармейская, д 16А",https://2kshv.svd.msudrf.ru/,2kshv.svd.msudrf.ru,нет,66MS0153
Свердловская область,Кушва,,"Судебный участок № 3 судебного района, в котором создан Кушвинский городской суд Свердловской области",MS,Мировой суд,"624300, Свердловская обл, г Кушва, ул Красноармейская, д 16А",https://3kshv.svd.msudrf.ru/,3kshv.svd.msudrf.ru,нет,66MS0154
Свердловская область,Лесной,,"Судебный участок № 1 судебного района, в котором создан городской суд города Лесного Свердловской области",MS,Мировой суд,"624204, Свердловская обл, г Лесной, ул Куйбышева, д 54",https://1les.svd.msudrf.ru/,1les.svd.msudrf.ru,нет,66MS0155
Свердловская область,Лесной,,"Судебный участок № 2 судебного района, в котором создан городской суд города Лесного Свердловской области",MS,Мировой суд,"624200, Свердловская обл, г Лесной, ул Белинского, д 31",https://2les.svd.msudrf.ru/,2les.svd.msudrf.ru,нет,66MS0156
Свердловская область,Лесной,,"Судебный участок № 3 судебного района, в котором создан городской суд города Лесного Свердловской области",MS,Мировой суд,"624204, Свердловская обл, г Лесной, ул Куйбышева, д 54",https://3les.svd.msudrf.ru/,3les.svd.msudrf.ru,нет,66MS0157
Свердловская область,Михайловск,"Судебный участок № 2 судебного района, в котором создан Нижнесергинский","Судебный участок № 2 судебного района, в котором создан Нижнесергинский районный суд Свердловской области",MS,Мировой суд,"623080, Свердловская обл, Нижнесергинский р-н, г Михайловск, ул Орджоникидзе, д 182",https://2nsrg.svd.msudrf.ru/,2nsrg.svd.msudrf.ru,нет,66MS0164
Свердловская область,Невьянск,,"Судебный участок № 1 судебного района, в котором создан Невьянский городской суд Свердловской области",MS,Мировой суд,"624194, Свердловская обл, г Невьянск, ул Ленина, д 9",https://1nev.svd.msudrf.ru/,1nev.svd.msudrf.ru,нет,66MS0158
Свердловская область,Невьянск,,"Судебный участок № 2 судебного района, в котором создан Невьянский городской суд Свердловской области",MS,Мировой суд,"624194, Свердловская обл, г Невьянск, ул Ленина, д 9",https://2nev.svd.msudrf.ru/,2nev.svd.msudrf.ru,нет,66MS0159
Свердловская область,Невьянск,,"Судебный участок № 3 судебного района, в котором создан Невьянский городской суд Свердловской области",MS,Мировой суд,"624194, Свердловская обл, г Невьянск, ул Ленина, д 9",https://3nev.svd.msudrf.ru/,3nev.svd.msudrf.ru,нет,66MS0160
Свердловская область,Нижние Серги,"Судебный участок № 1 судебного района, в котором создан Нижнесергинский","Судебный участок № 1 судебного района, в котором создан Нижнесергинский районный суд Свердловской области",MS,Мировой суд,"623090, Свердловская обл, г Нижние Серги, ул Пионеров, д 83",https://1nsrg.svd.msudrf.ru/,1nsrg.svd.msudrf.ru,нет,66MS0163
Свердловская область,Нижний Тагил,"Судебный участок № 1 судебного района, в котором создан Дзержинский","Судебный участок № 1 судебного района, в котором создан Дзержинский районный суд г. Нижний Тагил Свердловской области",MS,Мировой суд,"622007, Свердловская обл, г Нижний Тагил, пр-кт Вагоностроителей, д 2",https://1dzr.svd.msudrf.ru/,1dzr.svd.msudrf.ru,нет,66MS0064
Свердловская область,Нижний Тагил,"Судебный участок № 1 судебного района, в котором создан Ленинский","Судебный участок № 1 судебного района, в котором создан Ленинский районный суд г. Нижний Тагил Свердловской области",MS,Мировой суд,"622002, Свердловская обл, г Нижний Тагил, ул Кузнецкого, д 12А",https://1lenr.svd.msudrf.ru/,1lenr.svd.msudrf.ru,нет,66MS0069
Свердловская область,Нижний Тагил,"Судебный участок № 1 судебного района, в котором создан Тагилстроевский","Судебный участок № 1 судебного района, в котором создан Тагилстроевский районный суд г. Нижний Тагил Свердловской области",MS,Мировой суд,"622036, Свердловская обл, г Нижний Тагил, пр-кт Мира, д 56",https://1tag.svd.msudrf.ru/,1tag.svd.msudrf.ru,нет,66MS0075
Свердловская область,Нижний Тагил,"Судебный участок № 2 судебного района, в котором создан Дзержинский","Судебный участок № 2 судебного района, в котором создан Дзержинский районный суд г. Нижний Тагил Свердловской области",MS,Мировой суд,"622007, Свердловская обл, г Нижний Тагил, пр-кт Вагоностроителей, д 2",https://2dzr.svd.msudrf.ru/,2dzr.svd.msudrf.ru,нет,66MS0065
Свердловская область,Нижний Тагил,"Судебный участок № 2 судебного района, в котором создан Ленинский","Судебный участок № 2 судебного района, в котором создан Ленинский районный суд г. Нижний Тагил Свердловской области",MS,Мировой суд,"622002, Свердловская обл, г Нижний Тагил, ул Кузнецкого, д 12А",https://2lenr.svd.msudrf.ru/,2lenr.svd.msudrf.ru,нет,66MS0070
Свердловская область,Нижний Тагил,"Судебный участок № 2 судебного района, в котором создан Пригородный","Судебный участок № 2 судебного района, в котором создан Пригородный районный суд Свердловской области",MS,Мировой суд,"622001, Свердловская обл, г Нижний Тагил, ул Карла Маркса, д 3А",https://2prg.svd.msudrf.ru/,2prg.svd.msudrf.ru,нет,66MS0185
Свердловская область,Нижний Тагил,"Судебный участок № 2 судебного района, в котором создан Тагилстроевский","Судебный участок № 2 судебного района, в котором создан Тагилстроевский районный суд г. Нижний Тагил Свердловской области",MS,Мировой суд,"622036, Свердловская обл, г Нижний Тагил, пр-кт Мира, д 56",https://2tag.svd.msudrf.ru/,2tag.svd.msudrf.ru,нет,66MS0076
Свердловская область,Нижний Тагил,"Судебный участок № 3 судебного района, в котором создан Дзержинский","Судебный участок № 3 судебного района, в котором создан Дзержинский районный суд г. Нижний Тагил Свердловской области",MS,Мировой суд,"622007, Свердловская обл, г Нижний Тагил, пр-кт Вагоностроителей, д 2",https://3dzr.svd.msudrf.ru/,3dzr.svd.msudrf.ru,нет,66MS0066
Свердловская область,Нижний Тагил,"Судебный участок № 3 судебного района, в котором создан Ленинский","Судебный участок № 3 судебного района, в котором создан Ленинский районный суд г. Нижний Тагил Свердловской области",MS,Мировой суд,"622002, Свердловская обл, г Нижний Тагил, ул Кузнецкого, д 12А",https://3lenr.svd.msudrf.ru/,3lenr.svd.msudrf.ru,нет,66MS0071
Свердловская область,Нижний Тагил,"Судебный участок № 3 судебного района, в котором создан Тагилстроевский","Судебный участок № 3 судебного района, в котором создан Тагилстроевский районный суд г. Нижний Тагил Свердловской области",MS,Мировой суд,"622036, Свердловская обл, г Нижний Тагил, пр-кт Мира, д 56",https://3tag.svd.msudrf.ru/,3tag.svd.msudrf.ru,нет,66MS0077
Свердловская область,Нижний Тагил,"Судебный участок № 4 судебного района, в котором создан Дзержинский","Судебный участок № 4 судебного района, в котором создан Дзержинский районный суд г. Нижний Тагил Свердловской области",MS,Мировой суд,"622007, Свердловская обл, г Нижний Тагил, пр-кт Вагоностроителей, д 2",https://4dzr.svd.msudrf.ru/,4dzr.svd.msudrf.ru,нет,66MS0067
Свердловская область,Нижний Тагил,"Судебный участок № 4 судебного района, в котором создан Ленинский","Судебный участок № 4 судебного района, в котором создан Ленинский районный суд г. Нижний Тагил Свердловской области",MS,Мировой суд,"622002, Свердловская обл, г Нижний Тагил, ул Кузнецкого, д 12А",https://4lenr.svd.msudrf.ru/,4lenr.svd.msudrf.ru,нет,66MS0072
Свердловская область,Нижний Тагил,"Судебный участок № 4 судебного района, в котором создан Тагилстроевский","Судебный участок № 4 судебного района, в котором создан Тагилстроевский районный суд г. Нижний Тагил Свердловской области",MS,Мировой суд,"622036, Свердловская обл, г Нижний Тагил, пр-кт Мира, д 56",https://4tag.svd.msudrf.ru/,4tag.svd.msudrf.ru,нет,66MS0078
Свердловская область,Нижний Тагил,"Судебный участок № 5 судебного района, в котором создан Дзержинский","Судебный участок № 5 судебного района, в котором создан Дзержинский районный суд г. Нижний Тагил Свердловской области",MS,Мировой суд,"622007, Свердловская обл, г Нижний Тагил, пр-кт Вагоностроителей, д 2",https://5dzr.svd.msudrf.ru/,5dzr.svd.msudrf.ru,нет,66MS0068
Свердловская область,Нижний Тагил,"Судебный участок № 5 судебного района, в котором создан Ленинский","Судебный участок № 5 судебного района, в котором создан Ленинский районный суд г. Нижний Тагил Свердловской области",MS,Мировой суд,"622002, Свердловская обл, г Нижний Тагил, ул Кузнецкого, д 12А",https://5lenr.svd.msudrf.ru/,5lenr.svd.msudrf.ru,нет,66MS0073
Свердловская область,Нижний Тагил,"Судебный участок № 5 судебного района, в котором создан Тагилстроевский","Судебный участок № 5 судебного района, в котором создан Тагилстроевский районный суд г. Нижний Тагил Свердловской области",MS,Мировой суд,"622036, Свердловская обл, г Нижний Тагил, пр-кт Мира, д 56",https://5tag.svd.msudrf.ru/,5tag.svd.msudrf.ru,нет,66MS0079
Свердловская область,Нижний Тагил,,Судебный участок № 6 Дзержинского судебного района Cвердловской области,MS,Мировой суд,"622049, Свердловская обл, г Нижний Тагил, ул Мира, д 56",https://6dzr.svd.msudrf.ru/,6dzr.svd.msudrf.ru,нет,66MS0235
Свердловская область,Нижний Тагил,"Судебный участок № 6 судебного района, в котором создан Ленинский","Судебный участок № 6 судебного района, в котором создан Ленинский районный суд г. Нижний Тагил Свердловской области",MS,Мировой суд,"622002, Свердловская обл, г Нижний Тагил, ул Кузнецкого, д 12А",https://6lenr.svd.msudrf.ru/,6lenr.svd.msudrf.ru,нет,66MS0074
Свердловская область,Нижний Тагил,"Судебный участок № 6 судебного района, в котором создан Тагилстроевский","Судебный участок № 6 судебного района, в котором создан Тагилстроевский районный суд г. Нижний Тагил Свердловской области",MS,Мировой суд,"622036, Свердловская обл, г Нижний Тагил, пр-кт Мира, д 56",https://6tag.svd.msudrf.ru/,6tag.svd.msudrf.ru,нет,66MS0080
Свердловская область,Нижний Тагил,,Судебный участок № 7 Дзержинского судебного района Cвердловской области,MS,Мировой суд,"622001, Свердловская обл, г Нижний Тагил, ул Карла Маркса, д 3А",https://7dzr.svd.msudrf.ru/,7dzr.svd.msudrf.ru,нет,66MS0236
Свердловская область,Нижний Тагил,,Судебный участок № 7 Тагилстроевского судебного района Cвердловской области,MS,Мировой суд,"622049, Свердловская обл, г Нижний Тагил, ул Мира, д 56",https://7tag.svd.msudrf.ru/,7tag.svd.msudrf.ru,нет,66MS0233
Свердловская область,Нижний Тагил,,Судебный участок № 8 Тагилстроевского судебного района Cвердловской области,MS,Мировой суд,"622049, Свердловская обл, г Нижний Тагил, ул Мира, д 56",https://8tag.svd.msudrf.ru/,8tag.svd.msudrf.ru,нет,66MS0234
Свердловская область,Нижняя Салда,"Судебный участок № 4 судебного района, в котором создан Верхнесалдинский","Судебный участок № 4 судебного района, в котором создан Верхнесалдинский районный суд Свердловской области",MS,Мировой суд,"624742, Свердловская обл, г Нижняя Салда, ул Карла Маркса, зд 31",https://nsld.svd.msudrf.ru/,nsld.svd.msudrf.ru,нет,66MS0172
Свердловская область,Нижняя Тура,,"Судебный участок № 1 судебного района, в котором создан Нижнетуринский городской суд Свердловской области",MS,Мировой суд,"624221, Свердловская обл, г Нижняя Тура, ул 40 лет Октября, д 25",https://1ntur.svd.msudrf.ru/,1ntur.svd.msudrf.ru,нет,66MS0170
Свердловская область,Нижняя Тура,,"Судебный участок № 2 судебного района, в котором создан Нижнетуринский городской суд Свердловской области",MS,Мировой суд,"624221, Свердловская обл, г Нижняя Тура, ул 40 лет Октября, д 25",https://2ntur.svd.msudrf.ru/,2ntur.svd.msudrf.ru,нет,66MS0171
Свердловская область,Новая Ляля,"Судебный участок № 2 судебного района, в котором создан Верхотурский","Судебный участок № 2 судебного района, в котором создан Верхотурский районный суд Свердловской области",MS,Мировой суд,"624400, Свердловская обл, г Новая Ляля, ул Розы Люксембург, д 24А",https://2ver.svd.msudrf.ru/,2ver.svd.msudrf.ru,нет,66MS0227
Свердловская область,Новоуральск,,"Судебный участок № 1 судебного района, в котором создан Новоуральский городской суд Свердловской области",MS,Мировой суд,"624130, Свердловская обл, г Новоуральск, ул Березовая аллея, зд 3",https://1nur.svd.msudrf.ru/,1nur.svd.msudrf.ru,нет,66MS0166
Свердловская область,Новоуральск,,"Судебный участок № 2 судебного района, в котором создан Новоуральский городской суд Свердловской области",MS,Мировой суд,"624130, Свердловская обл, г Новоуральск, ул Березовая аллея, зд 3",https://2nur.svd.msudrf.ru/,2nur.svd.msudrf.ru,нет,66MS0167
Свердловская область,Новоуральск,,"Судебный участок № 3 судебного района, в котором создан Новоуральский городской суд Свердловской области",MS,Мировой суд,"624130, Свердловская обл, г Новоуральск, ул Березовая аллея, зд 3",https://3nur.svd.msudrf.ru/,3nur.svd.msudrf.ru,нет,66MS0168
Свердловская область,Новоуральск,,"Судебный участок № 4 судебного района, в котором создан Новоуральский городской суд Свердловской области",MS,Мировой суд,"624130, Свердловская обл, г Новоуральск, ул Березовая аллея, зд 3",https://4nur.svd.msudrf.ru/,4nur.svd.msudrf.ru,нет,66MS0169
Свердловская область,Первоуральск,,"Судебный участок № 1 судебного района, в котором создан Первоуральский городской суд Свердловской области",MS,Мировой суд,"623101, Свердловская обл, г Первоуральск, пр-кт Ильича, стр 9",https://1pur.svd.msudrf.ru/,1pur.svd.msudrf.ru,нет,66MS0173
Свердловская область,Первоуральск,,"Судебный участок № 2 судебного района, в котором создан Первоуральский городской суд Свердловской области",MS,Мировой суд,"623101, Свердловская обл, г Первоуральск, пр-кт Ильича, стр 9",https://2pur.svd.msudrf.ru/,2pur.svd.msudrf.ru,нет,66MS0174
Свердловская область,Первоуральск,,"Судебный участок № 3 судебного района, в котором создан Первоуральский городской суд Свердловской области",MS,Мировой суд,"623101, Свердловская обл, г Первоуральск, пр-кт Ильича, стр 9",https://3pur.svd.msudrf.ru/,3pur.svd.msudrf.ru,нет,66MS0175
Свердловская область,Первоуральск,,"Судебный участок № 4 судебного района, в котором создан Первоуральский городской суд Свердловской области",MS,Мировой суд,"623101, Свердловская обл, г Первоуральск, пр-кт Ильича, стр 9",https://4pur.svd.msudrf.ru/,4pur.svd.msudrf.ru,нет,66MS0176
Свердловская область,Первоуральск,,"Судебный участок № 5 судебного района, в котором создан Первоуральский городской суд Свердловской области",MS,Мировой суд,"623101, Свердловская обл, г Первоуральск, пр-кт Ильича, стр 9",https://5pur.svd.msudrf.ru/,5pur.svd.msudrf.ru,нет,66MS0177
Свердловская область,Первоуральск,,"Судебный участок № 6 судебного района, в котором создан Первоуральский городской суд Свердловской области",MS,Мировой суд,"623101, Свердловская обл, г Первоуральск, пр-кт Ильича, стр 9",https://6pur.svd.msudrf.ru/,6pur.svd.msudrf.ru,нет,66MS0178
Свердловская область,Первоуральск,,"Судебный участок № 7 судебного района, в котором создан Первоуральский городской суд Свердловской области",MS,Мировой суд,"623101, Свердловская обл, г Первоуральск, пр-кт Ильича, стр 9",https://7pur.svd.msudrf.ru/,7pur.svd.msudrf.ru,нет,66MS0179
Свердловская область,Петрокаменское,"Судебный участок № 1 судебного района, в котором создан Пригородный","Судебный участок № 1 судебного района, в котором создан Пригородный районный суд Свердловской области",MS,Мировой суд,"622915, Свердловская обл, Пригородный р-н, с Петрокаменское, ул Петрокаменская, д 2",https://1prg.svd.msudrf.ru/,1prg.svd.msudrf.ru,нет,66MS0184
Свердловская область,Полевской,,"Судебный участок № 1 судебного района, в котором создан Полевской городской суд Свердловской области",MS,Мировой суд,"623388, Свердловская обл, г Полевской, пер Сталеваров, д 2",https://1pol.svd.msudrf.ru/,1pol.svd.msudrf.ru,нет,66MS0181
Свердловская область,Полевской,,"Судебный участок № 2 судебного района, в котором создан Полевской городской суд Свердловской области",MS,Мировой суд,"623388, Свердловская обл, г Полевской, пер Сталеваров, д 2",https://2pol.svd.msudrf.ru/,2pol.svd.msudrf.ru,нет,66MS0182
Свердловская область,Полевской,,"Судебный участок № 3 судебного района, в котором создан Полевской городской суд Свердловской области",MS,Мировой суд,"623388, Свердловская обл, г Полевской, пер Сталеваров, д 2",https://3pol.svd.msudrf.ru/,3pol.svd.msudrf.ru,нет,66MS0183
Свердловская область,Пышма,"Судебный участок № 4 судебного района, в котором создан Камышловский","Судебный участок № 4 судебного района, в котором создан Камышловский районный суд Свердловской области",MS,Мировой суд,"623550, Свердловская обл, Пышминский р-н, пгт Пышма, ул Ленина, д 153",https://pish.svd.msudrf.ru/,pish.svd.msudrf.ru,нет,66MS0187
Свердловская область,Ревда,,"Судебный участок № 1 судебного района, в котором создан Ревдинский городской суд Свердловской области",MS,Мировой суд,"623280, Свердловская обл, г Ревда, ул Азина, д 70А",https://1rev.svd.msudrf.ru/,1rev.svd.msudrf.ru,нет,66MS0188
Свердловская область,Ревда,,"Судебный участок № 2 судебного района, в котором создан Ревдинский городской суд Свердловской области",MS,Мировой суд,"623280, Свердловская обл, г Ревда, ул Мира, зд 32",https://2rev.svd.msudrf.ru/,2rev.svd.msudrf.ru,нет,66MS0189
Свердловская область,Ревда,,"Судебный участок № 3 судебного района, в котором создан Ревдинский городской суд Свердловской области",MS,Мировой суд,"623280, Свердловская обл, г Ревда, ул Мира, зд 32",https://3rev.svd.msudrf.ru/,3rev.svd.msudrf.ru,нет,66MS0190
Свердловская область,Реж,,"Судебный участок № 1 судебного района, в котором создан Режевской городской суд Свердловской области",MS,Мировой суд,"623750, Свердловская обл, г Реж, ул Пушкина, д 4",https://1rezh.svd.msudrf.ru/,1rezh.svd.msudrf.ru,нет,66MS0192
Свердловская область,Реж,,"Судебный участок № 2 судебного района, в котором создан Режевской городской суд Свердловской области",MS,Мировой суд,"623750, Свердловская обл, г Реж, ул Пушкина, д 4",https://2rezh.svd.msudrf.ru/,2rezh.svd.msudrf.ru,нет,66MS0193
Свердловская область,Североуральск,,"Судебный участок № 1 судебного района, в котором создан Североуральский городской суд Свердловской области",MS,Мировой суд,"624480, Свердловская обл, г Североуральск, ул Чайковского, д 21",https://1sur.svd.msudrf.ru/,1sur.svd.msudrf.ru,нет,66MS0194
Свердловская область,Североуральск,,"Судебный участок № 2 судебного района, в котором создан Североуральский городской суд Свердловской области",MS,Мировой суд,"624480, Свердловская обл, г Североуральск, ул Чайковского, д 21",https://2sur.svd.msudrf.ru/,2sur.svd.msudrf.ru,нет,66MS0195
Свердловская область,Серов,"Судебный участок № 1 судебного района, в котором создан Серовский","Судебный участок № 1 судебного района, в котором создан Серовский районный суд Свердловской области",MS,Мировой суд,"624992, Свердловская обл, г Серов, ул Якова Свердлова, д 26",https://1serov.svd.msudrf.ru/,1serov.svd.msudrf.ru,нет,66MS0196
Свердловская область,Серов,"Судебный участок № 2 судебного района, в котором создан Серовский","Судебный участок № 2 судебного района, в котором создан Серовский районный суд Свердловской области",MS,Мировой суд,"624992, Свердловская обл, г Серов, ул Якова Свердлова, д 26",https://2serov.svd.msudrf.ru/,2serov.svd.msudrf.ru,нет,66MS0197
Свердловская область,Серов,"Судебный участок № 3 судебного района, в котором создан Серовский","Судебный участок № 3 судебного района, в котором создан Серовский районный суд Свердловской области",MS,Мировой суд,"624992, Свердловская обл, г Серов, ул Якова Свердлова, д 26",https://3serov.svd.msudrf.ru/,3serov.svd.msudrf.ru,нет,66MS0198
Свердловская область,Серов,"Судебный участок № 4 судебного района, в котором создан Серовский","Судебный участок № 4 судебного района, в котором создан Серовский районный суд Свердловской области",MS,Мировой суд,"624992, Свердловская обл, г Серов, ул Якова Свердлова, д 26",https://4serov.svd.msudrf.ru/,4serov.svd.msudrf.ru,нет,66MS0199
Свердловская область,Серов,"Судебный участок № 5 судебного района, в котором создан Серовский","Судебный участок № 5 судебного района, в котором создан Серовский районный суд Свердловской области",MS,Мировой суд,"624992, Свердловская обл, г Серов, ул Якова Свердлова, д 26",https://5serov.svd.msudrf.ru/,5serov.svd.msudrf.ru,нет,66MS0200
Свердловская область,Сосьва,"Судебный участок № 6 судебного района, в котором создан Серовский","Судебный участок № 6 судебного района, в котором создан Серовский районный суд Свердловской области",MS,Мировой суд,"624971, Свердловская обл, Серовский р-н, пгт Сосьва, ул Ленина, д 2А",https://serovr.svd.msudrf.ru/,serovr.svd.msudrf.ru,нет,66MS0201
Свердловская область,Сухой Лог,,"Судебный участок № 1 судебного района, в котором создан Сухоложский городской суд Свердловской области",MS,Мировой суд,"624800, Свердловская обл, Сухоложский р-н, г Сухой Лог, ул Юбилейная, д 12",https://1sl.svd.msudrf.ru/,1sl.svd.msudrf.ru,нет,66MS0202
Свердловская область,Сухой Лог,,"Судебный участок № 2 судебного района, в котором создан Сухоложский городской суд Свердловской области",MS,Мировой суд,"624800, Свердловская обл, Сухоложский р-н, г Сухой Лог, ул Юбилейная, д 12",https://2sl.svd.msudrf.ru/,2sl.svd.msudrf.ru,нет,66MS0203
Свердловская область,Сухой Лог,,"Судебный участок № 3 судебного района, в котором создан Сухоложский городской суд Свердловской области",MS,Мировой суд,"624800, Свердловская обл, Сухоложский р-н, г Сухой Лог, ул Милицейская, д 11",https://3sl.svd.msudrf.ru/,3sl.svd.msudrf.ru,нет,66MS0222
Свердловская область,Сысерть,"Судебный участок № 1 судебного района, в котором создан Сысертский","Судебный участок № 1 судебного района, в котором создан Сысертский районный суд Свердловской области",MS,Мировой суд,"624022, Свердловская обл, г Сысерть, ул Трактовая, зд 2Б",https://1sis.svd.msudrf.ru/,1sis.svd.msudrf.ru,нет,66MS0204
Свердловская область,Сысерть,"Судебный участок № 2 судебного района, в котором создан Сысертский","Судебный участок № 2 судебного района, в котором создан Сысертский районный суд Свердловской области",MS,Мировой суд,"624022, Свердловская обл, г Сысерть, ул Трактовая, зд 2Б",https://2sis.svd.msudrf.ru/,2sis.svd.msudrf.ru,нет,66MS0205
Свердловская область,Сысерть,"Судебный участок № 4 судебного района, в котором создан Сысертский","Судебный участок № 4 судебного района, в котором создан Сысертский районный суд Свердловской области",MS,Мировой суд,"624022, Свердловская обл, г Сысерть, ул Трактовая, зд 2Б",https://4sis.svd.msudrf.ru/,4sis.svd.msudrf.ru,нет,66MS0207
Свердловская область,Таборы,"Судебный участок № 4 судебного района, в котором создан Тавдинский","Судебный участок № 4 судебного района, в котором создан Тавдинский районный суд Свердловской области",MS,Мировой суд,"623990, Свердловская обл, с Таборы, ул Коммуны, влд 9",https://tab.svd.msudrf.ru/,tab.svd.msudrf.ru,нет,66MS0209
Свердловская область,Тавда,"Судебный участок № 1 судебного района, в котором создан Тавдинский","Судебный участок № 1 судебного района, в котором создан Тавдинский районный суд Свердловской области",MS,Мировой суд,"623950, Свердловская обл, Тавдинский р-н, г Тавда, ул Линейная, д 7А",https://1tav.svd.msudrf.ru/,1tav.svd.msudrf.ru,нет,66MS0210
Свердловская область,Тавда,"Судебный участок № 2 судебного района, в котором создан Тавдинский","Судебный участок № 2 судебного района, в котором создан Тавдинский районный суд Свердловской области",MS,Мировой суд,"623950, Свердловская обл, Тавдинский р-н, г Тавда, ул Линейная, д 7А",https://2tav.svd.msudrf.ru/,2tav.svd.msudrf.ru,нет,66MS0211
Свердловская область,Тавда,"Судебный участок № 3 судебного района, в котором создан Тавдинский","Судебный участок № 3 судебного района, в котором создан Тавдинский районный суд Свердловской области",MS,Мировой суд,"623950, Свердловская обл, Тавдинский р-н, г Тавда, ул Линейная, д 7А",https://3tav.svd.msudrf.ru/,3tav.svd.msudrf.ru,нет,66MS0212
Свердловская область,Талица,"Судебный участок № 1 судебного района, в котором создан Талицкий","Судебный участок № 1 судебного района, в котором создан Талицкий районный суд Свердловской области",MS,Мировой суд,"623640, Свердловская обл, г Талица, ул Ленина, д 85",https://1tal.svd.msudrf.ru/,1tal.svd.msudrf.ru,нет,66MS0213
Свердловская область,Талица,"Судебный участок № 2 судебного района, в котором создан Талицкий","Судебный участок № 2 судебного района, в котором создан Талицкий районный суд Свердловской области",MS,Мировой суд,"623640, Свердловская обл, г Талица, ул Фрунзе, д 2А",https://2tal.svd.msudrf.ru/,2tal.svd.msudrf.ru,нет,66MS0214
Свердловская область,Талица,"Судебный участок № 3 судебного района, в котором создан Талицкий","Судебный участок № 3 судебного района, в котором создан Талицкий районный суд Свердловской области",MS,Мировой суд,"623640, Свердловская обл, г Талица, ул Ленина, д 85",https://3tal.svd.msudrf.ru/,3tal.svd.msudrf.ru,нет,66MS0215
Свердловская область,Тугулым,"Судебный участок № 4 судебного района, в котором создан Талицкий","Судебный участок № 4 судебного района, в котором создан Талицкий районный суд Свердловской области",MS,Мировой суд,"623650, Свердловская область, г. Тугулым, ул. Октябрьская, д. 33.",https://4tal.svd.msudrf.ru/,4tal.svd.msudrf.ru,нет,66MS0230
Свердловская область,Туринск,"Судебный участок № 1 судебного района, в котором создан Туринский","Судебный участок № 1 судебного района, в котором создан Туринский районный суд Свердловской области",MS,Мировой суд,"623900, Свердловская обл, г Туринск, ул Спорта, д 29Б",https://1tur.svd.msudrf.ru/,1tur.svd.msudrf.ru,нет,66MS0217
Свердловская область,Туринск,"Судебный участок № 2 судебного района, в котором создан Туринский","Судебный участок № 2 судебного района, в котором создан Туринский районный суд Свердловской области",MS,Мировой суд,"623900, Свердловская обл, г Туринск, ул Спорта, д 29Б",https://2tur.svd.msudrf.ru/,2tur.svd.msudrf.ru,нет,66MS0218
Свердловская область,Туринская Слобода,"Судебный участок № 3 судебного района, в котором создан Туринский","Судебный участок № 3 судебного района, в котором создан Туринский районный суд Свердловской области",MS,Мировой суд,"623930, Свердловская обл, с Туринская Слобода, ул Первомайская, д 6",https://3tur.svd.msudrf.ru/,3tur.svd.msudrf.ru,нет,66MS0231
Свердловская область,Шаля,"Судебный участок судебного района, в котором создан Шалинский","Судебный участок судебного района, в котором создан Шалинский районный суд Свердловской области",MS,Мировой суд,"623030, Свердловская обл, пгт Шаля, ул Ленина, д 1А",https://shal.svd.msudrf.ru/,shal.svd.msudrf.ru,нет,66MS0219
Нижегородская область,,,Судебный участок № 3 Володарского судебного района Нижегородской области,MS,Мировой суд,"606083, Нижегородская обл, Володарский р-н, сп Мулино, ул Гвардейская, д 74",https://volod3.nnov.msudrf.ru/,volod3.nnov.msudrf.ru,нет,52MS0096
Нижегородская область,Ардатов,,Судебный участок № 1 Ардатовского судебного района Нижегородской области,MS,Мировой суд,"607130, Нижегородская обл, рп Ардатов, ул Свердлова, д 14",https://ard1.nnov.msudrf.ru/,ard1.nnov.msudrf.ru,нет,52MS0062
Нижегородская область,Ардатов,,Судебный участок № 2 Ардатовского судебного района Нижегородской области,MS,Мировой суд,"607130, Нижегородская обл, рп Ардатов, ул Свердлова, д 14",https://ard2.nnov.msudrf.ru/,ard2.nnov.msudrf.ru,нет,52MS0063
Нижегородская область,Арзамас,,Судебный участок № 1 Арзамасского судебного района Нижегородской области,MS,Мировой суд,"607225, Нижегородская обл, г Арзамас, ул Солнечная, д 10Б",https://arz1.nnov.msudrf.ru/,arz1.nnov.msudrf.ru,нет,52MS0064
Нижегородская область,Арзамас,,Судебный участок № 2 Арзамасского судебного района Нижегородской области,MS,Мировой суд,"607225, Нижегородская обл, г Арзамас, ул Солнечная, д 10Б",https://arz2.nnov.msudrf.ru/,arz2.nnov.msudrf.ru,нет,52MS0065
Нижегородская область,Арзамас,,Судебный участок № 3 Арзамасского судебного района Нижегородской области,MS,Мировой суд,"607225, Нижегородская обл, г Арзамас, ул Солнечная, д 10Б",https://arz3.nnov.msudrf.ru/,arz3.nnov.msudrf.ru,нет,52MS0066
Нижегородская область,Арзамас,,Судебный участок № 4 Арзамасского судебного района Нижегородской области,MS,Мировой суд,"607225, Нижегородская обл, г Арзамас, ул Солнечная, д 10Б",https://arz4.nnov.msudrf.ru/,arz4.nnov.msudrf.ru,нет,52MS0067
Нижегородская область,Арзамас,,Судебный участок № 5 Арзамасского судебного района Нижегородской области,MS,Мировой суд,"607225, Нижегородская обл, г Арзамас, ул Солнечная, д 10Б",https://arz5.nnov.msudrf.ru/,arz5.nnov.msudrf.ru,нет,52MS0068
Нижегородская область,Арзамас,,Судебный участок № 6 Арзамасского судебного района Нижегородской области,MS,Мировой суд,"607225, Нижегородская обл, г Арзамас, ул Солнечная, д 10Б",https://arz6.nnov.msudrf.ru/,arz6.nnov.msudrf.ru,нет,52MS0069
Нижегородская область,Арзамас,,Судебный участок № 7 Арзамасского судебного района Нижегородской области,MS,Мировой суд,"607225, Нижегородская обл, г Арзамас, ул Солнечная, д 10Б",https://arz7.nnov.msudrf.ru/,arz7.nnov.msudrf.ru,нет,52MS0070
Нижегородская область,Балахна,,Судебный участок № 1 Балахнинского судебного района Нижегородской области,MS,Мировой суд,"606400, Нижегородская обл, г Балахна, ул Ленина, д 11",https://balah1.nnov.msudrf.ru/,balah1.nnov.msudrf.ru,нет,52MS0071
Нижегородская область,Балахна,,Судебный участок № 2 Балахнинского судебного района Нижегородской области,MS,Мировой суд,"606400, Нижегородская обл, г Балахна, ул Ленина, д 11",https://balah2.nnov.msudrf.ru/,balah2.nnov.msudrf.ru,нет,52MS0072
Нижегородская область,Балахна,,Судебный участок № 3 Балахнинского судебного района Нижегородской области,MS,Мировой суд,"606400, Нижегородская обл, г Балахна, ул Ленина, д 11",https://balah3.nnov.msudrf.ru/,balah3.nnov.msudrf.ru,нет,52MS0073
Нижегородская область,Балахна,,Судебный участок № 4 Балахнинского судебного района Нижегородской области,MS,Мировой суд,"606400, Нижегородская обл, г Балахна, ул Ленина, д 11",https://balah4.nnov.msudrf.ru/,balah4.nnov.msudrf.ru,нет,52MS0074
Нижегородская область,Богородск,,Судебный участок № 1 Богородского судебного района Нижегородской области,MS,Мировой суд,"607600, Нижегородская обл, г Богородск, ул Ленина, зд 176",https://bogor1.nnov.msudrf.ru/,bogor1.nnov.msudrf.ru,нет,52MS0075
Нижегородская область,Богородск,,Судебный участок № 2 Богородского судебного района Нижегородской области,MS,Мировой суд,"607600, Нижегородская обл, г Богородск, ул Ленина, зд 176",https://bogor2.nnov.msudrf.ru/,bogor2.nnov.msudrf.ru,нет,52MS0076
Нижегородская область,Богородск,,Судебный участок № 3 Богородского судебного района Нижегородской области,MS,Мировой суд,"607600, Нижегородская обл, г Богородск, ул Ленина, зд 176",https://bogor3.nnov.msudrf.ru/,bogor3.nnov.msudrf.ru,нет,52MS0077
Нижегородская область,Большое Болдино,,Судебный участок Большеболдинского судебного района Нижегородской области,MS,Мировой суд,"607940, Нижегородская обл, с Большое Болдино, ул Пушкинская, д 6",https://bbold.nnov.msudrf.ru/,bbold.nnov.msudrf.ru,нет,52MS0079
Нижегородская область,Большое Мурашкино,,Судебный участок Большемурашкинского судебного района Нижегородской области,MS,Мировой суд,"606360, Нижегородская обл, рп Большое Мурашкино, ул Свободы, зд 62",https://bmur.nnov.msudrf.ru/,bmur.nnov.msudrf.ru,нет,52MS0080
Нижегородская область,Бор,,Судебный участок № 1 Борского судебного района Нижегородской области,MS,Мировой суд,"606440, Нижегородская обл, г Бор, ул Профсоюзная, д 10",https://bor1.nnov.msudrf.ru/,bor1.nnov.msudrf.ru,нет,52MS0081
Нижегородская область,Бор,,Судебный участок № 2 Борского судебного района Нижегородской области,MS,Мировой суд,"606440, Нижегородская обл, г Бор, ул Профсоюзная, д 10",https://bor2.nnov.msudrf.ru/,bor2.nnov.msudrf.ru,нет,52MS0082
Нижегородская область,Бор,,Судебный участок № 3 Борского судебного района Нижегородской области,MS,Мировой суд,"606440, Нижегородская обл, г Бор, ул Профсоюзная, д 10",https://bor3.nnov.msudrf.ru/,bor3.nnov.msudrf.ru,нет,52MS0083
Нижегородская область,Бор,,Судебный участок № 4 Борского судебного района Нижегородской области,MS,Мировой суд,"606440, Нижегородская обл, г Бор, ул Профсоюзная, д 10",https://bor4.nnov.msudrf.ru/,bor4.nnov.msudrf.ru,нет,52MS0084
Нижегородская область,Бор,,Судебный участок № 5 Борского судебного района Нижегородской области,MS,Мировой суд,"606440, Нижегородская обл, г Бор, ул Профсоюзная, д 10",https://bor5.nnov.msudrf.ru/,bor5.nnov.msudrf.ru,нет,52MS0085
Нижегородская область,Бор,,Судебный участок № 6 Борского судебного района Нижегородской области,MS,Мировой суд,"606440, Нижегородская обл, г Бор, ул Профсоюзная, д 10",https://bor6.nnov.msudrf.ru/,bor6.nnov.msudrf.ru,нет,52MS0086
Нижегородская область,Бор,,Судебный участок № 7 Борского судебного района Нижегородской области,MS,Мировой суд,"606440, Нижегородская обл, г Бор, ул Профсоюзная, д 10",https://bor7.nnov.msudrf.ru/,bor7.nnov.msudrf.ru,нет,52MS0087
Нижегородская область,Бутурлино,,Судебный участок Бутурлинского судебного района Нижегородской области,MS,Мировой суд,"607440, Нижегородская обл, рп Бутурлино, ул Спортивная, д 5",https://butur1.nnov.msudrf.ru/,butur1.nnov.msudrf.ru,нет,52MS0088
Нижегородская область,Вад,,Судебный участок Вадского судебного района Нижегородской области,MS,Мировой суд,"606380, Нижегородская обл, с Вад, ул 1 Мая, зд 39А",https://vad.nnov.msudrf.ru/,vad.nnov.msudrf.ru,нет,52MS0089
Нижегородская область,Варнавино,,Судебный участок Варнавинского судебного района Нижегородской области,MS,Мировой суд,"606760, Нижегородская обл, рп Варнавино, ул Комсомольская, д 32Б",https://varnav.nnov.msudrf.ru/,varnav.nnov.msudrf.ru,нет,52MS0090
Нижегородская область,Вача,,Судебный участок Вачского судебного района Нижегородской области,MS,Мировой суд,"606150, Нижегородская обл, рп Вача, ул Ленина, зд 2",https://vacha.nnov.msudrf.ru/,vacha.nnov.msudrf.ru,нет,52MS0091
Нижегородская область,Ветлуга,,Судебный участок Ветлужского судебного района Нижегородской области,MS,Мировой суд,"606860, Нижегородская обл, г Ветлуга, ул Алешкова, д 64",https://vetluga.nnov.msudrf.ru/,vetluga.nnov.msudrf.ru,нет,52MS0092
Нижегородская область,Вознесенское,,Судебный участок Вознесенского судебного района Нижегородской области,MS,Мировой суд,"607340, Нижегородская обл, рп Вознесенское, ул Водопроводная, д 2А",https://vozn.nnov.msudrf.ru/,vozn.nnov.msudrf.ru,нет,52MS0093
Нижегородская область,Володарск,,Судебный участок № 1 Володарского судебного района Нижегородской области,MS,Мировой суд,"606072, Нижегородская область, г. Володарск, ул. Мичурина. севернее улицы Лядова",https://volod1.nnov.msudrf.ru/,volod1.nnov.msudrf.ru,нет,52MS0094
Нижегородская область,Воротынец,,Судебный участок Воротынского судебного района Нижегородской области,MS,Мировой суд,"606260, Нижегородская обл, рп Воротынец, ул М.Горького, д 100",https://vorot.nnov.msudrf.ru/,vorot.nnov.msudrf.ru,нет,52MS0097
Нижегородская область,Воскресенское,,Судебный участок Воскресенского судебного района Нижегородской области,MS,Мировой суд,"606730, Нижегородская обл, рп Воскресенское, ул Красноармейская, д 78",https://voskr.nnov.msudrf.ru/,voskr.nnov.msudrf.ru,нет,52MS0098
Нижегородская область,Выкса,,Судебный участок № 1 Выксунского судебного района Нижегородской области,MS,Мировой суд,"607060, Нижегородская обл, г Выкса, пл Красная, зд 33",https://vyksa1.nnov.msudrf.ru/,vyksa1.nnov.msudrf.ru,нет,52MS0099
Нижегородская область,Выкса,,Судебный участок № 2 Выксунского судебного района Нижегородской области,MS,Мировой суд,"607060, Нижегородская обл, г Выкса, пл Красная, зд 33",https://vyksa2.nnov.msudrf.ru/,vyksa2.nnov.msudrf.ru,нет,52MS0100
Нижегородская область,Выкса,,Судебный участок № 3 Выксунского судебного района Нижегородской области,MS,Мировой суд,"607060, Нижегородская обл, г Выкса, пл Красная, зд 33",https://vyksa3.nnov.msudrf.ru/,vyksa3.nnov.msudrf.ru,нет,52MS0101
Нижегородская область,Выкса,,Судебный участок № 4 Выксунского судебного района Нижегородской области,MS,Мировой суд,"607060, Нижегородская обл, г Выкса, пл Красная, зд 33",https://vyksa4.nnov.msudrf.ru/,vyksa4.nnov.msudrf.ru,нет,52MS0102
Нижегородская область,Гагино,,Судебный участок Гагинского судебного района Нижегородской области,MS,Мировой суд,"607870, Нижегородская обл, с Гагино, ул Коммунистическая, д 8",https://gagin.nnov.msudrf.ru/,gagin.nnov.msudrf.ru,нет,52MS0103
Нижегородская область,Городец,,Судебный участок № 1 Городецкого судебного района Нижегородской области,MS,Мировой суд,"606508, Нижегородская обл, г Городец, ул Новая, д 107",https://gorod1.nnov.msudrf.ru/,gorod1.nnov.msudrf.ru,нет,52MS0104
Нижегородская область,Городец,,Судебный участок № 2 Городецкого судебного района Нижегородской области,MS,Мировой суд,"606508, Нижегородская обл, г Городец, ул Новая, д 107",https://gorod2.nnov.msudrf.ru/,gorod2.nnov.msudrf.ru,нет,52MS0105
Нижегородская область,Городец,,Судебный участок № 3 Городецкого судебного района Нижегородской области,MS,Мировой суд,"606508, Нижегородская обл, г Городец, ул Новая, д 107",https://gorod3.nnov.msudrf.ru/,gorod3.nnov.msudrf.ru,нет,52MS0106
Нижегородская область,Городец,,Судебный участок № 4 Городецкого судебного района Нижегородской области,MS,Мировой суд,"606508, Нижегородская обл, г Городец, ул Новая, д 107",https://gorod4.nnov.msudrf.ru/,gorod4.nnov.msudrf.ru,нет,52MS0107
Нижегородская область,Городец,,Судебный участок № 5 Городецкого судебного района Нижегородской области,MS,Мировой суд,"606508, Нижегородская обл, г Городец, ул Новая, д 107",https://gorod5.nnov.msudrf.ru/,gorod5.nnov.msudrf.ru,нет,52MS0108
Нижегородская область,Дальнее Константиново,,Судебный участок Дальнеконстантиновского судебного района Нижегородской области,MS,Мировой суд,"606310, Нижегородская обл, рп Дальнее Константиново, ул Советская, д 80",https://dkost.nnov.msudrf.ru/,dkost.nnov.msudrf.ru,нет,52MS0122
Нижегородская область,Дзержинск,,Судебный участок № 1 Дзержинского судебного района Нижегородской области,MS,Мировой суд,"606002, Нижегородская обл, г Дзержинск, ул Сухаренко, д 23А",https://dzer1.nnov.msudrf.ru/,dzer1.nnov.msudrf.ru,нет,52MS0109
Нижегородская область,Дзержинск,,Судебный участок № 10 Дзержинского судебного района Нижегородской области,MS,Мировой суд,"606023, Нижегородская обл, г Дзержинск, пр-кт Ленина, д 49А",https://dzer10.nnov.msudrf.ru/,dzer10.nnov.msudrf.ru,нет,52MS0118
Нижегородская область,Дзержинск,,Судебный участок № 11 Дзержинского судебного района Нижегородской области,MS,Мировой суд,"606023, Нижегородская обл, г Дзержинск, пр-кт Ленина, д 49А",https://dzer11.nnov.msudrf.ru/,dzer11.nnov.msudrf.ru,нет,52MS0119
Нижегородская область,Дзержинск,,Судебный участок № 12 Дзержинского судебного района Нижегородской области,MS,Мировой суд,"606023, Нижегородская обл, г Дзержинск, пр-кт Ленина, д 49А",https://dzer12.nnov.msudrf.ru/,dzer12.nnov.msudrf.ru,нет,52MS0120
Нижегородская область,Дзержинск,,Судебный участок № 13 Дзержинского судебного района Нижегородской области,MS,Мировой суд,"606023, Нижегородская обл, г Дзержинск, пр-кт Ленина, д 49А",https://dzer13.nnov.msudrf.ru/,dzer13.nnov.msudrf.ru,нет,52MS0121
Нижегородская область,Дзержинск,,Судебный участок № 2 Дзержинского судебного района Нижегородской области,MS,Мировой суд,"606002, Нижегородская обл, г Дзержинск, ул Сухаренко, д 23А",https://dzer2.nnov.msudrf.ru/,dzer2.nnov.msudrf.ru,нет,52MS0110
Нижегородская область,Дзержинск,,Судебный участок № 3 Дзержинского судебного района Нижегородской области,MS,Мировой суд,"606024, Нижегородская обл, г Дзержинск, пр-кт Чкалова, д 23А",https://dzer3.nnov.msudrf.ru/,dzer3.nnov.msudrf.ru,нет,52MS0111
Нижегородская область,Дзержинск,,Судебный участок № 4 Дзержинского судебного района Нижегородской области,MS,Мировой суд,"606024, Нижегородская обл, г Дзержинск, пр-кт Чкалова, д 23А",https://dzer4.nnov.msudrf.ru/,dzer4.nnov.msudrf.ru,нет,52MS0112
Нижегородская область,Дзержинск,,Судебный участок № 5 Дзержинского судебного района Нижегородской области,MS,Мировой суд,"606002, Нижегородская обл, г Дзержинск, ул Сухаренко, д 23А",https://dzer5.nnov.msudrf.ru/,dzer5.nnov.msudrf.ru,нет,52MS0113
Нижегородская область,Дзержинск,,Судебный участок № 6 Дзержинского судебного района Нижегородской области,MS,Мировой суд,"606002, Нижегородская обл, г Дзержинск, ул Сухаренко, д 23А",https://dzer6.nnov.msudrf.ru/,dzer6.nnov.msudrf.ru,нет,52MS0114
Нижегородская область,Дзержинск,,Судебный участок № 7 Дзержинского судебного района Нижегородской области,MS,Мировой суд,"606023, Нижегородская обл, г Дзержинск, пр-кт Ленина, д 49А",https://dzer7.nnov.msudrf.ru/,dzer7.nnov.msudrf.ru,нет,52MS0115
Нижегородская область,Дзержинск,,Судебный участок № 8 Дзержинского судебного района Нижегородской области,MS,Мировой суд,"606023, Нижегородская обл, г Дзержинск, пр-кт Ленина, д 49А",https://dzer8.nnov.msudrf.ru/,dzer8.nnov.msudrf.ru,нет,52MS0116
Нижегородская область,Дзержинск,,Судебный участок № 9 Дзержинского судебного района Нижегородской области,MS,Мировой суд,"606023, Нижегородская обл, г Дзержинск, пр-кт Ленина, д 49А",https://dzer9.nnov.msudrf.ru/,dzer9.nnov.msudrf.ru,нет,52MS0117
Нижегородская область,Дивеево,,Судебный участок Дивеевского судебного района Нижегородской области,MS,Мировой суд,"607320, Нижегородская обл, с Дивеево, ул Чкалова, д 2",https://divo.nnov.msudrf.ru/,divo.nnov.msudrf.ru,нет,52MS0124
Нижегородская область,Ильиногорск,,Судебный участок № 2 Володарского судебного района Нижегородской области,MS,Мировой суд,"606058, Нижегородская обл, Володарский р-н, рп Ильиногорск, ул Угарова, д 1",https://volod2.nnov.msudrf.ru/,volod2.nnov.msudrf.ru,нет,52MS0095
Нижегородская область,Княгинино,,Судебный участок Княгининского судебного района Нижегородской области,MS,Мировой суд,"606340, Нижегородская обл, г Княгинино, ул Свободы, зд 34",https://knyag.nnov.msudrf.ru/,knyag.nnov.msudrf.ru,нет,52MS0125
Нижегородская область,Ковернино,,Судебный участок Ковернинского судебного района Нижегородской области,MS,Мировой суд,"606570, Нижегородская обл, рп Ковернино, ул Школьная, д 30",https://kover.nnov.msudrf.ru/,kover.nnov.msudrf.ru,нет,52MS0126
Нижегородская область,Красные Баки,,Судебный участок № 1 Краснобаковского судебного района Нижегородской области,MS,Мировой суд,"606710, Нижегородская обл, рп Красные Баки, ул Луговая, д 25",https://krbak1.nnov.msudrf.ru/,krbak1.nnov.msudrf.ru,нет,52MS0127
Нижегородская область,Красные Баки,,Судебный участок № 2 Краснобаковского судебного района Нижегородской области,MS,Мировой суд,"606710, Нижегородская обл, рп Красные Баки, ул Луговая, д 25",https://krbak2.nnov.msudrf.ru/,krbak2.nnov.msudrf.ru,нет,52MS0128
Нижегородская область,Кулебаки,,Судебный участок № 1 Кулебакского судебного района Нижегородской области,MS,Мировой суд,"607018, Нижегородская обл, г Кулебаки, ул Воровского, д 48",https://kuleb1.nnov.msudrf.ru/,kuleb1.nnov.msudrf.ru,нет,52MS0135
Нижегородская область,Кулебаки,,Судебный участок № 2 Кулебакского судебного района Нижегородской области,MS,Мировой суд,"607018, Нижегородская обл, г Кулебаки, ул Воровского, д 48",https://kuleb2.nnov.msudrf.ru/,kuleb2.nnov.msudrf.ru,нет,52MS0136
Нижегородская область,Кулебаки,,Судебный участок № 3 Кулебакского судебного района Нижегородской области,MS,Мировой суд,"607018, Нижегородская обл, г Кулебаки, ул Воровского, д 48",https://kuleb3.nnov.msudrf.ru/,kuleb3.nnov.msudrf.ru,нет,52MS0137
Нижегородская область,Лукоянов,,Судебный участок № 1 Лукояновского судебного района Нижегородской области,MS,Мировой суд,"607800, Нижегородская обл, г Лукоянов, ул Коммунистическая, д 32Г",https://luk1.nnov.msudrf.ru/,luk1.nnov.msudrf.ru,нет,52MS0138
Нижегородская область,Лукоянов,,Судебный участок № 2 Лукояновского судебного района Нижегородской области,MS,Мировой суд,"607800, Нижегородская обл, г Лукоянов, ул Коммунистическая, д 32Г",https://luk2.nnov.msudrf.ru/,luk2.nnov.msudrf.ru,нет,52MS0139
Нижегородская область,Лысково,,Судебный участок № 1 Лысковского судебного района Нижегородской области,MS,Мировой суд,"606210, Нижегородская обл, г Лысково, ул Строителей, д 10 к 1",https://lysk1.nnov.msudrf.ru/,lysk1.nnov.msudrf.ru,нет,52MS0140
Нижегородская область,Лысково,,Судебный участок № 2 Лысковского судебного района Нижегородской области,MS,Мировой суд,"606210, Нижегородская обл, г Лысково, ул Строителей, д 10 к 1",https://lysk2.nnov.msudrf.ru/,lysk2.nnov.msudrf.ru,нет,52MS0141
Нижегородская область,Навашино,,Судебный участок № 1 Навашинского судебного района Нижегородской области,MS,Мировой суд,"607102, Нижегородская обл, г Навашино, ул Ленина, зд 28А",https://nav1.nnov.msudrf.ru/,nav1.nnov.msudrf.ru,нет,52MS0142
Нижегородская область,Навашино,,Судебный участок № 2 Навашинского судебного района Нижегородской области,MS,Мировой суд,"607102, Нижегородская обл, г Навашино, ул Ленина, зд 28А",https://nav2.nnov.msudrf.ru/,nav2.nnov.msudrf.ru,нет,52MS0143
Нижегородская область,Нижний Новгород,,Судебный участок № 1 Автозаводского судебного района города Нижний Новгород Нижегородской области,MS,Мировой суд,"603101, Нижегородская обл, г Нижний Новгород, ул Ватутина, д 10А",https://avtoz1.nnov.msudrf.ru/,avtoz1.nnov.msudrf.ru,нет,52MS0001
Нижегородская область,Нижний Новгород,,Судебный участок № 1 Канавинского судебного района города Нижний Новгород Нижегородской области,MS,Мировой суд,"603002, Нижегородская обл, г Нижний Новгород, ул Советская, д 13",https://kanav1.nnov.msudrf.ru/,kanav1.nnov.msudrf.ru,нет,52MS0014
Нижегородская область,Нижний Новгород,,Судебный участок № 1 Кстовского судебного района Нижегородской области,MS,Мировой суд,"607651, Нижегородская обл, г Нижний Новгород, г Кстово, ул Театральная, д 2",https://kstovo1.nnov.msudrf.ru/,kstovo1.nnov.msudrf.ru,нет,52MS0130
Нижегородская область,Нижний Новгород,,Судебный участок № 1 Ленинского судебного района города Нижний Новгород Нижегородской области,MS,Мировой суд,"603032, Нижегородская обл, г Нижний Новгород, ул Памирская, д 13",https://lenin1.nnov.msudrf.ru/,lenin1.nnov.msudrf.ru,нет,52MS0022
Нижегородская область,Нижний Новгород,,Судебный участок № 1 Московского судебного района города Нижний Новгород Нижегородской области,MS,Мировой суд,"603047, Нижегородская обл, г Нижний Новгород, ул Героя Рябцева, д 29",https://mosk1.nnov.msudrf.ru/,mosk1.nnov.msudrf.ru,нет,52MS0029
Нижегородская область,Нижний Новгород,,Судебный участок № 1 Нижегородского судебного района города Нижний Новгород Нижегородской области,MS,Мировой суд,"603001, Нижегородская обл, г Нижний Новгород, ул Рождественская, д 19",https://nizh1.nnov.msudrf.ru/,nizh1.nnov.msudrf.ru,нет,52MS0036
Нижегородская область,Нижний Новгород,,Судебный участок № 1 Приокского судебного района города Нижний Новгород Нижегородской области,MS,Мировой суд,"603144, Нижегородская обл, г Нижний Новгород, ш Анкудиновское, д 32",https://priok1.nnov.msudrf.ru/,priok1.nnov.msudrf.ru,нет,52MS0042
Нижегородская область,Нижний Новгород,,Судебный участок № 1 Советского судебного района города Нижний Новгород Нижегородской области,MS,Мировой суд,"603098, Нижегородская обл, г Нижний Новгород, ул Пушкина, д 29А",https://sovet1.nnov.msudrf.ru/,sovet1.nnov.msudrf.ru,нет,52MS0047
Нижегородская область,Нижний Новгород,,Судебный участок № 1 Сормовского судебного района города Нижний Новгород Нижегородской области,MS,Мировой суд,"603050, Нижегородская обл, г Нижний Новгород, ул Василия Иванова, д 56А",https://sormov1.nnov.msudrf.ru/,sormov1.nnov.msudrf.ru,нет,52MS0054
Нижегородская область,Нижний Новгород,,Судебный участок № 10 Автозаводского судебного района города Нижний Новгород Нижегородской области,MS,Мировой суд,"603101, Нижегородская обл, г Нижний Новгород, ул Ватутина, д 6А",https://avtoz10.nnov.msudrf.ru/,avtoz10.nnov.msudrf.ru,нет,52MS0010
Нижегородская область,Нижний Новгород,,Судебный участок № 11 Автозаводского судебного района города Нижний Новгород Нижегородской области,MS,Мировой суд,"603101, Нижегородская обл, г Нижний Новгород, ул Ватутина, д 6А",https://avtoz11.nnov.msudrf.ru/,avtoz11.nnov.msudrf.ru,нет,52MS0011
Нижегородская область,Нижний Новгород,,Судебный участок № 12 Автозаводского судебного района города Нижний Новгород Нижегородской области,MS,Мировой суд,"603101, Нижегородская обл, г Нижний Новгород, ул Ватутина, д 6А",https://avtoz12.nnov.msudrf.ru/,avtoz12.nnov.msudrf.ru,нет,52MS0012
Нижегородская область,Нижний Новгород,,Судебный участок № 13 Автозаводского судебного района города Нижний Новгород Нижегородской области,MS,Мировой суд,"603101, Нижегородская обл, г Нижний Новгород, ул Ватутина, д 6А",https://avtoz13.nnov.msudrf.ru/,avtoz13.nnov.msudrf.ru,нет,52MS0013
Нижегородская область,Нижний Новгород,,Судебный участок № 2 Автозаводского судебного района города Нижний Новгород Нижегородской области,MS,Мировой суд,"603101, Нижегородская обл, г Нижний Новгород, ул Ватутина, д 10А",https://avtoz2.nnov.msudrf.ru/,avtoz2.nnov.msudrf.ru,нет,52MS0002
Нижегородская область,Нижний Новгород,,Судебный участок № 2 Канавинского судебного района города Нижний Новгород Нижегородской области,MS,Мировой суд,"603002, Нижегородская обл, г Нижний Новгород, ул Советская, д 13",https://kanav2.nnov.msudrf.ru/,kanav2.nnov.msudrf.ru,нет,52MS0015
Нижегородская область,Нижний Новгород,,Судебный участок № 2 Кстовского судебного района Нижегородской области,MS,Мировой суд,"607651, Нижегородская обл, г Нижний Новгород, г Кстово, ул Театральная, д 2",https://kstovo2.nnov.msudrf.ru/,kstovo2.nnov.msudrf.ru,нет,52MS0131
Нижегородская область,Нижний Новгород,,Судебный участок № 2 Ленинского судебного района города Нижний Новгород Нижегородской области,MS,Мировой суд,"603032, Нижегородская обл, г Нижний Новгород, ул Памирская, д 13",https://lenin2.nnov.msudrf.ru/,lenin2.nnov.msudrf.ru,нет,52MS0023
Нижегородская область,Нижний Новгород,,Судебный участок № 2 Московского судебного района города Нижний Новгород Нижегородской области,MS,Мировой суд,"603044, Нижегородская обл, г Нижний Новгород, ул Николая Гастелло, д 1",https://mosk2.nnov.msudrf.ru/,mosk2.nnov.msudrf.ru,нет,52MS0030
Нижегородская область,Нижний Новгород,,Судебный участок № 2 Нижегородского судебного района города Нижний Новгород Нижегородской области,MS,Мировой суд,"603001, Нижегородская обл, г Нижний Новгород, ул Рождественская, д 19",https://nizh2.nnov.msudrf.ru/,nizh2.nnov.msudrf.ru,нет,52MS0037
Нижегородская область,Нижний Новгород,,Судебный участок № 2 Приокского судебного района города Нижний Новгород Нижегородской области,MS,Мировой суд,"603144, Нижегородская обл, г Нижний Новгород, ш Анкудиновское, д 32",https://priok2.nnov.msudrf.ru/,priok2.nnov.msudrf.ru,нет,52MS0043
Нижегородская область,Нижний Новгород,,Судебный участок № 2 Советского судебного района города Нижний Новгород Нижегородской области,MS,Мировой суд,"603098, Нижегородская обл, г Нижний Новгород, ул Пушкина, д 29А",https://sovet2.nnov.msudrf.ru/,sovet2.nnov.msudrf.ru,нет,52MS0048
Нижегородская область,Нижний Новгород,,Судебный участок № 2 Сормовского судебного района города Нижний Новгород Нижегородской области,MS,Мировой суд,"603050, Нижегородская обл, г Нижний Новгород, ул Василия Иванова, д 56А",https://sormov2.nnov.msudrf.ru/,sormov2.nnov.msudrf.ru,нет,52MS0055
Нижегородская область,Нижний Новгород,,Судебный участок № 3 Автозаводского судебного района города Нижний Новгород Нижегородской области,MS,Мировой суд,"603101, Нижегородская обл, г Нижний Новгород, ул Ватутина, д 10А",https://avtoz3.nnov.msudrf.ru/,avtoz3.nnov.msudrf.ru,нет,52MS0003
Нижегородская область,Нижний Новгород,,Судебный участок № 3 Канавинского судебного района города Нижний Новгород Нижегородской области,MS,Мировой суд,"603002, Нижегородская обл, г Нижний Новгород, ул Советская, д 13",https://kanav3.nnov.msudrf.ru/,kanav3.nnov.msudrf.ru,нет,52MS0016
Нижегородская область,Нижний Новгород,,Судебный участок № 3 Кстовского судебного района Нижегородской области,MS,Мировой суд,"607651, Нижегородская обл, г Нижний Новгород, г Кстово, ул Театральная, д 2",https://kstovo3.nnov.msudrf.ru/,kstovo3.nnov.msudrf.ru,нет,52MS0132
Нижегородская область,Нижний Новгород,,Судебный участок № 3 Ленинского судебного района города Нижний Новгород Нижегородской области,MS,Мировой суд,"603032, Нижегородская обл, г Нижний Новгород, ул Памирская, д 13",https://lenin3.nnov.msudrf.ru/,lenin3.nnov.msudrf.ru,нет,52MS0024
Нижегородская область,Нижний Новгород,,Судебный участок № 3 Московского судебного района города Нижний Новгород Нижегородской области,MS,Мировой суд,"603044, Нижегородская обл, г Нижний Новгород, ул Николая Гастелло, д 1",https://mosk3.nnov.msudrf.ru/,mosk3.nnov.msudrf.ru,нет,52MS0031
Нижегородская область,Нижний Новгород,,Судебный участок № 3 Нижегородского судебного района города Нижний Новгород Нижегородской области,MS,Мировой суд,"603001, Нижегородская обл, г Нижний Новгород, ул Рождественская, д 21Е",https://nizh3.nnov.msudrf.ru/,nizh3.nnov.msudrf.ru,нет,52MS0038
Нижегородская область,Нижний Новгород,,Судебный участок № 3 Приокского судебного района города Нижний Новгород Нижегородской области,MS,Мировой суд,"603144, Нижегородская обл, г Нижний Новгород, ш Анкудиновское, д 32",https://priok3.nnov.msudrf.ru/,priok3.nnov.msudrf.ru,нет,52MS0044
Нижегородская область,Нижний Новгород,,Судебный участок № 3 Советского судебного района города Нижний Новгород Нижегородской области,MS,Мировой суд,"603122, Нижегородская обл, г Нижний Новгород, ул Козицкого, д 1 к 1",https://sovet3.nnov.msudrf.ru/,sovet3.nnov.msudrf.ru,нет,52MS0049
Нижегородская область,Нижний Новгород,,Судебный участок № 3 Сормовского судебного района города Нижний Новгород Нижегородской области,MS,Мировой суд,"603050, Нижегородская обл, г Нижний Новгород, ул Василия Иванова, д 56А",https://sormov3.nnov.msudrf.ru/,sormov3.nnov.msudrf.ru,нет,52MS0056
Нижегородская область,Нижний Новгород,,Судебный участок № 4 Автозаводского судебного района города Нижний Новгород Нижегородской области,MS,Мировой суд,"603101, Нижегородская обл, г Нижний Новгород, ул Ватутина, д 10А",https://avtoz4.nnov.msudrf.ru/,avtoz4.nnov.msudrf.ru,нет,52MS0004
Нижегородская область,Нижний Новгород,,Судебный участок № 4 Канавинского судебного района города Нижний Новгород Нижегородской области,MS,Мировой суд,"603116, Нижегородская обл, г Нижний Новгород, ул Гордеевская, д 42А",https://kanav4.nnov.msudrf.ru/,kanav4.nnov.msudrf.ru,нет,52MS0017
Нижегородская область,Нижний Новгород,,Судебный участок № 4 Кстовского судебного района Нижегородской области,MS,Мировой суд,"607651, Нижегородская обл, г Нижний Новгород, г Кстово, ул Театральная, д 2",https://kstovo4.nnov.msudrf.ru/,kstovo4.nnov.msudrf.ru,нет,52MS0133
Нижегородская область,Нижний Новгород,,Судебный участок № 4 Ленинского судебного района города Нижний Новгород Нижегородской области,MS,Мировой суд,"603032, Нижегородская обл, г Нижний Новгород, ул Памирская, д 13",https://lenin4.nnov.msudrf.ru/,lenin4.nnov.msudrf.ru,нет,52MS0025
Нижегородская область,Нижний Новгород,,Судебный участок № 4 Московского судебного района города Нижний Новгород Нижегородской области,MS,Мировой суд,"603047, Нижегородская обл, г Нижний Новгород, ул Красных Зорь, д 14",https://mosk4.nnov.msudrf.ru/,mosk4.nnov.msudrf.ru,нет,52MS0032
Нижегородская область,Нижний Новгород,,Судебный участок № 4 Нижегородского судебного района города Нижний Новгород Нижегородской области,MS,Мировой суд,"603001, Нижегородская обл, г Нижний Новгород, ул Рождественская, д 19",https://nizh4.nnov.msudrf.ru/,nizh4.nnov.msudrf.ru,нет,52MS0039
Нижегородская область,Нижний Новгород,,Судебный участок № 4 Приокского судебного района города Нижний Новгород Нижегородской области,MS,Мировой суд,"603152, Нижегородская обл, г Нижний Новгород, ул Петровского, д 23",https://priok4.nnov.msudrf.ru/,priok4.nnov.msudrf.ru,нет,52MS0045
Нижегородская область,Нижний Новгород,,Судебный участок № 4 Советского судебного района города Нижний Новгород Нижегородской области,MS,Мировой суд,"603122, Нижегородская обл, г Нижний Новгород, ул Козицкого, д 1 к 1",https://sovet4.nnov.msudrf.ru/,sovet4.nnov.msudrf.ru,нет,52MS0050
Нижегородская область,Нижний Новгород,,Судебный участок № 4 Сормовского судебного района города Нижний Новгород Нижегородской области,MS,Мировой суд,"603050, Нижегородская обл, г Нижний Новгород, ул Василия Иванова, д 56А",https://sormov4.nnov.msudrf.ru/,sormov4.nnov.msudrf.ru,нет,52MS0057
Нижегородская область,Нижний Новгород,,Судебный участок № 5 Автозаводского судебного района города Нижний Новгород Нижегородской области,MS,Мировой суд,"603101, Нижегородская обл, г Нижний Новгород, ул Ватутина, д 10А",https://avtoz5.nnov.msudrf.ru/,avtoz5.nnov.msudrf.ru,нет,52MS0005
Нижегородская область,Нижний Новгород,,Судебный участок № 5 Канавинского судебного района города Нижний Новгород Нижегородской области,MS,Мировой суд,"603002, Нижегородская обл, г Нижний Новгород, ул Советская, д 13",https://kanav5.nnov.msudrf.ru/,kanav5.nnov.msudrf.ru,нет,52MS0018
Нижегородская область,Нижний Новгород,,Судебный участок № 5 Кстовского судебного района Нижегородской области,MS,Мировой суд,"607651, Нижегородская обл, г Нижний Новгород, г Кстово, ул Театральная, д 2",https://kstovo5.nnov.msudrf.ru/,kstovo5.nnov.msudrf.ru,нет,52MS0134
Нижегородская область,Нижний Новгород,,Судебный участок № 5 Ленинского судебного района города Нижний Новгород Нижегородской области,MS,Мировой суд,"603032, Нижегородская обл, г Нижний Новгород, ул Памирская, д 13",https://lenin5.nnov.msudrf.ru/,lenin5.nnov.msudrf.ru,нет,52MS0026
Нижегородская область,Нижний Новгород,,Судебный участок № 5 Московского судебного района города Нижний Новгород Нижегородской области,MS,Мировой суд,"603044, Нижегородская обл, г Нижний Новгород, ул Николая Гастелло, д 1",https://mosk5.nnov.msudrf.ru/,mosk5.nnov.msudrf.ru,нет,52MS0033
Нижегородская область,Нижний Новгород,,Судебный участок № 5 Нижегородского судебного района города Нижний Новгород Нижегородской области,MS,Мировой суд,"603087, Нижегородская обл, г Нижний Новгород, ул Верхне-Печерская, д 15 к 1, помещ 1",https://nizh5.nnov.msudrf.ru/,nizh5.nnov.msudrf.ru,нет,52MS0040
Нижегородская область,Нижний Новгород,,Судебный участок № 5 Приокского судебного района города Нижний Новгород Нижегородской области,MS,Мировой суд,"603152, Нижегородская обл, г Нижний Новгород, ул Петровского, д 23",https://priok5.nnov.msudrf.ru/,priok5.nnov.msudrf.ru,нет,52MS0046
Нижегородская область,Нижний Новгород,,Судебный участок № 5 Советского судебного района города Нижний Новгород Нижегородской области,MS,Мировой суд,"603098, Нижегородская обл, г Нижний Новгород, ул Пушкина, д 29А",https://sovet5.nnov.msudrf.ru/,sovet5.nnov.msudrf.ru,нет,52MS0051
Нижегородская область,Нижний Новгород,,Судебный участок № 5 Сормовского судебного района города Нижний Новгород Нижегородской области,MS,Мировой суд,"603050, Нижегородская обл, г Нижний Новгород, ул Василия Иванова, д 56А",https://sormov5.nnov.msudrf.ru/,sormov5.nnov.msudrf.ru,нет,52MS0058
Нижегородская область,Нижний Новгород,,Судебный участок № 6 Автозаводского судебного района города Нижний Новгород Нижегородской области,MS,Мировой суд,"603101, Нижегородская обл, г Нижний Новгород, ул Ватутина, д 10А",https://avtoz6.nnov.msudrf.ru/,avtoz6.nnov.msudrf.ru,нет,52MS0006
Нижегородская область,Нижний Новгород,,Судебный участок № 6 Канавинского судебного района города Нижний Новгород Нижегородской области,MS,Мировой суд,"603116, Нижегородская обл, г Нижний Новгород, ул Гордеевская, д 42А",https://kanav6.nnov.msudrf.ru/,kanav6.nnov.msudrf.ru,нет,52MS0019
Нижегородская область,Нижний Новгород,,Судебный участок № 6 Кстовского судебного района Нижегородской области,MS,Мировой суд,"607651, Нижегородская обл, г Нижний Новгород, г Кстово, ул Театральная, д 2",https://kstovo6.nnov.msudrf.ru/,kstovo6.nnov.msudrf.ru,нет,52MS0180
Нижегородская область,Нижний Новгород,,Судебный участок № 6 Ленинского судебного района города Нижний Новгород Нижегородской области,MS,Мировой суд,"603032, Нижегородская обл, г Нижний Новгород, ул Памирская, д 13",https://lenin6.nnov.msudrf.ru/,lenin6.nnov.msudrf.ru,нет,52MS0027
Нижегородская область,Нижний Новгород,,Судебный участок № 6 Московского судебного района города Нижний Новгород Нижегородской области,MS,Мировой суд,"603047, Нижегородская обл, г Нижний Новгород, ул Красных Зорь, д 14",https://mosk6.nnov.msudrf.ru/,mosk6.nnov.msudrf.ru,нет,52MS0034
Нижегородская область,Нижний Новгород,,Судебный участок № 6 Нижегородского судебного района города Нижний Новгород Нижегородской области,MS,Мировой суд,"603001, Нижегородская обл, г Нижний Новгород, ул Рождественская, д 19",https://nizh6.nnov.msudrf.ru/,nizh6.nnov.msudrf.ru,нет,52MS0041
Нижегородская область,Нижний Новгород,,Судебный участок № 6 Приокского судебного района города Нижний Новгород Нижегородской области,MS,Мировой суд,"603062, Нижегородская обл, г Нижний Новгород, пер 2-й Осташковский, д 1А",https://priok6.nnov.msudrf.ru/,priok6.nnov.msudrf.ru,нет,52MS0181
Нижегородская область,Нижний Новгород,,Судебный участок № 6 Советского судебного района города Нижний Новгород Нижегородской области,MS,Мировой суд,"603098, Нижегородская обл, г Нижний Новгород, ул Пушкина, д 29А",https://sovet6.nnov.msudrf.ru/,sovet6.nnov.msudrf.ru,нет,52MS0052
Нижегородская область,Нижний Новгород,,Судебный участок № 6 Сормовского судебного района города Нижний Новгород Нижегородской области,MS,Мировой суд,"603050, Нижегородская обл, г Нижний Новгород, ул Василия Иванова, д 56А",https://sormov6.nnov.msudrf.ru/,sormov6.nnov.msudrf.ru,нет,52MS0059
Нижегородская область,Нижний Новгород,,Судебный участок № 7 Автозаводского судебного района города Нижний Новгород Нижегородской области,MS,Мировой суд,"603101, Нижегородская обл, г Нижний Новгород, ул Ватутина, д 6А",https://avtoz7.nnov.msudrf.ru/,avtoz7.nnov.msudrf.ru,нет,52MS0007
Нижегородская область,Нижний Новгород,,Судебный участок № 7 Канавинского судебного района города Нижний Новгород Нижегородской области,MS,Мировой суд,"603124, Нижегородская обл, г Нижний Новгород, пер Камчатский, д 5",https://kanav7.nnov.msudrf.ru/,kanav7.nnov.msudrf.ru,нет,52MS0020
Нижегородская область,Нижний Новгород,,Судебный участок № 7 Ленинского судебного района города Нижний Новгород Нижегородской области,MS,Мировой суд,"603032, Нижегородская обл, г Нижний Новгород, ул Памирская, д 13",https://lenin7.nnov.msudrf.ru/,lenin7.nnov.msudrf.ru,нет,52MS0028
Нижегородская область,Нижний Новгород,,Судебный участок № 7 Московского судебного района города Нижний Новгород Нижегородской области,MS,Мировой суд,"603044, Нижегородская обл, г Нижний Новгород, ул Николая Гастелло, д 1",https://mosk7.nnov.msudrf.ru/,mosk7.nnov.msudrf.ru,нет,52MS0035
Нижегородская область,Нижний Новгород,,Судебный участок № 7 Нижегородского судебного района города Нижний Новгород Нижегородской области,MS,Мировой суд,"603087, Нижегородская обл, г Нижний Новгород, ул Верхне-Печерская, д 15 к 1, помещ 1",https://nizh7.nnov.msudrf.ru/,nizh7.nnov.msudrf.ru,нет,52MS0177
Нижегородская область,Нижний Новгород,,Судебный участок № 7 Советского судебного района города Нижний Новгород Нижегородской области,MS,Мировой суд,"603122, Нижегородская обл, г Нижний Новгород, ул Козицкого, д 1 к 1",https://sovet7.nnov.msudrf.ru/,sovet7.nnov.msudrf.ru,нет,52MS0053
Нижегородская область,Нижний Новгород,,Судебный участок № 7 Сормовского судебного района города Нижний Новгород Нижегородской области,MS,Мировой суд,"603050, Нижегородская обл, г Нижний Новгород, ул Василия Иванова, д 56А",https://sormov7.nnov.msudrf.ru/,sormov7.nnov.msudrf.ru,нет,52MS0060
Нижегородская область,Нижний Новгород,,Судебный участок № 8 Автозаводского судебного района города Нижний Новгород Нижегородской области,MS,Мировой суд,"603101, Нижегородская обл, г Нижний Новгород, ул Ватутина, д 6А",https://avtoz8.nnov.msudrf.ru/,avtoz8.nnov.msudrf.ru,нет,52MS0008
Нижегородская область,Нижний Новгород,,Судебный участок № 8 Канавинского судебного района города Нижний Новгород Нижегородской области,MS,Мировой суд,"603002, Нижегородская обл, г Нижний Новгород, ул Советская, д 13",https://kanav8.nnov.msudrf.ru/,kanav8.nnov.msudrf.ru,нет,52MS0021
Нижегородская область,Нижний Новгород,,Судебный участок № 8 Нижегородского судебного района города Нижний Новгород Нижегородской области,MS,Мировой суд,"603001, Нижегородская обл, г Нижний Новгород, ул Рождественская, д 18",https://nizh8.nnov.msudrf.ru/,nizh8.nnov.msudrf.ru,нет,52MS0179
Нижегородская область,Нижний Новгород,,Судебный участок № 8 Сормовского судебного района города Нижний Новгород Нижегородской области,MS,Мировой суд,"603050, Нижегородская обл, г Нижний Новгород, ул Василия Иванова, д 56А",https://sormov8.nnov.msudrf.ru/,sormov8.nnov.msudrf.ru,нет,52MS0061
Нижегородская область,Нижний Новгород,,Судебный участок № 9 Автозаводского судебного района города Нижний Новгород Нижегородской области,MS,Мировой суд,"603101, Нижегородская обл, г Нижний Новгород, ул Ватутина, д 6А",https://avtoz9.nnov.msudrf.ru/,avtoz9.nnov.msudrf.ru,нет,52MS0009
Нижегородская область,Нижний Новгород,,Судебный участок № 9 Канавинского судебного района города Нижний Новгород Нижегородской области,MS,Мировой суд,"603002, Нижегородская обл, г Нижний Новгород, ул Советская, д 16",https://kanav9.nnov.msudrf.ru/,kanav9.nnov.msudrf.ru,нет,52MS0178
Нижегородская область,Павлово,,Судебный участок № 1 Павловского судебного района Нижегородской области,MS,Мировой суд,"606100, Нижегородская обл, г Павлово, ул Кирова, д 66А",https://pavlov1.nnov.msudrf.ru/,pavlov1.nnov.msudrf.ru,нет,52MS0144
Нижегородская область,Павлово,,Судебный участок № 2 Павловского судебного района Нижегородской области,MS,Мировой суд,"606100, Нижегородская обл, г Павлово, ул Кирова, д 66А",https://pavlov2.nnov.msudrf.ru/,pavlov2.nnov.msudrf.ru,нет,52MS0145
Нижегородская область,Павлово,,Судебный участок № 3 Павловского судебного района Нижегородской области,MS,Мировой суд,"606100, Нижегородская обл, г Павлово, ул Кирова, д 66А",https://pavlov3.nnov.msudrf.ru/,pavlov3.nnov.msudrf.ru,нет,52MS0146
Нижегородская область,Павлово,,Судебный участок № 4 Павловского судебного района Нижегородской области,MS,Мировой суд,"606100, Нижегородская обл, г Павлово, ул Кирова, д 66А",https://pavlov4.nnov.msudrf.ru/,pavlov4.nnov.msudrf.ru,нет,52MS0147
Нижегородская область,Павлово,,Судебный участок № 5 Павловского судебного района Нижегородской области,MS,Мировой суд,"606100, Нижегородская обл, г Павлово, ул Кирова, д 66А",https://pavl5.nnov.msudrf.ru/,pavl5.nnov.msudrf.ru,нет,52MS0148
Нижегородская область,Первомайск,,Судебный участок Первомайского судебного района Нижегородской области,MS,Мировой суд,"607760, Нижегородская обл, г Первомайск, ул Октябрьская, д 6",https://pervom.nnov.msudrf.ru/,pervom.nnov.msudrf.ru,нет,52MS0149
Нижегородская область,Перевоз,,Судебный участок Перевозского судебного района Нижегородской области,MS,Мировой суд,"607400, Нижегородская обл, г Перевоз, ул Молодежная, зд 4",https://perev.nnov.msudrf.ru/,perev.nnov.msudrf.ru,нет,52MS0150
Нижегородская область,Пильна,,Судебный участок Пильнинского судебного района Нижегородской области,MS,Мировой суд,"607490, Нижегородская обл, рп Пильна, ул Урицкого, д 64",https://pilna.nnov.msudrf.ru/,pilna.nnov.msudrf.ru,нет,52MS0151
Нижегородская область,Починки,,Судебный участок № 1 Починковского судебного района Нижегородской области,MS,Мировой суд,"607910, Нижегородская обл, с Починки, ул Луначарского, д 17",https://pochin1.nnov.msudrf.ru/,pochin1.nnov.msudrf.ru,нет,52MS0152
Нижегородская область,Починки,,Судебный участок № 2 Починковского судебного района Нижегородской области,MS,Мировой суд,"607910, Нижегородская обл, с Починки, ул Луначарского, д 17",https://pochin2.nnov.msudrf.ru/,pochin2.nnov.msudrf.ru,нет,52MS0153
Нижегородская область,Саров,,Судебный участок № 1 Саровского судебного района Нижегородской области,MS,Мировой суд,"607188, Нижегородская обл, г Саров, ул Репина, д 3",https://sarov1.nnov.msudrf.ru/,sarov1.nnov.msudrf.ru,нет,52MS0154
Нижегородская область,Саров,,Судебный участок № 2 Саровского судебного района Нижегородской области,MS,Мировой суд,"607188, Нижегородская обл, г Саров, ул Репина, д 3",https://sarov2.nnov.msudrf.ru/,sarov2.nnov.msudrf.ru,нет,52MS0155
Нижегородская область,Саров,,Судебный участок № 3 Саровского судебного района Нижегородской области,MS,Мировой суд,"607188, Нижегородская обл, г Саров, ул Репина, д 3",https://sarov3.nnov.msudrf.ru/,sarov3.nnov.msudrf.ru,нет,52MS0156
Нижегородская область,Саров,,Судебный участок № 4 Саровского судебного района Нижегородской области,MS,Мировой суд,"607188, Нижегородская обл, г Саров, ул Репина, д 3",https://sarov4.nnov.msudrf.ru/,sarov4.nnov.msudrf.ru,нет,52MS0157
Нижегородская область,Семенов,,Судебный участок № 1 Семеновского судебного района Нижегородской области,MS,Мировой суд,"606650, Нижегородская обл, г Семенов, ул Ленина, д 12",https://semen1.nnov.msudrf.ru/,semen1.nnov.msudrf.ru,нет,52MS0158
Нижегородская область,Семенов,,Судебный участок № 2 Семеновского судебного района Нижегородской области,MS,Мировой суд,"606650, Нижегородская обл, г Семенов, ул Ленина, д 12",https://semen2.nnov.msudrf.ru/,semen2.nnov.msudrf.ru,нет,52MS0159
Нижегородская область,Семенов,,Судебный участок № 3 Семеновского судебного района Нижегородской области,MS,Мировой суд,"606650, Нижегородская обл, г Семенов, ул Ленина, д 12",https://semen3.nnov.msudrf.ru/,semen3.nnov.msudrf.ru,нет,52MS0160
Нижегородская область,Сергач,,Судебный участок № 1 Сергачского судебного района Нижегородской области,MS,Мировой суд,"607510, Нижегородская обл, г Сергач, ул Советская, д 30",https://serg1.nnov.msudrf.ru/,serg1.nnov.msudrf.ru,нет,52MS0161
Нижегородская область,Сергач,,Судебный участок № 2 Сергачского судебного района Нижегородской области,MS,Мировой суд,"607510, Нижегородская обл, г Сергач, ул Советская, д 30",https://serg2.nnov.msudrf.ru/,serg2.nnov.msudrf.ru,нет,52MS0162
Нижегородская область,Сеченово,,Судебный участок Сеченовского судебного района Нижегородской области,MS,Мировой суд,"607580, Нижегородская обл, с Сеченово, ул Советская, д 7",https://sechen.nnov.msudrf.ru/,sechen.nnov.msudrf.ru,нет,52MS0163
Нижегородская область,Сокольское,,Судебный участок Сокольского судебного района Нижегородской области,MS,Мировой суд,"606670, Нижегородская обл, рп Сокольское, ул Достоевского, д 16",https://sokol.nnov.msudrf.ru/,sokol.nnov.msudrf.ru,нет,52MS0164
Нижегородская область,Сосновское,,Судебный участок Сосновского судебного района Нижегородской области,MS,Мировой суд,"606170, Нижегородская обл, рп Сосновское, ул Комсомольская, д 20",https://sosnov.nnov.msudrf.ru/,sosnov.nnov.msudrf.ru,нет,52MS0165
Нижегородская область,Спасское,,Судебный участок Спасского судебного района Нижегородской области,MS,Мировой суд,"606280, Нижегородская обл, с Спасское, пл Революции, зд 27",https://spas.nnov.msudrf.ru/,spas.nnov.msudrf.ru,нет,52MS0166
Нижегородская область,Тонкино,,Судебный участок Тонкинского судебного района Нижегородской области,MS,Мировой суд,"606970, Нижегородская обл, рп Тонкино, ул Свободы, д 21",https://tonkin.nnov.msudrf.ru/,tonkin.nnov.msudrf.ru,нет,52MS0167
Нижегородская область,Тоншаево,,Судебный участок Тоншаевского судебного района Нижегородской области,MS,Мировой суд,"606950, Нижегородская обл, рп Тоншаево, ул Центральная, д 16",https://tonsh.nnov.msudrf.ru/,tonsh.nnov.msudrf.ru,нет,52MS0168
Нижегородская область,Уразовка,,Судебный участок Краснооктябрьского судебного района Нижегородской области,MS,Мировой суд,"607530, Нижегородская обл, с Уразовка, пер Парковый, д 3",https://krokt.nnov.msudrf.ru/,krokt.nnov.msudrf.ru,нет,52MS0129
Нижегородская область,Урень,,Судебный участок № 1 Уренского судебного района Нижегородской области,MS,Мировой суд,"606803, Нижегородская обл, г Урень, ул Механизаторов, д 32",https://uren1.nnov.msudrf.ru/,uren1.nnov.msudrf.ru,нет,52MS0169
Нижегородская область,Урень,,Судебный участок № 2 Уренского судебного района Нижегородской области,MS,Мировой суд,"606803, Нижегородская обл, г Урень, ул Механизаторов, д 32",https://uren2.nnov.msudrf.ru/,uren2.nnov.msudrf.ru,нет,52MS0170
Нижегородская область,Чкаловск,,Судебный участок № 1 Чкаловского судебного района Нижегородской области,MS,Мировой суд,"606540, Нижегородская обл, г Чкаловск, ул Лесная, зд 7",https://chkal1.nnov.msudrf.ru/,chkal1.nnov.msudrf.ru,нет,52MS0171
Нижегородская область,Чкаловск,,Судебный участок № 2 Чкаловского судебного района Нижегородской области,MS,Мировой суд,"606540, Нижегородская обл, г Чкаловск, ул Лесная, зд 7",https://chkal2.nnov.msudrf.ru/,chkal2.nnov.msudrf.ru,нет,52MS0172
Нижегородская область,Шаранга,,Судебный участок Шарангского судебного района Нижегородской области,MS,Мировой суд,"606840, Нижегородская обл, рп Шаранга, ул Красноармейская, д 1",https://shara.nnov.msudrf.ru/,shara.nnov.msudrf.ru,нет,52MS0173
Нижегородская область,Шатки,,Судебный участок Шатковского судебного района Нижегородской области,MS,Мировой суд,"607700, Нижегородская обл, рп Шатки, ул Федеративная, д 21",https://shatki.nnov.msudrf.ru/,shatki.nnov.msudrf.ru,нет,52MS0174
Нижегородская область,Шахунья,,Судебный участок № 1 Шахунского судебного района Нижегородской области,MS,Мировой суд,"606910, Нижегородская обл, г Шахунья, ул Советская, д 13",https://shah1.nnov.msudrf.ru/,shah1.nnov.msudrf.ru,нет,52MS0175
Нижегородская область,Шахунья,,Судебный участок № 2 Шахунского судебного района Нижегородской области,MS,Мировой суд,"606910, Нижегородская обл, г Шахунья, ул Советская, д 13",https://shah2.nnov.msudrf.ru/,shah2.nnov.msudrf.ru,нет,52MS0176
Пермский край,Александровск,,Судебный участок № 1 Александровского судебного района Пермского края,MS,Мировой суд,"618320, Пермский край, г Александровск, ул Калинина, зд 3",https://44.perm.msudrf.ru/,44.perm.msudrf.ru,нет,59MS0044
Пермский край,Барда,,Судебный участок № 1 Бардымского судебного района Пермского края,MS,Мировой суд,"618150, Пермский край, с Барда, ул Ленина, д 50А",https://85.perm.msudrf.ru/,85.perm.msudrf.ru,нет,59MS0085
Пермский край,Барда,,Судебный участок № 2 Бардымского судебного района Пермского края,MS,Мировой суд,"618150, Пермский край, с Барда, ул Ленина, д 50А",https://86.perm.msudrf.ru/,86.perm.msudrf.ru,нет,59MS0086
Пермский край,Березники,,Судебный участок № 1 Березниковского судебного района Пермского края,MS,Мировой суд,"618400, Пермский край, г Березники, ул Юбилейная, д 11",https://46.perm.msudrf.ru/,46.perm.msudrf.ru,нет,59MS0046
Пермский край,Березники,,Судебный участок № 2 Березниковского судебного района Пермского края,MS,Мировой суд,"618400, Пермский край, г Березники, ул Юбилейная, д 11",https://47.perm.msudrf.ru/,47.perm.msudrf.ru,нет,59MS0047
Пермский край,Березники,,Судебный участок № 3 Березниковского судебного района Пермского края,MS,Мировой суд,"618400, Пермский край, г Березники, ул Юбилейная, д 11",https://48.perm.msudrf.ru/,48.perm.msudrf.ru,нет,59MS0048
Пермский край,Березники,,Судебный участок № 4 Березниковского судебного района Пермского края,MS,Мировой суд,"618400, Пермский край, г Березники, ул Юбилейная, д 11",https://49.perm.msudrf.ru/,49.perm.msudrf.ru,нет,59MS0049
Пермский край,Березники,,Судебный участок № 5 Березниковского судебного района Пермского края,MS,Мировой суд,"618400, Пермский край, г Березники, ул Юбилейная, д 11",https://50.perm.msudrf.ru/,50.perm.msudrf.ru,нет,59MS0050
Пермский край,Березники,,Судебный участок № 6 Березниковского судебного района Пермского края,MS,Мировой суд,"618400, Пермский край, г Березники, ул Юбилейная, д 11",https://51.perm.msudrf.ru/,51.perm.msudrf.ru,нет,59MS0051
Пермский край,Березники,,Судебный участок № 7 Березниковского судебного района Пермского края,MS,Мировой суд,"618400, Пермский край, г Березники, ул Юбилейная, д 11",https://52.perm.msudrf.ru/,52.perm.msudrf.ru,нет,59MS0052
Пермский край,Березники,,Судебный участок № 8 Березниковского судебного района Пермского края,MS,Мировой суд,"618400, Пермский край, г Березники, ул Юбилейная, д 11",https://53.perm.msudrf.ru/,53.perm.msudrf.ru,нет,59MS0053
Пермский край,Березники,,Судебный участок № 9 Березниковского судебного района Пермского края,MS,Мировой суд,"618409, Пермский край, г Березники, ул Ивана Дощеникова, д 22",https://120.perm.msudrf.ru/,120.perm.msudrf.ru,нет,59MS0120
Пермский край,Березовка,,Судебный участок № 8 Кунгурского судебного района Пермского края,MS,Мировой суд,"617570, Пермский край, с Березовка, ул Центральная, д 4",https://87.perm.msudrf.ru/,87.perm.msudrf.ru,нет,59MS0087
Пермский край,Бершеть,,Судебный участок № 4 Пермского судебного района Пермского края,MS,Мировой суд,"614551, Пермский край, Пермский р-н, с Бершеть, ул Школьная, зд 9",https://115.perm.msudrf.ru/,115.perm.msudrf.ru,нет,59MS0115
Пермский край,Большая Соснова,,Судебный участок № 1 Большесосновского судебного района Пермского края,MS,Мировой суд,"617080, Пермский край, с Большая Соснова, ул Набережная, зд 42",https://88.perm.msudrf.ru/,88.perm.msudrf.ru,нет,59MS0088
Пермский край,Верещагино,,Судебный участок № 1 Верещагинского судебного района Пермского края,MS,Мировой суд,"617120, Пермский край, г Верещагино, ул О.Кошевого, д 22А",https://89.perm.msudrf.ru/,89.perm.msudrf.ru,нет,59MS0089
Пермский край,Верещагино,,Судебный участок № 2 Верещагинского судебного района Пермского края,MS,Мировой суд,"617120, Пермский край, г Верещагино, ул О.Кошевого, д 22А",https://90.perm.msudrf.ru/,90.perm.msudrf.ru,нет,59MS0090
Пермский край,Гайны,,Судебный участок № 1 Гайнского судебного района Пермского края,MS,Мировой суд,"619650, Пермский край, п Гайны, ул Кашина, зд 40",https://129.perm.msudrf.ru/,129.perm.msudrf.ru,нет,59MS0129
Пермский край,Горнозаводск,,Судебный участок № 5 Чусовского судебного района Пермского края,MS,Мировой суд,"618820, Пермский край, г Горнозаводск, ул Мира, д 15",https://91.perm.msudrf.ru/,91.perm.msudrf.ru,нет,59MS0091
Пермский край,Гремячинск,,Судебный участок № 3 Губахинского судебного района Пермского края,MS,Мировой суд,"618270, Пермский край, г Гремячинск, ул Ленина, д 192 к 2",https://54.perm.msudrf.ru/,54.perm.msudrf.ru,нет,59MS0054
Пермский край,Губаха,,Судебный участок № 1 Губахинского судебного района Пермского края,MS,Мировой суд,"618250, Пермский край, г Губаха, ул Дегтярева, д 16А",https://55.perm.msudrf.ru/,55.perm.msudrf.ru,нет,59MS0055
Пермский край,Губаха,,Судебный участок № 2 Губахинского судебного района Пермского края,MS,Мировой суд,"618250, Пермский край, г Губаха, ул Дегтярева, д 16А",https://56.perm.msudrf.ru/,56.perm.msudrf.ru,нет,59MS0056
Пермский край,Добрянка,,Судебный участок № 1 Добрянского судебного района Пермского края,MS,Мировой суд,"618740, Пермский край, г Добрянка, ул Советская, д 36",https://57.perm.msudrf.ru/,57.perm.msudrf.ru,нет,59MS0057
Пермский край,Добрянка,,Судебный участок № 2 Добрянского судебного района Пермского края,MS,Мировой суд,"618740, Пермский край, г Добрянка, ул Советская, д 36",https://58.perm.msudrf.ru/,58.perm.msudrf.ru,нет,59MS0058
Пермский край,Добрянка,,Судебный участок № 3 Добрянского судебного района Пермского края,MS,Мировой суд,"618740, Пермский край, г Добрянка, ул Советская, д 36",https://59.perm.msudrf.ru/,59.perm.msudrf.ru,нет,59MS0059
Пермский край,Елово,,Судебный участок № 3 Осинского судебного района Пермского края,MS,Мировой суд,"618170, Пермский край, с Елово, ул Ленина, д 13",https://93.perm.msudrf.ru/,93.perm.msudrf.ru,нет,59MS0093
Пермский край,Ильинский,,Судебный участок № 1 Ильинского судебного района Пермского края,MS,Мировой суд,"617020, Пермский край, п Ильинский, ул Теплоуховых, д 5",https://94.perm.msudrf.ru/,94.perm.msudrf.ru,нет,59MS0094
Пермский край,Карагай,,Судебный участок № 1 Карагайского судебного района Пермского края,MS,Мировой суд,"617210, Пермский край, с Карагай, ул Карла Маркса, зд 23",https://143.perm.msudrf.ru/,143.perm.msudrf.ru,нет,59MS0143
Пермский край,Кизел,,Судебный участок № 1 Кизеловского судебного района Пермского края,MS,Мировой суд,"618353, Пермский край, г Кизел, ул Пролетарская, зд 19",https://60.perm.msudrf.ru/,60.perm.msudrf.ru,нет,59MS0060
Пермский край,Кизел,,Судебный участок № 2 Кизеловского судебного района Пермского края,MS,Мировой суд,"618353, Пермский край, г Кизел, ул Пролетарская, зд 19",https://61.perm.msudrf.ru/,61.perm.msudrf.ru,нет,59MS0061
Пермский край,Кондратово,,Судебный участок № 1 Пермского судебного района Пермского края,MS,Мировой суд,"614506, Пермский край, Пермский р-н, д Кондратово, ул Садовое Кольцо, д 8",https://112.perm.msudrf.ru/,112.perm.msudrf.ru,нет,59MS0112
Пермский край,Кондратово,,Судебный участок № 2 Пермского судебного района Пермского края,MS,Мировой суд,"614506, Пермский край, Пермский р-н, д Кондратово, ул Садовое Кольцо, д 8",https://113.perm.msudrf.ru/,113.perm.msudrf.ru,нет,59MS0113
Пермский край,Кондратово,,Судебный участок № 3 Пермского судебного района Пермского края,MS,Мировой суд,"614506, Пермский край, Пермский р-н, д Кондратово, ул Садовое Кольцо, д 8",https://114.perm.msudrf.ru/,114.perm.msudrf.ru,нет,59MS0114
Пермский край,Коса,,Судебный участок № 2 Кочевского судебного района Пермского края,MS,Мировой суд,"619430, Пермский край, с Коса, ул Ленина, д 102",https://155.perm.msudrf.ru/,155.perm.msudrf.ru,нет,59MS0155
Пермский край,Кочево,,Судебный участок № 1 Кочевского судебного района Пермского края,MS,Мировой суд,"619320, Пермский край, с Кочево, ул Надежды Крупской, д 2",https://131.perm.msudrf.ru/,131.perm.msudrf.ru,нет,59MS0131
Пермский край,Красновишерск,,Судебный участок № 1 Красновишерского судебного района Пермского края,MS,Мировой суд,"618590, Пермский край, г Красновишерск, ул Дзержинского, д 6",https://97.perm.msudrf.ru/,97.perm.msudrf.ru,нет,59MS0097
Пермский край,Краснокамск,,Судебный участок № 1 Краснокамского судебного района Пермского края,MS,Мировой суд,"617060, Пермский край, г Краснокамск, пр-кт Мира, д 14",https://62.perm.msudrf.ru/,62.perm.msudrf.ru,нет,59MS0062
Пермский край,Краснокамск,,Судебный участок № 2 Краснокамского судебного района Пермского края,MS,Мировой суд,"617060, Пермский край, г Краснокамск, пр-кт Мира, д 14",https://63.perm.msudrf.ru/,63.perm.msudrf.ru,нет,59MS0063
Пермский край,Краснокамск,,Судебный участок № 3 Краснокамского судебного района Пермского края,MS,Мировой суд,"617060, Пермский край, г Краснокамск, пр-кт Мира, д 14",https://64.perm.msudrf.ru/,64.perm.msudrf.ru,нет,59MS0064
Пермский край,Краснокамск,,Судебный участок № 4 Краснокамского судебного района Пермского края,MS,Мировой суд,"617060, Пермский край, г Краснокамск, пр-кт Мира, д 14",https://139.perm.msudrf.ru/,139.perm.msudrf.ru,нет,59MS0139
Пермский край,Кудымкар,,Судебный участок № 1 Кудымкарского судебного района Пермского края,MS,Мировой суд,"619000, Пермский край, г Кудымкар, ул Загородная, д 4",https://127.perm.msudrf.ru/,127.perm.msudrf.ru,нет,59MS0127
Пермский край,Кудымкар,,Судебный участок № 2 Кудымкарского судебного района Пермского края,MS,Мировой суд,"619000, Пермский край, г Кудымкар, ул Загородная, д 4",https://128.perm.msudrf.ru/,128.perm.msudrf.ru,нет,59MS0128
Пермский край,Кудымкар,,Судебный участок № 4 Кудымкарского судебного района Пермского края,MS,Мировой суд,"619000, Пермский край, г Кудымкар, ул Загородная, д 4",https://133.perm.msudrf.ru/,133.perm.msudrf.ru,нет,59MS0133
Пермский край,Куеда,,Судебный участок № 1 Куединского судебного района Пермского края,MS,Мировой суд,"617700, Пермский край, п Куеда, ул Трактовая, д 4",https://99.perm.msudrf.ru/,99.perm.msudrf.ru,нет,59MS0099
Пермский край,Куеда,,Судебный участок № 2 Куединского судебного района Пермского края,MS,Мировой суд,"617700, Пермский край, п Куеда, ул Трактовая, д 4",https://100.perm.msudrf.ru/,100.perm.msudrf.ru,нет,59MS0100
Пермский край,Кунгур,,Судебный участок № 1 Кунгурского судебного района Пермского края,MS,Мировой суд,"617470, Пермский край, г Кунгур, ул Степана Разина, д 21",https://65.perm.msudrf.ru/,65.perm.msudrf.ru,нет,59MS0065
Пермский край,Кунгур,,Судебный участок № 2 Кунгурского судебного района Пермского края,MS,Мировой суд,"617470, Пермский край, г Кунгур, ул Степана Разина, д 21",https://66.perm.msudrf.ru/,66.perm.msudrf.ru,нет,59MS0066
Пермский край,Кунгур,,Судебный участок № 3 Кунгурского судебного района Пермского края,MS,Мировой суд,"617470, Пермский край, г Кунгур, ул Степана Разина, д 21",https://67.perm.msudrf.ru/,67.perm.msudrf.ru,нет,59MS0067
Пермский край,Кунгур,,Судебный участок № 4 Кунгурского судебного района Пермского края,MS,Мировой суд,"617470, Пермский край, г Кунгур, ул Полетаевская, д 2",https://144.perm.msudrf.ru/,144.perm.msudrf.ru,нет,59MS0144
Пермский край,Кунгур,,Судебный участок № 6 Кунгурского судебного района Пермского края,MS,Мировой суд,"617470, Пермский край, г Кунгур, ул Полетаевская, д 2",https://102.perm.msudrf.ru/,102.perm.msudrf.ru,нет,59MS0102
Пермский край,Лысьва,,Судебный участок № 1 Лысьвенского судебного района Пермского края,MS,Мировой суд,"618905, Пермский край, г Лысьва, ул Шмидта, д 8/2",https://68.perm.msudrf.ru/,68.perm.msudrf.ru,нет,59MS0068
Пермский край,Лысьва,,Судебный участок № 2 Лысьвенского судебного района Пермского края,MS,Мировой суд,"618905, Пермский край, г Лысьва, ул Шмидта, д 8/2",https://69.perm.msudrf.ru/,69.perm.msudrf.ru,нет,59MS0069
Пермский край,Лысьва,,Судебный участок № 3 Лысьвенского судебного района Пермского края,MS,Мировой суд,"618900, Пермский край, г Лысьва, ул Федосеева, д 7",https://70.perm.msudrf.ru/,70.perm.msudrf.ru,нет,59MS0070
Пермский край,Лысьва,,Судебный участок № 4 Лысьвенского судебного района Пермского края,MS,Мировой суд,"618900, Пермский край, г Лысьва, ул Федосеева, д 7",https://71.perm.msudrf.ru/,71.perm.msudrf.ru,нет,59MS0071
Пермский край,Нытва,,Судебный участок № 1 Нытвенского судебного района Пермского края,MS,Мировой суд,"617000, Пермский край, г Нытва, ул Карла Маркса, зд 84",https://103.perm.msudrf.ru/,103.perm.msudrf.ru,нет,59MS0103
Пермский край,Нытва,,Судебный участок № 2 Нытвенского судебного района Пермского края,MS,Мировой суд,"617000, Пермский край, г Нытва, ул Карла Маркса, зд 84",https://104.perm.msudrf.ru/,104.perm.msudrf.ru,нет,59MS0104
Пермский край,Октябрьский,,Судебный участок № 1 Октябрьского судебного района Пермского края,MS,Мировой суд,"617860, Пермский край, рп Октябрьский, ул Ленина, д 51",https://105.perm.msudrf.ru/,105.perm.msudrf.ru,нет,59MS0105
Пермский край,Октябрьский,,Судебный участок № 2 Октябрьского судебного района Пермского края,MS,Мировой суд,"617860, Пермский край, рп Октябрьский, ул Ленина, д 51",https://106.perm.msudrf.ru/,106.perm.msudrf.ru,нет,59MS0106
Пермский край,Орда,,Судебный участок № 1 Ординского судебного района Пермского края,MS,Мировой суд,"617500, Пермский край, с Орда, ул Советская, д 8",https://107.perm.msudrf.ru/,107.perm.msudrf.ru,нет,59MS0107
Пермский край,Оса,,Судебный участок № 1 Осинского судебного района Пермского края,MS,Мировой суд,"618120, Пермский край, г Оса, ул Ленина, д 59",https://108.perm.msudrf.ru/,108.perm.msudrf.ru,нет,59MS0108
Пермский край,Оса,,Судебный участок № 2 Осинского судебного района Пермского края,MS,Мировой суд,"618120, Пермский край, г Оса, ул Ленина, д 59",https://109.perm.msudrf.ru/,109.perm.msudrf.ru,нет,59MS0109
Пермский край,Оханск,,Судебный участок № 3 Нытвенского судебного района Пермского края,MS,Мировой суд,"618100, Пермский край, г Оханск, ул Первомайская, д 31",https://110.perm.msudrf.ru/,110.perm.msudrf.ru,нет,59MS0110
Пермский край,Очер,,Судебный участок № 1 Очерского судебного района Пермского края,MS,Мировой суд,"617140, Пермский край, г Очер, ул Октябрьская, д 26",https://111.perm.msudrf.ru/,111.perm.msudrf.ru,нет,59MS0111
Пермский край,Пермь,,Судебный участок № 1 Дзержинского судебного района г. Перми Пермского края,MS,Мировой суд,"614095, г Пермь, ул Танкистов, стр 50",https://1.perm.msudrf.ru/,1.perm.msudrf.ru,нет,59MS0001
Пермский край,Пермь,,Судебный участок № 1 Индустриального судебного района г. Перми Пермского края,MS,Мировой суд,"614036, г Пермь, ул Мира, д 76",https://7.perm.msudrf.ru/,7.perm.msudrf.ru,нет,59MS0007
Пермский край,Пермь,,Судебный участок № 1 Кировского судебного района г. Перми Пермского края,MS,Мировой суд,"614042, г Пермь, ул Богдана Хмельницкого, д 21",https://13.perm.msudrf.ru/,13.perm.msudrf.ru,нет,59MS0013
Пермский край,Пермь,,Судебный участок № 1 Ленинского судебного района г. Перми Пермского края,MS,Мировой суд,"614000, г Пермь, ул Советская, д 104",https://18.perm.msudrf.ru/,18.perm.msudrf.ru,нет,59MS0018
Пермский край,Пермь,,Судебный участок № 1 Мотовилихинского судебного района г. Перми Пермского края,MS,Мировой суд,"614070, г Пермь, ул Дружбы, д 12",https://22.perm.msudrf.ru/,22.perm.msudrf.ru,нет,59MS0022
Пермский край,Пермь,,Судебный участок № 1 Орджоникидзевского судебного района г. Перми Пермского края,MS,Мировой суд,"614026, г Пермь, ул Песочная, д 1А",https://30.perm.msudrf.ru/,30.perm.msudrf.ru,нет,59MS0030
Пермский край,Пермь,,Судебный участок № 1 Свердловского судебного района г. Перми Пермского края,MS,Мировой суд,"614007, г Пермь, ул Рабоче-крестьянская, д 2",https://35.perm.msudrf.ru/,35.perm.msudrf.ru,нет,59MS0035
Пермский край,Пермь,,Судебный участок № 10 Свердловского судебного района г. Перми Пермского края,MS,Мировой суд,"614021, г Пермь, ул Лодыгина, д 41",https://150.perm.msudrf.ru/,150.perm.msudrf.ru,нет,59MS0150
Пермский край,Пермь,,Судебный участок № 2 Дзержинского судебного района г. Перми Пермского края,MS,Мировой суд,"614095, г Пермь, ул Танкистов, стр 50",https://2.perm.msudrf.ru/,2.perm.msudrf.ru,нет,59MS0002
Пермский край,Пермь,,Судебный участок № 2 Индустриального судебного района г. Перми Пермского края,MS,Мировой суд,"614066, г Пермь, ул Мира, д 78",https://8.perm.msudrf.ru/,8.perm.msudrf.ru,нет,59MS0008
Пермский край,Пермь,,Судебный участок № 2 Кировского судебного района г. Перми Пермского края,MS,Мировой суд,"614042, г Пермь, ул Богдана Хмельницкого, д 21",https://14.perm.msudrf.ru/,14.perm.msudrf.ru,нет,59MS0014
Пермский край,Пермь,,Судебный участок № 2 Ленинского судебного района г. Перми Пермского края,MS,Мировой суд,"614000, г Пермь, ул Советская, д 104",https://19.perm.msudrf.ru/,19.perm.msudrf.ru,нет,59MS0019
Пермский край,Пермь,,Судебный участок № 2 Мотовилихинского судебного района г. Перми Пермского края,MS,Мировой суд,"614107, г Пермь, ул Уральская, д 81",https://23.perm.msudrf.ru/,23.perm.msudrf.ru,нет,59MS0023
Пермский край,Пермь,,Судебный участок № 2 Орджоникидзевского судебного района г. Перми Пермского края,MS,Мировой суд,"614026, г Пермь, ул Ереванская, д 35",https://31.perm.msudrf.ru/,31.perm.msudrf.ru,нет,59MS0031
Пермский край,Пермь,,Судебный участок № 2 Свердловского судебного района г. Перми Пермского края,MS,Мировой суд,"614021, г. Пермь, ул. Бородинская, 31/ Лодыгина, 41",https://36.perm.msudrf.ru/,36.perm.msudrf.ru,нет,59MS0036
Пермский край,Пермь,,Судебный участок № 3 Дзержинского судебного района г. Перми Пермского края,MS,Мировой суд,"614095, г Пермь, ул Танкистов, стр 50",https://3.perm.msudrf.ru/,3.perm.msudrf.ru,нет,59MS0003
Пермский край,Пермь,,Судебный участок № 3 Индустриального судебного района г. Перми Пермского края,MS,Мировой суд,"614066, г Пермь, ул Стахановская, д 51",https://9.perm.msudrf.ru/,9.perm.msudrf.ru,нет,59MS0009
Пермский край,Пермь,,Судебный участок № 3 Кировского судебного района г. Перми Пермского края,MS,Мировой суд,"614101, г Пермь, ул Федосеева, д 15",https://15.perm.msudrf.ru/,15.perm.msudrf.ru,нет,59MS0015
Пермский край,Пермь,,Судебный участок № 3 Ленинского судебного района г. Перми Пермского края,MS,Мировой суд,"614000, г Пермь, ул Советская, д 104",https://20.perm.msudrf.ru/,20.perm.msudrf.ru,нет,59MS0020
Пермский край,Пермь,,Судебный участок № 3 Мотовилихинского судебного района г. Перми Пермского края,MS,Мировой суд,"614014, г Пермь, ул Восстания, д 35",https://24.perm.msudrf.ru/,24.perm.msudrf.ru,нет,59MS0024
Пермский край,Пермь,,Судебный участок № 3 Орджоникидзевского судебного района г. Перми Пермского края,MS,Мировой суд,"614026, г Пермь, ул Песочная, д 1А",https://32.perm.msudrf.ru/,32.perm.msudrf.ru,нет,59MS0032
Пермский край,Пермь,,Судебный участок № 3 Свердловского судебного района г. Перми Пермского края,MS,Мировой суд,"614000, г Пермь, ул Екатерининская, д 80",https://37.perm.msudrf.ru/,37.perm.msudrf.ru,нет,59MS0037
Пермский край,Пермь,,Судебный участок № 4 Дзержинского судебного района г. Перми Пермского края,MS,Мировой суд,"614095, г Пермь, ул Танкистов, стр 50",https://4.perm.msudrf.ru/,4.perm.msudrf.ru,нет,59MS0004
Пермский край,Пермь,,Судебный участок № 4 Индустриального судебного района г. Перми Пермского края,MS,Мировой суд,"614066, г Пермь, ул Мира, д 78",https://10.perm.msudrf.ru/,10.perm.msudrf.ru,нет,59MS0010
Пермский край,Пермь,,Судебный участок № 4 Кировского судебного района г. Перми Пермского края,MS,Мировой суд,"614034, г Пермь, ул Генерала Панфилова, д 16",https://16.perm.msudrf.ru/,16.perm.msudrf.ru,нет,59MS0016
Пермский край,Пермь,,Судебный участок № 4 Ленинского судебного района г. Перми Пермского края,MS,Мировой суд,"614000, г Пермь, ул Советская, д 104",https://21.perm.msudrf.ru/,21.perm.msudrf.ru,нет,59MS0021
Пермский край,Пермь,,Судебный участок № 4 Мотовилихинского судебного района г. Перми Пермского края,MS,Мировой суд,"614014, г Пермь, ул Восстания, д 35",https://25.perm.msudrf.ru/,25.perm.msudrf.ru,нет,59MS0025
Пермский край,Пермь,,Судебный участок № 4 Орджоникидзевского судебного района г. Перми Пермского края,MS,Мировой суд,"614030, г Пермь, ул Лобвинская, д 5",https://33.perm.msudrf.ru/,33.perm.msudrf.ru,нет,59MS0033
Пермский край,Пермь,,Судебный участок № 4 Свердловского судебного района г. Перми Пермского края,MS,Мировой суд,"614010, г Пермь, пр-кт Комсомольский, д 81",https://38.perm.msudrf.ru/,38.perm.msudrf.ru,нет,59MS0038
Пермский край,Пермь,,Судебный участок № 5 Дзержинского судебного района г. Перми Пермского края,MS,Мировой суд,"614095, г Пермь, ул Танкистов, стр 50",https://5.perm.msudrf.ru/,5.perm.msudrf.ru,нет,59MS0005
Пермский край,Пермь,,Судебный участок № 5 Индустриального судебного района г. Перми Пермского края,MS,Мировой суд,"614066, г Пермь, ул Стахановская, д 51",https://11.perm.msudrf.ru/,11.perm.msudrf.ru,нет,59MS0011
Пермский край,Пермь,,Судебный участок № 5 Кировского судебного района г. Перми Пермского края,MS,Мировой суд,"614042, г Пермь, ул 4-й Пятилетки, д 2А",https://17.perm.msudrf.ru/,17.perm.msudrf.ru,нет,59MS0017
Пермский край,Пермь,,Судебный участок № 5 Ленинского судебного района г. Перми Пермского края,MS,Мировой суд,"614000, г Пермь, ул Советская, д 104",https://138.perm.msudrf.ru/,138.perm.msudrf.ru,нет,59MS0138
Пермский край,Пермь,,Судебный участок № 5 Мотовилихинского судебного района г. Перми Пермского края,MS,Мировой суд,"614070, г Пермь, ул Дружбы, д 12",https://26.perm.msudrf.ru/,26.perm.msudrf.ru,нет,59MS0026
Пермский край,Пермь,,Судебный участок № 5 Орджоникидзевского судебного района г. Перми Пермского края,MS,Мировой суд,"614030, г Пермь, ул Лобвинская, д 5",https://34.perm.msudrf.ru/,34.perm.msudrf.ru,нет,59MS0034
Пермский край,Пермь,,Судебный участок № 5 Пермского судебного района Пермского края,MS,Мировой суд,"614095, г Пермь, ул Танкистов, стр 50",https://146.perm.msudrf.ru/,146.perm.msudrf.ru,нет,59MS0146
Пермский край,Пермь,,Судебный участок № 5 Свердловского судебного района г. Перми Пермского края,MS,Мировой суд,"614000, г Пермь, ул Екатерининская, д 80",https://39.perm.msudrf.ru/,39.perm.msudrf.ru,нет,59MS0039
Пермский край,Пермь,,Судебный участок № 6 Дзержинского судебного района г. Перми Пермского края,MS,Мировой суд,"614067, г Пермь, ул Хабаровская, д 64",https://6.perm.msudrf.ru/,6.perm.msudrf.ru,нет,59MS0006
Пермский край,Пермь,,Судебный участок № 6 Индустриального судебного района г. Перми Пермского края,MS,Мировой суд,"614066, г Пермь, ул Мира, д 78",https://12.perm.msudrf.ru/,12.perm.msudrf.ru,нет,59MS0012
Пермский край,Пермь,,Судебный участок № 6 Кировского судебного района г. Перми Пермского края,MS,Мировой суд,"614042, г Пермь, ул Богдана Хмельницкого, д 21",https://148.perm.msudrf.ru/,148.perm.msudrf.ru,нет,59MS0148
Пермский край,Пермь,,Судебный участок № 6 Мотовилихинского судебного района г. Перми Пермского края,MS,Мировой суд,"614014, г Пермь, ул Восстания, д 35",https://27.perm.msudrf.ru/,27.perm.msudrf.ru,нет,59MS0027
Пермский край,Пермь,,Судебный участок № 6 Орджоникидзевского судебного района г. Перми Пермского края,MS,Мировой суд,"614026, г Пермь, ул Ереванская, д 35",https://149.perm.msudrf.ru/,149.perm.msudrf.ru,нет,59MS0149
Пермский край,Пермь,,Судебный участок № 6 Пермского судебного района Пермского края,MS,Мировой суд,"614095, г Пермь, ул Танкистов, стр 50",https://151.perm.msudrf.ru/,151.perm.msudrf.ru,нет,59MS0151
Пермский край,Пермь,,Судебный участок № 6 Свердловского судебного района г. Перми Пермского края,MS,Мировой суд,"614000, г Пермь, ул Екатерининская, д 80",https://40.perm.msudrf.ru/,40.perm.msudrf.ru,нет,59MS0040
Пермский край,Пермь,,Судебный участок № 7 Дзержинского судебного района г. Перми Пермского края,MS,Мировой суд,"614095, г Пермь, ул Танкистов, стр 50",https://136.perm.msudrf.ru/,136.perm.msudrf.ru,нет,59MS0136
Пермский край,Пермь,,Судебный участок № 7 Индустриального судебного района г. Перми Пермского края,MS,Мировой суд,"614036, г Пермь, ул Мира, д 76",https://137.perm.msudrf.ru/,137.perm.msudrf.ru,нет,59MS0137
Пермский край,Пермь,,Судебный участок № 7 Мотовилихинского судебного района г. Перми Пермского края,MS,Мировой суд,"614014, г Пермь, ул Восстания, д 35",https://28.perm.msudrf.ru/,28.perm.msudrf.ru,нет,59MS0028
Пермский край,Пермь,,Судебный участок № 7 Орджоникидзевского судебного района г. Перми,MS,Мировой суд,"614107, г Пермь, ул Уральская, д 81",https://154.perm.msudrf.ru/,154.perm.msudrf.ru,нет,59MS0154
Пермский край,Пермь,,Судебный участок № 7 Свердловского судебного района г. Перми Пермского края,MS,Мировой суд,"614010, г Пермь, пр-кт Комсомольский, д 81",https://41.perm.msudrf.ru/,41.perm.msudrf.ru,нет,59MS0041
Пермский край,Пермь,,Судебный участок № 8 Дзержинского судебного района г. Перми Пермского края,MS,Мировой суд,"614067, г Пермь, ул Ветлужская, д 62",https://147.perm.msudrf.ru/,147.perm.msudrf.ru,нет,59MS0147
Пермский край,Пермь,,Судебный участок № 8 Индустриального судебного района г. Перми Пермского края,MS,Мировой суд,"614066, г Пермь, ул Стахановская, д 51",https://153.perm.msudrf.ru/,153.perm.msudrf.ru,нет,59MS0153
Пермский край,Пермь,,Судебный участок № 8 Мотовилихинского судебного района г. Перми Пермского края,MS,Мировой суд,"614014, г Пермь, ул Восстания, д 35",https://29.perm.msudrf.ru/,29.perm.msudrf.ru,нет,59MS0029
Пермский край,Пермь,,Судебный участок № 8 Свердловского судебного района г. Перми Пермского края,MS,Мировой суд,"614021, г. Пермь, ул. Бородинская, 31/ Лодыгина, 41",https://42.perm.msudrf.ru/,42.perm.msudrf.ru,нет,59MS0042
Пермский край,Пермь,,Судебный участок № 9 Мотовилихинского судебного района г. Перми Пермского края,MS,Мировой суд,"614107, г Пермь, ул Уральская, д 81",https://152.perm.msudrf.ru/,152.perm.msudrf.ru,нет,59MS0152
Пермский край,Пермь,,Судебный участок № 9 Свердловского судебного района г. Перми Пермского края,MS,Мировой суд,"614105, г Пермь, мкр Новые Ляды, ул Транспортная, д 2",https://43.perm.msudrf.ru/,43.perm.msudrf.ru,нет,59MS0043
Пермский край,Плеханово,,Судебный участок № 5 Кунгурского судебного района Пермского края,MS,Мировой суд,"617410, Пермский край, Кунгурский р-н, с Плеханово, ул Центральная, зд 1",https://101.perm.msudrf.ru/,101.perm.msudrf.ru,нет,59MS0101
Пермский край,Сива,,Судебный участок № 3 Верещагинского судебного района Пермского края,MS,Мировой суд,"617240, Пермский край, с Сива, ул Ленина, д 49",https://116.perm.msudrf.ru/,116.perm.msudrf.ru,нет,59MS0116
Пермский край,Соликамск,,Судебный участок № 1 Соликамского судебного района Пермского края,MS,Мировой суд,"618554, Пермский край, г Соликамск, ул Калийная, д 134",https://72.perm.msudrf.ru/,72.perm.msudrf.ru,нет,59MS0072
Пермский край,Соликамск,,Судебный участок № 2 Соликамского судебного района Пермского края,MS,Мировой суд,"618556, Пермский край, г Соликамск, ул Фрунзе, д 18",https://73.perm.msudrf.ru/,73.perm.msudrf.ru,нет,59MS0073
Пермский край,Соликамск,,Судебный участок № 3 Соликамского судебного района Пермского края,MS,Мировой суд,"618556, Пермский край, г Соликамск, ул Фрунзе, д 18",https://74.perm.msudrf.ru/,74.perm.msudrf.ru,нет,59MS0074
Пермский край,Соликамск,,Судебный участок № 4 Соликамского судебного района Пермского края,MS,Мировой суд,"618556, Пермский край, г Соликамск, ул Фрунзе, д 18",https://75.perm.msudrf.ru/,75.perm.msudrf.ru,нет,59MS0075
Пермский край,Соликамск,,Судебный участок № 5 Соликамского судебного района Пермского края,MS,Мировой суд,"618554, Пермский край, г Соликамск, ул Калийная, д 134",https://141.perm.msudrf.ru/,141.perm.msudrf.ru,нет,59MS0141
Пермский край,Соликамск,,Судебный участок № 6 Соликамского судебного района Пермского края,MS,Мировой суд,"618554, Пермский край, г Соликамск, ул Калийная, д 134",https://117.perm.msudrf.ru/,117.perm.msudrf.ru,нет,59MS0117
Пермский край,Суксун,,Судебный участок № 1 Суксунского судебного района Пермского края,MS,Мировой суд,"617560, Пермский край, рп Суксун, ул Карла Маркса, д 17",https://118.perm.msudrf.ru/,118.perm.msudrf.ru,нет,59MS0118
Пермский край,Уинское,,Судебный участок № 2 Ординского судебного района Пермского края,MS,Мировой суд,"617520, Пермский край, с Уинское, ул Свободы, д 43",https://119.perm.msudrf.ru/,119.perm.msudrf.ru,нет,59MS0119
Пермский край,Усть-Кишерть,,Судебный участок № 7 Кунгурского судебного района Пермского края,MS,Мировой суд,"617600, Пермский край, с Усть-Кишерть, ул Набережная, д 35",https://96.perm.msudrf.ru/,96.perm.msudrf.ru,нет,59MS0096
Пермский край,Чайковский,,Судебный участок № 1 Чайковского судебного района Пермского края,MS,Мировой суд,"617762, Пермский край, г Чайковский, ул Промышленная, д 4",https://76.perm.msudrf.ru/,76.perm.msudrf.ru,нет,59MS0076
Пермский край,Чайковский,,Судебный участок № 2 Чайковского судебного района Пермского края,MS,Мировой суд,"617762, Пермский край, г Чайковский, ул Промышленная, д 4",https://77.perm.msudrf.ru/,77.perm.msudrf.ru,нет,59MS0077
Пермский край,Чайковский,,Судебный участок № 3 Чайковского судебного района Пермского края,MS,Мировой суд,"617762, Пермский край, г Чайковский, ул Промышленная, д 4",https://142.perm.msudrf.ru/,142.perm.msudrf.ru,нет,59MS0142
Пермский край,Чайковский,,Судебный участок № 4 Чайковского судебного района Пермского края,MS,Мировой суд,"617762, Пермский край, г Чайковский, ул Промышленная, д 4",https://79.perm.msudrf.ru/,79.perm.msudrf.ru,нет,59MS0079
Пермский край,Чайковский,,Судебный участок № 5 Чайковского судебного района Пермского края,MS,Мировой суд,"617762, Пермский край, г Чайковский, ул Промышленная, д 4",https://80.perm.msudrf.ru/,80.perm.msudrf.ru,нет,59MS0080
Пермский край,Частые,,Судебный участок № 2 Большесосновского судебного района Пермского края,MS,Мировой суд,"617170, Пермский край, с Частые, ул Ленина, д 54",https://121.perm.msudrf.ru/,121.perm.msudrf.ru,нет,59MS0121
Пермский край,Чердынь,,Судебный участок № 1 Чердынского судебного района Пермского края,MS,Мировой суд,"618601, Пермский край, г Чердынь, ул Яборова, д 7А",https://123.perm.msudrf.ru/,123.perm.msudrf.ru,нет,59MS0123
Пермский край,Чернушка,,Судебный участок № 1 Чернушинского судебного района Пермского края,MS,Мировой суд,"617832, Пермский край, г. Чернушка, пос. Пермдорстрой, ул. Ленина, 141",https://124.perm.msudrf.ru/,124.perm.msudrf.ru,нет,59MS0124
Пермский край,Чернушка,,Судебный участок № 2 Чернушинского судебного района Пермского края,MS,Мировой суд,"617832, Пермский край, г. Чернушка, пос. Пермдорстрой, ул. Ленина, 141",https://125.perm.msudrf.ru/,125.perm.msudrf.ru,нет,59MS0125
Пермский край,Чернушка,,Судебный участок № 3 Чернушинского судебного района Пермского края,MS,Мировой суд,"617832, Пермский край, г. Чернушка, пос. Пермдорстрой, ул. Ленина, 141",https://126.perm.msudrf.ru/,126.perm.msudrf.ru,нет,59MS0126
Пермский край,Чусовой,,Судебный участок № 1 Чусовского судебного района Пермского края,MS,Мировой суд,"618204, Пермский край, г Чусовой, ул Мира, д 9",https://81.perm.msudrf.ru/,81.perm.msudrf.ru,нет,59MS0081
Пермский край,Чусовой,,Судебный участок № 2 Чусовского судебного района Пермского края,MS,Мировой суд,"618204, Пермский край, г Чусовой, ул 50 лет ВЛКСМ, д 13Б/1",https://82.perm.msudrf.ru/,82.perm.msudrf.ru,нет,59MS0082
Пермский край,Чусовой,,Судебный участок № 3 Чусовского судебного района Пермского края,MS,Мировой суд,"618204, Пермский край, г Чусовой, ул Мира, д 9",https://83.perm.msudrf.ru/,83.perm.msudrf.ru,нет,59MS0083
Пермский край,Чусовой,,Судебный участок № 4 Чусовского судебного района Пермского края,MS,Мировой суд,"618204, Пермский край, г Чусовой, ул 50 лет ВЛКСМ, д 13Б/1",https://84.perm.msudrf.ru/,84.perm.msudrf.ru,нет,59MS0084
Пермский край,Юрла,,Судебный участок № 3 Кудымкарского судебного района Пермского края,MS,Мировой суд,"619200, Пермский край, с Юрла, ул Топоркова, зд 18",https://134.perm.msudrf.ru/,134.perm.msudrf.ru,нет,59MS0134
Пермский край,Юсьва,,Судебный участок № 5 Кудымкарского судебного района Пермского края,MS,Мировой суд,"619170, Пермский край, с Юсьва, ул Чечулина, д 18",https://135.perm.msudrf.ru/,135.perm.msudrf.ru,нет,59MS0135
Пермский край,Яйва,,Судебный участок № 2 Александровского судебного района Пермского края,MS,Мировой суд,"618340, Пермский край, п. Яйва, Александровского района, ул. Энергетиков, д. 3",https://45.perm.msudrf.ru/,45.perm.msudrf.ru,нет,59MS0045
Воронежская область,Анна,,Судебный участок № 1 в Аннинском судебном районе Воронежской области,MS,Мировой суд,"396250, Воронежская обл, пгт Анна, ул Коммунальная, д 80",https://anna1.vrn.msudrf.ru/,anna1.vrn.msudrf.ru,нет,36MS0046
Воронежская область,Анна,,Судебный участок № 2 в Аннинском судебном районе Воронежской области,MS,Мировой суд,"396250, Воронежская обл, пгт Анна, ул Коммунальная, д 80",https://anna2.vrn.msudrf.ru/,anna2.vrn.msudrf.ru,нет,36MS0047
Воронежская область,Анна,,Судебный участок № 3 в Аннинском судебном районе Воронежской области,MS,Мировой суд,"396250, Воронежская обл, пгт Анна, ул Коммунальная, д 80",https://anna3.vrn.msudrf.ru/,anna3.vrn.msudrf.ru,нет,36MS0048
Воронежская область,Бобров,,Судебный участок № 1 в Бобровском судебном районе Воронежской области,MS,Мировой суд,"397700, Воронежская обл, г Бобров, ул 3 Интернационала, д 37",https://bobrov1.vrn.msudrf.ru/,bobrov1.vrn.msudrf.ru,нет,36MS0053
Воронежская область,Бобров,,Судебный участок № 2 в Бобровском судебном районе Воронежской области,MS,Мировой суд,"397700, Воронежская обл, г Бобров, ул 3 Интернационала, д 37",https://bobrov2.vrn.msudrf.ru/,bobrov2.vrn.msudrf.ru,нет,36MS0054
Воронежская область,Бобров,,Судебный участок № 3 в Бобровском судебном районе Воронежской области,MS,Мировой суд,"397700, Воронежская обл, г Бобров, ул 3 Интернационала, д 37",https://bobrov3.vrn.msudrf.ru/,bobrov3.vrn.msudrf.ru,нет,36MS0055
Воронежская область,Богучар,,Судебный участок № 1 в Богучарском судебном районе Воронежской области,MS,Мировой суд,"396790, Воронежская обл, г Богучар, ул Радченко, д 16",https://boguchar1.vrn.msudrf.ru/,boguchar1.vrn.msudrf.ru,нет,36MS0056
Воронежская область,Богучар,,Судебный участок № 2 в Богучарском судебном районе Воронежской области,MS,Мировой суд,"396790, Воронежская обл, г Богучар, ул Радченко, д 16",https://boguchar2.vrn.msudrf.ru/,boguchar2.vrn.msudrf.ru,нет,36MS0057
Воронежская область,Борисоглебск,,Судебный участок № 1 в Борисоглебском судебном районе Воронежской области,MS,Мировой суд,"397160, Воронежская обл, г Борисоглебск, ул Советская, зд 18 стр 1",https://borisogl1.vrn.msudrf.ru/,borisogl1.vrn.msudrf.ru,нет,36MS0049
Воронежская область,Борисоглебск,,Судебный участок № 2 в Борисоглебском судебном районе Воронежской области,MS,Мировой суд,"397160, Воронежская обл, г Борисоглебск, ул Советская, зд 18 стр 1",https://borisogl2.vrn.msudrf.ru/,borisogl2.vrn.msudrf.ru,нет,36MS0050
Воронежская область,Борисоглебск,,Судебный участок № 3 в Борисоглебском судебном районе Воронежской области,MS,Мировой суд,"397160, Воронежская обл, г Борисоглебск, ул Советская, зд 18 стр 1",https://borisogl3.vrn.msudrf.ru/,borisogl3.vrn.msudrf.ru,нет,36MS0051
Воронежская область,Борисоглебск,,Судебный участок № 4 в Борисоглебском судебном районе Воронежской области,MS,Мировой суд,"397160, Воронежская обл, г Борисоглебск, ул Советская, зд 18 стр 1",https://borisogl4.vrn.msudrf.ru/,borisogl4.vrn.msudrf.ru,нет,36MS0052
Воронежская область,Бутурлиновка,,Судебный участок № 1 в Бутурлиновском судебном районе Воронежской области,MS,Мировой суд,"397500, Воронежская обл, г Бутурлиновка, ул Блинова, д 99",https://buturlin1.vrn.msudrf.ru/,buturlin1.vrn.msudrf.ru,нет,36MS0058
Воронежская область,Бутурлиновка,,Судебный участок № 2 в Бутурлиновском судебном районе Воронежской области,MS,Мировой суд,"397500, Воронежская обл, г Бутурлиновка, ул Блинова, д 99",https://buturlin2.vrn.msudrf.ru/,buturlin2.vrn.msudrf.ru,нет,36MS0059
Воронежская область,Бутурлиновка,,Судебный участок № 3 в Бутурлиновском судебном районе Воронежской области,MS,Мировой суд,"397500, Воронежская обл, г Бутурлиновка, ул Блинова, д 99",https://buturlin3.vrn.msudrf.ru/,buturlin3.vrn.msudrf.ru,нет,36MS0060
Воронежская область,Верхний Мамон,,Судебный участок № 4 в Павловском судебном районе Воронежской области,MS,Мировой суд,"396460, Воронежская обл, с Верхний Мамон, ул 60 лет Октября, д 16",https://vmamon1.vrn.msudrf.ru/,vmamon1.vrn.msudrf.ru,нет,36MS0061
Воронежская область,Верхняя Хава,,Судебный участок № 4 в Новоусманском судебном районе Воронежской области,MS,Мировой суд,"396110, Воронежская обл, с Верхняя Хава, ул Георгиева, д 22Б",https://vhava1.vrn.msudrf.ru/,vhava1.vrn.msudrf.ru,нет,36MS0062
Воронежская область,Воробьёвка,,Судебный участок № 4 в Калачеевском судебном районе Воронежской области,MS,Мировой суд,"397570, Воронежская обл, с Воробьёвка, пл Свободы, д 2",https://vorobievsk1.vrn.msudrf.ru/,vorobievsk1.vrn.msudrf.ru,нет,36MS0063
Воронежская область,Воронеж,,Судебный участок № 1 в Железнодорожном судебном районе Воронежской области,MS,Мировой суд,"394007, г Воронеж, пр-кт Ленинский, д 99",https://zhelezn1.vrn.msudrf.ru/,zhelezn1.vrn.msudrf.ru,нет,36MS0001
Воронежская область,Воронеж,,Судебный участок № 1 в Коминтерновском судебном районе Воронежской области,MS,Мировой суд,"394026, г Воронеж, проезд Ясный, д 2",https://komintern1.vrn.msudrf.ru/,komintern1.vrn.msudrf.ru,нет,36MS0006
Воронежская область,Воронеж,,Судебный участок № 1 в Левобережном судебном районе Воронежской области,MS,Мировой суд,"394028, г Воронеж, ул Волгоградская, д 30",https://levober1.vrn.msudrf.ru/,levober1.vrn.msudrf.ru,нет,36MS0018
Воронежская область,Воронеж,,Судебный участок № 1 в Советском судебном районе Воронежской области,MS,Мировой суд,"394026, г Воронеж, ул Плехановская, д 53",https://sovetsk1.vrn.msudrf.ru/,sovetsk1.vrn.msudrf.ru,нет,36MS0033
Воронежская область,Воронеж,,Судебный участок № 1 в Центральном судебном районе Воронежской области,MS,Мировой суд,"394026, г Воронеж, ул Плехановская, д 53",https://centr1.vrn.msudrf.ru/,centr1.vrn.msudrf.ru,нет,36MS0041
Воронежская область,Воронеж,,Судебный участок № 1 мирового судьи Ленинского района г. Воронежа,MS,Мировой суд,"394026, г Воронеж, ул Плехановская, д 53",https://leninsky1.vrn.msudrf.ru/,leninsky1.vrn.msudrf.ru,нет,36MS0026
Воронежская область,Воронеж,,Судебный участок № 10 в Коминтерновском судебном районе Воронежской области,MS,Мировой суд,"394026, г Воронеж, проезд Ясный, д 2",https://komintern10.vrn.msudrf.ru/,komintern10.vrn.msudrf.ru,нет,36MS0015
Воронежская область,Воронеж,,Судебный участок № 11 в Коминтерновском судебном районе Воронежской области,MS,Мировой суд,"394026, г Воронеж, ул Плехановская, д 53",https://komintern11.vrn.msudrf.ru/,komintern11.vrn.msudrf.ru,нет,36MS0016
Воронежская область,Воронеж,,Судебный участок № 12 в Коминтерновском судебном районе Воронежской области,MS,Мировой суд,"394026, г Воронеж, проезд Ясный, д 2",https://komintern12.vrn.msudrf.ru/,komintern12.vrn.msudrf.ru,нет,36MS0017
Воронежская область,Воронеж,,Судебный участок № 2 в Железнодорожном судебном районе Воронежской области,MS,Мировой суд,"394029, г Воронеж, пр-кт Ленинский, д 22 к 1",https://zhelezn2.vrn.msudrf.ru/,zhelezn2.vrn.msudrf.ru,нет,36MS0002
Воронежская область,Воронеж,,Судебный участок № 2 в Коминтерновском судебном районе Воронежской области,MS,Мировой суд,"394026, г Воронеж, проезд Ясный, д 2",https://komintern2.vrn.msudrf.ru/,komintern2.vrn.msudrf.ru,нет,36MS0007
Воронежская область,Воронеж,,Судебный участок № 2 в Левобережном судебном районе Воронежской области,MS,Мировой суд,"394028, г Воронеж, ул Волгоградская, д 30",https://levober2.vrn.msudrf.ru/,levober2.vrn.msudrf.ru,нет,36MS0019
Воронежская область,Воронеж,,Судебный участок № 2 в Советском судебном районе Воронежской области,MS,Мировой суд,"394026, г Воронеж, ул Плехановская, д 53",https://sovetsk2.vrn.msudrf.ru/,sovetsk2.vrn.msudrf.ru,нет,36MS0034
Воронежская область,Воронеж,,Судебный участок № 2 в Центральном судебном районе Воронежской области,MS,Мировой суд,"394026, г Воронеж, ул Плехановская, д 53",https://centr2.vrn.msudrf.ru/,centr2.vrn.msudrf.ru,нет,36MS0042
Воронежская область,Воронеж,,Судебный участок № 2 мирового судьи Ленинского района г. Воронежа,MS,Мировой суд,"394026, г Воронеж, ул Плехановская, д 53",https://leninsky2.vrn.msudrf.ru/,leninsky2.vrn.msudrf.ru,нет,36MS0027
Воронежская область,Воронеж,,Судебный участок № 3 в Железнодорожном судебном районе Воронежской области,MS,Мировой суд,"394033, г Воронеж, пр-кт Ленинский, д 174",https://zhelezn3.vrn.msudrf.ru/,zhelezn3.vrn.msudrf.ru,нет,36MS0003
Воронежская область,Воронеж,,Судебный участок № 3 в Коминтерновском судебном районе Воронежской области,MS,Мировой суд,"394026, г Воронеж, проезд Ясный, д 2",https://komintern3.vrn.msudrf.ru/,komintern3.vrn.msudrf.ru,нет,36MS0008
Воронежская область,Воронеж,,Судебный участок № 3 в Левобережном судебном районе Воронежской области,MS,Мировой суд,"394028, г Воронеж, ул Волгоградская, д 30",https://levober3.vrn.msudrf.ru/,levober3.vrn.msudrf.ru,нет,36MS0020
Воронежская область,Воронеж,,Судебный участок № 3 в Ленинском судебном районе Воронежской области,MS,Мировой суд,"394026, г Воронеж, ул Плехановская, д 53",https://leninsky3.vrn.msudrf.ru/,leninsky3.vrn.msudrf.ru,нет,36MS0028
Воронежская область,Воронеж,,Судебный участок № 3 в Советском судебном районе Воронежской области,MS,Мировой суд,"394026, г Воронеж, ул Плехановская, д 53",https://sovetsk3.vrn.msudrf.ru/,sovetsk3.vrn.msudrf.ru,нет,36MS0035
Воронежская область,Воронеж,,Судебный участок № 3 в Центральном судебном районе Воронежской области,MS,Мировой суд,"394026, г Воронеж, ул Плехановская, д 53",https://centr3.vrn.msudrf.ru/,centr3.vrn.msudrf.ru,нет,36MS0043
Воронежская область,Воронеж,,Судебный участок № 4 в Железнодорожном судебном районе Воронежской области,MS,Мировой суд,"394033, г Воронеж, пр-кт Ленинский, д 174",https://zhelezn4.vrn.msudrf.ru/,zhelezn4.vrn.msudrf.ru,нет,36MS0004
Воронежская область,Воронеж,,Судебный участок № 4 в Коминтерновском судебном районе Воронежской области,MS,Мировой суд,"394026, г Воронеж, проезд Ясный, д 2",https://komintern4.vrn.msudrf.ru/,komintern4.vrn.msudrf.ru,нет,36MS0009
Воронежская область,Воронеж,,Судебный участок № 4 в Левобережном судебном районе Воронежской области,MS,Мировой суд,"394007, г Воронеж, ул Серова, д 1",https://levober4.vrn.msudrf.ru/,levober4.vrn.msudrf.ru,нет,36MS0021
Воронежская область,Воронеж,,Судебный участок № 4 в Ленинском судебном районе Воронежской области,MS,Мировой суд,"394026, г Воронеж, ул Плехановская, д 53",https://leninsky4.vrn.msudrf.ru/,leninsky4.vrn.msudrf.ru,нет,36MS0029
Воронежская область,Воронеж,,Судебный участок № 4 в Советском судебном районе Воронежской области,MS,Мировой суд,"394026, г Воронеж, ул Плехановская, д 53",https://sovetsk4.vrn.msudrf.ru/,sovetsk4.vrn.msudrf.ru,нет,36MS0036
Воронежская область,Воронеж,,Судебный участок № 4 в Центральном судебном районе Воронежской области,MS,Мировой суд,"394026, г Воронеж, ул Плехановская, д 53",https://centr4.vrn.msudrf.ru/,centr4.vrn.msudrf.ru,нет,36MS0044
Воронежская область,Воронеж,,Судебный участок № 5 в Железнодорожном судебном районе Воронежской области,MS,Мировой суд,"394029, г Воронеж, пр-кт Ленинский, д 22 к 1",https://zhelezn5.vrn.msudrf.ru/,zhelezn5.vrn.msudrf.ru,нет,36MS0005
Воронежская область,Воронеж,,Судебный участок № 5 в Коминтерновском судебном районе Воронежской области,MS,Мировой суд,"394026, г Воронеж, проезд Ясный, д 2",https://komintern5.vrn.msudrf.ru/,komintern5.vrn.msudrf.ru,нет,36MS0010
Воронежская область,Воронеж,,Судебный участок № 5 в Левобережном судебном районе Воронежской области,MS,Мировой суд,"394007, г Воронеж, ул Серова, д 1",https://levober5.vrn.msudrf.ru/,levober5.vrn.msudrf.ru,нет,36MS0022
Воронежская область,Воронеж,,Судебный участок № 5 в Ленинском судебном районе Воронежской области,MS,Мировой суд,"394026, г Воронеж, ул Плехановская, д 53",https://leninsky5.vrn.msudrf.ru/,leninsky5.vrn.msudrf.ru,нет,36MS0030
Воронежская область,Воронеж,,Судебный участок № 5 в Советском судебном районе Воронежской области,MS,Мировой суд,"394026, г Воронеж, ул Плехановская, д 53",https://sovetsk5.vrn.msudrf.ru/,sovetsk5.vrn.msudrf.ru,нет,36MS0037
Воронежская область,Воронеж,,Судебный участок № 5 в Центральном судебном районе Воронежской области,MS,Мировой суд,"394026, г Воронеж, ул Плехановская, д 53",https://centr5.vrn.msudrf.ru/,centr5.vrn.msudrf.ru,нет,36MS0045
Воронежская область,Воронеж,,Судебный участок № 6 в Коминтерновском судебном районе Воронежской области,MS,Мировой суд,"394026, г Воронеж, ул Плехановская, д 53",https://komintern6.vrn.msudrf.ru/,komintern6.vrn.msudrf.ru,нет,36MS0011
Воронежская область,Воронеж,,Судебный участок № 6 в Левобережном судебном районе Воронежской области,MS,Мировой суд,"394028, г Воронеж, ул Волгоградская, д 30",https://levober6.vrn.msudrf.ru/,levober6.vrn.msudrf.ru,нет,36MS0023
Воронежская область,Воронеж,,Судебный участок № 6 в Ленинском судебном районе Воронежской области,MS,Мировой суд,"394026, г Воронеж, ул Плехановская, д 53",https://leninsky6.vrn.msudrf.ru/,leninsky6.vrn.msudrf.ru,нет,36MS0031
Воронежская область,Воронеж,,Судебный участок № 6 в Советском судебном районе Воронежской области,MS,Мировой суд,"394026, г Воронеж, ул Плехановская, д 53",https://sovetsk6.vrn.msudrf.ru/,sovetsk6.vrn.msudrf.ru,нет,36MS0038
Воронежская область,Воронеж,,Судебный участок № 7 в Коминтерновском судебном районе Воронежской области,MS,Мировой суд,"394026, г Воронеж, ул Плехановская, д 53",https://komintern7.vrn.msudrf.ru/,komintern7.vrn.msudrf.ru,нет,36MS0012
Воронежская область,Воронеж,,Судебный участок № 7 в Левобережном судебном районе Воронежской области,MS,Мировой суд,"394007, г Воронеж, ул Серова, д 1",https://levober7.vrn.msudrf.ru/,levober7.vrn.msudrf.ru,нет,36MS0024
Воронежская область,Воронеж,,Судебный участок № 7 в Ленинском судебном районе Воронежской области,MS,Мировой суд,"394026, г Воронеж, ул Плехановская, д 53",https://leninsky7.vrn.msudrf.ru/,leninsky7.vrn.msudrf.ru,нет,36MS0032
Воронежская область,Воронеж,,Судебный участок № 7 в Советском судебном районе Воронежской области,MS,Мировой суд,"394026, г Воронеж, ул Плехановская, д 53",https://sovetsk7.vrn.msudrf.ru/,sovetsk7.vrn.msudrf.ru,нет,36MS0039
Воронежская область,Воронеж,,Судебный участок № 8 в Коминтерновском судебном районе Воронежской области,MS,Мировой суд,"394026, г Воронеж, проезд Ясный, д 2",https://komintern8.vrn.msudrf.ru/,komintern8.vrn.msudrf.ru,нет,36MS0013
Воронежская область,Воронеж,,Судебный участок № 8 в Левобережном судебном районе Воронежской области,MS,Мировой суд,"394028, г Воронеж, ул Волгоградская, д 30",https://levober8.vrn.msudrf.ru/,levober8.vrn.msudrf.ru,нет,36MS0025
Воронежская область,Воронеж,,Судебный участок № 8 в Советском судебном районе Воронежской области,MS,Мировой суд,"394026, г Воронеж, ул Плехановская, д 53",https://sovetsk8.vrn.msudrf.ru/,sovetsk8.vrn.msudrf.ru,нет,36MS0040
Воронежская область,Воронеж,,Судебный участок № 9 в Коминтерновском судебном районе Воронежской области,MS,Мировой суд,"394026, г Воронеж, ул Плехановская, д 53",https://komintern9.vrn.msudrf.ru/,komintern9.vrn.msudrf.ru,нет,36MS0014
Воронежская область,Грибановский,,Судебный участок № 1 в Грибановском судебном районе Воронежской области,MS,Мировой суд,"397240, Воронежская обл, пгт Грибановский, ул Комарова, д 56",https://gribanovsk1.vrn.msudrf.ru/,gribanovsk1.vrn.msudrf.ru,нет,36MS0064
Воронежская область,Грибановский,,Судебный участок № 2 в Грибановском судебном районе Воронежской области,MS,Мировой суд,"397240, Воронежская обл, пгт Грибановский, ул Комарова, д 56",https://gribanovsk2.vrn.msudrf.ru/,gribanovsk2.vrn.msudrf.ru,нет,36MS0065
Воронежская область,Заболотовка,,Судебный участок № 6 в Россошанском судебном районе Воронежской области,MS,Мировой суд,"396691, Воронежская обл, Ольховатский р-н, п Заболотовка, ул Новаторов, д 8",https://olhovatsk1.vrn.msudrf.ru/,olhovatsk1.vrn.msudrf.ru,нет,36MS0086
Воронежская область,Калач,,Судебный участок № 1 в Калачеевском судебном районе Воронежской области,MS,Мировой суд,"397600, Воронежская обл, г Калач, ул Пугачева, д 7",https://kalach1.vrn.msudrf.ru/,kalach1.vrn.msudrf.ru,нет,36MS0066
Воронежская область,Калач,,Судебный участок № 2 в Калачеевском судебном районе Воронежской области,MS,Мировой суд,"397600, Воронежская обл, г Калач, ул Пугачева, д 7",https://kalach2.vrn.msudrf.ru/,kalach2.vrn.msudrf.ru,нет,36MS0067
Воронежская область,Калач,,Судебный участок № 3 в Калачеевском судебном районе Воронежской области,MS,Мировой суд,"397600, Воронежская обл, г Калач, ул Пугачева, д 7",https://kalach3.vrn.msudrf.ru/,kalach3.vrn.msudrf.ru,нет,36MS0068
Воронежская область,Каменка,,Судебный участок № 6 в Лискинском судебном районе Воронежской области,MS,Мировой суд,"396510, Воронежская обл, пгт Каменка, ул Советская, д 40",https://kamenka1.vrn.msudrf.ru/,kamenka1.vrn.msudrf.ru,нет,36MS0069
Воронежская область,Кантемировка,,Судебный участок № 1 в Кантемировском судебном районе Воронежской области,MS,Мировой суд,"396731, Воронежская обл, рп Кантемировка, ул Владимира Завадского, д 98",https://kantemir1.vrn.msudrf.ru/,kantemir1.vrn.msudrf.ru,нет,36MS0070
Воронежская область,Кантемировка,,Судебный участок № 2 в Кантемировском судебном районе Воронежской области,MS,Мировой суд,"396731, Воронежская обл, рп Кантемировка, ул Владимира Завадского, д 98",https://kantemir2.vrn.msudrf.ru/,kantemir2.vrn.msudrf.ru,нет,36MS0071
Воронежская область,Каширское,,Судебный участок № 1 в Каширском судебном районе Воронежской области,MS,Мировой суд,"396350, Воронежская обл, с Каширское, ул Олимпийская, зд 2А",https://kashira1.vrn.msudrf.ru/,kashira1.vrn.msudrf.ru,нет,36MS0072
Воронежская область,Лиски,,Судебный участок № 1 в Лискинском судебном районе Воронежской области,MS,Мировой суд,"397907, Воронежская обл, г Лиски, ул 40 лет Октября, д 73",https://liski1.vrn.msudrf.ru/,liski1.vrn.msudrf.ru,нет,36MS0073
Воронежская область,Лиски,,Судебный участок № 2 в Лискинском судебном районе Воронежской области,MS,Мировой суд,"397907, Воронежская обл, г Лиски, ул 40 лет Октября, д 73",https://liski2.vrn.msudrf.ru/,liski2.vrn.msudrf.ru,нет,36MS0074
Воронежская область,Лиски,,Судебный участок № 3 в Лискинском судебном районе Воронежской области,MS,Мировой суд,"397907, Воронежская обл, г Лиски, ул 40 лет Октября, д 73",https://liski3.vrn.msudrf.ru/,liski3.vrn.msudrf.ru,нет,36MS0075
Воронежская область,Лиски,,Судебный участок № 4 в Лискинском судебном районе Воронежской области,MS,Мировой суд,"397907, Воронежская обл, г Лиски, ул 40 лет Октября, д 73",https://liski4.vrn.msudrf.ru/,liski4.vrn.msudrf.ru,нет,36MS0076
Воронежская область,Лиски,,Судебный участок № 5 в Лискинском судебном районе Воронежской области,MS,Мировой суд,"397907, Воронежская обл, г Лиски, ул 40 лет Октября, д 73",https://liski5.vrn.msudrf.ru/,liski5.vrn.msudrf.ru,нет,36MS0077
Воронежская область,Нижнедевицк,,Судебный участок № 1 в Нижнедевицком судебном районе Воронежской области,MS,Мировой суд,"396870, Воронежская обл, с Нижнедевицк, ул Революционная, д 18",https://ndevitsk1.vrn.msudrf.ru/,ndevitsk1.vrn.msudrf.ru,нет,36MS0078
Воронежская область,Новая Усмань,,Судебный участок № 1 в Новоусманском судебном районе Воронежской области,MS,Мировой суд,"396310, Воронежская обл, с Новая Усмань, ул Авдеева, д 35",https://nusman1.vrn.msudrf.ru/,nusman1.vrn.msudrf.ru,нет,36MS0081
Воронежская область,Новая Усмань,,Судебный участок № 2 в Новоусманском судебном районе Воронежской области,MS,Мировой суд,"396310, Воронежская обл, с Новая Усмань, ул Авдеева, д 35",https://nusman2.vrn.msudrf.ru/,nusman2.vrn.msudrf.ru,нет,36MS0082
Воронежская область,Новая Усмань,,Судебный участок № 3 в Новоусманском судебном районе Воронежской области,MS,Мировой суд,"396310, Воронежская обл, с Новая Усмань, ул Авдеева, д 35",https://nusman3.vrn.msudrf.ru/,nusman3.vrn.msudrf.ru,нет,36MS0083
Воронежская область,Нововоронеж,,Судебный участок № 1 в Нововоронежском судебном районе Воронежской области,MS,Мировой суд,"396070, Воронежская обл, г Нововоронеж, ул Октябрьская, д 16",https://nvoronezh1.vrn.msudrf.ru/,nvoronezh1.vrn.msudrf.ru,нет,36MS0079
Воронежская область,Нововоронеж,,Судебный участок № 2 в Нововоронежском судебном районе Воронежской области,MS,Мировой суд,"396070, Воронежская обл, г Нововоронеж, ул Октябрьская, д 16",https://nvoronezh2.vrn.msudrf.ru/,nvoronezh2.vrn.msudrf.ru,нет,36MS0080
Воронежская область,Новохопёрск,,Судебный участок № 1 в Новохоперском судебном районе Воронежской области,MS,Мировой суд,"397400, Воронежская обл, г Новохопёрск, ул 25 Октября, зд 25",https://nhopersk1.vrn.msudrf.ru/,nhopersk1.vrn.msudrf.ru,нет,36MS0084
Воронежская область,Новохопёрск,,Судебный участок № 2 в Новохоперском судебном районе Воронежской области,MS,Мировой суд,"397400, Воронежская обл, г Новохопёрск, ул 25 Октября, зд 25",https://nhopersk2.vrn.msudrf.ru/,nhopersk2.vrn.msudrf.ru,нет,36MS0085
Воронежская область,Острогожск,,Судебный участок № 1 в Острогожском судебном районе Воронежской области,MS,Мировой суд,"397855, Воронежская обл, г Острогожск, ул Пушкина, зд 31А",https://ostrogozhsk1.vrn.msudrf.ru/,ostrogozhsk1.vrn.msudrf.ru,нет,36MS0087
Воронежская область,Острогожск,,Судебный участок № 2 в Острогожском судебном районе Воронежской области,MS,Мировой суд,"397855, Воронежская обл, г Острогожск, ул Пушкина, д 3, кв 1А",https://ostrogozhsk2.vrn.msudrf.ru/,ostrogozhsk2.vrn.msudrf.ru,нет,36MS0088
Воронежская область,Острогожск,,Судебный участок № 3 в Острогожском судебном районе Воронежской области,MS,Мировой суд,"397855, Воронежская обл, г Острогожск, ул Пушкина, д 3, кв 1А",https://ostrogozhsk3.vrn.msudrf.ru/,ostrogozhsk3.vrn.msudrf.ru,нет,36MS0089
Воронежская область,Павловск,,Судебный участок № 1 в Павловском судебном районе Воронежской области,MS,Мировой суд,"396422, Воронежская обл, г Павловск, пр-кт Революции, д 6",https://pavlovsk1.vrn.msudrf.ru/,pavlovsk1.vrn.msudrf.ru,нет,36MS0092
Воронежская область,Павловск,,Судебный участок № 2 в Павловском судебном районе Воронежской области,MS,Мировой суд,"396422, Воронежская обл, г Павловск, пр-кт Революции, д 6",https://pavlovsk2.vrn.msudrf.ru/,pavlovsk2.vrn.msudrf.ru,нет,36MS0093
Воронежская область,Павловск,,Судебный участок № 3 в Павловском судебном районе Воронежской области,MS,Мировой суд,"396422, Воронежская обл, г Павловск, пр-кт Революции, д 6",https://pavlovsk3.vrn.msudrf.ru/,pavlovsk3.vrn.msudrf.ru,нет,36MS0094
Воронежская область,Панино,,Судебный участок № 1 в Панинском судебном районе Воронежской области,MS,Мировой суд,"396140, Воронежская обл, рп Панино, ул Советская, д 37",https://panino1.vrn.msudrf.ru/,panino1.vrn.msudrf.ru,нет,36MS0090
Воронежская область,Панино,,Судебный участок № 2 в Панинском судебном районе Воронежской области,MS,Мировой суд,"396140, Воронежская обл, рп Панино, ул Советская, д 37",https://panino2.vrn.msudrf.ru/,panino2.vrn.msudrf.ru,нет,36MS0091
Воронежская область,Петропавловка,,Судебный участок № 3 в Богучарском судебном районе Воронежской области,MS,Мировой суд,"397670, Воронежская обл, с Петропавловка, ул Победы, зд 54И",https://petropavl1.vrn.msudrf.ru/,petropavl1.vrn.msudrf.ru,нет,36MS0095
Воронежская область,Поворино,,Судебный участок № 1 в Поворинском судебном районе Воронежской области,MS,Мировой суд,"397350, Воронежская обл, г Поворино, ул Советская, зд 28А",https://povorino1.vrn.msudrf.ru/,povorino1.vrn.msudrf.ru,нет,36MS0096
Воронежская область,Поворино,,Судебный участок № 2 в Поворинском судебном районе Воронежской области,MS,Мировой суд,"397350, Воронежская обл, г Поворино, ул Советская, зд 28А",https://povorino2.vrn.msudrf.ru/,povorino2.vrn.msudrf.ru,нет,36MS0097
Воронежская область,Подгоренский,,Судебный участок № 7 в Россошанском судебном районе Воронежской области,MS,Мировой суд,"396560, Воронежская обл, пгт Подгоренский, ул Первомайская, д 177",https://podgorn1.vrn.msudrf.ru/,podgorn1.vrn.msudrf.ru,нет,36MS0098
Воронежская область,Подгоренский,,Судебный участок № 8 в Россошанском судебном районе Воронежской области,MS,Мировой суд,"396560, Воронежская обл, пгт Подгоренский, ул Первомайская, д 177",https://podgorn2.vrn.msudrf.ru/,podgorn2.vrn.msudrf.ru,нет,36MS0099
Воронежская область,Рамонь,,Судебный участок № 1 в Рамонском судебном районе Воронежской области,MS,Мировой суд,"396020, Воронежская обл, рп Рамонь, ул Советская, д 4А",https://ramon1.vrn.msudrf.ru/,ramon1.vrn.msudrf.ru,нет,36MS0100
Воронежская область,Рамонь,,Судебный участок № 2 в Рамонском судебном районе Воронежской области,MS,Мировой суд,"396020, Воронежская обл, рп Рамонь, ул Советская, д 4А",https://ramon2.vrn.msudrf.ru/,ramon2.vrn.msudrf.ru,нет,36MS0101
Воронежская область,Репьёвка,,Судебный участок № 4 в Острогожском судебном районе Воронежской области,MS,Мировой суд,"396370, Воронежская обл, с Репьёвка, ул Ушанева, д 3",https://repievk1.vrn.msudrf.ru/,repievk1.vrn.msudrf.ru,нет,36MS0102
Воронежская область,Россошь,,Судебный участок № 1 в Россошанском судебном районе Воронежской области,MS,Мировой суд,"396650, Воронежская обл, г Россошь, пл Ленина, д 2",https://rossosh1.vrn.msudrf.ru/,rossosh1.vrn.msudrf.ru,нет,36MS0103
Воронежская область,Россошь,,Судебный участок № 2 в Россошанском судебном районе Воронежской области,MS,Мировой суд,"396650, Воронежская обл, г Россошь, пл Ленина, д 2",https://rossosh2.vrn.msudrf.ru/,rossosh2.vrn.msudrf.ru,нет,36MS0104
Воронежская область,Россошь,,Судебный участок № 3 в Россошанском судебном районе Воронежской области,MS,Мировой суд,"396650, Воронежская обл, г Россошь, пл Ленина, д 2",https://rossosh3.vrn.msudrf.ru/,rossosh3.vrn.msudrf.ru,нет,36MS0105
Воронежская область,Россошь,,Судебный участок № 4 в Россошанском судебном районе Воронежской области,MS,Мировой суд,"396650, Воронежская обл, г Россошь, пл Ленина, д 2",https://rossosh4.vrn.msudrf.ru/,rossosh4.vrn.msudrf.ru,нет,36MS0106
Воронежская область,Россошь,,Судебный участок № 5 в Россошанском судебном районе Воронежской области,MS,Мировой суд,"396650, Воронежская обл, г Россошь, пл Ленина, д 2",https://rossosh5.vrn.msudrf.ru/,rossosh5.vrn.msudrf.ru,нет,36MS0107
Воронежская область,Семилуки,,Судебный участок № 1 в Семилукском судебном районе Воронежской области,MS,Мировой суд,"396901, Воронежская обл, г Семилуки, ул Мурзы, д 2А",https://semiluk1.vrn.msudrf.ru/,semiluk1.vrn.msudrf.ru,нет,36MS0108
Воронежская область,Семилуки,,Судебный участок № 2 в Семилукском судебном районе Воронежской области,MS,Мировой суд,"396901, Воронежская обл, г Семилуки, ул Мурзы, д 2А",https://semiluk2.vrn.msudrf.ru/,semiluk2.vrn.msudrf.ru,нет,36MS0109
Воронежская область,Семилуки,,Судебный участок № 3 в Семилукском судебном районе Воронежской области,MS,Мировой суд,"396901, Воронежская обл, г Семилуки, ул Мурзы, д 2А",https://semiluk3.vrn.msudrf.ru/,semiluk3.vrn.msudrf.ru,нет,36MS0110
Воронежская область,Таловая,,Судебный участок № 1 в Таловском судебном районе Воронежской области,MS,Мировой суд,"397480, Воронежская обл, рп Таловая, ул Советская, д 126",https://talovsk1.vrn.msudrf.ru/,talovsk1.vrn.msudrf.ru,нет,36MS0111
Воронежская область,Таловая,,Судебный участок № 2 в Таловском судебном районе Воронежской области,MS,Мировой суд,"397480, Воронежская обл, рп Таловая, ул Советская, д 126",https://talovsk2.vrn.msudrf.ru/,talovsk2.vrn.msudrf.ru,нет,36MS0112
Воронежская область,Терновка,,Судебный участок № 3 в Грибановском судебном районе Воронежской области,MS,Мировой суд,"397110, Воронежская обл, с Терновка, ул Советская, д 37",https://ternovk1.vrn.msudrf.ru/,ternovk1.vrn.msudrf.ru,нет,36MS0113
Воронежская область,Хохольский,,Судебный участок № 1 в Хохольском судебном районе Воронежской области,MS,Мировой суд,"396840, Воронежская обл, рп Хохольский, ул Заводская, д 88",https://hohol1.vrn.msudrf.ru/,hohol1.vrn.msudrf.ru,нет,36MS0114
Воронежская область,Хохольский,,Судебный участок № 2 в Хохольском судебном районе Воронежской области,MS,Мировой суд,"396840, Воронежская обл, рп Хохольский, ул Заводская, д 88",https://hohol2.vrn.msudrf.ru/,hohol2.vrn.msudrf.ru,нет,36MS0115
Воронежская область,Эртиль,,Судебный участок № 3 в Панинском судебном районе Воронежской области,MS,Мировой суд,"397030, Воронежская обл, г Эртиль, ул Фридриха Энгельса, д 22",https://ertil1.vrn.msudrf.ru/,ertil1.vrn.msudrf.ru,нет,36MS0116
Воронежская область,Эртиль,,Судебный участок № 4 в Панинском судебном районе Воронежской области,MS,Мировой суд,"397030, Воронежская обл, г Эртиль, ул Фридриха Энгельса, д 22",https://ertil2.vrn.msudrf.ru/,ertil2.vrn.msudrf.ru,нет,36MS0117
Тульская область,,,Судебный участок № 22 Ленинского судебного района Тульской области,MS,Мировой суд,"301130, Тульская обл, сп Ленинский, ул Ленина, зд 12",https://84.tula.msudrf.ru/,84.tula.msudrf.ru,нет,71MS0084
Тульская область,,,Судебный участок № 27 Ленинского судебного района Тульской области,MS,Мировой суд,"301130, Тульская обл, сп Ленинский, ул Ленина, д 10",https://27.tula.msudrf.ru/,27.tula.msudrf.ru,нет,71MS0027
Тульская область,,,Судебный участок № 28 Ленинского судебного района Тульской области,MS,Мировой суд,"301130, Тульская обл, сп Ленинский, ул Ленина, д 10",https://28.tula.msudrf.ru/,28.tula.msudrf.ru,нет,71MS0028
Тульская область,,,Судебный участок № 29 Ленинского судебного района Тульской области,MS,Мировой суд,"301130, Тульская обл, сп Ленинский, ул Ленина, зд 12",https://29.tula.msudrf.ru/,29.tula.msudrf.ru,нет,71MS0029
Тульская область,Алексин,,Судебный участок № 1 Алексинского судебного района Тульской области,MS,Мировой суд,"301360, Тульская обл, г Алексин, ул Советская, д 20",https://1.tula.msudrf.ru/,1.tula.msudrf.ru,нет,71MS0001
Тульская область,Алексин,,Судебный участок № 2 Алексинского судебного района Тульской области,MS,Мировой суд,"301360, Тульская обл, г Алексин, ул Советская, д 20",https://2.tula.msudrf.ru/,2.tula.msudrf.ru,нет,71MS0002
Тульская область,Алексин,,Судебный участок № 3 Алексинского судебного района Тульской области,MS,Мировой суд,"301360, Тульская обл, г Алексин, ул Советская, д 20",https://3.tula.msudrf.ru/,3.tula.msudrf.ru,нет,71MS0003
Тульская область,Алексин,,Судебный участок № 4 Алексинского судебного района Тульской области,MS,Мировой суд,"301360, Тульская обл, г Алексин, ул Советская, д 20",https://4.tula.msudrf.ru/,4.tula.msudrf.ru,нет,71MS0004
Тульская область,Арсеньево,,Судебный участок № 5 Одоевского судебного района Тульской области,MS,Мировой суд,"301510, Тульская обл, рп Арсеньево, ул Хорева, д 24",https://5.tula.msudrf.ru/,5.tula.msudrf.ru,нет,71MS0005
Тульская область,Архангельское,,Судебный участок № 20 Ефремовского судебного района Тульской области,MS,Мировой суд,"301990, Тульская обл, с Архангельское, ул Тихомирова, д 26",https://20.tula.msudrf.ru/,20.tula.msudrf.ru,нет,71MS0020
Тульская область,Белев,,Судебный участок № 6 Суворовского судебного района Тульской области,MS,Мировой суд,"301530, Тульская обл, г Белев, ул Пушкина, д 35",https://6.tula.msudrf.ru/,6.tula.msudrf.ru,нет,71MS0006
Тульская область,Богородицк,,Судебный участок № 7 Богородицкого судебного района Тульской области,MS,Мировой суд,"301835, Тульская обл, г Богородицк, ул Пролетарская, д 47",https://7.tula.msudrf.ru/,7.tula.msudrf.ru,нет,71MS0007
Тульская область,Богородицк,,Судебный участок № 8 Богородицкого судебного района Тульской области,MS,Мировой суд,"301835, Тульская обл, г Богородицк, ул Пролетарская, д 47",https://8.tula.msudrf.ru/,8.tula.msudrf.ru,нет,71MS0008
Тульская область,Богородицк,,Судебный участок № 80 Богородицкого судебного района Тульской области,MS,Мировой суд,"301835, Тульская обл, г Богородицк, ул Пролетарская, д 47",https://80.tula.msudrf.ru/,80.tula.msudrf.ru,нет,71MS0080
Тульская область,Венев,,Судебный участок № 10 Веневского судебного района Тульской области,MS,Мировой суд,"301320, Тульская обл, г Венев, ул Декабристов, зд 15",https://10.tula.msudrf.ru/,10.tula.msudrf.ru,нет,71MS0010
Тульская область,Венев,,Судебный участок № 9 Веневского судебного района Тульской области,MS,Мировой суд,"301320, Тульская обл, г Венев, ул Декабристов, зд 15",https://9.tula.msudrf.ru/,9.tula.msudrf.ru,нет,71MS0009
Тульская область,Волово,,Судебный участок № 11 Богородицкого судебного района Тульской области,MS,Мировой суд,"301570, Тульская обл, рп Волово, ул Зеленый бульвар, д 1А",https://11.tula.msudrf.ru/,11.tula.msudrf.ru,нет,71MS0011
Тульская область,Донской,,Судебный участок № 12 Донского судебного района Тульской области,MS,Мировой суд,"301760, Тульская обл, г Донской, мкр Центральный, ул Советская, д 12",https://12.tula.msudrf.ru/,12.tula.msudrf.ru,нет,71MS0012
Тульская область,Донской,,Судебный участок № 13 Донского судебного района Тульской области,MS,Мировой суд,"301760, Тульская обл, г Донской, мкр Центральный, ул Советская, д 12",https://13.tula.msudrf.ru/,13.tula.msudrf.ru,нет,71MS0013
Тульская область,Донской,,Судебный участок № 14 Донского судебного района Тульской области,MS,Мировой суд,"301760, Тульская обл, г Донской, мкр Центральный, ул Советская, д 12",https://14.tula.msudrf.ru/,14.tula.msudrf.ru,нет,71MS0014
Тульская область,Дубна,,Судебный участок № 15 Одоевского судебного района Тульской области,MS,Мировой суд,"301160, Тульская обл, рп Дубна, ул Первомайская, д 37А",https://15.tula.msudrf.ru/,15.tula.msudrf.ru,нет,71MS0015
Тульская область,Ефремов,,Судебный участок № 16 Ефремовского судебного района Тульской области,MS,Мировой суд,"301848, Тульская обл, г Ефремов, ул Словацкого Восстания, д 6",https://16.tula.msudrf.ru/,16.tula.msudrf.ru,нет,71MS0016
Тульская область,Ефремов,,Судебный участок № 17 Ефремовского судебного района Тульской области,MS,Мировой суд,"301848, Тульская обл, г Ефремов, ул Словацкого Восстания, д 6",https://17.tula.msudrf.ru/,17.tula.msudrf.ru,нет,71MS0017
Тульская область,Ефремов,,Судебный участок № 18 Ефремовского судебного района Тульской области,MS,Мировой суд,"301848, Тульская обл, г Ефремов, ул Словацкого Восстания, д 6",https://18.tula.msudrf.ru/,18.tula.msudrf.ru,нет,71MS0018
Тульская область,Заокский,,Судебный участок № 19 Алексинского судебного района Тульской области,MS,Мировой суд,"301000, Тульская обл, рп Заокский, ш Нечаевское, д 2",https://19.tula.msudrf.ru/,19.tula.msudrf.ru,нет,71MS0019
Тульская область,Кимовск,,Судебный участок № 21 Кимовского судебного района Тульской области,MS,Мировой суд,"301721, Тульская обл, г Кимовск, ул Павлова, д 19",https://21.tula.msudrf.ru/,21.tula.msudrf.ru,нет,71MS0021
Тульская область,Кимовск,,Судебный участок № 81 Кимовского судебного района Тульской области,MS,Мировой суд,"301721, Тульская обл, г Кимовск, ул Павлова, д 19",https://81.tula.msudrf.ru/,81.tula.msudrf.ru,нет,71MS0081
Тульская область,Киреевск,,Судебный участок № 23 Киреевского судебного района Тульской области,MS,Мировой суд,"301260, Тульская обл, г Киреевск, ул Октябрьская, д 37А",https://23.tula.msudrf.ru/,23.tula.msudrf.ru,нет,71MS0023
Тульская область,Киреевск,,Судебный участок № 24 Киреевского судебного района Тульской области,MS,Мировой суд,"301260, Тульская обл, г Киреевск, ул Октябрьская, д 37А",https://24.tula.msudrf.ru/,24.tula.msudrf.ru,нет,71MS0024
Тульская область,Киреевск,,Судебный участок № 25 Киреевского судебного района Тульской области,MS,Мировой суд,"301260, Тульская обл, г Киреевск, ул Октябрьская, д 37А",https://25.tula.msudrf.ru/,25.tula.msudrf.ru,нет,71MS0025
Тульская область,Куркино,,Судебный участок № 26 Богородицкого судебного района Тульской области,MS,Мировой суд,"301940, Тульская обл, рп Куркино, ул Парковая, д 2",https://26.tula.msudrf.ru/,26.tula.msudrf.ru,нет,71MS0026
Тульская область,Новомосковск,,Судебный участок № 30 Новомосковского судебного района Тульской области,MS,Мировой суд,"301680, Тульская обл, г Новомосковск, мкр Сокольники, ул Шахтерская, д 16А",https://30.tula.msudrf.ru/,30.tula.msudrf.ru,нет,71MS0030
Тульская область,Новомосковск,,Судебный участок № 31 Новомосковского судебного района Тульской области,MS,Мировой суд,"301650, Тульская обл, г Новомосковск, ул Октябрьская, зд 23",https://31.tula.msudrf.ru/,31.tula.msudrf.ru,нет,71MS0031
Тульская область,Новомосковск,,Судебный участок № 32 Новомосковского судебного района Тульской области,MS,Мировой суд,"301650, Тульская обл, г Новомосковск, ул Октябрьская, зд 23",https://32.tula.msudrf.ru/,32.tula.msudrf.ru,нет,71MS0032
Тульская область,Новомосковск,,Судебный участок № 33 Новомосковского судебного района Тульской области,MS,Мировой суд,"301650, Тульская обл, г Новомосковск, ул Октябрьская, зд 23",https://33.tula.msudrf.ru/,33.tula.msudrf.ru,нет,71MS0033
Тульская область,Новомосковск,,Судебный участок № 34 Новомосковского судебного района Тульской области,MS,Мировой суд,"301650, Тульская обл, г Новомосковск, ул Октябрьская, зд 23",https://34.tula.msudrf.ru/,34.tula.msudrf.ru,нет,71MS0034
Тульская область,Новомосковск,,Судебный участок № 35 Новомосковского судебного района Тульской области,MS,Мировой суд,"301650, Тульская обл, г Новомосковск, ул Октябрьская, зд 23",https://35.tula.msudrf.ru/,35.tula.msudrf.ru,нет,71MS0035
Тульская область,Новомосковск,,Судебный участок № 36 Новомосковского судебного района Тульской области,MS,Мировой суд,"301650, Тульская обл, г Новомосковск, ул Октябрьская, зд 23",https://36.tula.msudrf.ru/,36.tula.msudrf.ru,нет,71MS0036
Тульская область,Одоев,,Судебный участок № 37 Одоевского судебного района Тульской области,MS,Мировой суд,"301440, Тульская обл, рп Одоев, ул Карла Маркса, д 41",https://37.tula.msudrf.ru/,37.tula.msudrf.ru,нет,71MS0037
Тульская область,Первомайский,,Судебный участок № 48 Щекинского судебного района Тульской области,MS,Мировой суд,"301212, Тульская обл, Щекинский р-н, рп Первомайский, пр-кт Улитина, д 16",https://48.tula.msudrf.ru/,48.tula.msudrf.ru,нет,71MS0048
Тульская область,Плавск,,Судебный участок № 38 Плавского судебного района Тульской области,MS,Мировой суд,"301470, Тульская обл, г Плавск, ул Коммунаров, д 39",https://38.tula.msudrf.ru/,38.tula.msudrf.ru,нет,71MS0038
Тульская область,Плавск,,Судебный участок № 82 Плавского судебного района Тульской области,MS,Мировой суд,"301470, Тульская обл, г Плавск, ул Коммунаров, д 39",https://82.tula.msudrf.ru/,82.tula.msudrf.ru,нет,71MS0082
Тульская область,Советск,,Судебный участок № 47 Щекинского судебного района Тульской области,MS,Мировой суд,"301205, Тульская обл, Щекинский р-н, г Советск, ул Октябрьская, д 35",https://47.tula.msudrf.ru/,47.tula.msudrf.ru,нет,71MS0047
Тульская область,Суворов,,Судебный участок № 39 Суворовского судебного района Тульской области,MS,Мировой суд,"301430, Тульская обл, г Суворов, ул Энергетиков, д 10",https://39.tula.msudrf.ru/,39.tula.msudrf.ru,нет,71MS0039
Тульская область,Суворов,,Судебный участок № 40 Суворовского судебного района Тульской области,MS,Мировой суд,"301430, Тульская обл, г Суворов, ул Энергетиков, д 10",https://40.tula.msudrf.ru/,40.tula.msudrf.ru,нет,71MS0040
Тульская область,Теплое,,Судебный участок № 41 Щекинского судебного района Тульской области,MS,Мировой суд,"301900, Тульская обл, рп Теплое, пер Коммунальный, зд 8",https://41.tula.msudrf.ru/,41.tula.msudrf.ru,нет,71MS0041
Тульская область,Тула,,Судебный участок № 54 Зареченского судебного района г. Тулы,MS,Мировой суд,"300062, г Тула, ул Максимовского, д 3",https://54.tula.msudrf.ru/,54.tula.msudrf.ru,нет,71MS0054
Тульская область,Тула,,Судебный участок № 55 Зареченского судебного района г. Тулы,MS,Мировой суд,"300044, г Тула, ул Пузакова, д 78",https://55.tula.msudrf.ru/,55.tula.msudrf.ru,нет,71MS0055
Тульская область,Тула,,Судебный участок № 56 Зареченского судебного района г. Тулы,MS,Мировой суд,"300062, г Тула, ул Максимовского, д 3",https://56.tula.msudrf.ru/,56.tula.msudrf.ru,нет,71MS0056
Тульская область,Тула,,Судебный участок № 57 Зареченского судебного района г. Тулы,MS,Мировой суд,"300044, г Тула, ул Пузакова, д 78",https://57.tula.msudrf.ru/,57.tula.msudrf.ru,нет,71MS0057
Тульская область,Тула,,Судебный участок № 58 Зареченского судебного района г. Тулы,MS,Мировой суд,"300062, г Тула, ул Максимовского, д 3",https://58.tula.msudrf.ru/,58.tula.msudrf.ru,нет,71MS0058
Тульская область,Тула,,Судебный участок № 59 Привокзального судебного района г. Тулы,MS,Мировой суд,"300034, г Тула, ул Гоголевская, д 71",https://59.tula.msudrf.ru/,59.tula.msudrf.ru,нет,71MS0059
Тульская область,Тула,,Судебный участок № 60 Привокзального судебного района г. Тулы,MS,Мировой суд,"300034, г Тула, ул Гоголевская, д 71",https://60.tula.msudrf.ru/,60.tula.msudrf.ru,нет,71MS0060
Тульская область,Тула,,Судебный участок № 61 Привокзального судебного района г.Тулы,MS,Мировой суд,"300034, г Тула, ул Гоголевская, д 71",https://61.tula.msudrf.ru/,61.tula.msudrf.ru,нет,71MS0061
Тульская область,Тула,,Судебный участок № 62 Привокзального судебного района г.Тулы,MS,Мировой суд,"300034, г Тула, ул Гоголевская, д 71",https://62.tula.msudrf.ru/,62.tula.msudrf.ru,нет,71MS0062
Тульская область,Тула,,Судебный участок № 63 Пролетарского судебного района г.Тулы,MS,Мировой суд,"300016, г. Тула, ул. Металлургов, д. 29/ ул. Аносова, д. 11",https://63.tula.msudrf.ru/,63.tula.msudrf.ru,нет,71MS0063
Тульская область,Тула,,Судебный участок № 64 Пролетарского судебного района г. Тулы,MS,Мировой суд,"300001, г Тула, ул Чапаева, д 49",https://64.tula.msudrf.ru/,64.tula.msudrf.ru,нет,71MS0064
Тульская область,Тула,,Судебный участок № 65 Пролетарского судебного района г.Тулы,MS,Мировой суд,"300001, г Тула, ул Чапаева, д 49",https://65.tula.msudrf.ru/,65.tula.msudrf.ru,нет,71MS0065
Тульская область,Тула,,Судебный участок № 66 Пролетарского судебного района г.Тулы,MS,Мировой суд,"300001, г Тула, ул Чапаева, д 49",https://66.tula.msudrf.ru/,66.tula.msudrf.ru,нет,71MS0066
Тульская область,Тула,,Судебный участок № 67 Пролетарского судебного района г.Тулы,MS,Мировой суд,"300001, г Тула, ул Чапаева, д 49",https://67.tula.msudrf.ru/,67.tula.msudrf.ru,нет,71MS0067
Тульская область,Тула,,Судебный участок № 68 Пролетарского судебного района г.Тулы,MS,Мировой суд,"300016, г. Тула, ул. Металлургов, д. 29/ ул. Аносова, д. 11",https://68.tula.msudrf.ru/,68.tula.msudrf.ru,нет,71MS0068
Тульская область,Тула,,Судебный участок № 69 Пролетарского судебного района г. Тулы,MS,Мировой суд,"300001, г Тула, ул Чапаева, д 49",https://69.tula.msudrf.ru/,69.tula.msudrf.ru,нет,71MS0069
Тульская область,Тула,,Судебный участок № 70 Советского судебного района г. Тулы,MS,Мировой суд,"300034, г Тула, ул Демонстрации, д 52А",https://70.tula.msudrf.ru/,70.tula.msudrf.ru,нет,71MS0070
Тульская область,Тула,,Судебный участок № 71 Советского судебного района г.Тулы,MS,Мировой суд,"300034, г Тула, ул Демонстрации, д 52А",https://71.tula.msudrf.ru/,71.tula.msudrf.ru,нет,71MS0071
Тульская область,Тула,,Судебный участок № 72 Советского судебного района г.Тулы,MS,Мировой суд,"300034, г Тула, ул Демонстрации, д 52А",https://72.tula.msudrf.ru/,72.tula.msudrf.ru,нет,71MS0072
Тульская область,Тула,,Судебный участок № 73 Советского судебного района г.Тулы,MS,Мировой суд,"300034, г Тула, ул Демонстрации, д 52А",https://73.tula.msudrf.ru/,73.tula.msudrf.ru,нет,71MS0073
Тульская область,Тула,,Судебный участок № 74 Центрального судебного района г.Тулы,MS,Мировой суд,"300012, г Тула, ул Кауля, д 49 к 1",https://74.tula.msudrf.ru/,74.tula.msudrf.ru,нет,71MS0074
Тульская область,Тула,,Судебный участок № 75 Центрального судебного района г. Тулы,MS,Мировой суд,"300012, г Тула, ул Кауля, д 49 к 1",https://75.tula.msudrf.ru/,75.tula.msudrf.ru,нет,71MS0075
Тульская область,Тула,,Судебный участок № 76 Центрального судебного района г. Тулы,MS,Мировой суд,"300045, г Тула, ул Кауля, д 20",https://76.tula.msudrf.ru/,76.tula.msudrf.ru,нет,71MS0076
Тульская область,Тула,,Судебный участок № 77 Центрального судебного района г. Тулы,MS,Мировой суд,"300045, г Тула, ул Кауля, д 20",https://77.tula.msudrf.ru/,77.tula.msudrf.ru,нет,71MS0077
Тульская область,Тула,,Судебный участок № 78 Центрального судебного района г. Тулы,MS,Мировой суд,"300000, г Тула, пл Хлебная, д 7",https://78.tula.msudrf.ru/,78.tula.msudrf.ru,нет,71MS0078
Тульская область,Тула,,Судебный участок № 79 Центрального судебного района г.Тулы,MS,Мировой суд,"300000, г Тула, пл Хлебная, д 7",https://79.tula.msudrf.ru/,79.tula.msudrf.ru,нет,71MS0079
Тульская область,Узловая,,Судебный участок № 42 Узловского судебного района Тульской области,MS,Мировой суд,"301600, Тульская обл, г Узловая, пл Ленина, д 3",https://42.tula.msudrf.ru/,42.tula.msudrf.ru,нет,71MS0042
Тульская область,Узловая,,Судебный участок № 43 Узловского судебного района Тульской области,MS,Мировой суд,"301600, Тульская обл, г Узловая, пл Ленина, д 3",https://43.tula.msudrf.ru/,43.tula.msudrf.ru,нет,71MS0043
Тульская область,Узловая,,Судебный участок № 44 Узловского судебного района Тульской области,MS,Мировой суд,"301600, Тульская обл, г Узловая, пл Ленина, д 3",https://44.tula.msudrf.ru/,44.tula.msudrf.ru,нет,71MS0044
Тульская область,Узловая,,Судебный участок № 45 Узловского судебного района Тульской области,MS,Мировой суд,"301600, Тульская обл, г Узловая, пл Ленина, д 3",https://45.tula.msudrf.ru/,45.tula.msudrf.ru,нет,71MS0045
Тульская область,Чернь,,Судебный участок № 46 Плавского судебного района Тульской области,MS,Мировой суд,"301090, Тульская обл, рп Чернь, ул К.Маркса, д 31",https://46.tula.msudrf.ru/,46.tula.msudrf.ru,нет,71MS0046
Тульская область,Щекино,,Судебный участок № 49 Щекинского судебного района Тульской области,MS,Мировой суд,"301241, Тульская обл, г Щекино, ул Южная, д 62",https://49.tula.msudrf.ru/,49.tula.msudrf.ru,нет,71MS0049
Тульская область,Щекино,,Судебный участок № 50 Щекинского судебного района Тульской области,MS,Мировой суд,"301241, Тульская обл, г Щекино, ул Южная, д 62",https://50.tula.msudrf.ru/,50.tula.msudrf.ru,нет,71MS0050
Тульская область,Щекино,,Судебный участок № 51 Щекинского судебного района Тульской области,MS,Мировой суд,"301241, Тульская обл, г Щекино, ул Южная, д 62",https://51.tula.msudrf.ru/,51.tula.msudrf.ru,нет,71MS0051
Тульская область,Щекино,,Судебный участок № 83 Щекинского судебного района Тульской области,MS,Мировой суд,"301241, Тульская обл, г Щекино, ул Южная, д 62",https://83.tula.msudrf.ru/,83.tula.msudrf.ru,нет,71MS0083
Тульская область,Ясногорск,,Судебный участок № 52 Ясногорского судебного района Тульской области,MS,Мировой суд,"301031, Тульская обл, г Ясногорск, ул Машиностроителей, д 7",https://52.tula.msudrf.ru/,52.tula.msudrf.ru,нет,71MS0052
Тульская область,Ясногорск,,Судебный участок № 53 Ясногорского судебного района Тульской области,MS,Мировой суд,"301031, Тульская обл, г Ясногорск, ул Машиностроителей, д 7",https://53.tula.msudrf.ru/,53.tula.msudrf.ru,нет,71MS0053
Хабаровский край,,,"Судебный участок N 46 судебного района ""Город Амурск Хабаровского края""",MS,Мировой суд,"682610, Хабаровский край, Амурский р-н, мкр 2-ой (рп Эльбан), д 26А",https://46.hbr.msudrf.ru/,46.hbr.msudrf.ru,нет,27MS0046
Хабаровский край,,,Судебный участок № 61 судебного района «Солнечный район Хабаровского края»,MS,Мировой суд,"682380, Хабаровский край, с им П.Осипенко, пер Почтовый, д 3",https://61.hbr.msudrf.ru/,61.hbr.msudrf.ru,нет,27MS0061
Хабаровский край,Амурск,,"Судебный участок N 44 судебного района ""Город Амурск Хабаровского края""",MS,Мировой суд,"682644, Хабаровский край, г Амурск, пр-кт Комсомольский, д 11А",https://44.hbr.msudrf.ru/,44.hbr.msudrf.ru,нет,27MS0044
Хабаровский край,Амурск,,"Судебный участок N 45 судебного района ""Город Амурск Хабаровского края""",MS,Мировой суд,"682644, Хабаровский край, г Амурск, пр-кт Комсомольский, д 11А",https://45.hbr.msudrf.ru/,45.hbr.msudrf.ru,нет,27MS0045
Хабаровский край,Амурск,,"Судебный участок N 74 судебного района ""Город Амурск Хабаровского края""",MS,Мировой суд,"682644, Хабаровский край, г Амурск, пр-кт Комсомольский, д 11А",https://74.hbr.msudrf.ru/,74.hbr.msudrf.ru,нет,27MS0074
Хабаровский край,Аян,,Судебный участок № 48 судебного района «Город Николаевск-на-Амуре Хабаровского края»,MS,Мировой суд,"682571, Хабаровский край, с Аян, ул Октябрьская, д 3",https://48.hbr.msudrf.ru/,48.hbr.msudrf.ru,нет,27MS0048
Хабаровский край,Бикин,,"Судебный участок N 47 судебного района ""Город Бикин Хабаровского края""",MS,Мировой суд,"682970, Хабаровский край, г Бикин, пер Энергетический, д 12",https://47.hbr.msudrf.ru/,47.hbr.msudrf.ru,нет,27MS0047
Хабаровский край,Богородское,,Судебный участок № 65 судебного района «Ульчский район Хабаровского края»,MS,Мировой суд,"682400, Хабаровский край, с Богородское, ул Ленина, д 54",https://65.hbr.msudrf.ru/,65.hbr.msudrf.ru,нет,27MS0065
Хабаровский край,Ванино,,Судебный участок № 49 судебного района «Ванинский район Хабаровского края»,MS,Мировой суд,"682860, Хабаровский край, рп Ванино, ул Молодежная, д 19",https://49.hbr.msudrf.ru/,49.hbr.msudrf.ru,нет,27MS0049
Хабаровский край,Ванино,,Судебный участок № 50 судебного района «Ванинский район Хабаровского края»,MS,Мировой суд,"682860, Хабаровский край, рп Ванино, ул Молодежная, д 19",https://50.hbr.msudrf.ru/,50.hbr.msudrf.ru,нет,27MS0050
Хабаровский край,Вяземский,,Судебный участок № 53 судебного района «Вяземский район Хабаровского края»,MS,Мировой суд,"682950, Хабаровский край, г Вяземский, ул Козюкова, д 4",https://53.hbr.msudrf.ru/,53.hbr.msudrf.ru,нет,27MS0053
Хабаровский край,Комсомольск-на-Амуре,,"Судебный участок N 29 судебного района ""Центральный район г. Комсомольска-на-Амуре Хабаровского края""",MS,Мировой суд,"681021, Хабаровский край, г Комсомольск-на-Амуре, пр-кт Октябрьский, д 33",https://29.hbr.msudrf.ru/,29.hbr.msudrf.ru,нет,27MS0029
Хабаровский край,Комсомольск-на-Амуре,,"Судебный участок N 30 судебного района ""Центральный район г. Комсомольска-на-Амуре Хабаровского края""",MS,Мировой суд,"681021, Хабаровский край, г Комсомольск-на-Амуре, пр-кт Октябрьский, д 33",https://30.hbr.msudrf.ru/,30.hbr.msudrf.ru,нет,27MS0030
Хабаровский край,Комсомольск-на-Амуре,,"Судебный участок N 31 судебного района ""Центральный район г. Комсомольска-на-Амуре Хабаровского края""",MS,Мировой суд,"681021, Хабаровский край, г Комсомольск-на-Амуре, пр-кт Октябрьский, д 33",https://31.hbr.msudrf.ru/,31.hbr.msudrf.ru,нет,27MS0031
Хабаровский край,Комсомольск-на-Амуре,,"Судебный участок N 32 судебного района ""Центральный район г. Комсомольска-на-Амуре Хабаровского края""",MS,Мировой суд,"681021, Хабаровский край, г Комсомольск-на-Амуре, пр-кт Октябрьский, д 33",https://32.hbr.msudrf.ru/,32.hbr.msudrf.ru,нет,27MS0032
Хабаровский край,Комсомольск-на-Амуре,,"Судебный участок N 33 судебного района ""Центральный район г. Комсомольска-на-Амуре Хабаровского края""",MS,Мировой суд,"681021, Хабаровский край, г Комсомольск-на-Амуре, пр-кт Октябрьский, д 33",https://33.hbr.msudrf.ru/,33.hbr.msudrf.ru,нет,27MS0033
Хабаровский край,Комсомольск-на-Амуре,,"Судебный участок N 34 судебного района ""Центральный район г. Комсомольска-на-Амуре Хабаровского края""",MS,Мировой суд,"681021, Хабаровский край, г Комсомольск-на-Амуре, пр-кт Октябрьский, д 33",https://34.hbr.msudrf.ru/,34.hbr.msudrf.ru,нет,27MS0034
Хабаровский край,Комсомольск-на-Амуре,,"Судебный участок N 35 судебного района ""Центральный район г. Комсомольска-на-Амуре Хабаровского края""",MS,Мировой суд,"681021, Хабаровский край, г Комсомольск-на-Амуре, пр-кт Октябрьский, д 33",https://35.hbr.msudrf.ru/,35.hbr.msudrf.ru,нет,27MS0035
Хабаровский край,Комсомольск-на-Амуре,,"Судебный участок N 36 судебного района ""Центральный район г. Комсомольска-на-Амуре Хабаровского края""",MS,Мировой суд,"681021, Хабаровский край, г Комсомольск-на-Амуре, пр-кт Октябрьский, д 33",https://36.hbr.msudrf.ru/,36.hbr.msudrf.ru,нет,27MS0036
Хабаровский край,Комсомольск-на-Амуре,,"Судебный участок N 37 судебного района ""Ленинский район г. Комсомольска-на-Амуре Хабаровского края""",MS,Мировой суд,"681013, Хабаровский край, г Комсомольск-на-Амуре, ул Котовского, д 6",https://37.hbr.msudrf.ru/,37.hbr.msudrf.ru,нет,27MS0037
Хабаровский край,Комсомольск-на-Амуре,,"Судебный участок N 38 судебного района ""Ленинский район г. Комсомольска-на-Амуре Хабаровского края""",MS,Мировой суд,"681013, Хабаровский край, г Комсомольск-на-Амуре, ул Котовского, д 6",https://38.hbr.msudrf.ru/,38.hbr.msudrf.ru,нет,27MS0038
Хабаровский край,Комсомольск-на-Амуре,,"Судебный участок N 39 судебного района ""Ленинский район г. Комсомольска-на-Амуре Хабаровского края""",MS,Мировой суд,"681013, Хабаровский край, г Комсомольск-на-Амуре, ул Котовского, д 6",https://39.hbr.msudrf.ru/,39.hbr.msudrf.ru,нет,27MS0039
Хабаровский край,Комсомольск-на-Амуре,,"Судебный участок N 72 судебного района ""Центральный район г. Комсомольска-на-Амуре Хабаровского края""",MS,Мировой суд,"681021, Хабаровский край, г Комсомольск-на-Амуре, пр-кт Октябрьский, д 33",https://72.hbr.msudrf.ru/,72.hbr.msudrf.ru,нет,27MS0072
Хабаровский край,Комсомольск-на-Амуре,,"Судебный участок N 73 судебного района ""Ленинский район г. Комсомольска-на-Амуре Хабаровского края""",MS,Мировой суд,"681013, Хабаровский край, г Комсомольск-на-Амуре, ул Котовского, д 6",https://73.hbr.msudrf.ru/,73.hbr.msudrf.ru,нет,27MS0073
Хабаровский край,Комсомольск-на-Амуре,,Судебный участок № 54 судебного района «Комсомольский район Хабаровского края»,MS,Мировой суд,"681013, Хабаровский край, г Комсомольск-на-Амуре, ул Котовского, д 6",https://54.hbr.msudrf.ru/,54.hbr.msudrf.ru,нет,27MS0054
Хабаровский край,Комсомольск-на-Амуре,,Судебный участок № 55 судебного района «Комсомольский район Хабаровского края»,MS,Мировой суд,"681013, Хабаровский край, г Комсомольск-на-Амуре, ул Котовского, д 6",https://55.hbr.msudrf.ru/,55.hbr.msudrf.ru,нет,27MS0055
Хабаровский край,Некрасовка,,Судебный участок № 66 судебного района «Хабаровский район Хабаровского края»,MS,Мировой суд,"680507, Хабаровский край, Хабаровский р-н, с Некрасовка, ул Комсомольская, д 3",https://66.hbr.msudrf.ru/,66.hbr.msudrf.ru,нет,27MS0066
Хабаровский край,Некрасовка,,Судебный участок № 67 судебного района «Хабаровский район Хабаровского края»,MS,Мировой суд,"680507, Хабаровский край, Хабаровский р-н, с Некрасовка, ул Комсомольская, д 3",https://67.hbr.msudrf.ru/,67.hbr.msudrf.ru,нет,27MS0067
Хабаровский край,Николаевск-на-Амуре,,Судебный участок № 42 судебного района «Город Николаевск-на-Амуре Хабаровского края»,MS,Мировой суд,"682469, Хабаровский край, г Николаевск-на-Амуре, ул Луначарского, д 124",https://42.hbr.msudrf.ru/,42.hbr.msudrf.ru,нет,27MS0042
Хабаровский край,Николаевск-на-Амуре,,Судебный участок № 43 судебного района «Город Николаевск-на-Амуре Хабаровского края»,MS,Мировой суд,"682469, Хабаровский край, г Николаевск-на-Амуре, ул Луначарского, д 124",https://43.hbr.msudrf.ru/,43.hbr.msudrf.ru,нет,27MS0043
Хабаровский край,Охотск,,Судебный участок № 60 судебного района «Город Николаевск-на-Амуре Хабаровского края»,MS,Мировой суд,"682480, Хабаровский край, рп Охотск, ул Белолипского, д 19",https://60.hbr.msudrf.ru/,60.hbr.msudrf.ru,нет,27MS0060
Хабаровский край,Переяславка,,Судебный участок № 56 судебного района «Район имени Лазо Хабаровского края»,MS,Мировой суд,"682910, Хабаровский край, рп Переяславка, ул Суворова, д 25",https://56.hbr.msudrf.ru/,56.hbr.msudrf.ru,нет,27MS0056
Хабаровский край,Переяславка,,Судебный участок № 57 судебного района «Район имени Лазо Хабаровского края»,MS,Мировой суд,"682910, Хабаровский край, рп Переяславка, ул Суворова, д 25",https://57.hbr.msudrf.ru/,57.hbr.msudrf.ru,нет,27MS0057
Хабаровский край,Переяславка,,Судебный участок № 58 судебного района «Район имени Лазо Хабаровского края»,MS,Мировой суд,"682910, Хабаровский край, рп Переяславка, ул Суворова, д 25",https://58.hbr.msudrf.ru/,58.hbr.msudrf.ru,нет,27MS0058
Хабаровский край,Советская Гавань,,"Судебный участок N 41 судебного района ""Город Советская Гавань Хабаровского края""",MS,Мировой суд,"682800, Хабаровский край, г Советская Гавань, ул Пионерская, д 10",https://41.hbr.msudrf.ru/,41.hbr.msudrf.ru,нет,27MS0041
Хабаровский край,Советская Гавань,,Судебный участок № 40 судебного района «Город Советская Гавань Хабаровского края»,MS,Мировой суд,"682800, Хабаровский край, г Советская Гавань, ул Пионерская, д 10",https://40.hbr.msudrf.ru/,40.hbr.msudrf.ru,нет,27MS0040
Хабаровский край,Солнечный,,Судебный участок № 62 судебного района «Солнечный район Хабаровского края»,MS,Мировой суд,"682711, Хабаровский край, рп Солнечный, ул Парковая, д 17",https://62.hbr.msudrf.ru/,62.hbr.msudrf.ru,нет,27MS0062
Хабаровский край,Солнечный,,Судебный участок № 63 судебного района «Солнечный район Хабаровского края»,MS,Мировой суд,"682711, Хабаровский край, рп Солнечный, ул Парковая, д 17",https://63.hbr.msudrf.ru/,63.hbr.msudrf.ru,нет,27MS0063
Хабаровский край,Троицкое,,Судебный участок № 59 судебного района «Нанайский район Хабаровского края»,MS,Мировой суд,"682350, Хабаровский край, с Троицкое, ул 40 лет Победы, д 11",https://59.hbr.msudrf.ru/,59.hbr.msudrf.ru,нет,27MS0059
Хабаровский край,Хабаровск,,Судебный участок № 1 судебного района «Железнодорожный район г. Хабаровск»,MS,Мировой суд,"680013, г Хабаровск, ул Специалистов, д 67А",https://1.hbr.msudrf.ru/,1.hbr.msudrf.ru,нет,27MS0001
Хабаровский край,Хабаровск,,Судебный участок № 10 судебного района «Индустриальный район г. Хабаровска»,MS,Мировой суд,"680003, г Хабаровск, ул Суворова, д 1А",https://10.hbr.msudrf.ru/,10.hbr.msudrf.ru,нет,27MS0010
Хабаровский край,Хабаровск,,Судебный участок № 11 судебного района «Индустриальный район г. Хабаровска»,MS,Мировой суд,"680003, г Хабаровск, ул Суворова, д 1А",https://11.hbr.msudrf.ru/,11.hbr.msudrf.ru,нет,27MS0011
Хабаровский край,Хабаровск,,Судебный участок № 12 судебного района «Индустриальный район г. Хабаровска»,MS,Мировой суд,"680003, г Хабаровск, ул Суворова, д 1А",https://12.hbr.msudrf.ru/,12.hbr.msudrf.ru,нет,27MS0012
Хабаровский край,Хабаровск,,Судебный участок № 13 судебного района «Индустриальный район г. Хабаровска»,MS,Мировой суд,"680003, г Хабаровск, ул Суворова, д 1А",https://13.hbr.msudrf.ru/,13.hbr.msudrf.ru,нет,27MS0013
Хабаровский край,Хабаровск,,Судебный участок № 14 судебного района «Индустриальный район г. Хабаровска»,MS,Мировой суд,"680003, г Хабаровск, ул Суворова, д 1А",https://14.hbr.msudrf.ru/,14.hbr.msudrf.ru,нет,27MS0014
Хабаровский край,Хабаровск,,Судебный участок № 15 судебного района «Индустриальный район г. Хабаровска»,MS,Мировой суд,"680003, г Хабаровск, ул Суворова, д 1А",https://15.hbr.msudrf.ru/,15.hbr.msudrf.ru,нет,27MS0015
Хабаровский край,Хабаровск,,Судебный участок № 16 судебного района «Индустриальный район г. Хабаровска»,MS,Мировой суд,"680003, г Хабаровск, ул Суворова, д 1А",https://16.hbr.msudrf.ru/,16.hbr.msudrf.ru,нет,27MS0016
Хабаровский край,Хабаровск,,Судебный участок № 17 судебного района «Кировский район г. Хабаровска»,MS,Мировой суд,"680011, г Хабаровск, ул Марсовая, д 5",https://17.hbr.msudrf.ru/,17.hbr.msudrf.ru,нет,27MS0017
Хабаровский край,Хабаровск,,Судебный участок № 18 судебного района «Кировский район г. Хабаровска»,MS,Мировой суд,"680011, г Хабаровск, ул Марсовая, д 5",https://18.hbr.msudrf.ru/,18.hbr.msudrf.ru,нет,27MS0018
Хабаровский край,Хабаровск,,Судебный участок № 19 судебного района «Кировский район г. Хабаровска»,MS,Мировой суд,"680011, г Хабаровск, ул Марсовая, д 5",https://19.hbr.msudrf.ru/,19.hbr.msudrf.ru,нет,27MS0019
Хабаровский край,Хабаровск,,Судебный участок № 2 судебного района «Железнодорожный район г. Хабаровск»,MS,Мировой суд,"680013, г Хабаровск, ул Специалистов, д 67А",https://2.hbr.msudrf.ru/,2.hbr.msudrf.ru,нет,27MS0002
Хабаровский край,Хабаровск,,Судебный участок № 20 судебного района «Краснофлотский район г. Хабаровска»,MS,Мировой суд,"680054, г Хабаровск, ул Стрельникова, д 18А",https://20.hbr.msudrf.ru/,20.hbr.msudrf.ru,нет,27MS0020
Хабаровский край,Хабаровск,,Судебный участок № 21 судебного района «Краснофлотский район г. Хабаровска»,MS,Мировой суд,"680054, г Хабаровск, ул Стрельникова, д 18А",https://21.hbr.msudrf.ru/,21.hbr.msudrf.ru,нет,27MS0021
Хабаровский край,Хабаровск,,Судебный участок № 22 судебного района «Краснофлотский район г. Хабаровска»,MS,Мировой суд,"680054, г Хабаровск, ул Стрельникова, д 18А",https://22.hbr.msudrf.ru/,22.hbr.msudrf.ru,нет,27MS0022
Хабаровский край,Хабаровск,,Судебный участок № 23 судебного района «Краснофлотский район г. Хабаровска»,MS,Мировой суд,"680054, г Хабаровск, ул Стрельникова, д 18А",https://23.hbr.msudrf.ru/,23.hbr.msudrf.ru,нет,27MS0023
Хабаровский край,Хабаровск,,Судебный участок № 24 судебного района «Центральный район г. Хабаровска»,MS,Мировой суд,"680038, г Хабаровск, ул Дзержинского, д 89А",https://24.hbr.msudrf.ru/,24.hbr.msudrf.ru,нет,27MS0024
Хабаровский край,Хабаровск,,Судебный участок № 25 судебного района «Центральный район г. Хабаровска»,MS,Мировой суд,"680000, г Хабаровск, б-р Уссурийский, д 9",https://25.hbr.msudrf.ru/,25.hbr.msudrf.ru,нет,27MS0025
Хабаровский край,Хабаровск,,Судебный участок № 26 судебного района «Центральный район г. Хабаровска»,MS,Мировой суд,"680000, г Хабаровск, б-р Уссурийский, д 9",https://26.hbr.msudrf.ru/,26.hbr.msudrf.ru,нет,27MS0026
Хабаровский край,Хабаровск,,Судебный участок № 27 судебного района «Центральный район г. Хабаровска»,MS,Мировой суд,"680038, г Хабаровск, ул Дзержинского, д 89А",https://27.hbr.msudrf.ru/,27.hbr.msudrf.ru,нет,27MS0027
Хабаровский край,Хабаровск,,Судебный участок № 28 судебного района «Центральный район г. Хабаровска»,MS,Мировой суд,"680000, г Хабаровск, б-р Уссурийский, д 9",https://28.hbr.msudrf.ru/,28.hbr.msudrf.ru,нет,27MS0028
Хабаровский край,Хабаровск,,Судебный участок № 3 судебного района «Железнодорожный район г. Хабаровск»,MS,Мировой суд,"680013, г Хабаровск, ул Специалистов, д 67А",https://3.hbr.msudrf.ru/,3.hbr.msudrf.ru,нет,27MS0003
Хабаровский край,Хабаровск,,Судебный участок № 4 судебного района «Железнодорожный район г. Хабаровск»,MS,Мировой суд,"680013, г Хабаровск, ул Специалистов, д 67А",https://4.hbr.msudrf.ru/,4.hbr.msudrf.ru,нет,27MS0004
Хабаровский край,Хабаровск,,Судебный участок № 5 судебного района «Железнодорожный район г. Хабаровск»,MS,Мировой суд,"680013, г Хабаровск, ул Специалистов, д 67А",https://5.hbr.msudrf.ru/,5.hbr.msudrf.ru,нет,27MS0005
Хабаровский край,Хабаровск,,Судебный участок № 6 судебного района «Железнодорожный район г. Хабаровск»,MS,Мировой суд,"680013, г Хабаровск, ул Специалистов, д 67А",https://6.hbr.msudrf.ru/,6.hbr.msudrf.ru,нет,27MS0006
Хабаровский край,Хабаровск,,Судебный участок № 68 судебного района «Хабаровский район Хабаровского края»,MS,Мировой суд,"680013, г Хабаровск, ул Специалистов, д 67А",https://68.hbr.msudrf.ru/,68.hbr.msudrf.ru,нет,27MS0068
Хабаровский край,Хабаровск,,Судебный участок № 69 судебного района «Хабаровский район Хабаровского края»,MS,Мировой суд,"680013, г Хабаровск, ул Специалистов, д 67А",https://69.hbr.msudrf.ru/,69.hbr.msudrf.ru,нет,27MS0069
Хабаровский край,Хабаровск,,Судебный участок № 7 судебного района «Железнодорожный район г. Хабаровск»,MS,Мировой суд,"680013, г Хабаровск, ул Специалистов, д 67А",https://7.hbr.msudrf.ru/,7.hbr.msudrf.ru,нет,27MS0007
Хабаровский край,Хабаровск,,Судебный участок № 70 судебного района «Индустриальный район г. Хабаровска»,MS,Мировой суд,"680003, г Хабаровск, ул Суворова, д 1А",https://70.hbr.msudrf.ru/,70.hbr.msudrf.ru,нет,27MS0070
Хабаровский край,Хабаровск,,Судебный участок № 71 судебного района «Центральный район г. Хабаровска»,MS,Мировой суд,"680000, г Хабаровск, б-р Уссурийский, д 9",https://71.hbr.msudrf.ru/,71.hbr.msudrf.ru,нет,27MS0071
Хабаровский край,Хабаровск,,Судебный участок № 8 судебного района «Индустриальный район г. Хабаровска»,MS,Мировой суд,"680003, г Хабаровск, ул Суворова, д 1А",https://8.hbr.msudrf.ru/,8.hbr.msudrf.ru,нет,27MS0008
Хабаровский край,Хабаровск,,Судебный участок № 9 судебного района «Индустриальный район г. Хабаровска»,MS,Мировой суд,"680003, г Хабаровск, ул Суворова, д 1А",https://9.hbr.msudrf.ru/,9.hbr.msudrf.ru,нет,27MS0009
Хабаровский край,Чегдомын,,Судебный участок № 51 судебного района «Верхнебуреинский район Хабаровского края»,MS,Мировой суд,"682030, Хабаровский край, рп Чегдомын, ул Парковая, д 15",https://51.hbr.msudrf.ru/,51.hbr.msudrf.ru,нет,27MS0051
Хабаровский край,Чегдомын,,Судебный участок № 52 судебного района «Верхнебуреинский район Хабаровского края»,MS,Мировой суд,"682030, Хабаровский край, рп Чегдомын, ул Парковая, д 15",https://52.hbr.msudrf.ru/,52.hbr.msudrf.ru,нет,27MS0052
Хабаровский край,Чегдомын,,Судебный участок № 75 судебного района «Верхнебуреинский район Хабаровского края»,MS,Мировой суд,"682030, Хабаровский край, рп Чегдомын, ул Парковая, д 15",https://75.hbr.msudrf.ru/,75.hbr.msudrf.ru,нет,27MS0075
Хабаровский край,Чумикан,,Судебный участок № 64 судебного района «Город Николаевск-на-Амуре Хабаровского края»,MS,Мировой суд,"682560, Хабаровский край, с Чумикан, ул Таранца, д 20",https://64.hbr.msudrf.ru/,64.hbr.msudrf.ru,нет,27MS0064
Забайкальский край,Агинское,,Судебный участок № 64 Агинского судебного района Забайкальского края,MS,Мировой суд,"687000, Забайкальский край, Агинский р-н, пгт Агинское, ул Базара Ринчино, д 75",https://64.zbk.msudrf.ru/,64.zbk.msudrf.ru,нет,75MS0064
Забайкальский край,Агинское,,Судебный участок № 65 Агинского судебного района Забайкальского края,MS,Мировой суд,"687000, Забайкальский край, Агинский р-н, пгт Агинское, ул Базара Ринчино, д 75",https://65.zbk.msudrf.ru/,65.zbk.msudrf.ru,нет,75MS0065
Забайкальский край,Акша,,Судебный участок № 52 Акшинского судебного района Забайкальского края,MS,Мировой суд,"674230, Забайкальский край, с Акша, ул Октябрьская, д 3 стр 1, помещ 4",https://52.zbk.msudrf.ru/,52.zbk.msudrf.ru,нет,75MS0054
Забайкальский край,Александровский Завод,,Судебный участок № 24 Александрово-Заводского судебного района Забайкальского края,MS,Мировой суд,"674640, Забайкальский край, с Александровский Завод, ул Чернышевского, стр 34А",https://24.zbk.msudrf.ru/,24.zbk.msudrf.ru,нет,75MS0027
Забайкальский край,Балей,,Судебный участок № 60 Балейского судебного района Забайкальского края,MS,Мировой суд,"673450, Забайкальский край, г Балей, ул Советская, д 24",https://60.zbk.msudrf.ru/,60.zbk.msudrf.ru,нет,75MS0060
Забайкальский край,Борзя,,Судебный участок № 36 Борзинского судебного района Забайкальского края,MS,Мировой суд,"674600, Забайкальский край, г Борзя, ул Богдана Хмельницкого, д 4",https://36.zbk.msudrf.ru/,36.zbk.msudrf.ru,нет,75MS0038
Забайкальский край,Борзя,,Судебный участок № 37 Борзинского судебного района Забайкальского края,MS,Мировой суд,"674600, Забайкальский край, г Борзя, ул Богдана Хмельницкого, д 4",https://37.zbk.msudrf.ru/,37.zbk.msudrf.ru,нет,75MS0039
Забайкальский край,Борзя,,Судебный участок № 38 Борзинского судебного района Забайкальского края,MS,Мировой суд,"674600, Забайкальский край, г Борзя, ул Богдана Хмельницкого, д 4",https://38.zbk.msudrf.ru/,38.zbk.msudrf.ru,нет,75MS0040
Забайкальский край,Верх-Усугли,,Судебный участок № 31 Тунгокоченского судебного района Забайкальского края,MS,Мировой суд,"674100, Забайкальский край, с Верх-Усугли, ул Советская, д 1А",https://31.zbk.msudrf.ru/,31.zbk.msudrf.ru,нет,75MS0033
Забайкальский край,Газимурский Завод,,Судебный участок № 61 Газимуро-Заводского судебного района Забайкальского края,MS,Мировой суд,"673630, Забайкальский край, с Газимурский Завод, ул Журавлева, зд 19",https://61.zbk.msudrf.ru/,61.zbk.msudrf.ru,нет,75MS0061
Забайкальский край,Дарасун,,Судебный участок № 30 Карымского судебного района Забайкальского края,MS,Мировой суд,"673310, Забайкальский край, Карымский р-н, пгт Дарасун, ул Калинина, д 14",https://30.zbk.msudrf.ru/,30.zbk.msudrf.ru,нет,75MS0032
Забайкальский край,Дульдурга,,Судебный участок № 68 Дульдургинского судебного района Забайкальского края,MS,Мировой суд,"687200, Забайкальский край, с Дульдурга, ул 50 лет Октября, зд 68А",https://68.zbk.msudrf.ru/,68.zbk.msudrf.ru,нет,75MS0068
Забайкальский край,Забайкальск,,Судебный участок № 39 Забайкальского судебного района Забайкальского края,MS,Мировой суд,"674650, Забайкальский край, пгт Забайкальск, ул Комсомольская, д 19",https://39.zbk.msudrf.ru/,39.zbk.msudrf.ru,нет,75MS0041
Забайкальский край,Калга,,Судебный участок № 23 Калганского судебного района Забайкальского края,MS,Мировой суд,"674340, Забайкальский край, с Калга, ул Балябина, д 24",https://23.zbk.msudrf.ru/,23.zbk.msudrf.ru,нет,75MS0026
Забайкальский край,Карымское,,Судебный участок № 29 Карымского судебного района Забайкальского края,MS,Мировой суд,"673300, Забайкальский край, пгт Карымское, ул Шемелина, д 1",https://29.zbk.msudrf.ru/,29.zbk.msudrf.ru,нет,75MS0031
Забайкальский край,Кокуй,,Судебный участок № 57 Сретнского судебного района Забайкальского края,MS,Мировой суд,"673530, Забайкальский край, Сретенский р-н, пгт Кокуй, ул Заводская, д 9А",https://57.zbk.msudrf.ru/,57.zbk.msudrf.ru,нет,75MS0057
Забайкальский край,Краснокаменск,,Судебный участок № 40 Краснокаменского судебного района Забайкальского края,MS,Мировой суд,"674674, Забайкальский край, г Краснокаменск, мкр 5-й, д 507",https://40.zbk.msudrf.ru/,40.zbk.msudrf.ru,нет,75MS0042
Забайкальский край,Краснокаменск,,Судебный участок № 41 Краснокаменского судебного района Забайкальского края,MS,Мировой суд,"674674, Забайкальский край, г Краснокаменск, мкр 5-й, д 507",https://41.zbk.msudrf.ru/,41.zbk.msudrf.ru,нет,75MS0043
Забайкальский край,Краснокаменск,,Судебный участок № 42 Краснокаменского судебного района Забайкальского края,MS,Мировой суд,"674674, Забайкальский край, г Краснокаменск, мкр 5-й, д 507",https://42.zbk.msudrf.ru/,42.zbk.msudrf.ru,нет,75MS0044
Забайкальский край,Красный Чикой,,Судебный участок № 48 Красночикойского судебного района Забайкальского края,MS,Мировой суд,"673060, Забайкальский край, с Красный Чикой, ул Первомайская, д 89",https://48.zbk.msudrf.ru/,48.zbk.msudrf.ru,нет,75MS0050
Забайкальский край,Кыра,,Судебный участок № 51 Кыринского судебного района Забайкальского края,MS,Мировой суд,"674250, Забайкальский край, с Кыра, ул Черкасова, зд 12",https://51.zbk.msudrf.ru/,51.zbk.msudrf.ru,нет,75MS0053
Забайкальский край,Могойтуй,,Судебный участок № 66 Могойтуйского судебного района Забайкальского края,MS,Мировой суд,"687420, Забайкальский край, пгт Могойтуй, ул Зугалайская, д 7",https://66.zbk.msudrf.ru/,66.zbk.msudrf.ru,нет,75MS0066
Забайкальский край,Могойтуй,,Судебный участок № 67 Могойтуйского судебного района Забайкальского края,MS,Мировой суд,"687420, Забайкальский край, пгт Могойтуй, ул Зугалайская, д 7",https://67.zbk.msudrf.ru/,67.zbk.msudrf.ru,нет,75MS0067
Забайкальский край,Могоча,,Судебный участок № 15 Могочинского судебного района Забайкальского края,MS,Мировой суд,"673732, Забайкальский край, г Могоча, ул Высотная, зд 1",https://15.zbk.msudrf.ru/,15.zbk.msudrf.ru,нет,75MS0020
Забайкальский край,Могоча,,Судебный участок № 16 Могочинского судебного района Забайкальского края,MS,Мировой суд,"673732, Забайкальский край, г Могоча, ул Высотная, зд 1",https://16.zbk.msudrf.ru/,16.zbk.msudrf.ru,нет,75MS0021
Забайкальский край,Нерчинск,,Судебный участок № 21 Нерчинского судебного района Забайкальского края,MS,Мировой суд,"673400, Забайкальский край, г Нерчинск, ул Шилова, д 18",https://21.zbk.msudrf.ru/,21.zbk.msudrf.ru,нет,75MS0024
Забайкальский край,Нерчинск,,Судебный участок № 56 Нерчинского судебного района Забайкальского края,MS,Мировой суд,"673400, Забайкальский край, г Нерчинск, ул Шилова, д 18",https://56.zbk.msudrf.ru/,56.zbk.msudrf.ru,нет,75MS0056
Забайкальский край,Нерчинский Завод,,Судебный участок № 22 Нерчинско-Заводского судебного района Забайкальского края,MS,Мировой суд,"674370, Забайкальский край, с Нерчинский Завод, ул Нагорная, зд 4Г",https://22.zbk.msudrf.ru/,22.zbk.msudrf.ru,нет,75MS0025
Забайкальский край,Нижний Цасучей,,Судебный участок № 53 Ононского судебного района Забайкальского края,MS,Мировой суд,"674480, Забайкальский край, с Нижний Цасучей, ул Октябрьская, д 11",https://53.zbk.msudrf.ru/,53.zbk.msudrf.ru,нет,75MS0055
Забайкальский край,Новая Чара,,Судебный участок № 13 Каларского судебного района Забайкальского края,MS,Мировой суд,"674159, Забайкальский край, Каларский р-н, пгт Новая Чара, ул Магистральная, д 16, кв 24",https://13.zbk.msudrf.ru/,13.zbk.msudrf.ru,нет,75MS0019
Забайкальский край,Первомайский,,Судебный участок № 28 Шилкинского судебного района Забайкальского края,MS,Мировой суд,"673390, Забайкальский край, Шилкинский р-н, пгт Первомайский, ул Забайкальская, д 12",https://28.zbk.msudrf.ru/,28.zbk.msudrf.ru,нет,75MS0030
Забайкальский край,Петровск-Забайкальский,,Судебный участок № 46 Петровск-Забайкальского судебного района Забайкальского края,MS,Мировой суд,"673005, Забайкальский край, г Петровск-Забайкальский, мкр 1-й, д 10",https://46.zbk.msudrf.ru/,46.zbk.msudrf.ru,нет,75MS0048
Забайкальский край,Петровск-Забайкальский,,Судебный участок № 47 Петровск-Забайкальского судебного района Забайкальского края,MS,Мировой суд,"673005, Забайкальский край, г Петровск-Забайкальский, мкр 1-й, д 10",https://47.zbk.msudrf.ru/,47.zbk.msudrf.ru,нет,75MS0049
Забайкальский край,Приаргунск,,Судебный участок № 43 Приаргунского судебного района Забайкальского края,MS,Мировой суд,"674310, Забайкальский край, пгт Приаргунск, ул Октябрьская, зд 10А",https://43.zbk.msudrf.ru/,43.zbk.msudrf.ru,нет,75MS0045
Забайкальский край,Приаргунск,,Судебный участок № 59 Приаргунского судебного района Забайкальского края,MS,Мировой суд,"674310, Забайкальский край, пгт Приаргунск, ул Октябрьская, зд 10А",https://59.zbk.msudrf.ru/,59.zbk.msudrf.ru,нет,75MS0059
Забайкальский край,Сретенск,,Судебный участок № 26 Сретенского судебного района Забайкальского края,MS,Мировой суд,"673500, Забайкальский край, г Сретенск, мкр Восточный, д 18, кв 51",https://26.zbk.msudrf.ru/,26.zbk.msudrf.ru,нет,75MS0028
Забайкальский край,Тупик,,Судебный участок № 62 Могочинского судебного района Забайкальского края,MS,Мировой суд,"673820, Забайкальский край, с Тупик, ул Молодежная, д 9",https://62.zbk.msudrf.ru/,62.zbk.msudrf.ru,нет,75MS0062
Забайкальский край,Улёты,,Судебный участок № 35 Улётовского судебного района Забайкальского края,MS,Мировой суд,"674050, Забайкальский край, с Улёты, ул Кирова, зд 86",https://35.zbk.msudrf.ru/,35.zbk.msudrf.ru,нет,75MS0037
Забайкальский край,Улёты,,Судебный участок № 58 Улётовского судебного района Забайкальского края,MS,Мировой суд,"674050, Забайкальский край, с Улёты, ул Кирова, зд 86",https://58.zbk.msudrf.ru/,58.zbk.msudrf.ru,нет,75MS0058
Забайкальский край,Хилок,,Судебный участок № 44 Хилокского судебного района Забайкальского края,MS,Мировой суд,"673200, Забайкальский край, г Хилок, ул Ленина, д 23А",https://44.zbk.msudrf.ru/,44.zbk.msudrf.ru,нет,75MS0046
Забайкальский край,Хилок,,Судебный участок № 45 Хилокского судебного района Забайкальского края,MS,Мировой суд,"673200, Забайкальский край, г Хилок, ул Ленина, д 23А",https://45.zbk.msudrf.ru/,45.zbk.msudrf.ru,нет,75MS0047
Забайкальский край,Чернышевск,,Судебный участок № 17 Чернышевского судебного района Забайкальского края,MS,Мировой суд,"673460, Забайкальский край, пгт Чернышевск, ул Центральная, д 6",https://17.zbk.msudrf.ru/,17.zbk.msudrf.ru,нет,75MS0022
Забайкальский край,Чернышевск,,Судебный участок № 18 Чернышевского судебного района Забайкальского края,MS,Мировой суд,"673460, Забайкальский край, пгт Чернышевск, ул Центральная, д 6",https://18.zbk.msudrf.ru/,18.zbk.msudrf.ru,нет,75MS0023
Забайкальский край,Чита,,Судебный участок № 1 Центрального судебного района г. Читы,MS,Мировой суд,"672039, г Чита, ул Столярова, д 27А",https://1.zbk.msudrf.ru/,1.zbk.msudrf.ru,нет,75MS0001
Забайкальский край,Чита,,Судебный участок № 10 Черновского судебного района г. Читы,MS,Мировой суд,"672030, г Чита, пр-кт Фадеева, д 2",https://10.zbk.msudrf.ru/,10.zbk.msudrf.ru,нет,75MS0015
Забайкальский край,Чита,,Судебный участок № 11 Черновского судебного района г. Читы,MS,Мировой суд,"672030, г Чита, пр-кт Фадеева, д 2",https://11.zbk.msudrf.ru/,11.zbk.msudrf.ru,нет,75MS0016
Забайкальский край,Чита,,Судебный участок № 12 Черновского судебного района г. Читы,MS,Мировой суд,"672030, г Чита, пр-кт Фадеева, д 2",https://12.zbk.msudrf.ru/,12.zbk.msudrf.ru,нет,75MS0017
Забайкальский край,Чита,,Судебный участок № 14 Центрального судебного района г. Читы,MS,Мировой суд,"672049, г Чита, мкр Северный, д 46",https://14.zbk.msudrf.ru/,14.zbk.msudrf.ru,нет,75MS0005
Забайкальский край,Чита,,Судебный участок № 19 Центрального судебного района г. Читы,MS,Мировой суд,"672039, г Чита, ул Столярова, д 27А",https://19.zbk.msudrf.ru/,19.zbk.msudrf.ru,нет,75MS0006
Забайкальский край,Чита,,Судебный участок № 2 Центрального судебного района г. Читы,MS,Мировой суд,"672020, г Чита, мкр 1-й, д 43А",https://2.zbk.msudrf.ru/,2.zbk.msudrf.ru,нет,75MS0002
Забайкальский край,Чита,,Судебный участок № 20 Ингодинского судебного района г. Читы,MS,Мировой суд,"672039, г Чита, ул Забайкальского Рабочего, д 36",https://20.zbk.msudrf.ru/,20.zbk.msudrf.ru,нет,75MS0014
Забайкальский край,Чита,,Судебный участок № 25 Черновского судебного района г. Читы,MS,Мировой суд,"672030, г Чита, пр-кт Фадеева, д 2",https://25.zbk.msudrf.ru/,25.zbk.msudrf.ru,нет,75MS0018
Забайкальский край,Чита,,Судебный участок № 3 Центрального судебного района г. Читы,MS,Мировой суд,"672039, г Чита, ул Столярова, д 27А",https://3.zbk.msudrf.ru/,3.zbk.msudrf.ru,нет,75MS0003
Забайкальский край,Чита,,Судебный участок № 32 Читинского судебного района Забайкальского края,MS,Мировой суд,"672027, г Чита, ул Горького, д 40",https://32.zbk.msudrf.ru/,32.zbk.msudrf.ru,нет,75MS0034
Забайкальский край,Чита,,Судебный участок № 33 Читинского судебного района Забайкальского края,MS,Мировой суд,"672027, г Чита, ул Горького, д 40",https://33.zbk.msudrf.ru/,33.zbk.msudrf.ru,нет,75MS0035
Забайкальский край,Чита,,Судебный участок № 34 Читинского судебного района Забайкальского края,MS,Мировой суд,"672027, г Чита, ул Горького, д 40",https://34.zbk.msudrf.ru/,34.zbk.msudrf.ru,нет,75MS0036
Забайкальский край,Чита,,Судебный участок № 4 Центрального судебного района г. Читы,MS,Мировой суд,"672049, г Чита, мкр Северный, д 46",https://4.zbk.msudrf.ru/,4.zbk.msudrf.ru,нет,75MS0004
Забайкальский край,Чита,,Судебный участок № 5 Железнодорожного судебного района г. Читы,MS,Мировой суд,"672020, г Чита, мкр 1-й, д 43А",https://5.zbk.msudrf.ru/,5.zbk.msudrf.ru,нет,75MS0008
Забайкальский край,Чита,,Судебный участок № 54 Центрального судебного района г. Читы,MS,Мировой суд,"672020, г Чита, мкр 1-й, д 43А",https://54.zbk.msudrf.ru/,54.zbk.msudrf.ru,нет,75MS0007
Забайкальский край,Чита,,Судебный участок № 55 Железнодорожного судебного района г. Читы,MS,Мировой суд,"672020, г Чита, мкр 1-й, д 43А",https://55.zbk.msudrf.ru/,55.zbk.msudrf.ru,нет,75MS0010
Забайкальский край,Чита,,Судебный участок № 6 Железнодорожного судебного района г. Читы,MS,Мировой суд,"672020, г Чита, мкр 1-й, д 43А",https://6.zbk.msudrf.ru/,6.zbk.msudrf.ru,нет,75MS0009
Забайкальский край,Чита,,Судебный участок № 7 Ингодинского судебного района г. Читы,MS,Мировой суд,"672039, г Чита, ул Забайкальского Рабочего, д 36",https://7.zbk.msudrf.ru/,7.zbk.msudrf.ru,нет,75MS0011
Забайкальский край,Чита,,Судебный участок № 8 Ингодинского судебного района г. Читы,MS,Мировой суд,"672039, г Чита, ул Забайкальского Рабочего, д 36",https://8.zbk.msudrf.ru/,8.zbk.msudrf.ru,нет,75MS0012
Забайкальский край,Чита,,Судебный участок № 9 Ингодинского судебного района г. Читы,MS,Мировой суд,"672039, г Чита, ул Забайкальского Рабочего, д 36",https://9.zbk.msudrf.ru/,9.zbk.msudrf.ru,нет,75MS0013
Забайкальский край,Шелопугино,,Судебный участок № 63 Шелопугинского судебного района Забайкальского края,MS,Мировой суд,"673610, Забайкальский край, с Шелопугино, ул Лазо, д 4",https://63.zbk.msudrf.ru/,63.zbk.msudrf.ru,нет,75MS0063
Забайкальский край,Шилка,,Судебный участок № 27 Шилкинского судебного района Забайкальского края,MS,Мировой суд,"673370, Забайкальский край, г Шилка, ул Ленина, зд 86",https://27.zbk.msudrf.ru/,27.zbk.msudrf.ru,нет,75MS0029
Забайкальский край,Ясногорск,,Судебный участок № 49 Оловяннинского судебного района Забайкальского края,MS,Мировой суд,"674520, Забайкальский край, Оловяннинский р-н, пгт Ясногорск, ул Строителей, д 8",https://49.zbk.msudrf.ru/,49.zbk.msudrf.ru,нет,75MS0051
Забайкальский край,Ясногорск,,Судебный участок № 50 Оловяннинского судебного района Забайкальского края,MS,Мировой суд,"674520, Забайкальский край, Оловяннинский р-н, пгт Ясногорск, ул Строителей, д 8",https://50.zbk.msudrf.ru/,50.zbk.msudrf.ru,нет,75MS0052
Республика Коми,Айкино,,Айкинский судебный участок Усть-Вымского района Республики Коми,MS,Мировой суд,"169040, Респ Коми, с Айкино, ул Первомайская, д 3",https://aikinsky.komi.msudrf.ru/,aikinsky.komi.msudrf.ru,нет,11MS0042
Республика Коми,Айкино,,Жешартский судебный участок Усть-Вымского района Республики Коми,MS,Мировой суд,"169040, Респ Коми, с Айкино, ул Первомайская, д 3",https://zheshartsky.komi.msudrf.ru/,zheshartsky.komi.msudrf.ru,нет,11MS0043
Республика Коми,Визинга,,Сысольский судебный участок Республики Коми,MS,Мировой суд,"168100, Респ Коми, с Визинга, ул Первомайская, д 17",https://sysolsky.komi.msudrf.ru/,sysolsky.komi.msudrf.ru,нет,11MS0051
Республика Коми,Воркута,,Воргашорский судебный участок г. Воркуты Республики Коми,MS,Мировой суд,"169933, Респ Коми, г Воркута, пгт Воргашор, ул Ленинского Комсомола, д 4",https://vorgashorsky.komi.msudrf.ru/,vorgashorsky.komi.msudrf.ru,нет,11MS0027
Республика Коми,Воркута,,Горный судебный участок г. Воркуты Республики Коми,MS,Мировой суд,"169906, Респ Коми, г Воркута, ул Парковая, д 42",https://gorny.komi.msudrf.ru/,gorny.komi.msudrf.ru,нет,11MS0029
Республика Коми,Воркута,,Горняцкий судебный участок г. Воркуты Республики Коми,MS,Мировой суд,"169906, Респ Коми, г Воркута, ул Парковая, д 42",https://gornyacky.komi.msudrf.ru/,gornyacky.komi.msudrf.ru,нет,11MS0032
Республика Коми,Воркута,,Парковый судебный участок г. Воркуты Республики Коми,MS,Мировой суд,"169906, Респ Коми, г Воркута, ул Парковая, д 42",https://parkovy.komi.msudrf.ru/,parkovy.komi.msudrf.ru,нет,11MS0034
Республика Коми,Воркута,,Северный судебный участок г. Воркуты Республики Коми,MS,Мировой суд,"169906, Респ Коми, г Воркута, ул Парковая, д 42",https://severny.komi.msudrf.ru/,severny.komi.msudrf.ru,нет,11MS0030
Республика Коми,Воркута,,Тундровый судебный участок г. Воркуты Республики Коми,MS,Мировой суд,"169906, Респ Коми, г Воркута, ул Парковая, д 42",https://tundrovy.komi.msudrf.ru/,tundrovy.komi.msudrf.ru,нет,11MS0033
Республика Коми,Воркута,,Шахтерский судебный участок г. Воркуты Республики Коми,MS,Мировой суд,"169906, Респ Коми, г Воркута, ул Парковая, д 42",https://shahtersky.komi.msudrf.ru/,shahtersky.komi.msudrf.ru,нет,11MS0031
Республика Коми,Вуктыл,,Вуктыльский судебный участок Республики Коми,MS,Мировой суд,"169570, Респ Коми, г Вуктыл, ул Пионерская, д 16",https://vuktylsky.komi.msudrf.ru/,vuktylsky.komi.msudrf.ru,нет,11MS0060
Республика Коми,Выльгорт,,Выльгортский судебный участок Республики Коми,MS,Мировой суд,"168220, Респ Коми, с Выльгорт, ул Гагарина, д 5",https://vilgortsky.komi.msudrf.ru/,vilgortsky.komi.msudrf.ru,нет,11MS0020
Республика Коми,Выльгорт,,Зеленецкий судебный участок Республики Коми,MS,Мировой суд,"168220, Респ Коми, с Выльгорт, ул Гагарина, д 5",https://zelenecky.komi.msudrf.ru/,zelenecky.komi.msudrf.ru,нет,11MS0021
Республика Коми,Емва,,Емвинский судебный участок Княжпогостского района Республики Коми,MS,Мировой суд,"169200, Респ Коми, г Емва, ул Дзержинского, д 136А",https://emvinsky.komi.msudrf.ru/,emvinsky.komi.msudrf.ru,нет,11MS0044
Республика Коми,Емва,,Кылтовский судебный участок Княжпогостского района Республики Коми,MS,Мировой суд,"169200, Респ Коми, г Емва, ул Дзержинского, д 136А",https://kyltovsky.komi.msudrf.ru/,kyltovsky.komi.msudrf.ru,нет,11MS0045
Республика Коми,Ижма,,Ижемский судебный участок Республики Коми,MS,Мировой суд,"169460, Респ Коми, с Ижма, ул Хатанзейского, д 59",https://izhemsky.komi.msudrf.ru/,izhemsky.komi.msudrf.ru,нет,11MS0049
Республика Коми,Инта,,Восточный судебный участок г. Инты Республики Коми,MS,Мировой суд,"169840, Респ Коми, г Инта, ул Кирова, д 34А",https://vostochny.komi.msudrf.ru/,vostochny.komi.msudrf.ru,нет,11MS0055
Республика Коми,Инта,,Западный судебный участок г. Инты Республики Коми,MS,Мировой суд,"169840, Респ Коми, г Инта, ул Кирова, д 34А",https://zapadny.komi.msudrf.ru/,zapadny.komi.msudrf.ru,нет,11MS0056
Республика Коми,Инта,,Центральный судебный участок г. Инты Республики Коми,MS,Мировой суд,"169840, Респ Коми, г Инта, ул Кирова, д 34А",https://centralny.komi.msudrf.ru/,centralny.komi.msudrf.ru,нет,11MS0057
Республика Коми,Койгородок,,Койгородский судебный участок Республики Коми,MS,Мировой суд,"168170, Респ Коми, с Койгородок, ул Луговая, д 9",https://koigorodoksky.komi.msudrf.ru/,koigorodoksky.komi.msudrf.ru,нет,11MS0048
Республика Коми,Корткерос,,Корткеросский судебный участок Республики Коми,MS,Мировой суд,"168020, Респ Коми, с Корткерос, ул Советская, д 227",https://kortkerossky.komi.msudrf.ru/,kortkerossky.komi.msudrf.ru,нет,11MS0058
Республика Коми,Кослан,,Удорский судебный участок Республики Коми,MS,Мировой суд,"169240, Респ Коми, с Кослан, ул Н.Трофимовой, д 15",https://udorsky.komi.msudrf.ru/,udorsky.komi.msudrf.ru,нет,11MS0022
Республика Коми,Объячево,,Прилузский судебный участок Республики Коми,MS,Мировой суд,"168130, Респ Коми, с Объячево, ул Интернациональная, д 14",https://priluzsky.komi.msudrf.ru/,priluzsky.komi.msudrf.ru,нет,11MS0046
Республика Коми,Печора,,Привокзальный судебный участок г. Печоры Республики Коми,MS,Мировой суд,"169600, Респ Коми, г Печора, ул Социалистическая, д 86А",https://privokzalny.komi.msudrf.ru/,privokzalny.komi.msudrf.ru,нет,11MS0036
Республика Коми,Печора,,Речной судебный участок г. Печоры Республики Коми,MS,Мировой суд,"169600, Респ Коми, г Печора, ул Социалистическая, д 86А",https://rechnoy.komi.msudrf.ru/,rechnoy.komi.msudrf.ru,нет,11MS0039
Республика Коми,Печора,,Сосновоборский судебный участок г. Печоры Республики Коми,MS,Мировой суд,"169600, Респ Коми, г Печора, ул Социалистическая, д 86А",https://sosnovoborsky.komi.msudrf.ru/,sosnovoborsky.komi.msudrf.ru,нет,11MS0037
Республика Коми,Печора,,Юбилейный судебный участок г. Печоры Республики Коми,MS,Мировой суд,"169600, Респ Коми, г Печора, ул Социалистическая, д 86А",https://yubileyny.komi.msudrf.ru/,yubileyny.komi.msudrf.ru,нет,11MS0038
Республика Коми,Сосногорск,,Железнодорожный судебный участок г. Сосногорска Республики Коми,MS,Мировой суд,"169501, Респ Коми, г Сосногорск, ул Ленина, д 52",https://zheleznodorozhny.komi.msudrf.ru/,zheleznodorozhny.komi.msudrf.ru,нет,11MS0024
Республика Коми,Сосногорск,,Промышленный судебный участок г. Сосногорска Республики Коми,MS,Мировой суд,"169501, Респ Коми, г Сосногорск, ул Ленина, д 52",https://promishlenny.komi.msudrf.ru/,promishlenny.komi.msudrf.ru,нет,11MS0025
Республика Коми,Сосногорск,,Таежный судебный участок г. Сосногорска Республики Коми,MS,Мировой суд,"169501, Респ Коми, г Сосногорск, ул Ленина, д 52",https://taezhny.komi.msudrf.ru/,taezhny.komi.msudrf.ru,нет,11MS0026
Республика Коми,Сыктывкар,,Веждинский судебный участок Эжвинского района г. Сыктывкара Республики Коми,MS,Мировой суд,"167026, г Сыктывкар, ул Калинина, д 13",https://vezhdinsky.komi.msudrf.ru/,vezhdinsky.komi.msudrf.ru,нет,11MS0019
Республика Коми,Сыктывкар,,Димитровский судебный участок г. Сыктывкара Республики Коми,MS,Мировой суд,"167000, г Сыктывкар, ул Кирова, д 45",https://dimitrovsky.komi.msudrf.ru/,dimitrovsky.komi.msudrf.ru,нет,11MS0001
Республика Коми,Сыктывкар,,Емвальский судебный участок Эжвинского района г.Сыктывкара Республики Коми,MS,Мировой суд,"167026, г Сыктывкар, ул Калинина, д 13",https://evmalskij.komi.msudrf.ru/,evmalskij.komi.msudrf.ru,нет,11MS0063
Республика Коми,Сыктывкар,,Катаевский судебный участок г. Сыктывкара Республики Коми,MS,Мировой суд,"167000, г Сыктывкар, ул Кирова, д 45",https://kataevsky.komi.msudrf.ru/,kataevsky.komi.msudrf.ru,нет,11MS0007
Республика Коми,Сыктывкар,,Краснозатонский судебный участок г. Сыктывкара Республики Коми,MS,Мировой суд,"167000, г Сыктывкар, ул Кирова, д 45",https://krasnozatonsky.komi.msudrf.ru/,krasnozatonsky.komi.msudrf.ru,нет,11MS0002
Республика Коми,Сыктывкар,,Куратовский судебный участок г. Сыктывкара Республики Коми,MS,Мировой суд,"167000, г Сыктывкар, ул Кирова, д 45",https://kuratovsky.komi.msudrf.ru/,kuratovsky.komi.msudrf.ru,нет,11MS0003
Республика Коми,Сыктывкар,,Кутузовский судебный участок г. Сыктывкара Республики Коми,MS,Мировой суд,"167000, г Сыктывкар, ул Кирова, д 45",https://kutuzovsky.komi.msudrf.ru/,kutuzovsky.komi.msudrf.ru,нет,11MS0004
Республика Коми,Сыктывкар,,Лесозаводский судебный участок г. Сыктывкара Республики Коми,MS,Мировой суд,"167000, г Сыктывкар, ул Кирова, д 45",https://lesozavodsky.komi.msudrf.ru/,lesozavodsky.komi.msudrf.ru,нет,11MS0005
Республика Коми,Сыктывкар,,Магистральный судебный участок Эжвинского района г. Сыктывкара Республики Коми,MS,Мировой суд,"167026, г Сыктывкар, ул Калинина, д 13",https://magistralny.komi.msudrf.ru/,magistralny.komi.msudrf.ru,нет,11MS0018
Республика Коми,Сыктывкар,,Морозовский судебный участок г.Сыктывкара Республики Коми,MS,Мировой суд,"167000, г Сыктывкар, ул Кирова, д 45",https://morozovskij.komi.msudrf.ru/,morozovskij.komi.msudrf.ru,нет,11MS0061
Республика Коми,Сыктывкар,,Октябрьский судебный участок г. Сыктывкара Республики Коми,MS,Мировой суд,"167000, г Сыктывкар, ул Кирова, д 45",https://oktyabrsky.komi.msudrf.ru/,oktyabrsky.komi.msudrf.ru,нет,11MS0008
Республика Коми,Сыктывкар,,Первомайский судебный участок г. Сыктывкара Республики Коми,MS,Мировой суд,"167000, г Сыктывкар, ул Кирова, д 45",https://pervomaysky.komi.msudrf.ru/,pervomaysky.komi.msudrf.ru,нет,11MS0010
Республика Коми,Сыктывкар,,Петрозаводский судебный участок г.Сыктывкара Республики Коми,MS,Мировой суд,"167000, г Сыктывкар, ул Кирова, д 45",https://petrozavodskoj.komi.msudrf.ru/,petrozavodskoj.komi.msudrf.ru,нет,11MS0062
Республика Коми,Сыктывкар,,Пушкинский судебный участок г. Сыктывкара Республики Коми,MS,Мировой суд,"167000, г Сыктывкар, ул Кирова, д 45",https://pushkinsky.komi.msudrf.ru/,pushkinsky.komi.msudrf.ru,нет,11MS0006
Республика Коми,Сыктывкар,,Слободской судебный участок Эжвинского района г. Сыктывкара Республики Коми,MS,Мировой суд,"167026, г Сыктывкар, ул Калинина, д 13",https://slobodskoy.komi.msudrf.ru/,slobodskoy.komi.msudrf.ru,нет,11MS0017
Республика Коми,Сыктывкар,,Тентюковский судебный участок г. Сыктывкара Республики Коми,MS,Мировой суд,"167000, г Сыктывкар, ул Кирова, д 45",https://tentyukovsky.komi.msudrf.ru/,tentyukovsky.komi.msudrf.ru,нет,11MS0009
Республика Коми,Троицко-Печорск,,Троицко-Печорский судебный участок Республики Коми,MS,Мировой суд,"169420, Респ Коми, пгт Троицко-Печорск, ул Портовая, д 29",https://troitsko-pechosky.komi.msudrf.ru/,troitsko-pechosky.komi.msudrf.ru,нет,11MS0050
Республика Коми,Усинск,,Девонский судебный участок г. Усинска Республики Коми,MS,Мировой суд,"169710, Респ Коми, г Усинск, ул Ленина, д 10",https://devonsky.komi.msudrf.ru/,devonsky.komi.msudrf.ru,нет,11MS0054
Республика Коми,Усинск,,Пармский судебный участок г. Усинска Республики Коми,MS,Мировой суд,"169710, Респ Коми, г Усинск, ул Ленина, д 10",https://parmsky.komi.msudrf.ru/,parmsky.komi.msudrf.ru,нет,11MS0053
Республика Коми,Усинск,,Приполярный судебный участок г. Усинска Республики Коми,MS,Мировой суд,"169710, Респ Коми, г Усинск, ул Ленина, д 10",https://pripolyarny.komi.msudrf.ru/,pripolyarny.komi.msudrf.ru,нет,11MS0052
Республика Коми,Усть-Кулом,,Ульяновский судебный участок Республики Коми,MS,Мировой суд,"168060, Респ Коми, Усть-Куломский р-н, с Усть-Кулом, ул Советская, д 63В",https://ylianovsky.komi.msudrf.ru/,ylianovsky.komi.msudrf.ru,нет,11MS0040
Республика Коми,Усть-Кулом,,Усть-Куломский судебный участок Республики Коми,MS,Мировой суд,"168060, Респ Коми, Усть-Куломский р-н, с Усть-Кулом, ул Советская, д 63В",https://ust-kulomsky.komi.msudrf.ru/,ust-kulomsky.komi.msudrf.ru,нет,11MS0041
Республика Коми,Усть-Цильма,,Усть-Цилемский судебный участок Республики Коми,MS,Мировой суд,"169480, Респ Коми, с Усть-Цильма, ул Советская, д 139",https://ust-cilemsky.komi.msudrf.ru/,ust-cilemsky.komi.msudrf.ru,нет,11MS0059
Республика Коми,Ухта,,Водненский судебный участок г. Ухты Республики Коми,MS,Мировой суд,"169300, Респ Коми, г Ухта, ул Юбилейная, д 14",https://vodnensky.komi.msudrf.ru/,vodnensky.komi.msudrf.ru,нет,11MS0012
Республика Коми,Ухта,,Пионергорский судебный участок г. Ухты Республики Коми,MS,Мировой суд,"169300, Респ Коми, г Ухта, ул Юбилейная, д 14",https://pionergorsky.komi.msudrf.ru/,pionergorsky.komi.msudrf.ru,нет,11MS0013
Республика Коми,Ухта,,Седьюский судебный участок г. Ухты Республики Коми,MS,Мировой суд,"169300, Респ Коми, г Ухта, ул Юбилейная, д 14",https://sedyusky.komi.msudrf.ru/,sedyusky.komi.msudrf.ru,нет,11MS0015
Республика Коми,Ухта,,Тиманский судебный участок г. Ухты Республики Коми,MS,Мировой суд,"169300, Респ Коми, г Ухта, ул Юбилейная, д 14",https://timansky.komi.msudrf.ru/,timansky.komi.msudrf.ru,нет,11MS0014
Республика Коми,Ухта,,Университетский судебный участок г. Ухты Республики Коми,MS,Мировой суд,"169300, Респ Коми, г Ухта, ул Юбилейная, д 14",https://universitetskij.komi.msudrf.ru/,universitetskij.komi.msudrf.ru,нет,11MS0064
Республика Коми,Ухта,,Чибьюский судебный участок г. Ухты Республики Коми,MS,Мировой суд,"169300, Респ Коми, г Ухта, ул Юбилейная, д 14",https://chibiusky.komi.msudrf.ru/,chibiusky.komi.msudrf.ru,нет,11MS0016
Республика Коми,Ухта,,Ярегский судебный участок г. Ухты Республики Коми,MS,Мировой суд,"169300, Респ Коми, г Ухта, ул Юбилейная, д 14",https://yaregsky.komi.msudrf.ru/,yaregsky.komi.msudrf.ru,нет,11MS0011
Калужская область,Бабынино,,Судебный участок № 18 Сухиничского судебного района Калужской области,MS,Мировой суд,"249210, Калужская обл, п Бабынино, ул Крестьянская, д 10",https://18.klg.msudrf.ru/,18.klg.msudrf.ru,нет,40MS0018
Калужская область,Барятино,,Судебный участок № 19 Кировского судебного района Калужской области,MS,Мировой суд,"249650, Калужская обл, с Барятино, ул Советская, д 17",https://19.klg.msudrf.ru/,19.klg.msudrf.ru,нет,40MS0019
Калужская область,Бетлица,,Судебный участок № 33 Кировского судебного района Калужской области,MS,Мировой суд,"249500, Калужская обл, п Бетлица, ул Ленина, д 40",https://33.klg.msudrf.ru/,33.klg.msudrf.ru,нет,40MS0033
Калужская область,Боровск,,Судебный участок № 20 Боровского судебного района Калужской области,MS,Мировой суд,"249010, Калужская обл, г Боровск, ул Советская, д 8",https://20.klg.msudrf.ru/,20.klg.msudrf.ru,нет,40MS0020
Калужская область,Боровск,,Судебный участок № 21 Боровского судебного района Калужской области,MS,Мировой суд,"249010, Калужская обл, г Боровск, ул Советская, д 8",https://21.klg.msudrf.ru/,21.klg.msudrf.ru,нет,40MS0021
Калужская область,Боровск,,Судебный участок № 53 Боровского судебного района Калужской области,MS,Мировой суд,"249010, Калужская обл, г Боровск, ул Советская, д 8",https://53.klg.msudrf.ru/,53.klg.msudrf.ru,нет,40MS0053
Калужская область,Думиничи,,Судебный участок № 24 Сухиничского судебного района Калужской области,MS,Мировой суд,"249300, Калужская обл, п Думиничи, ул Большая Пролетарская, зд 63А",https://24.klg.msudrf.ru/,24.klg.msudrf.ru,нет,40MS0024
Калужская область,Жиздра,,Судебный участок № 25 Людиновского судебного района Калужской области,MS,Мировой суд,"249340, Калужская обл, г Жиздра, ул Красноармейская, д 25/11",https://25.klg.msudrf.ru/,25.klg.msudrf.ru,нет,40MS0025
Калужская область,Жуков,,Судебный участок № 26 Жуковского судебного района Калужской области,MS,Мировой суд,"249191, Калужская обл, г Жуков, ул Коммунистическая, зд 4А",https://26.klg.msudrf.ru/,26.klg.msudrf.ru,нет,40MS0026
Калужская область,Жуков,,Судебный участок № 27 Жуковского судебного района Калужской области,MS,Мировой суд,"249192, Калужская обл, г Жуков, ул Ленина, д 14",https://27.klg.msudrf.ru/,27.klg.msudrf.ru,нет,40MS0027
Калужская область,Износки,,Судебный участок № 28 Дзержинского судебного района Калужской области,MS,Мировой суд,"249880, Калужская обл, с Износки, ул Ленина, д 9/2",https://28.klg.msudrf.ru/,28.klg.msudrf.ru,нет,40MS0028
Калужская область,Калуга,,Судебный участок № 1 Калужского судебного района Калужской области,MS,Мировой суд,"248016, г Калуга, ул Баррикад, д 116",https://1.klg.msudrf.ru/,1.klg.msudrf.ru,нет,40MS0001
Калужская область,Калуга,,Судебный участок № 10 Калужского судебного района Калужской области,MS,Мировой суд,"248016, г Калуга, ул Баррикад, д 116",https://10.klg.msudrf.ru/,10.klg.msudrf.ru,нет,40MS0010
Калужская область,Калуга,,Судебный участок № 11 Калужского судебного района Калужской области,MS,Мировой суд,"248016, г Калуга, ул Баррикад, д 116",https://11.klg.msudrf.ru/,11.klg.msudrf.ru,нет,40MS0011
Калужская область,Калуга,,Судебный участок № 12 Калужского судебного района Калужской области,MS,Мировой суд,"248016, г Калуга, ул Баррикад, д 116",https://12.klg.msudrf.ru/,12.klg.msudrf.ru,нет,40MS0012
Калужская область,Калуга,,Судебный участок № 13 Калужского судебного района Калужской области,MS,Мировой суд,"248016, г Калуга, ул Баррикад, д 116",https://13.klg.msudrf.ru/,13.klg.msudrf.ru,нет,40MS0013
Калужская область,Калуга,,Судебный участок № 2 Калужского судебного района Калужской области,MS,Мировой суд,"248016, г Калуга, ул Баррикад, д 116",https://2.klg.msudrf.ru/,2.klg.msudrf.ru,нет,40MS0002
Калужская область,Калуга,,Судебный участок № 3 Калужского судебного района Калужской области,MS,Мировой суд,"248016, г Калуга, ул Баррикад, д 116",https://3.klg.msudrf.ru/,3.klg.msudrf.ru,нет,40MS0003
Калужская область,Калуга,,Судебный участок № 4 Калужского судебного района Калужской области,MS,Мировой суд,"248016, г Калуга, ул Баррикад, д 116",https://4.klg.msudrf.ru/,4.klg.msudrf.ru,нет,40MS0004
Калужская область,Калуга,,Судебный участок № 49 Калужского судебного района Калужской области,MS,Мировой суд,"248016, г Калуга, ул Баррикад, д 116",https://49.klg.msudrf.ru/,49.klg.msudrf.ru,нет,40MS0049
Калужская область,Калуга,,Судебный участок № 5 Калужского судебного района Калужской области,MS,Мировой суд,"248016, г Калуга, ул Баррикад, д 116",https://5.klg.msudrf.ru/,5.klg.msudrf.ru,нет,40MS0005
Калужская область,Калуга,,Судебный участок № 50 Калужского судебного района Калужской области,MS,Мировой суд,"248016, г Калуга, ул Баррикад, д 116",https://50.klg.msudrf.ru/,50.klg.msudrf.ru,нет,40MS0050
Калужская область,Калуга,,Судебный участок № 51 Калужского судебного района Калужской области,MS,Мировой суд,"248016, г Калуга, ул Баррикад, д 116",https://51.klg.msudrf.ru/,51.klg.msudrf.ru,нет,40MS0051
Калужская область,Калуга,,Судебный участок № 52 Калужского судебного района Калужской области,MS,Мировой суд,"248016, г Калуга, ул Баррикад, д 116",https://52.klg.msudrf.ru/,52.klg.msudrf.ru,нет,40MS0052
Калужская область,Калуга,,Судебный участок № 6 Калужского судебного района Калужской области,MS,Мировой суд,"248016, г Калуга, ул Баррикад, д 116",https://6.klg.msudrf.ru/,6.klg.msudrf.ru,нет,40MS0006
Калужская область,Калуга,,Судебный участок № 7 Калужского судебного района Калужской области,MS,Мировой суд,"248016, г Калуга, ул Баррикад, д 116",https://7.klg.msudrf.ru/,7.klg.msudrf.ru,нет,40MS0007
Калужская область,Калуга,,Судебный участок № 8 Калужского судебного района Калужской области,MS,Мировой суд,"248016, г Калуга, ул Баррикад, д 116",https://8.klg.msudrf.ru/,8.klg.msudrf.ru,нет,40MS0008
Калужская область,Калуга,,Судебный участок № 9 Калужского судебного района Калужской области,MS,Мировой суд,"248016, г Калуга, ул Баррикад, д 116",https://9.klg.msudrf.ru/,9.klg.msudrf.ru,нет,40MS0009
Калужская область,Киров,,Судебный участок № 31 Кировского судебного района Калужской области,MS,Мировой суд,"249440, Калужская обл, г Киров, ул Пролетарская, д 64",https://31.klg.msudrf.ru/,31.klg.msudrf.ru,нет,40MS0031
Калужская область,Киров,,Судебный участок № 32 Кировского судебного района Калужской области,MS,Мировой суд,"249440, Калужская обл, г Киров, ул Пролетарская, д 64",https://32.klg.msudrf.ru/,32.klg.msudrf.ru,нет,40MS0032
Калужская область,Козельск,,Судебный участок № 29 Козельского судебного района Калужской области,MS,Мировой суд,"249722, Калужская обл, г Козельск, ул Советская Б., д 39",https://29.klg.msudrf.ru/,29.klg.msudrf.ru,нет,40MS0029
Калужская область,Козельск,,Судебный участок № 30 Козельского судебного района Калужской области,MS,Мировой суд,"249722, Калужская обл, г Козельск, ул Советская Б., д 39",https://30.klg.msudrf.ru/,30.klg.msudrf.ru,нет,40MS0030
Калужская область,Кондрово,,Судебный участок № 22 Дзержинского судебного района Калужской области,MS,Мировой суд,"249832, Калужская область, г. Кондрово, ул. Советская, д. 4, здание Сбербанка, вход со двора, 2 этаж",https://22.klg.msudrf.ru/,22.klg.msudrf.ru,нет,40MS0022
Калужская область,Кондрово,,Судебный участок № 23 Дзержинского судебного района Калужской области,MS,Мировой суд,"249832, Калужская обл, г Кондрово, ул Советская, д 4",https://23.klg.msudrf.ru/,23.klg.msudrf.ru,нет,40MS0023
Калужская область,Кондрово,,Судебный участок № 54 Дзержинского судебного района Калужской области,MS,Мировой суд,"249832, Калужская область, Дзержинский район, г. Кондрово, ул. Советская, д. 4, здание Сбербанка, вход со двора, 2 этаж",https://54.klg.msudrf.ru/,54.klg.msudrf.ru,нет,40MS0054
Калужская область,Людиново,,Судебный участок № 34 Людиновского судебного района Калужской области,MS,Мировой суд,"249406, Калужская обл, г Людиново, ул Ленина, д 3",https://34.klg.msudrf.ru/,34.klg.msudrf.ru,нет,40MS0034
Калужская область,Людиново,,Судебный участок № 35 Людиновского судебного района Калужской области,MS,Мировой суд,"249406, Калужская обл, г Людиново, ул Ленина, д 3",https://35.klg.msudrf.ru/,35.klg.msudrf.ru,нет,40MS0035
Калужская область,Малоярославец,,Судебный участок № 36 Малоярославецкого судебного района Калужской области,MS,Мировой суд,"249096, Калужская обл, г Малоярославец, пл Ленина, д 6",https://36.klg.msudrf.ru/,36.klg.msudrf.ru,нет,40MS0036
Калужская область,Малоярославец,,Судебный участок № 37 Малоярославецкого судебного района Калужской области,MS,Мировой суд,"249096, Калужская обл, г Малоярославец, пл Ленина, д 6",https://37.klg.msudrf.ru/,37.klg.msudrf.ru,нет,40MS0037
Калужская область,Малоярославец,,Судебный участок № 55 Малоярославецкого судебного района Калужской области,MS,Мировой суд,"249096, Калужская обл, г Малоярославец, пл Ленина, д 6",https://55.klg.msudrf.ru/,55.klg.msudrf.ru,нет,40MS0055
Калужская область,Медынь,,Судебный участок № 38 Дзержинского судебного района Калужской области,MS,Мировой суд,"249950, Калужская обл, г Медынь, пр-кт Ленина, зд 47",https://38.klg.msudrf.ru/,38.klg.msudrf.ru,нет,40MS0038
Калужская область,Мещовск,,Судебный участок № 39 Сухиничского судебного района Калужской области,MS,Мировой суд,"249240, Калужская обл, г Мещовск, ул Чернышевского, д 12",https://39.klg.msudrf.ru/,39.klg.msudrf.ru,нет,40MS0039
Калужская область,Мосальск,,Судебный участок № 40 Дзержинского судебного района Калужской области,MS,Мировой суд,"249930, Калужская обл, г Мосальск, ул Советская, д 1",https://40.klg.msudrf.ru/,40.klg.msudrf.ru,нет,40MS0040
Калужская область,Обнинск,,Судебный участок № 14 Обнинского судебного района Калужской области,MS,Мировой суд,"249034, Калужская обл, г Обнинск, пр-кт Ленина, д 214",https://14.klg.msudrf.ru/,14.klg.msudrf.ru,нет,40MS0014
Калужская область,Обнинск,,Судебный участок № 15 Обнинского судебного района Калужской области,MS,Мировой суд,"249034, Калужская обл, г Обнинск, пр-кт Ленина, д 214",https://15.klg.msudrf.ru/,15.klg.msudrf.ru,нет,40MS0015
Калужская область,Обнинск,,Судебный участок № 16 Обнинского судебного района Калужской области,MS,Мировой суд,"249034, Калужская обл, г Обнинск, пр-кт Ленина, д 214",https://16.klg.msudrf.ru/,16.klg.msudrf.ru,нет,40MS0016
Калужская область,Обнинск,,Судебный участок № 17 Обнинского судебного района Калужской области,MS,Мировой суд,"249034, Калужская обл, г Обнинск, пр-кт Ленина, д 214",https://17.klg.msudrf.ru/,17.klg.msudrf.ru,нет,40MS0017
Калужская область,Перемышль,,Судебный участок № 41 Козельского судебного района Калужской области,MS,Мировой суд,"249130, Калужская обл, с Перемышль, пл Свободы, д 5",https://41.klg.msudrf.ru/,41.klg.msudrf.ru,нет,40MS0041
Калужская область,Спас-Деменск,,Судебный участок № 42 Кировского судебного района Калужской области,MS,Мировой суд,"249610, Калужская обл, г Спас-Деменск, ул Советская, д 90",https://42.klg.msudrf.ru/,42.klg.msudrf.ru,нет,40MS0042
Калужская область,Сухиничи,,Судебный участок № 43 Сухиничского судебного района Калужской области,MS,Мировой суд,"249275, Калужская обл, г Сухиничи, ул Добролюбова, д 3",https://43.klg.msudrf.ru/,43.klg.msudrf.ru,нет,40MS0043
Калужская область,Таруса,,Судебный участок № 44 Жуковского судебного района Калужской области,MS,Мировой суд,"249100, Калужская обл, Тарусский р-н, г Таруса, ул Октябрьская, д 3А",https://44.klg.msudrf.ru/,44.klg.msudrf.ru,нет,40MS0044
Калужская область,Ульяново,,Судебный участок № 45 Козельского судебного района Калужской области,MS,Мировой суд,"249750, Калужская обл, с Ульяново, ул Большая Советская, д 81",https://45.klg.msudrf.ru/,45.klg.msudrf.ru,нет,40MS0045
Калужская область,Ферзиково,,Судебный участок № 46 Калужского судебного района Калужской области,MS,Мировой суд,"249800, Калужская обл, Ферзиковский р-н, п Ферзиково, ул Карпова, д 22",https://46.klg.msudrf.ru/,46.klg.msudrf.ru,нет,40MS0046
Калужская область,Хвастовичи,,Судебный участок № 47 Людиновского судебного района Калужской области,MS,Мировой суд,"249360, Калужская обл, с Хвастовичи, ул Ленина, д 25",https://47.klg.msudrf.ru/,47.klg.msudrf.ru,нет,40MS0047
Калужская область,Юхнов,,Судебный участок № 48 Дзержинского судебного района Калужской области,MS,Мировой суд,"249910, Калужская обл, г Юхнов, ул К.Маркса, д 9",https://48.klg.msudrf.ru/,48.klg.msudrf.ru,нет,40MS0048
Орловская область,Болхов,,Судебный участок Болховского района Орловской области,MS,Мировой суд,"303140, Орловская обл, г Болхов, ул Ленина, влд 75",https://bolh.orl.msudrf.ru/,bolh.orl.msudrf.ru,нет,57MS0001
Орловская область,Верховье,,Судебный участок Верховского района Орловской области,MS,Мировой суд,"303720, Орловская обл, пгт Верховье, ул 7 Ноября, д 10",https://verh.orl.msudrf.ru/,verh.orl.msudrf.ru,нет,57MS0002
Орловская область,Глазуновка,,Судебный участок Глазуновского района Орловской области,MS,Мировой суд,"303340, Орловская обл, пгт Глазуновка, ул Ленина, д 63",https://glazun.orl.msudrf.ru/,glazun.orl.msudrf.ru,нет,57MS0003
Орловская область,Дмитровск,,Судебный участок Дмитровского района Орловской области,MS,Мировой суд,"303240, Орловская обл, г Дмитровск, ул Советская, влд 121",https://dmitr.orl.msudrf.ru/,dmitr.orl.msudrf.ru,нет,57MS0005
Орловская область,Долгое,,Судебный участок Должанского района Орловской области,MS,Мировой суд,"303760, Орловская обл, пгт Долгое, ул Кирова, д 15А",https://dolzh.orl.msudrf.ru/,dolzh.orl.msudrf.ru,нет,57MS0004
Орловская область,Залегощь,,Судебный участок Залегощенского района Орловской области,MS,Мировой суд,"303560, Орловская обл, пгт Залегощь, ул М.Горького, д 18А",https://zeleg.orl.msudrf.ru/,zeleg.orl.msudrf.ru,нет,57MS0006
Орловская область,Змиёвка,,Судебный участок Свердловского района Орловской области,MS,Мировой суд,"303320, Орловская обл, пгт Змиёвка, ул Ленина, д 48",https://sverdl.orl.msudrf.ru/,sverdl.orl.msudrf.ru,нет,57MS0016
Орловская область,Знаменское,,Судебный участок Знаменского района Орловской области,MS,Мировой суд,"303100, Орловская обл, с Знаменское, ул Ленина, д 83",https://znam.orl.msudrf.ru/,znam.orl.msudrf.ru,нет,57MS0007
Орловская область,Колпна,,Судебный участок Колпнянского района Орловской области,MS,Мировой суд,"303410, Орловская обл, пгт Колпна, ул Советская, д 14",https://kolpn.orl.msudrf.ru/,kolpn.orl.msudrf.ru,нет,57MS0008
Орловская область,Корсаково,,Судебный участок Корсаковского района Орловской области,MS,Мировой суд,"303580, Орловская обл, с Корсаково, мкр Березовый, д 1/1",https://kors.orl.msudrf.ru/,kors.orl.msudrf.ru,нет,57MS0009
Орловская область,Красная Заря,,Судебный участок Краснозоренского района Орловской области,MS,Мировой суд,"303650, Орловская обл, п Красная Заря, ул Ленина, д 5",https://krszor.orl.msudrf.ru/,krszor.orl.msudrf.ru,нет,57MS0010
Орловская область,Кромы,,Судебный участок Кромского района Орловской области,MS,Мировой суд,"303200, Орловская обл, пгт Кромы, ул 25 Октября, влд 52",https://krom.orl.msudrf.ru/,krom.orl.msudrf.ru,нет,57MS0011
Орловская область,Ливны,,Судебный участок № 1 Ливенского района Орловской области,MS,Мировой суд,"303850, Орловская обл, г Ливны, ул Ленина, д 13",https://1liv.orl.msudrf.ru/,1liv.orl.msudrf.ru,нет,57MS0022
Орловская область,Ливны,,Судебный участок № 2 Ливенского района Орловской области,MS,Мировой суд,"303850, Орловская обл, г Ливны, ул Ленина, д 13",https://2liv.orl.msudrf.ru/,2liv.orl.msudrf.ru,нет,57MS0023
Орловская область,Ливны,,Судебный участок № 3 Ливенского района Орловской области,MS,Мировой суд,"303850, Орловская обл, г Ливны, ул Ленина, д 13",https://3liv.orl.msudrf.ru/,3liv.orl.msudrf.ru,нет,57MS0024
Орловская область,Ливны,,Судебный участок № 4 Ливенского района Орловской области,MS,Мировой суд,"303850, Орловская обл, г Ливны, ул Ленина, д 13",https://4liv.orl.msudrf.ru/,4liv.orl.msudrf.ru,нет,57MS0025
Орловская область,Малоархангельск,,Судебный участок Малоархангельского района Орловской области,MS,Мировой суд,"303370, Орловская обл, г Малоархангельск, ул Калинина, д 3",https://maloarh.orl.msudrf.ru/,maloarh.orl.msudrf.ru,нет,57MS0012
Орловская область,Мценск,,Судебный участок № 1 Мценского района Орловской области,MS,Мировой суд,"303031, Орловская обл, г Мценск, ул Кузьмина, д 22",https://1mcen.orl.msudrf.ru/,1mcen.orl.msudrf.ru,нет,57MS0026
Орловская область,Мценск,,Судебный участок № 2 Мценского района Орловской области,MS,Мировой суд,"303031, Орловская обл, г Мценск, ул Кузьмина, д 22",https://2mcen.orl.msudrf.ru/,2mcen.orl.msudrf.ru,нет,57MS0027
Орловская область,Мценск,,Судебный участок № 3 Мценского района Орловской области,MS,Мировой суд,"303031, Орловская обл, г Мценск, ул Кузьмина, д 22",https://3mcen.orl.msudrf.ru/,3mcen.orl.msudrf.ru,нет,57MS0028
Орловская область,Нарышкино,,Судебный участок Урицкого района Орловской области,MS,Мировой суд,"303900, Орловская обл, пгт Нарышкино, пер 2-й Ленинский, д 3",https://uric.orl.msudrf.ru/,uric.orl.msudrf.ru,нет,57MS0019
Орловская область,Новосиль,,Судебный участок Новосильского района Орловской области,MS,Мировой суд,"303500, Орловская обл, г Новосиль, ул Карла Маркса, д 31",https://novosil.orl.msudrf.ru/,novosil.orl.msudrf.ru,нет,57MS0013
Орловская область,Орёл,,Судебный участок № 1 Железнодорожного района г. Орла,MS,Мировой суд,"302006, г Орёл, ул Московская, д 159",https://1zd.orl.msudrf.ru/,1zd.orl.msudrf.ru,нет,57MS0029
Орловская область,Орёл,,Судебный участок № 1 Заводского района г. Орла,MS,Мировой суд,"302028, г Орёл, ул Ленина, д 9",https://1zav.orl.msudrf.ru/,1zav.orl.msudrf.ru,нет,57MS0036
Орловская область,Орёл,,Судебный участок № 1 Орловского района Орловской области,MS,Мировой суд,"302016, г Орёл, пер Карачевский, д 23",https://1orl.orl.msudrf.ru/,1orl.orl.msudrf.ru,нет,57MS0044
Орловская область,Орёл,,Судебный участок № 1 Северного района г. Орла,MS,Мировой суд,"302006, г Орёл, ул Московская, д 159",https://1sev.orl.msudrf.ru/,1sev.orl.msudrf.ru,нет,57MS0033
Орловская область,Орёл,,Судебный участок № 1 Советского района г. Орла,MS,Мировой суд,"302006, г Орёл, ул Московская, д 159",https://1sov.orl.msudrf.ru/,1sov.orl.msudrf.ru,нет,57MS0040
Орловская область,Орёл,,Судебный участок № 2 Железнодорожного района г. Орла,MS,Мировой суд,"302006, г Орёл, ул Московская, д 159",https://2zd.orl.msudrf.ru/,2zd.orl.msudrf.ru,нет,57MS0030
Орловская область,Орёл,,Судебный участок № 2 Заводского района г. Орла,MS,Мировой суд,"302028, г Орёл, ул Ленина, д 9",https://2zav.orl.msudrf.ru/,2zav.orl.msudrf.ru,нет,57MS0037
Орловская область,Орёл,,Судебный участок № 2 Орловского района Орловской области,MS,Мировой суд,"302016, г Орёл, пер Карачевский, д 23",https://2orl.orl.msudrf.ru/,2orl.orl.msudrf.ru,нет,57MS0045
Орловская область,Орёл,,Судебный участок № 2 Северного района г. Орла,MS,Мировой суд,"302006, г Орёл, ул Московская, д 159",https://2sev.orl.msudrf.ru/,2sev.orl.msudrf.ru,нет,57MS0034
Орловская область,Орёл,,Судебный участок № 2 Советского района г. Орла,MS,Мировой суд,"302006, г Орёл, ул Московская, д 159",https://2sov.orl.msudrf.ru/,2sov.orl.msudrf.ru,нет,57MS0041
Орловская область,Орёл,,Судебный участок № 3 Железнодорожного района г. Орла,MS,Мировой суд,"302006, г Орёл, ул Московская, д 159",https://3zd.orl.msudrf.ru/,3zd.orl.msudrf.ru,нет,57MS0031
Орловская область,Орёл,,Судебный участок № 3 Заводского района г. Орла,MS,Мировой суд,"302028, г Орёл, ул Ленина, д 9",https://3zav.orl.msudrf.ru/,3zav.orl.msudrf.ru,нет,57MS0038
Орловская область,Орёл,,Судебный участок № 3 Орловского района Орловской области,MS,Мировой суд,"302016, г Орёл, пер Карачевский, д 23",https://3orl.orl.msudrf.ru/,3orl.orl.msudrf.ru,нет,57MS0047
Орловская область,Орёл,,Судебный участок № 3 Северного района г. Орла,MS,Мировой суд,"302006, г Орёл, ул Московская, д 159",https://3sev.orl.msudrf.ru/,3sev.orl.msudrf.ru,нет,57MS0035
Орловская область,Орёл,,Судебный участок № 3 Советского района г. Орла,MS,Мировой суд,"302006, г Орёл, ул Московская, д 159",https://3sov.orl.msudrf.ru/,3sov.orl.msudrf.ru,нет,57MS0042
Орловская область,Орёл,,Судебный участок № 4 Железнодорожного района г. Орла,MS,Мировой суд,"302006, г Орёл, ул Московская, д 159",https://4zd.orl.msudrf.ru/,4zd.orl.msudrf.ru,нет,57MS0032
Орловская область,Орёл,,Судебный участок № 4 Заводского района г. Орла,MS,Мировой суд,"302028, г Орёл, ул Ленина, д 9",https://4zav.orl.msudrf.ru/,4zav.orl.msudrf.ru,нет,57MS0039
Орловская область,Орёл,,Судебный участок № 4 Орловского района Орловской области,MS,Мировой суд,"302016, г Орёл, пер Карачевский, д 23",https://4orl.orl.msudrf.ru/,4orl.orl.msudrf.ru,нет,57MS0048
Орловская область,Орёл,,Судебный участок № 4 Советского района г. Орла,MS,Мировой суд,"302006, г Орёл, ул Московская, д 159",https://4sov.orl.msudrf.ru/,4sov.orl.msudrf.ru,нет,57MS0043
Орловская область,Орёл,,Судебный участок № 5 Заводского района г. Орла,MS,Мировой суд,"302028, г Орёл, ул Ленина, д 9",https://5zav.orl.msudrf.ru/,5zav.orl.msudrf.ru,нет,57MS0046
Орловская область,Покровское,,Судебный участок Покровского района Орловской области,MS,Мировой суд,"303170, Орловская обл, пгт Покровское, ул 50 лет Октября, д 4",https://pokr.orl.msudrf.ru/,pokr.orl.msudrf.ru,нет,57MS0015
Орловская область,Сосково,,Судебный участок Сосковского района Орловской области,MS,Мировой суд,"303980, Орловская обл, с Сосково, ул Ленина, д 6",https://sosk.orl.msudrf.ru/,sosk.orl.msudrf.ru,нет,57MS0017
Орловская область,Тросна,,Судебный участок Троснянского района Орловской области,MS,Мировой суд,"303450, Орловская обл, с Тросна, ул Ново-Московская, д 5",https://trosn.orl.msudrf.ru/,trosn.orl.msudrf.ru,нет,57MS0018
Орловская область,Хомутово,,Судебный участок Новодеревеньковского района Орловской области,MS,Мировой суд,"303620, Орловская обл, пгт Хомутово, пл Ленина, д 2",https://novoder.orl.msudrf.ru/,novoder.orl.msudrf.ru,нет,57MS0014
Орловская область,Хотынец,,Судебный участок Хотынецкого района Орловской области,MS,Мировой суд,"303930, Орловская обл, пгт Хотынец, ул Ленина, д 28",https://hotin.orl.msudrf.ru/,hotin.orl.msudrf.ru,нет,57MS0020
Орловская область,Шаблыкино,,Судебный участок Шаблыкинского района Орловской области,MS,Мировой суд,"303260, Орловская обл, пгт Шаблыкино, ул Ленина, д 32",https://shabl.orl.msudrf.ru/,shabl.orl.msudrf.ru,нет,57MS0021
Сахалинская область,Александровск-Сахалинский,,Судебный участок № 1 Александровск-Сахалинского района,MS,Мировой суд,"694420, Сахалинская обл, г Александровск-Сахалинский, ул Комсомольская, д 20",https://1.sah.msudrf.ru/,1.sah.msudrf.ru,нет,65MS0001
Сахалинская область,Анива,,Судебный участок № 2 городского округа Анивского района,MS,Мировой суд,"694030, Сахалинская обл, г Анива, ул Ленина, д 41",https://2.sah.msudrf.ru/,2.sah.msudrf.ru,нет,65MS0002
Сахалинская область,Долинск,,Судебный участок № 3 Долинского района,MS,Мировой суд,"694051, Сахалинская обл, г Долинск, ул Владивостокская, д 25",https://3.sah.msudrf.ru/,3.sah.msudrf.ru,нет,65MS0003
Сахалинская область,Долинск,,Судебный участок № 4 Долинского района,MS,Мировой суд,"694051, Сахалинская обл, г Долинск, ул Владивостокская, д 25",https://4.sah.msudrf.ru/,4.sah.msudrf.ru,нет,65MS0004
Сахалинская область,Корсаков,,Судебный участок № 5 Корсаковского района,MS,Мировой суд,"694020, Сахалинская обл, г Корсаков, ул Нагорная, д 57/12",https://5.sah.msudrf.ru/,5.sah.msudrf.ru,нет,65MS0005
Сахалинская область,Корсаков,,Судебный участок № 6 Корсаковского района,MS,Мировой суд,"694020, Сахалинская обл, г Корсаков, ул Нагорная, д 57/12",https://6.sah.msudrf.ru/,6.sah.msudrf.ru,нет,65MS0006
Сахалинская область,Курильск,,Судебный участок № 21 Курильского района,MS,Мировой суд,"694530, Сахалинская обл, г Курильск, ул Сахалинская, д 1 к а",https://21.sah.msudrf.ru/,21.sah.msudrf.ru,нет,65MS0021
Сахалинская область,Макаров,,Судебный участок № 7 Макаровского района,MS,Мировой суд,"694140, Сахалинская обл, г Макаров, ул 50 лет Октября, д 17, помещ 33",https://7.sah.msudrf.ru/,7.sah.msudrf.ru,нет,65MS0007
Сахалинская область,Невельск,,Судебный участок № 8 Невельского района,MS,Мировой суд,"694740, Сахалинская обл, г Невельск, ул Советская, д 55",https://8.sah.msudrf.ru/,8.sah.msudrf.ru,нет,65MS0008
Сахалинская область,Ноглики,,Судебный участок № 9 Ногликского района,MS,Мировой суд,"694450, Сахалинская обл, пгт Ноглики, ул Советская, д 42А",https://9.sah.msudrf.ru/,9.sah.msudrf.ru,нет,65MS0009
Сахалинская область,Оха,,Судебный участок № 10 Охинского района,MS,Мировой суд,"694496, Сахалинская обл, г Оха, ул Советская, д 31 к 1",https://10.sah.msudrf.ru/,10.sah.msudrf.ru,нет,65MS0010
Сахалинская область,Оха,,Судебный участок № 11 Охинского района,MS,Мировой суд,"694496, Сахалинская обл, г Оха, ул Советская, д 31 к 1",https://11.sah.msudrf.ru/,11.sah.msudrf.ru,нет,65MS0011
Сахалинская область,Поронайск,,Судебный участок № 12 Поронайского района,MS,Мировой суд,"694240, Сахалинская обл, г Поронайск, ул Октябрьская, д 77",https://12.sah.msudrf.ru/,12.sah.msudrf.ru,нет,65MS0012
Сахалинская область,Поронайск,,Судебный участок № 13 Поронайского района,MS,Мировой суд,"694240, Сахалинская обл, г Поронайск, ул Октябрьская, д 77",https://13.sah.msudrf.ru/,13.sah.msudrf.ru,нет,65MS0013
Сахалинская область,Северо-Курильск,,Судебный участок № 22 Северо-Курильского района,MS,Мировой суд,"694550, Сахалинская обл, г Северо-Курильск, ул Парковая, влд 5",https://22.sah.msudrf.ru/,22.sah.msudrf.ru,нет,65MS0022
Сахалинская область,Смирных,,Судебный участок № 14 Смирныховского района,MS,Мировой суд,"694350, Сахалинская обл, пгт Смирных, ул Пирогова, зд 4В",https://14.sah.msudrf.ru/,14.sah.msudrf.ru,нет,65MS0014
Сахалинская область,Томари,,Судебный участок № 16 Томаринского района,MS,Мировой суд,"694820, Сахалинская обл, г Томари, ул Новая, д 5",https://16.sah.msudrf.ru/,16.sah.msudrf.ru,нет,65MS0016
Сахалинская область,Тымовское,,Судебный участок № 15 Тымовского района,MS,Мировой суд,"694400, Сахалинская обл, пгт Тымовское, ул Криворучко, д 12",https://15.sah.msudrf.ru/,15.sah.msudrf.ru,нет,65MS0015
Сахалинская область,Углегорск,,Судебный участок № 17 Углегорского района,MS,Мировой суд,"694920, Сахалинская обл, г Углегорск, ул Победы, д 144",https://17.sah.msudrf.ru/,17.sah.msudrf.ru,нет,65MS0017
Сахалинская область,Углегорск,,Судебный участок № 18 Углегорского района,MS,Мировой суд,"694920, Сахалинская обл, г Углегорск, ул Победы, д 144",https://18.sah.msudrf.ru/,18.sah.msudrf.ru,нет,65MS0018
Сахалинская область,Холмск,,Судебный участок № 19 Холмского района,MS,Мировой суд,"694620, Сахалинская обл, г Холмск, ул Школьная, д 29",https://19.sah.msudrf.ru/,19.sah.msudrf.ru,нет,65MS0019
Сахалинская область,Холмск,,Судебный участок № 20 Холмского района,MS,Мировой суд,"694620, Сахалинская обл, г Холмск, ул Школьная, д 29",https://20.sah.msudrf.ru/,20.sah.msudrf.ru,нет,65MS0020
Сахалинская область,Холмск,,Судебный участок № 33 Холмского района,MS,Мировой суд,"694620, Сахалинская обл, г Холмск, ул Школьная, д 29",https://33.sah.msudrf.ru/,33.sah.msudrf.ru,нет,65MS0033
Сахалинская область,Южно-Курильск,,Судебный участок № 23 Южно-Курильского района,MS,Мировой суд,"694500, Сахалинская обл, пгт Южно-Курильск, ул 60 лет ВЛКСМ, зд 27",https://23.sah.msudrf.ru/,23.sah.msudrf.ru,нет,65MS0023
Сахалинская область,Южно-Сахалинск,,Судебный участок № 24 планировочного района Ново-Александровск,MS,Мировой суд,"693020, г Южно-Сахалинск, пр-кт Мира, д 56А/3",https://24.sah.msudrf.ru/,24.sah.msudrf.ru,нет,65MS0024
Сахалинская область,Южно-Сахалинск,,Судебный участок № 25 города Южно-Сахалинска,MS,Мировой суд,"693020, г Южно-Сахалинск, пр-кт Мира, д 43А",https://25.sah.msudrf.ru/,25.sah.msudrf.ru,нет,65MS0025
Сахалинская область,Южно-Сахалинск,,Судебный участок № 26 города Южно-Сахалинска,MS,Мировой суд,"693020, г Южно-Сахалинск, пр-кт Мира, д 43А",https://26.sah.msudrf.ru/,26.sah.msudrf.ru,нет,65MS0026
Сахалинская область,Южно-Сахалинск,,Судебный участок № 27 города Южно-Сахалинска,MS,Мировой суд,"693020, г Южно-Сахалинск, пр-кт Мира, д 43А",https://27.sah.msudrf.ru/,27.sah.msudrf.ru,нет,65MS0027
Сахалинская область,Южно-Сахалинск,,Судебный участок № 28 города Южно-Сахалинска,MS,Мировой суд,"693020, г Южно-Сахалинск, пр-кт Мира, д 43А",https://28.sah.msudrf.ru/,28.sah.msudrf.ru,нет,65MS0028
Сахалинская область,Южно-Сахалинск,,Судебный участок № 29 города Южно-Сахалинска,MS,Мировой суд,"693020, г Южно-Сахалинск, пр-кт Мира, д 43А",https://29.sah.msudrf.ru/,29.sah.msudrf.ru,нет,65MS0029
Сахалинская область,Южно-Сахалинск,,Судебный участок № 30 города Южно-Сахалинска,MS,Мировой суд,"693023, г Южно-Сахалинск, ул Комсомольская, д 253",https://30.sah.msudrf.ru/,30.sah.msudrf.ru,нет,65MS0030
Сахалинская область,Южно-Сахалинск,,Судебный участок № 31 города Южно-Сахалинска,MS,Мировой суд,"693020, г Южно-Сахалинск, пр-кт Мира, д 43А",https://31.sah.msudrf.ru/,31.sah.msudrf.ru,нет,65MS0031
Сахалинская область,Южно-Сахалинск,,Судебный участок № 32 города Южно-Сахалинска,MS,Мировой суд,"693020, г Южно-Сахалинск, пр-кт Мира, д 43А",https://32.sah.msudrf.ru/,32.sah.msudrf.ru,нет,65MS0032
Республика Ингушетия,,,Десятый судебный участок Республики Ингушетия,MS,Мировой суд,"386124, Республика Ингушетия, м/о Плиевский, ул. Осканова, д. 62 А",https://10.ing.msudrf.ru/,10.ing.msudrf.ru,нет,06MS0010
Республика Ингушетия,,,Третий судебный участок Республики Ингушетия,MS,Мировой суд,"386338, Республика Ингушетия, Малгобекский район, с. п. Верхние Ачалуки, ул. Бекова б/н",https://3.ing.msudrf.ru/,3.ing.msudrf.ru,нет,06MS0003
Республика Ингушетия,Алхасты,,Тринадцатый судебный участок Республики Ингушетия,MS,Мировой суд,"386241, Респ Ингушетия, Сунженский р-н, с Алхасты, ул Заводская, д 6А",https://13.ing.msudrf.ru/,13.ing.msudrf.ru,нет,06MS0013
Республика Ингушетия,Джейрах,,Четырнадцатый судебный участок Республики Ингушетия,MS,Мировой суд,"386430, Респ Ингушетия, с Джейрах, ул Д.Льянова, д 39",https://14.ing.msudrf.ru/,14.ing.msudrf.ru,нет,06MS0014
Республика Ингушетия,Кантышево,,Пятый судебный участок Республики Ингушетия,MS,Мировой суд,"386121, Респ Ингушетия, Назрановский р-н, с Кантышево, ул Джабагиева, д 144",https://5.ing.msudrf.ru/,5.ing.msudrf.ru,нет,06MS0005
Республика Ингушетия,Карабулак,,Двадцатый судебный участок Республики Ингушетия,MS,Мировой суд,"386230, Респ Ингушетия, г Карабулак, ул Кирова, д 39",https://20.ing.msudrf.ru/,20.ing.msudrf.ru,нет,06MS0020
Республика Ингушетия,Магас,,Пятнадцатый судебный участок Республики Ингушетия,MS,Мировой суд,"386001, г Магас, ул З.Борова, д 13",https://15.ing.msudrf.ru/,15.ing.msudrf.ru,нет,06MS0018
Республика Ингушетия,Малгобек,,Второй судебный участок Республики Ингушетия,MS,Мировой суд,"386302, Респ Ингушетия, г Малгобек, ул Владимира Абрамовича Этуша, д 3",https://2.ing.msudrf.ru/,2.ing.msudrf.ru,нет,06MS0002
Республика Ингушетия,Малгобек,,Девятнадцатый судебный участок Республики Ингушетия,MS,Мировой суд,"386302, Респ Ингушетия, г Малгобек, ул Владимира Абрамовича Этуша, д 3",https://19.ing.msudrf.ru/,19.ing.msudrf.ru,нет,06MS0017
Республика Ингушетия,Малгобек,,Четвертый судебный участок Республики Ингушетия,MS,Мировой суд,"386302, Респ Ингушетия, г Малгобек, ул Владимира Абрамовича Этуша, д 3",https://4.ing.msudrf.ru/,4.ing.msudrf.ru,нет,06MS0004
Республика Ингушетия,Назрань,,Восемнадцатый судебный участок Республики Ингушетия,MS,Мировой суд,"386101, Респ Ингушетия, г Назрань, тер Центральный административный округ, пр-кт И.Базоркина, д 70",https://18.ing.msudrf.ru/,18.ing.msudrf.ru,нет,06MS0016
Республика Ингушетия,Назрань,,Восьмой судебный участок Республики Ингушетия,MS,Мировой суд,"386101, Респ Ингушетия, г Назрань, тер Центральный административный округ, пр-кт И.Базоркина, д 70",https://8.ing.msudrf.ru/,8.ing.msudrf.ru,нет,06MS0008
Республика Ингушетия,Назрань,,Двадцать первый судебный участок Республики Ингушетия,MS,Мировой суд,"386103, Респ Ингушетия, г Назрань, тер Центральный административный округ, ул С.С.Осканова, д 33",https://21.ing.msudrf.ru/,21.ing.msudrf.ru,нет,06MS0021
Республика Ингушетия,Назрань,,Девятый судебный участок Республики Ингушетия,MS,Мировой суд,"386101, Респ Ингушетия, г Назрань, тер Центральный административный округ, пр-кт И.Базоркина, д 70",https://9.ing.msudrf.ru/,9.ing.msudrf.ru,нет,06MS0009
Республика Ингушетия,Назрань,,Семнадцатый судебный участок Республики Ингушетия,MS,Мировой суд,"386101, Респ Ингушетия, г Назрань, тер Центральный административный округ, пр-кт И.Базоркина, д 70",https://17.ing.msudrf.ru/,17.ing.msudrf.ru,нет,06MS0015
Республика Ингушетия,Сунжа,,Двадцать второй судебный участок Республики Ингушетия,MS,Мировой суд,"386200, Респ Ингушетия, г Сунжа",https://22.ing.msudrf.ru/,22.ing.msudrf.ru,нет,06MS0022
Республика Ингушетия,Сунжа,,Двадцать третий судебный участок Республики Ингушетия,MS,Мировой суд,"386203, Респ Ингушетия, г Сунжа, ул Комсомольская, д 96",https://23.ing.msudrf.ru/,23.ing.msudrf.ru,нет,06MS0023
Республика Ингушетия,Сунжа,,Одиннадцатый судебный участок Республики Ингушетия,MS,Мировой суд,"386203, Респ Ингушетия, г Сунжа, ул Осканова, д 61",https://11.ing.msudrf.ru/,11.ing.msudrf.ru,нет,06MS0011
Республика Ингушетия,Сунжа,,Шестнадцатый судебный участок Республики Ингушетия,MS,Мировой суд,"386203, Респ Ингушетия, г Сунжа, ул Ленина, д 65",https://16.ing.msudrf.ru/,16.ing.msudrf.ru,нет,06MS0019
Республика Ингушетия,Сурхахи,,Седьмой судебный участок Республики Ингушетия,MS,Мировой суд,"386127, Республика Ингушетия, с. Сурхахи, ул. Аушева, д. 1",https://7.ing.msudrf.ru/,7.ing.msudrf.ru,нет,06MS0007
Республика Ингушетия,Троицкая,,Двенадцатый судебный участок Республики Ингушетия,MS,Мировой суд,"386246, Респ Ингушетия, Сунженский р-н, ст-ца Троицкая, ул Братская, д 33",https://12.ing.msudrf.ru/,12.ing.msudrf.ru,нет,06MS0012
Республика Ингушетия,Экажево,,Шестой судебный участок Республики Ингушетия,MS,Мировой суд,"386151, Респ Ингушетия, Назрановский р-н, с Экажево, ул В.Джабагиева, д 1",https://6.ing.msudrf.ru/,6.ing.msudrf.ru,нет,06MS0006
Республика Ингушетия,Яндаре,,Первый судебный участок Республики Ингушетия,MS,Мировой суд,"386137, Респ Ингушетия, Назрановский р-н, с Яндаре, мкр Новый, д 1А",https://1.ing.msudrf.ru/,1.ing.msudrf.ru,нет,06MS0001
