РЕГИОН,ГОРОД,РАЙОН,НАЗВАНИЕ,ТИП,ТИП_НАЗВАНИЕ,АДРЕС,САЙТ,ДОМЕН_SUDRF,ПАРСЕР,КОД
Москва,Москва,,Судебный участок № 1 района Матушкино,MS,Мировой суд,"124681, г Москва, г Зеленоград, к 200Г",https://mos-sud.ru/,mos-sud.ru,нет,77MS0001
Москва,Москва,,Судебный участок № 10 района Котловка,MS,Мировой суд,"117186, г Москва, ул Нагорная, д 26 к 1",https://mos-sud.ru/,mos-sud.ru,нет,77MS0010
Москва,Москва,,Судебный участок № 100 района Якиманка,MS,Мировой суд,"119180, г Москва, пер 1-й Хвостов, д 11 стр 2",https://mos-sud.ru/,mos-sud.ru,нет,77MS0100
Москва,Москва,,Судебный участок № 101 района Замоскворечье,MS,Мировой суд,"119180, г Москва, пер 1-й Хвостов, д 11 стр 2",https://mos-sud.ru/,mos-sud.ru,нет,77MS0101
Москва,Москва,,Судебный участок № 102 района Замоскворечье,MS,Мировой суд,"115184, г Москва, ул Пятницкая, д 53/18 стр 1",https://mos-sud.ru/,mos-sud.ru,нет,77MS0102
Москва,Москва,,Судебный участок № 103 района Южное Бутово,MS,Мировой суд,"117623, г Москва, ул Старонародная, д 2",https://mos-sud.ru/,mos-sud.ru,нет,77MS0103
Москва,Москва,,Судебный участок № 104 района Сокольники,MS,Мировой суд,"107113, г Москва, ул 3-я Рыбинская, д 30",https://mos-sud.ru/,mos-sud.ru,нет,77MS0104
Москва,Москва,,Судебный участок № 105 района Сокольники,MS,Мировой суд,"107113, г Москва, ул 3-я Рыбинская, д 30",https://mos-sud.ru/,mos-sud.ru,нет,77MS0105
Москва,Москва,,Судебный участок № 106 района Бирюлёво Восточное,MS,Мировой суд,"115201, г Москва, проезд Каширский, д 3",https://mos-sud.ru/,mos-sud.ru,нет,77MS0106
Москва,Москва,,Судебный участок № 107 района Зябликово,MS,Мировой суд,"115582, г Москва, ул Домодедовская, д 24 к 5",https://mos-sud.ru/,mos-sud.ru,нет,77MS0107
Москва,Москва,,Судебный участок № 108 района Богородское,MS,Мировой суд,"107258, г Москва, ул Игральная, д 5",https://mos-sud.ru/,mos-sud.ru,нет,77MS0108
Москва,Москва,,Судебный участок № 109 района Богородское,MS,Мировой суд,"107150, г Москва, проезд 3-й Подбельского, д 22 к 3",https://mos-sud.ru/,mos-sud.ru,нет,77MS0109
Москва,Москва,,Судебный участок № 11 района Котловка,MS,Мировой суд,"117186, г Москва, ул Нагорная, д 26 к 1",https://mos-sud.ru/,mos-sud.ru,нет,77MS0011
Москва,Москва,,Судебный участок № 110 района Богородское,MS,Мировой суд,"107370, г Москва, ш Открытое, д 6 к 13",https://mos-sud.ru/,mos-sud.ru,нет,77MS0110
Москва,Москва,,Судебный участок № 111 района Преображенское,MS,Мировой суд,"107392, г Москва, ул Просторная, д 14 к 1",https://mos-sud.ru/,mos-sud.ru,нет,77MS0111
Москва,Москва,,Судебный участок № 112 района Преображенское,MS,Мировой суд,"107392, г Москва, ул Просторная, д 14 к 1",https://mos-sud.ru/,mos-sud.ru,нет,77MS0112
Москва,Москва,,Судебный участок № 113 района Преображенское,MS,Мировой суд,"107392, г Москва, ул Просторная, д 14 к 1",https://mos-sud.ru/,mos-sud.ru,нет,77MS0113
Москва,Москва,,Судебный участок № 114 района Орехово-Борисово Южное,MS,Мировой суд,"115582, г Москва, ул Домодедовская, д 24 к 5",https://mos-sud.ru/,mos-sud.ru,нет,77MS0114
Москва,Москва,,Судебный участок № 115 района Метрогородок,MS,Мировой суд,"107392, г Москва, ул Просторная, д 14 к 1",https://mos-sud.ru/,mos-sud.ru,нет,77MS0115
Москва,Москва,,Судебный участок № 116 района Метрогородок,MS,Мировой суд,"107143, г Москва, ш Открытое, д 25 к 16",https://mos-sud.ru/,mos-sud.ru,нет,77MS0116
Москва,Москва,,Судебный участок № 117 района Гольяново,MS,Мировой суд,"107065, г Москва, ул Уральская, д 23 к 2",https://mos-sud.ru/,mos-sud.ru,нет,77MS0117
Москва,Москва,,Судебный участок № 118 района Гольяново,MS,Мировой суд,"107241, г Москва, ул Амурская, д 62",https://mos-sud.ru/,mos-sud.ru,нет,77MS0118
Москва,Москва,,Судебный участок № 119 района Гольяново,MS,Мировой суд,"107241, г Москва, ул Амурская, д 62",https://mos-sud.ru/,mos-sud.ru,нет,77MS0119
Москва,Москва,,Судебный участок № 12 района Зюзино,MS,Мировой суд,"117149, г Москва, ул Азовская, д 13",https://mos-sud.ru/,mos-sud.ru,нет,77MS0012
Москва,Москва,,Судебный участок № 120 района Гольяново,MS,Мировой суд,"107065, г Москва, ул Уральская, д 23 к 2",https://mos-sud.ru/,mos-sud.ru,нет,77MS0120
Москва,Москва,,Судебный участок № 121 района Гольяново,MS,Мировой суд,"107143, г Москва, ул Николая Химушина, д 15 к 2",https://mos-sud.ru/,mos-sud.ru,нет,77MS0121
Москва,Москва,,Судебный участок № 122 Рязанского района,MS,Мировой суд,"109377, г Москва, ул Зеленодольская, д 4",https://mos-sud.ru/,mos-sud.ru,нет,77MS0122
Москва,Москва,,Судебный участок № 123 Рязанского района,MS,Мировой суд,"109377, г Москва, ул Зеленодольская, д 4",https://mos-sud.ru/,mos-sud.ru,нет,77MS0123
Москва,Москва,,Судебный участок № 124 Рязанского района,MS,Мировой суд,"109377, г Москва, ул Зеленодольская, д 4",https://mos-sud.ru/,mos-sud.ru,нет,77MS0124
Москва,Москва,,Судебный участок № 125 района Кузьминки,MS,Мировой суд,"109377, г Москва, ул Зеленодольская, д 4",https://mos-sud.ru/,mos-sud.ru,нет,77MS0125
Москва,Москва,,Судебный участок № 126 района Кузьминки,MS,Мировой суд,"109377, г Москва, ул Зеленодольская, д 4",https://mos-sud.ru/,mos-sud.ru,нет,77MS0126
Москва,Москва,,Судебный участок № 127 района Кузьминки,MS,Мировой суд,"109377, г Москва, ул Зеленодольская, д 4",https://mos-sud.ru/,mos-sud.ru,нет,77MS0127
Москва,Москва,,Судебный участок № 128 района Кузьминки,MS,Мировой суд,"109377, г Москва, ул Зеленодольская, д 4",https://mos-sud.ru/,mos-sud.ru,нет,77MS0128
Москва,Москва,,Судебный участок № 129 района Коньково,MS,Мировой суд,"117342, г Москва, ул Миклухо-Маклая, д 40 к 1",https://mos-sud.ru/,mos-sud.ru,нет,77MS0129
Москва,Москва,,Судебный участок № 13 района Зюзино,MS,Мировой суд,"117149, г Москва, ул Азовская, д 13",https://mos-sud.ru/,mos-sud.ru,нет,77MS0013
Москва,Москва,,Судебный участок № 130 района Выхино-Жулебино,MS,Мировой суд,"109542, г Москва, пр-кт Рязанский, д 93 к 2",https://mos-sud.ru/,mos-sud.ru,нет,77MS0130
Москва,Москва,,Судебный участок № 131 района Выхино-Жулебино,MS,Мировой суд,"109472, г Москва, пр-кт Волгоградский, д 170 к 1",https://mos-sud.ru/,mos-sud.ru,нет,77MS0131
Москва,Москва,,Судебный участок № 132 района Выхино-Жулебино,MS,Мировой суд,"109377, г Москва, ул Зеленодольская, д 4",https://mos-sud.ru/,mos-sud.ru,нет,77MS0132
Москва,Москва,,Судебный участок № 133 района Выхино-Жулебино,MS,Мировой суд,"109145, г Москва, ул Привольная, д 5 к 5",https://mos-sud.ru/,mos-sud.ru,нет,77MS0133
Москва,Москва,,Судебный участок № 134 района Выхино-Жулебино,MS,Мировой суд,"109156, г Москва, ул Генерала Кузнецова, д 15 к 1",https://mos-sud.ru/,mos-sud.ru,нет,77MS0134
Москва,Москва,,Судебный участок № 135 района Выхино-Жулебино,MS,Мировой суд,"109156, г Москва, ул Генерала Кузнецова, д 15 к 1",https://mos-sud.ru/,mos-sud.ru,нет,77MS0135
Москва,Москва,,Судебный участок № 136 района Выхино-Жулебино,MS,Мировой суд,"109156, г Москва, ул Генерала Кузнецова, д 15 к 1",https://mos-sud.ru/,mos-sud.ru,нет,77MS0136
Москва,Москва,,Судебный участок № 137 района Некрасовка,MS,Мировой суд,"111674, г Москва, ул 1-я Вольская, д 1",https://mos-sud.ru/,mos-sud.ru,нет,77MS0137
Москва,Москва,,Судебный участок № 138 района Внуково,MS,Мировой суд,"119027, г Москва, ул Изваринская, д 4",https://mos-sud.ru/,mos-sud.ru,нет,77MS0138
Москва,Москва,,Судебный участок № 139 района Ново-Переделкино,MS,Мировой суд,"119634, г Москва, ш Боровское, д 48",https://mos-sud.ru/,mos-sud.ru,нет,77MS0139
Москва,Москва,,Судебный участок № 14 района Зюзино,MS,Мировой суд,"117149, г Москва, ул Азовская, д 13",https://mos-sud.ru/,mos-sud.ru,нет,77MS0014
Москва,Москва,,Судебный участок № 140 района Ново-Переделкино,MS,Мировой суд,"119618, г Москва, ул 50 лет Октября, д 6 к 2",https://mos-sud.ru/,mos-sud.ru,нет,77MS0140
Москва,Москва,,Судебный участок № 141 района Ново-Переделкино,MS,Мировой суд,"119634, г Москва, ул Лукинская, д 7",https://mos-sud.ru/,mos-sud.ru,нет,77MS0141
Москва,Москва,,Судебный участок № 142 района Ново-Переделкино,MS,Мировой суд,"119618, г Москва, ул 50 лет Октября, д 6 к 2",https://mos-sud.ru/,mos-sud.ru,нет,77MS0142
Москва,Москва,,Судебный участок № 143 района Солнцево,MS,Мировой суд,"119618, г Москва, ул 50 лет Октября, д 6 к 2",https://mos-sud.ru/,mos-sud.ru,нет,77MS0143
Москва,Москва,,Судебный участок № 144 района Солнцево,MS,Мировой суд,"119618, г Москва, ул 50 лет Октября, д 6 к 2",https://mos-sud.ru/,mos-sud.ru,нет,77MS0144
Москва,Москва,,Судебный участок № 145 района Солнцево,MS,Мировой суд,"119618, г Москва, ул 50 лет Октября, д 6 к 2",https://mos-sud.ru/,mos-sud.ru,нет,77MS0145
Москва,Москва,,Судебный участок № 146 района Строгино,MS,Мировой суд,"123423, г Москва, наб Карамышевская, д 20 к 1",https://mos-sud.ru/,mos-sud.ru,нет,77MS0146
Москва,Москва,,Судебный участок № 147 района Строгино,MS,Мировой суд,"123423, г Москва, наб Карамышевская, д 20 к 1",https://mos-sud.ru/,mos-sud.ru,нет,77MS0147
Москва,Москва,,Судебный участок № 148 района Строгино,MS,Мировой суд,"123592, г Москва, проезд Неманский, д 7 к 2",https://mos-sud.ru/,mos-sud.ru,нет,77MS0148
Москва,Москва,,Судебный участок № 149 района Строгино,MS,Мировой суд,"123592, г Москва, б-р Строгинский, д 15",https://mos-sud.ru/,mos-sud.ru,нет,77MS0149
Москва,Москва,,Судебный участок № 15 района Северное Бутово,MS,Мировой суд,"117628, г Москва, ул Грина, д 40 к 1",https://mos-sud.ru/,mos-sud.ru,нет,77MS0015
Москва,Москва,,Судебный участок № 150 района Щукино,MS,Мировой суд,"123154, г Москва, б-р Генерала Карбышева, д 18",https://mos-sud.ru/,mos-sud.ru,нет,77MS0150
Москва,Москва,,Судебный участок № 151 района Щукино,MS,Мировой суд,"123154, г Москва, б-р Генерала Карбышева, д 18",https://mos-sud.ru/,mos-sud.ru,нет,77MS0151
Москва,Москва,,Судебный участок № 152 района Щукино,MS,Мировой суд,"123298, г Москва, ул Народного Ополчения, д 44 к 2",https://mos-sud.ru/,mos-sud.ru,нет,77MS0152
Москва,Москва,,Судебный участок № 153 района Хорошёво-Мнёвники,MS,Мировой суд,"123308, г Москва, ул Демьяна Бедного, д 4 к 2",https://mos-sud.ru/,mos-sud.ru,нет,77MS0153
Москва,Москва,,Судебный участок № 154 района Хорошёво-Мнёвники,MS,Мировой суд,"123154, г Москва, б-р Генерала Карбышева, д 18",https://mos-sud.ru/,mos-sud.ru,нет,77MS0154
Москва,Москва,,Судебный участок № 155 района Хорошёво-Мнёвники,MS,Мировой суд,"123154, г Москва, б-р Генерала Карбышева, д 18",https://mos-sud.ru/,mos-sud.ru,нет,77MS0155
Москва,Москва,,Судебный участок № 156 района Хорошёво-Мнёвники,MS,Мировой суд,"123154, г Москва, б-р Генерала Карбышева, д 18",https://mos-sud.ru/,mos-sud.ru,нет,77MS0156
Москва,Москва,,Судебный участок № 157 района Хорошёво-Мнёвники,MS,Мировой суд,"123154, г Москва, б-р Генерала Карбышева, д 18",https://mos-sud.ru/,mos-sud.ru,нет,77MS0157
Москва,Москва,,Судебный участок № 158 района Бибирево,MS,Мировой суд,"127018, г. Москва, ул. Образцова, д.26, 4-й этаж, каб. 413-414, 419)",https://mos-sud.ru/,mos-sud.ru,нет,77MS0158
Москва,Москва,,Судебный участок № 159 района Отрадное,MS,Мировой суд,"127018, г. Москва, ул. Образцова, д.26, 4-й этаж, каб. 310, 312)",https://mos-sud.ru/,mos-sud.ru,нет,77MS0159
Москва,Москва,,Судебный участок № 16 района Северное Бутово,MS,Мировой суд,"117628, г Москва, ул Грина, д 40 к 1",https://mos-sud.ru/,mos-sud.ru,нет,77MS0016
Москва,Москва,,Судебный участок № 160 района Покровское-Стрешнево,MS,Мировой суд,"125367, г Москва, ш Волоколамское, д 60 к 1",https://mos-sud.ru/,mos-sud.ru,нет,77MS0160
Москва,Москва,,Судебный участок № 161 района Покровское-Стрешнево,MS,Мировой суд,"125362, г Москва, ул Циолковского, д 4",https://mos-sud.ru/,mos-sud.ru,нет,77MS0161
Москва,Москва,,Судебный участок № 162 района Южное Тушино,MS,Мировой суд,"125362, г Москва, ул Циолковского, д 4",https://mos-sud.ru/,mos-sud.ru,нет,77MS0162
Москва,Москва,,Судебный участок № 163 района Южное Тушино,MS,Мировой суд,"125362, г Москва, ул Циолковского, д 4",https://mos-sud.ru/,mos-sud.ru,нет,77MS0163
Москва,Москва,,Судебный участок № 164 района Южное Тушино,MS,Мировой суд,"125362, г Москва, ул Циолковского, д 4",https://mos-sud.ru/,mos-sud.ru,нет,77MS0164
Москва,Москва,,Судебный участок № 165 района Северное Тушино,MS,Мировой суд,"125362, г Москва, ул Циолковского, д 4",https://mos-sud.ru/,mos-sud.ru,нет,77MS0165
Москва,Москва,,Судебный участок № 166 района Северное Тушино,MS,Мировой суд,"125362, г Москва, ул Циолковского, д 4",https://mos-sud.ru/,mos-sud.ru,нет,77MS0166
Москва,Москва,,Судебный участок № 167 района Северное Тушино,MS,Мировой суд,"125362, г Москва, ул Циолковского, д 4",https://mos-sud.ru/,mos-sud.ru,нет,77MS0167
Москва,Москва,,Судебный участок № 168 района Северное Тушино,MS,Мировой суд,"125362, г Москва, ул Циолковского, д 4",https://mos-sud.ru/,mos-sud.ru,нет,77MS0168
Москва,Москва,,Судебный участок № 169 района Северное Тушино,MS,Мировой суд,"125362, г Москва, ул Циолковского, д 4",https://mos-sud.ru/,mos-sud.ru,нет,77MS0169
Москва,Москва,,Судебный участок № 17 района Северное Бутово,MS,Мировой суд,"117628, г Москва, ул Грина, д 40 к 1",https://mos-sud.ru/,mos-sud.ru,нет,77MS0017
Москва,Москва,,Судебный участок № 170 района Куркино,MS,Мировой суд,"125466, г Москва, ул Родионовская, д 11",https://mos-sud.ru/,mos-sud.ru,нет,77MS0170
Москва,Москва,,Судебный участок № 171 района Куркино,MS,Мировой суд,"125466, г Москва, ул Родионовская, д 11",https://mos-sud.ru/,mos-sud.ru,нет,77MS0171
Москва,Москва,,Судебный участок № 172 района Митино,MS,Мировой суд,"125430, г Москва, ул Митинская, д 26",https://mos-sud.ru/,mos-sud.ru,нет,77MS0172
Москва,Москва,,Судебный участок № 173 района Митино,MS,Мировой суд,"125222, г Москва, ул Генерала Белобородова, д 37",https://mos-sud.ru/,mos-sud.ru,нет,77MS0173
Москва,Москва,,Судебный участок № 174 района Митино,MS,Мировой суд,"125430, г Москва, ул Митинская, д 26",https://mos-sud.ru/,mos-sud.ru,нет,77MS0174
Москва,Москва,,Судебный участок № 175 района Митино,MS,Мировой суд,"125222, г Москва, ул Генерала Белобородова, д 37",https://mos-sud.ru/,mos-sud.ru,нет,77MS0175
Москва,Москва,,Судебный участок № 176 района Митино,MS,Мировой суд,"125222, г Москва, ул Генерала Белобородова, д 37",https://mos-sud.ru/,mos-sud.ru,нет,77MS0176
Москва,Москва,,Судебный участок № 177 района Раменки,MS,Мировой суд,"119285, г Москва, ул Довженко, д 6",https://mos-sud.ru/,mos-sud.ru,нет,77MS0177
Москва,Москва,,Судебный участок № 178 района Раменки,MS,Мировой суд,"119607, г Москва, пр-кт Мичуринский, д 29А",https://mos-sud.ru/,mos-sud.ru,нет,77MS0178
Москва,Москва,,Судебный участок № 179 района Раменки,MS,Мировой суд,"119607, г Москва, пр-кт Мичуринский, д 29А",https://mos-sud.ru/,mos-sud.ru,нет,77MS0179
Москва,Москва,,Судебный участок № 18 района Южное Бутово,MS,Мировой суд,"117148, г Москва, ул Брусилова, д 31",https://mos-sud.ru/,mos-sud.ru,нет,77MS0018
Москва,Москва,,Судебный участок № 180 района Раменки,MS,Мировой суд,"119607, г Москва, пр-кт Мичуринский, д 29А",https://mos-sud.ru/,mos-sud.ru,нет,77MS0180
Москва,Москва,,Судебный участок № 181 района Проспект Вернадского,MS,Мировой суд,"119454, г Москва, пр-кт Вернадского, д 62А стр 1",https://mos-sud.ru/,mos-sud.ru,нет,77MS0181
Москва,Москва,,Судебный участок № 182 района Проспект Вернадского,MS,Мировой суд,"119454, г Москва, пр-кт Вернадского, д 62А стр 1",https://mos-sud.ru/,mos-sud.ru,нет,77MS0182
Москва,Москва,,Судебный участок № 183 района Очаково-Матвеевское,MS,Мировой суд,"121357, г Москва, ул Верейская, д 21",https://mos-sud.ru/,mos-sud.ru,нет,77MS0183
Москва,Москва,,Судебный участок № 184 района Очаково-Матвеевское,MS,Мировой суд,"119607, г Москва, пр-кт Мичуринский, д 27 к 2",https://mos-sud.ru/,mos-sud.ru,нет,77MS0184
Москва,Москва,,Судебный участок № 185 района Очаково-Матвеевское,MS,Мировой суд,"121357, г Москва, ул Верейская, д 21",https://mos-sud.ru/,mos-sud.ru,нет,77MS0185
Москва,Москва,,Судебный участок № 186 района Тропарёво-Никулино,MS,Мировой суд,"121357, г Москва, ул Верейская, д 21",https://mos-sud.ru/,mos-sud.ru,нет,77MS0186
Москва,Москва,,Судебный участок № 187 района Тропарёво-Никулино,MS,Мировой суд,"119602, г Москва, ул Никулинская, д 6 к 1",https://mos-sud.ru/,mos-sud.ru,нет,77MS0187
Москва,Москва,,Судебный участок № 188 района Тропарёво-Никулино,MS,Мировой суд,"119602, г Москва, ул Никулинская, д 6 к 1",https://mos-sud.ru/,mos-sud.ru,нет,77MS0188
Москва,Москва,,Судебный участок № 189 района Тропарёво-Никулино,MS,Мировой суд,"119571, г Москва, ул Академика Анохина, д 46 к 3",https://mos-sud.ru/,mos-sud.ru,нет,77MS0189
Москва,Москва,,Судебный участок № 19 района Южное Бутово,MS,Мировой суд,"117623, г Москва, ул Старонародная, д 2",https://mos-sud.ru/,mos-sud.ru,нет,77MS0019
Москва,Москва,,Судебный участок № 190 района Фили-Давыдково,MS,Мировой суд,"121357, г Москва, ул Верейская, д 21",https://mos-sud.ru/,mos-sud.ru,нет,77MS0190
Москва,Москва,,Судебный участок № 191 района Фили-Давыдково,MS,Мировой суд,"121357, г Москва, ул Верейская, д 21",https://mos-sud.ru/,mos-sud.ru,нет,77MS0191
Москва,Москва,,Судебный участок № 192 района Фили-Давыдково,MS,Мировой суд,"121357, г Москва, ул Верейская, д 21",https://mos-sud.ru/,mos-sud.ru,нет,77MS0192
Москва,Москва,,Судебный участок № 193 района Фили-Давыдково,MS,Мировой суд,"121357, г Москва, ул Верейская, д 21",https://mos-sud.ru/,mos-sud.ru,нет,77MS0193
Москва,Москва,,Судебный участок № 194 Можайского района,MS,Мировой суд,"121357, г Москва, ул Верейская, д 21",https://mos-sud.ru/,mos-sud.ru,нет,77MS0194
Москва,Москва,,Судебный участок № 195 Можайского района,MS,Мировой суд,"121357, г Москва, ул Верейская, д 21",https://mos-sud.ru/,mos-sud.ru,нет,77MS0195
Москва,Москва,,Судебный участок № 196 Можайского района,MS,Мировой суд,"121357, г Москва, ул Верейская, д 21",https://mos-sud.ru/,mos-sud.ru,нет,77MS0196
Москва,Москва,,Судебный участок № 197 Можайского района,MS,Мировой суд,"121357, г Москва, ул Верейская, д 21",https://mos-sud.ru/,mos-sud.ru,нет,77MS0197
Москва,Москва,,Судебный участок № 198 района Кунцево,MS,Мировой суд,"121351, г Москва, ул Молодогвардейская, д 23 к 1",https://mos-sud.ru/,mos-sud.ru,нет,77MS0198
Москва,Москва,,Судебный участок № 199 района Кунцево,MS,Мировой суд,"121351, г Москва, ул Молодогвардейская, д 23 к 1",https://mos-sud.ru/,mos-sud.ru,нет,77MS0199
Москва,Москва,,Судебный участок № 2 района Савёлки,MS,Мировой суд,"124489, г Москва, г Зеленоград, к 706",https://mos-sud.ru/,mos-sud.ru,нет,77MS0002
Москва,Москва,,Судебный участок № 20 района Южное Бутово,MS,Мировой суд,"117623, г Москва, ул Старонародная, д 2",https://mos-sud.ru/,mos-sud.ru,нет,77MS0020
Москва,Москва,,Судебный участок № 200 района Кунцево,MS,Мировой суд,"121108, г Москва, ул Кастанаевская, д 51 к 1",https://mos-sud.ru/,mos-sud.ru,нет,77MS0200
Москва,Москва,,Судебный участок № 201 района Кунцево,MS,Мировой суд,"121357, г Москва, ул Верейская, д 21",https://mos-sud.ru/,mos-sud.ru,нет,77MS0201
Москва,Москва,,Судебный участок № 202 района Кунцево,MS,Мировой суд,"121351, г Москва, ул Полоцкая, д 6 к 1",https://mos-sud.ru/,mos-sud.ru,нет,77MS0202
Москва,Москва,,Судебный участок № 203 района Крылатское,MS,Мировой суд,"121614, г Москва, ул Крылатские Холмы, д 26 к 2",https://mos-sud.ru/,mos-sud.ru,нет,77MS0203
Москва,Москва,,Судебный участок № 204 района Крылатское,MS,Мировой суд,"121614, г Москва, ул Крылатские Холмы, д 26 к 2",https://mos-sud.ru/,mos-sud.ru,нет,77MS0204
Москва,Москва,,Судебный участок № 205 района Крылатское,MS,Мировой суд,"121359, г Москва, ул Маршала Тимошенко, д 32",https://mos-sud.ru/,mos-sud.ru,нет,77MS0205
Москва,Москва,,Судебный участок № 206 района Дорогомилово,MS,Мировой суд,"121357, г Москва, ул Верейская, д 21",https://mos-sud.ru/,mos-sud.ru,нет,77MS0206
Москва,Москва,,Судебный участок № 207 района Дорогомилово,MS,Мировой суд,"121248, г Москва, наб Тараса Шевченко, д 5",https://mos-sud.ru/,mos-sud.ru,нет,77MS0207
Москва,Москва,,Судебный участок № 208 района Дорогомилово,MS,Мировой суд,"121248, г Москва, наб Тараса Шевченко, д 5",https://mos-sud.ru/,mos-sud.ru,нет,77MS0208
Москва,Москва,,Судебный участок № 209 района Филёвский Парк,MS,Мировой суд,"121357, г Москва, ул Верейская, д 21",https://mos-sud.ru/,mos-sud.ru,нет,77MS0209
Москва,Москва,,Судебный участок № 21 района Нагатино-Садовники,MS,Мировой суд,"121351, г Москва, ул Бобруйская, д 4 к 1",https://mos-sud.ru/,mos-sud.ru,нет,77MS0021
Москва,Москва,,Судебный участок № 210 района Филёвский Парк,MS,Мировой суд,"121357, г Москва, ул Верейская, д 21",https://mos-sud.ru/,mos-sud.ru,нет,77MS0210
Москва,Москва,,Судебный участок № 211 Обручевского района,MS,Мировой суд,"119421, г Москва, ул Новаторов, д 16 к 4",https://mos-sud.ru/,mos-sud.ru,нет,77MS0211
Москва,Москва,,Судебный участок № 212 Обручевского района,MS,Мировой суд,"119421, г Москва, ул Новаторов, д 16 к 4",https://mos-sud.ru/,mos-sud.ru,нет,77MS0212
Москва,Москва,,Судебный участок № 213 Ломоносовского района,MS,Мировой суд,"119421, г Москва, ул Новаторов, д 16 к 4",https://mos-sud.ru/,mos-sud.ru,нет,77MS0213
Москва,Москва,,Судебный участок № 214 Ломоносовского района,MS,Мировой суд,"119421, г Москва, ул Новаторов, д 16 к 4",https://mos-sud.ru/,mos-sud.ru,нет,77MS0214
Москва,Москва,,Судебный участок № 215 Ломоносовского района,MS,Мировой суд,"119421, г Москва, ул Новаторов, д 16 к 4",https://mos-sud.ru/,mos-sud.ru,нет,77MS0215
Москва,Москва,,Судебный участок № 216 Гагаринского района,MS,Мировой суд,"117218, г Москва, ул Большая Черёмушкинская, д 36 к 3",https://mos-sud.ru/,mos-sud.ru,нет,77MS0216
Москва,Москва,,Судебный участок № 217 Гагаринского района,MS,Мировой суд,"117218, г Москва, ул Большая Черёмушкинская, д 36 к 3",https://mos-sud.ru/,mos-sud.ru,нет,77MS0217
Москва,Москва,,Судебный участок № 218 Гагаринского района,MS,Мировой суд,"117218, г Москва, ул Большая Черёмушкинская, д 36 к 3",https://mos-sud.ru/,mos-sud.ru,нет,77MS0218
Москва,Москва,,Судебный участок № 219 Академического район,MS,Мировой суд,"117149, г Москва, ул Азовская, д 13",https://mos-sud.ru/,mos-sud.ru,нет,77MS0219
Москва,Москва,,Судебный участок № 22 района Нагатино-Садовники,MS,Мировой суд,"121351, г Москва, ул Бобруйская, д 4 к 1",https://mos-sud.ru/,mos-sud.ru,нет,77MS0022
Москва,Москва,,Судебный участок № 220 Академического район,MS,Мировой суд,"117149, г Москва, ул Азовская, д 13",https://mos-sud.ru/,mos-sud.ru,нет,77MS0220
Москва,Москва,,Судебный участок № 221 Академического район,MS,Мировой суд,"117335, г Москва, пр-кт Нахимовский, д 56",https://mos-sud.ru/,mos-sud.ru,нет,77MS0221
Москва,Москва,,Судебный участок № 222 Академического район,MS,Мировой суд,"117149, г Москва, ул Азовская, д 13",https://mos-sud.ru/,mos-sud.ru,нет,77MS0222
Москва,Москва,,Судебный участок № 223 района Чертаново Южное,MS,Мировой суд,"115547, г Москва, ул Бирюлёвская, д 48 к 2",https://mos-sud.ru/,mos-sud.ru,нет,77MS0223
Москва,Москва,,Судебный участок № 224 района Чертаново Южное,MS,Мировой суд,"117570, г Москва, ул Красного Маяка, д 13Б",https://mos-sud.ru/,mos-sud.ru,нет,77MS0224
Москва,Москва,,Судебный участок № 225 района Чертаново Южное,MS,Мировой суд,"115547, г Москва, ул Бирюлёвская, д 48 к 2",https://mos-sud.ru/,mos-sud.ru,нет,77MS0225
Москва,Москва,,Судебный участок № 226 района Чертаново Южное,MS,Мировой суд,"115547, г Москва, ул Бирюлёвская, д 48 к 2",https://mos-sud.ru/,mos-sud.ru,нет,77MS0226
Москва,Москва,,Судебный участок № 227 района Чертаново Южное,MS,Мировой суд,"115547, г Москва, ул Бирюлёвская, д 48 к 2",https://mos-sud.ru/,mos-sud.ru,нет,77MS0227
Москва,Москва,,Судебный участок № 228 района Чертаново Центральное,MS,Мировой суд,"117570, г Москва, ул Красного Маяка, д 13Б",https://mos-sud.ru/,mos-sud.ru,нет,77MS0228
Москва,Москва,,Судебный участок № 229 района Чертаново Центральное,MS,Мировой суд,"117570, г Москва, ул Красного Маяка, д 13Б",https://mos-sud.ru/,mos-sud.ru,нет,77MS0229
Москва,Москва,,Судебный участок № 23 района Москворечье-Сабурово,MS,Мировой суд,"115408, г Москва, ул Братеевская, д 18 к 5",https://mos-sud.ru/,mos-sud.ru,нет,77MS0023
Москва,Москва,,Судебный участок № 230 района Чертаново Центральное,MS,Мировой суд,"117570, г Москва, ул Красного Маяка, д 13Б",https://mos-sud.ru/,mos-sud.ru,нет,77MS0230
Москва,Москва,,Судебный участок № 231 района Чертаново Центральное,MS,Мировой суд,"117570, г Москва, ул Красного Маяка, д 13Б",https://mos-sud.ru/,mos-sud.ru,нет,77MS0231
Москва,Москва,,Судебный участок № 232 района Чертаново Северное,MS,Мировой суд,"117570, г Москва, ул Красного Маяка, д 13Б",https://mos-sud.ru/,mos-sud.ru,нет,77MS0232
Москва,Москва,,Судебный участок № 233 района Чертаново Северное,MS,Мировой суд,"117570, г Москва, ул Красного Маяка, д 13Б",https://mos-sud.ru/,mos-sud.ru,нет,77MS0233
Москва,Москва,,Судебный участок № 234 района Чертаново Северное,MS,Мировой суд,"117546, г Москва, ул Медынская, д 14Б",https://mos-sud.ru/,mos-sud.ru,нет,77MS0234
Москва,Москва,,Судебный участок № 235 Нагорного района,MS,Мировой суд,"117556, г Москва, ул Болотниковская, д 5 к 2",https://mos-sud.ru/,mos-sud.ru,нет,77MS0235
Москва,Москва,,Судебный участок № 236 Нагорного района,MS,Мировой суд,"117556, г Москва, ул Болотниковская, д 5 к 2",https://mos-sud.ru/,mos-sud.ru,нет,77MS0236
Москва,Москва,,Судебный участок № 237 района Бирюлёво Западное,MS,Мировой суд,"117546, г Москва, ул Медынская, д 14Б",https://mos-sud.ru/,mos-sud.ru,нет,77MS0237
Москва,Москва,,Судебный участок № 238 района Бирюлёво Западное,MS,Мировой суд,"117546, г Москва, ул Медынская, д 14Б",https://mos-sud.ru/,mos-sud.ru,нет,77MS0238
Москва,Москва,,Судебный участок № 239 района Бирюлёво Западное,MS,Мировой суд,"117546, г Москва, ул Медынская, д 14Б",https://mos-sud.ru/,mos-sud.ru,нет,77MS0239
Москва,Москва,,Судебный участок № 24 района Москворечье-Сабурово,MS,Мировой суд,"115408, г Москва, ул Братеевская, д 18 к 5",https://mos-sud.ru/,mos-sud.ru,нет,77MS0024
Москва,Москва,,Судебный участок № 240 района Нагатинский Затон,MS,Мировой суд,"115068, г Москва, ул Восточная, д 2 к 4",https://mos-sud.ru/,mos-sud.ru,нет,77MS0240
Москва,Москва,,Судебный участок № 241 района Нагатинский Затон,MS,Мировой суд,"117335, г Москва, пр-кт Нахимовский, д 56",https://mos-sud.ru/,mos-sud.ru,нет,77MS0241
Москва,Москва,,Судебный участок № 242 района Нагатинский Затон,MS,Мировой суд,"115547, г Москва, ул Бирюлёвская, д 48 к 2",https://mos-sud.ru/,mos-sud.ru,нет,77MS0242
Москва,Москва,,Судебный участок № 243 района Нагатинский Затон,MS,Мировой суд,"117148, г Москва, ул Маршала Савицкого, д 16 к 1",https://mos-sud.ru/,mos-sud.ru,нет,77MS0243
Москва,Москва,,Судебный участок № 244 Донского района,MS,Мировой суд,"115068, г Москва, ул Восточная, д 2 к 4",https://mos-sud.ru/,mos-sud.ru,нет,77MS0244
Москва,Москва,,Судебный участок № 245 Донского района,MS,Мировой суд,"117335, г Москва, пр-кт Нахимовский, д 56",https://mos-sud.ru/,mos-sud.ru,нет,77MS0245
Москва,Москва,,Судебный участок № 246 Даниловского района,MS,Мировой суд,"121351, г Москва, ул Бобруйская, д 4 к 1",https://mos-sud.ru/,mos-sud.ru,нет,77MS0246
Москва,Москва,,Судебный участок № 247 Даниловского района,MS,Мировой суд,"115201, г Москва, ш Каширское, д 16",https://mos-sud.ru/,mos-sud.ru,нет,77MS0247
Москва,Москва,,Судебный участок № 248 Даниловского района,MS,Мировой суд,"115547, г Москва, ул Бирюлёвская, д 48 к 2",https://mos-sud.ru/,mos-sud.ru,нет,77MS0248
Москва,Москва,,Судебный участок № 249 района Текстильщики,MS,Мировой суд,"109387, г Москва, ул Кубанская, д 23",https://mos-sud.ru/,mos-sud.ru,нет,77MS0249
Москва,Москва,,Судебный участок № 25 района Царицыно,MS,Мировой суд,"115432, г Москва, ул 5-я Кожуховская, д 12",https://mos-sud.ru/,mos-sud.ru,нет,77MS0025
Москва,Москва,,Судебный участок № 250 района Текстильщики,MS,Мировой суд,"109387, г Москва, ул Кубанская, д 23",https://mos-sud.ru/,mos-sud.ru,нет,77MS0250
Москва,Москва,,Судебный участок № 251 района Текстильщики,MS,Мировой суд,"109377, г Москва, ул Зеленодольская, д 4",https://mos-sud.ru/,mos-sud.ru,нет,77MS0251
Москва,Москва,,Судебный участок № 252 района Печатники,MS,Мировой суд,"109548, г Москва, ул Шоссейная, д 9",https://mos-sud.ru/,mos-sud.ru,нет,77MS0252
Москва,Москва,,Судебный участок № 253 района Печатники,MS,Мировой суд,"109548, г Москва, ул Шоссейная, д 9",https://mos-sud.ru/,mos-sud.ru,нет,77MS0253
Москва,Москва,,Судебный участок № 254 района Печатники,MS,Мировой суд,"109548, г Москва, ул Шоссейная, д 9",https://mos-sud.ru/,mos-sud.ru,нет,77MS0254
Москва,Москва,,Судебный участок № 255 района Марьино,MS,Мировой суд,"109651, г Москва, б-р Новочеркасский, д 5 стр 3",https://mos-sud.ru/,mos-sud.ru,нет,77MS0255
Москва,Москва,,Судебный участок № 256 района Марьино,MS,Мировой суд,"109651, г Москва, б-р Новочеркасский, д 5 стр 3",https://mos-sud.ru/,mos-sud.ru,нет,77MS0256
Москва,Москва,,Судебный участок № 257 района Марьино,MS,Мировой суд,"109651, г Москва, б-р Новочеркасский, д 5 стр 3",https://mos-sud.ru/,mos-sud.ru,нет,77MS0257
Москва,Москва,,Судебный участок № 258 района Марьино,MS,Мировой суд,"109651, г Москва, б-р Новочеркасский, д 5 стр 3",https://mos-sud.ru/,mos-sud.ru,нет,77MS0258
Москва,Москва,,Судебный участок № 259 района Марьино,MS,Мировой суд,"109651, г Москва, б-р Новочеркасский, д 5 стр 3",https://mos-sud.ru/,mos-sud.ru,нет,77MS0259
Москва,Москва,,Судебный участок № 26 района Царицыно,MS,Мировой суд,"115432, г Москва, ул 5-я Кожуховская, д 12",https://mos-sud.ru/,mos-sud.ru,нет,77MS0026
Москва,Москва,,Судебный участок № 260 района Марьино,MS,Мировой суд,"109651, г Москва, б-р Новочеркасский, д 5 стр 3",https://mos-sud.ru/,mos-sud.ru,нет,77MS0260
Москва,Москва,,Судебный участок № 261 района Люблино,MS,Мировой суд,"109387, г Москва, ул Кубанская, д 23",https://mos-sud.ru/,mos-sud.ru,нет,77MS0261
Москва,Москва,,Судебный участок № 262 района Люблино,MS,Мировой суд,"109386, г Москва, ул Краснодарская, д 27/13",https://mos-sud.ru/,mos-sud.ru,нет,77MS0262
Москва,Москва,,Судебный участок № 263 района Люблино,MS,Мировой суд,"109386, г Москва, ул Краснодарская, д 27/13",https://mos-sud.ru/,mos-sud.ru,нет,77MS0263
Москва,Москва,,Судебный участок № 264 района Люблино,MS,Мировой суд,"109386, г Москва, ул Краснодарская, д 27/13",https://mos-sud.ru/,mos-sud.ru,нет,77MS0264
Москва,Москва,,Судебный участок № 265 района Люблино,MS,Мировой суд,"109386, г Москва, ул Краснодарская, д 27/13",https://mos-sud.ru/,mos-sud.ru,нет,77MS0265
Москва,Москва,,Судебный участок № 266 района Капотня,MS,Мировой суд,"109429, г Москва, кв-л 3-й Капотня, д 25",https://mos-sud.ru/,mos-sud.ru,нет,77MS0266
Москва,Москва,,Судебный участок № 267 Южнопортового района,MS,Мировой суд,"115432, г Москва, ул 5-я Кожуховская, д 12",https://mos-sud.ru/,mos-sud.ru,нет,77MS0267
Москва,Москва,,Судебный участок № 268 Южнопортового района,MS,Мировой суд,"115432, г Москва, ул 5-я Кожуховская, д 12",https://mos-sud.ru/,mos-sud.ru,нет,77MS0268
Москва,Москва,,Судебный участок № 269 Нижегородского района,MS,Мировой суд,"115432, г Москва, ул 5-я Кожуховская, д 12",https://mos-sud.ru/,mos-sud.ru,нет,77MS0269
Москва,Москва,,Судебный участок № 27 района Царицыно,MS,Мировой суд,"115432, г Москва, ул 5-я Кожуховская, д 12",https://mos-sud.ru/,mos-sud.ru,нет,77MS0027
Москва,Москва,,Судебный участок № 270 Нижегородского района,MS,Мировой суд,"115432, г Москва, ул 5-я Кожуховская, д 12",https://mos-sud.ru/,mos-sud.ru,нет,77MS0270
Москва,Москва,,Судебный участок № 271 района Лефортово,MS,Мировой суд,"111024, г Москва, проезд Перовский, д 7",https://mos-sud.ru/,mos-sud.ru,нет,77MS0271
Москва,Москва,,Судебный участок № 272 района Лефортово,MS,Мировой суд,"111024, г Москва, проезд Перовский, д 7",https://mos-sud.ru/,mos-sud.ru,нет,77MS0272
Москва,Москва,,Судебный участок № 273 района Лефортово,MS,Мировой суд,"111024, г Москва, ул Авиамоторная, д 49/1",https://mos-sud.ru/,mos-sud.ru,нет,77MS0273
Москва,Москва,,Судебный участок № 274 района Косино-Ухтомский,MS,Мировой суд,"111394, г Москва, ул Перовская, д 57",https://mos-sud.ru/,mos-sud.ru,нет,77MS0274
Москва,Москва,,Судебный участок № 275 района Новокосино,MS,Мировой суд,"111673, г Москва, ул Новокосинская, д 13 к 3",https://mos-sud.ru/,mos-sud.ru,нет,77MS0275
Москва,Москва,,Судебный участок № 276 района Новокосино,MS,Мировой суд,"111673, г Москва, ул Новокосинская, д 13 к 3",https://mos-sud.ru/,mos-sud.ru,нет,77MS0276
Москва,Москва,,Судебный участок № 277 района Новокосино,MS,Мировой суд,"111673, г Москва, ул Новокосинская, д 13 к 3",https://mos-sud.ru/,mos-sud.ru,нет,77MS0277
Москва,Москва,,Судебный участок № 278 района Вешняки,MS,Мировой суд,"111394, г Москва, ул Перовская, д 57",https://mos-sud.ru/,mos-sud.ru,нет,77MS0278
Москва,Москва,,Судебный участок № 279 района Вешняки,MS,Мировой суд,"111394, г Москва, ул Перовская, д 57",https://mos-sud.ru/,mos-sud.ru,нет,77MS0279
Москва,Москва,,Судебный участок № 28 района Царицыно,MS,Мировой суд,"115201, г Москва, проезд Каширский, д 3",https://mos-sud.ru/,mos-sud.ru,нет,77MS0028
Москва,Москва,,Судебный участок № 280 района Вешняки,MS,Мировой суд,"111394, г Москва, ул Перовская, д 57",https://mos-sud.ru/,mos-sud.ru,нет,77MS0280
Москва,Москва,,Судебный участок № 281 района Вешняки,MS,Мировой суд,"111394, г Москва, ул Перовская, д 57",https://mos-sud.ru/,mos-sud.ru,нет,77MS0281
Москва,Москва,,Судебный участок № 282 района Ивановское,MS,Мировой суд,"111673, г Москва, ул Новокосинская, д 13 к 3",https://mos-sud.ru/,mos-sud.ru,нет,77MS0282
Москва,Москва,,Судебный участок № 283 района Ивановское,MS,Мировой суд,"111394, г Москва, ул Перовская, д 57",https://mos-sud.ru/,mos-sud.ru,нет,77MS0283
Москва,Москва,,Судебный участок № 284 района Ивановское,MS,Мировой суд,"111394, г Москва, ул Перовская, д 57",https://mos-sud.ru/,mos-sud.ru,нет,77MS0284
Москва,Москва,,Судебный участок № 285 района Ивановское,MS,Мировой суд,"111394, г Москва, ул Перовская, д 57",https://mos-sud.ru/,mos-sud.ru,нет,77MS0285
Москва,Москва,,Судебный участок № 286 района Ивановское,MS,Мировой суд,"111394, г Москва, ул Перовская, д 57",https://mos-sud.ru/,mos-sud.ru,нет,77MS0286
Москва,Москва,,Судебный участок № 287 района Новогиреево,MS,Мировой суд,"111394, г Москва, ул Перовская, д 57",https://mos-sud.ru/,mos-sud.ru,нет,77MS0287
Москва,Москва,,Судебный участок № 288 района Новогиреево,MS,Мировой суд,"105118, г Москва, ул Буракова, д 13",https://mos-sud.ru/,mos-sud.ru,нет,77MS0288
Москва,Москва,,Судебный участок № 289 района Новогиреево,MS,Мировой суд,"111673, г Москва, ул Новокосинская, д 13 к 3",https://mos-sud.ru/,mos-sud.ru,нет,77MS0289
Москва,Москва,,Судебный участок № 29 района Бирюлёво Восточное,MS,Мировой суд,"115432, г Москва, ул 5-я Кожуховская, д 12",https://mos-sud.ru/,mos-sud.ru,нет,77MS0029
Москва,Москва,,Судебный участок № 290 района Перово,MS,Мировой суд,"111141, г Москва, ул Коренная, д 8 к 2",https://mos-sud.ru/,mos-sud.ru,нет,77MS0290
Москва,Москва,,Судебный участок № 291 района Перово,MS,Мировой суд,"111123, г Москва, ул 1-я Владимирская, д 9",https://mos-sud.ru/,mos-sud.ru,нет,77MS0291
Москва,Москва,,Судебный участок № 292 района Перово,MS,Мировой суд,"111394, г Москва, ул Перовская, д 57",https://mos-sud.ru/,mos-sud.ru,нет,77MS0292
Москва,Москва,,Судебный участок № 293 района Перово,MS,Мировой суд,"111394, г Москва, ул Перовская, д 57",https://mos-sud.ru/,mos-sud.ru,нет,77MS0293
Москва,Москва,,Судебный участок № 294 района Перово,MS,Мировой суд,"111394, г Москва, ул Перовская, д 57",https://mos-sud.ru/,mos-sud.ru,нет,77MS0294
Москва,Москва,,Судебный участок № 295 района Восточный,MS,Мировой суд,"107589, г Москва, ул Хабаровская, д 9",https://mos-sud.ru/,mos-sud.ru,нет,77MS0295
Москва,Москва,,Судебный участок № 296 района Соколиная Гора,MS,Мировой суд,"107150, г Москва, проезд 3-й Подбельского, д 22 к 3",https://mos-sud.ru/,mos-sud.ru,нет,77MS0296
Москва,Москва,,Судебный участок № 297 района Соколиная Гора,MS,Мировой суд,"107014, г Москва, ул Гастелло, д 41",https://mos-sud.ru/,mos-sud.ru,нет,77MS0297
Москва,Москва,,Судебный участок № 298 района Соколиная Гора,MS,Мировой суд,"111123, г Москва, ул 1-я Владимирская, д 9",https://mos-sud.ru/,mos-sud.ru,нет,77MS0298
Москва,Москва,,Судебный участок № 299 района Измайлово,MS,Мировой суд,"105187, г Москва, ул Фортунатовская, д 27А",https://mos-sud.ru/,mos-sud.ru,нет,77MS0299
Москва,Москва,,Судебный участок № 3 района Савёлки,MS,Мировой суд,"124489, г Москва, г Зеленоград, к 706",https://mos-sud.ru/,mos-sud.ru,нет,77MS0003
Москва,Москва,,Судебный участок № 30 района Бирюлёво Восточное,MS,Мировой суд,"115201, г Москва, проезд Каширский, д 3",https://mos-sud.ru/,mos-sud.ru,нет,77MS0030
Москва,Москва,,Судебный участок № 300 района Измайлово,MS,Мировой суд,"105187, г Москва, ул Фортунатовская, д 27А",https://mos-sud.ru/,mos-sud.ru,нет,77MS0300
Москва,Москва,,Судебный участок № 301 района Измайлово,MS,Мировой суд,"105118, г Москва, ул Буракова, д 13",https://mos-sud.ru/,mos-sud.ru,нет,77MS0301
Москва,Москва,,Судебный участок № 302 района Измайлово,MS,Мировой суд,"105425, г Москва, проезд Щёлковский, д 4",https://mos-sud.ru/,mos-sud.ru,нет,77MS0302
Москва,Москва,,Судебный участок № 303 района Восточное Измайлово,MS,Мировой суд,"107589, г Москва, ул Хабаровская, д 9",https://mos-sud.ru/,mos-sud.ru,нет,77MS0303
Москва,Москва,,Судебный участок № 304 района Восточное Измайлово,MS,Мировой суд,"105425, г Москва, проезд Щёлковский, д 4",https://mos-sud.ru/,mos-sud.ru,нет,77MS0304
Москва,Москва,,Судебный участок № 305 района Северное Измайлово,MS,Мировой суд,"105187, г Москва, ш Измайловское, д 55",https://mos-sud.ru/,mos-sud.ru,нет,77MS0305
Москва,Москва,,Судебный участок № 306 района Северное Измайлово,MS,Мировой суд,"105187, г Москва, ш Измайловское, д 55",https://mos-sud.ru/,mos-sud.ru,нет,77MS0306
Москва,Москва,,Судебный участок № 307 района Северное Измайлово,MS,Мировой суд,"105187, г Москва, ш Измайловское, д 55",https://mos-sud.ru/,mos-sud.ru,нет,77MS0307
Москва,Москва,,Судебный участок № 308 района Свиблово,MS,Мировой суд,"129329, г Москва, проезд Игарский, д 19",https://mos-sud.ru/,mos-sud.ru,нет,77MS0308
Москва,Москва,,Судебный участок № 309 района Свиблово,MS,Мировой суд,"129329, г Москва, проезд Игарский, д 19",https://mos-sud.ru/,mos-sud.ru,нет,77MS0309
Москва,Москва,,Судебный участок № 31 района Бирюлёво Восточное,MS,Мировой суд,"115201, г Москва, проезд Каширский, д 3",https://mos-sud.ru/,mos-sud.ru,нет,77MS0031
Москва,Москва,,Судебный участок № 310 района Ростокино,MS,Мировой суд,"129226, г Москва, пр-кт Мира, д 177",https://mos-sud.ru/,mos-sud.ru,нет,77MS0310
Москва,Москва,,Судебный участок № 311 Останкинского района,MS,Мировой суд,"129085, г Москва, ул Бочкова, д 8 к 1",https://mos-sud.ru/,mos-sud.ru,нет,77MS0311
Москва,Москва,,Судебный участок № 312 Останкинского района,MS,Мировой суд,"129085, г Москва, ул Бочкова, д 8 к 1",https://mos-sud.ru/,mos-sud.ru,нет,77MS0312
Москва,Москва,,Судебный участок № 313 района Марьина Роща,MS,Мировой суд,"127018, г Москва, ул Сущёвский Вал, д 14/22 к 7",https://mos-sud.ru/,mos-sud.ru,нет,77MS0313
Москва,Москва,,Судебный участок № 314 района Марьина Роща,MS,Мировой суд,"127018, г Москва, ул Сущёвский Вал, д 14/22 к 7",https://mos-sud.ru/,mos-sud.ru,нет,77MS0314
Москва,Москва,,Судебный участок № 315 Алексеевского района,MS,Мировой суд,"129301, г Москва, пр-кт Мира, д 184 к 1",https://mos-sud.ru/,mos-sud.ru,нет,77MS0315
Москва,Москва,,Судебный участок № 316 Алексеевского района,MS,Мировой суд,"129301, г Москва, пр-кт Мира, д 184 к 1",https://mos-sud.ru/,mos-sud.ru,нет,77MS0316
Москва,Москва,,Судебный участок № 317 Ярославского района,MS,Мировой суд,"129281, г Москва, ул Лётчика Бабушкина, д 39А, офис 323-325",https://mos-sud.ru/,mos-sud.ru,нет,77MS0317
Москва,Москва,,Судебный участок № 318 Ярославского района,MS,Мировой суд,"129327, г Москва, ул Коминтерна, д 32/5",https://mos-sud.ru/,mos-sud.ru,нет,77MS0318
Москва,Москва,,Судебный участок № 319 Ярославского района,MS,Мировой суд,"129281, г Москва, ул Лётчика Бабушкина, д 39А, офис 404-405",https://mos-sud.ru/,mos-sud.ru,нет,77MS0319
Москва,Москва,,Судебный участок № 32 района Бирюлёво Восточное,MS,Мировой суд,"115201, г Москва, проезд Каширский, д 3",https://mos-sud.ru/,mos-sud.ru,нет,77MS0032
Москва,Москва,,Судебный участок № 320 района Южное Медведково,MS,Мировой суд,"127221, г Москва, ул Молодцова, д 3",https://mos-sud.ru/,mos-sud.ru,нет,77MS0320
Москва,Москва,,Судебный участок № 321 района Южное Медведково,MS,Мировой суд,"127221, г Москва, ул Молодцова, д 3",https://mos-sud.ru/,mos-sud.ru,нет,77MS0321
Москва,Москва,,Судебный участок № 322 района Южное Медведково,MS,Мировой суд,"127221, г Москва, ул Молодцова, д 3",https://mos-sud.ru/,mos-sud.ru,нет,77MS0322
Москва,Москва,,Судебный участок № 323 поселения Московский,MS,Мировой суд,"119633, г Москва, ул Новоорловская, д 7Г",https://mos-sud.ru/,mos-sud.ru,нет,77MS0440
Москва,Москва,,Судебный участок № 324 района Северное Медведково,MS,Мировой суд,"127221, г Москва, ул Молодцова, д 3",https://mos-sud.ru/,mos-sud.ru,нет,77MS0324
Москва,Москва,,Судебный участок № 325 района Северное Медведково,MS,Мировой суд,"129281, г Москва, ул Лётчика Бабушкина, д 39А, офис 404-405",https://mos-sud.ru/,mos-sud.ru,нет,77MS0325
Москва,Москва,,Судебный участок № 326 района Северное Медведково,MS,Мировой суд,"129281, г Москва, ул Лётчика Бабушкина, д 39А, офис 512-513",https://mos-sud.ru/,mos-sud.ru,нет,77MS0326
Москва,Москва,,Судебный участок № 327 Лосиноостровского района,MS,Мировой суд,"129327, г Москва, ул Коминтерна, д 32/5",https://mos-sud.ru/,mos-sud.ru,нет,77MS0327
Москва,Москва,,Судебный участок № 328 Лосиноостровского района,MS,Мировой суд,"129327, г Москва, ул Коминтерна, д 32/5",https://mos-sud.ru/,mos-sud.ru,нет,77MS0328
Москва,Москва,,Судебный участок № 329 Лосиноостровского района,MS,Мировой суд,"129327, г Москва, ул Коминтерна, д 32/5",https://mos-sud.ru/,mos-sud.ru,нет,77MS0329
Москва,Москва,,Судебный участок № 33 района Орехово-Борисово Северное,MS,Мировой суд,"115582, г Москва, ул Домодедовская, д 24 к 5",https://mos-sud.ru/,mos-sud.ru,нет,77MS0033
Москва,Москва,,Судебный участок № 330 Бабушкинского района,MS,Мировой суд,"129327, г Москва, ул Коминтерна, д 32/5",https://mos-sud.ru/,mos-sud.ru,нет,77MS0330
Москва,Москва,,Судебный участок № 331 Бабушкинского района,MS,Мировой суд,"129327, г Москва, ул Коминтерна, д 32/5",https://mos-sud.ru/,mos-sud.ru,нет,77MS0331
Москва,Москва,,Судебный участок № 332 Бабушкинского района,MS,Мировой суд,"129327, г Москва, ул Коминтерна, д 32/5",https://mos-sud.ru/,mos-sud.ru,нет,77MS0332
Москва,Москва,,Судебный участок № 333 Тимирязевского района,MS,Мировой суд,"125414, г Москва, ул Петрозаводская, д 22 к 1",https://mos-sud.ru/,mos-sud.ru,нет,77MS0333
Москва,Москва,,Судебный участок № 334 Тимирязевского района,MS,Мировой суд,"125414, г Москва, ул Петрозаводская, д 22 к 1",https://mos-sud.ru/,mos-sud.ru,нет,77MS0334
Москва,Москва,,Судебный участок № 335 Тимирязевского района,MS,Мировой суд,"125475, г Москва, ул Зеленоградская, д 21",https://mos-sud.ru/,mos-sud.ru,нет,77MS0335
Москва,Москва,,Судебный участок № 336 Дмитровского района,MS,Мировой суд,"127411, г Москва, ул Лобненская, д 9А стр 1",https://mos-sud.ru/,mos-sud.ru,нет,77MS0336
Москва,Москва,,Судебный участок № 337 Дмитровского района,MS,Мировой суд,"127411, г Москва, ул Лобненская, д 9А стр 1",https://mos-sud.ru/,mos-sud.ru,нет,77MS0337
Москва,Москва,,Судебный участок № 338 Дмитровского района,MS,Мировой суд,"127411, г Москва, ул Лобненская, д 9А стр 1",https://mos-sud.ru/,mos-sud.ru,нет,77MS0338
Москва,Москва,,Судебный участок № 339 района Восточное Дегунино,MS,Мировой суд,"127411, г Москва, ул Лобненская, д 9А стр 1",https://mos-sud.ru/,mos-sud.ru,нет,77MS0339
Москва,Москва,,Судебный участок № 34 района Орехово-Борисово Северное,MS,Мировой суд,"115582, г Москва, ул Домодедовская, д 24 к 5",https://mos-sud.ru/,mos-sud.ru,нет,77MS0034
Москва,Москва,,Судебный участок № 340 района Восточное Дегунино,MS,Мировой суд,"127411, г Москва, ул Лобненская, д 9А стр 1",https://mos-sud.ru/,mos-sud.ru,нет,77MS0340
Москва,Москва,,Судебный участок № 341 района Восточное Дегунино,MS,Мировой суд,"127411, г Москва, ул Лобненская, д 9А стр 1",https://mos-sud.ru/,mos-sud.ru,нет,77MS0341
Москва,Москва,,Судебный участок № 342 Бескудниковского района,MS,Мировой суд,"127411, г Москва, ул Лобненская, д 9А стр 1",https://mos-sud.ru/,mos-sud.ru,нет,77MS0342
Москва,Москва,,Судебный участок № 343 Бескудниковского района,MS,Мировой суд,"127411, г Москва, ул Лобненская, д 9А стр 1",https://mos-sud.ru/,mos-sud.ru,нет,77MS0343
Москва,Москва,,Судебный участок № 344 Бескудниковского района,MS,Мировой суд,"127411, г Москва, ул Лобненская, д 9А стр 1",https://mos-sud.ru/,mos-sud.ru,нет,77MS0344
Москва,Москва,,Судебный участок № 345 Хорошёвского района,MS,Мировой суд,"123007, г Москва, ул Гризодубовой, д 1 к 5",https://mos-sud.ru/,mos-sud.ru,нет,77MS0345
Москва,Москва,,Судебный участок № 346 Хорошёвского района,MS,Мировой суд,"123007, г Москва, ул Гризодубовой, д 1 к 5",https://mos-sud.ru/,mos-sud.ru,нет,77MS0346
Москва,Москва,,Судебный участок № 347 Савёловского района,MS,Мировой суд,"125130, г Москва, ул Большая Академическая, д 15 к 1",https://mos-sud.ru/,mos-sud.ru,нет,77MS0347
Москва,Москва,,Судебный участок № 348 Савёловского района,MS,Мировой суд,"125252, г Москва, б-р Ходынский, д 5 к 3",https://mos-sud.ru/,mos-sud.ru,нет,77MS0348
Москва,Москва,,Судебный участок № 349 района Беговой,MS,Мировой суд,"125319, г Москва, ул Черняховского, д 17 к 1",https://mos-sud.ru/,mos-sud.ru,нет,77MS0349
Москва,Москва,,Судебный участок № 35 района Орехово-Борисово Северное,MS,Мировой суд,"115582, г Москва, ул Домодедовская, д 24 к 5",https://mos-sud.ru/,mos-sud.ru,нет,77MS0035
Москва,Москва,,Судебный участок № 350 района Беговой,MS,Мировой суд,"125319, г Москва, ул Черняховского, д 17 к 1",https://mos-sud.ru/,mos-sud.ru,нет,77MS0350
Москва,Москва,,Судебный участок № 351 района Аэропорт,MS,Мировой суд,"125319, г Москва, проезд Большой Коптевский, д 10 к 2",https://mos-sud.ru/,mos-sud.ru,нет,77MS0351
Москва,Москва,,Судебный участок № 352 района Аэропорт,MS,Мировой суд,"125319, г Москва, проезд Большой Коптевский, д 10 к 2",https://mos-sud.ru/,mos-sud.ru,нет,77MS0352
Москва,Москва,,Судебный участок № 353 района Аэропорт,MS,Мировой суд,"125319, г Москва, проезд Большой Коптевский, д 10 к 2",https://mos-sud.ru/,mos-sud.ru,нет,77MS0353
Москва,Москва,,Судебный участок № 354 района Коптево,MS,Мировой суд,"125581, г Москва, ул Лавочкина, д 34",https://mos-sud.ru/,mos-sud.ru,нет,77MS0354
Москва,Москва,,Судебный участок № 355 района Коптево,MS,Мировой суд,"125581, г Москва, ул Лавочкина, д 34",https://mos-sud.ru/,mos-sud.ru,нет,77MS0355
Москва,Москва,,Судебный участок № 356 района Коптево,MS,Мировой суд,"125581, г Москва, ул Лавочкина, д 34",https://mos-sud.ru/,mos-sud.ru,нет,77MS0356
Москва,Москва,,Судебный участок № 357 района Западное Дегунино,MS,Мировой суд,"125502, г Москва, ул Петрозаводская, д 15 к 5",https://mos-sud.ru/,mos-sud.ru,нет,77MS0357
Москва,Москва,,Судебный участок № 358 района Западное Дегунино,MS,Мировой суд,"127411, г Москва, ул Лобненская, д 9А стр 1",https://mos-sud.ru/,mos-sud.ru,нет,77MS0358
Москва,Москва,,Судебный участок № 359 Басманного района,MS,Мировой суд,"105094, г Москва, наб Семёновская, д 2/1 стр 1",https://mos-sud.ru/,mos-sud.ru,нет,77MS0359
Москва,Москва,,Судебный участок № 36 района Орехово-Борисово Северное,MS,Мировой суд,"115582, г Москва, ул Домодедовская, д 24 к 5",https://mos-sud.ru/,mos-sud.ru,нет,77MS0036
Москва,Москва,,Судебный участок № 360 Басманного района,MS,Мировой суд,"105064, г Москва, ул Казакова, д 3 стр 1",https://mos-sud.ru/,mos-sud.ru,нет,77MS0360
Москва,Москва,,Судебный участок № 361 Басманного района,MS,Мировой суд,"105094, г Москва, ул Госпитальный Вал, д 5 стр 7",https://mos-sud.ru/,mos-sud.ru,нет,77MS0361
Москва,Москва,,Судебный участок № 362 Басманного района,MS,Мировой суд,"105094, г Москва, ул Госпитальный Вал, д 5 стр 1",https://mos-sud.ru/,mos-sud.ru,нет,77MS0362
Москва,Москва,,Судебный участок № 363 района Хамовники,MS,Мировой суд,"123022, г Москва, ул 1905 года, д 4 стр 1",https://mos-sud.ru/,mos-sud.ru,нет,77MS0363
Москва,Москва,,Судебный участок № 364 района Хамовники,MS,Мировой суд,"119121, г Москва, пер Земледельческий, д 12",https://mos-sud.ru/,mos-sud.ru,нет,77MS0364
Москва,Москва,,Судебный участок № 365 района Хамовники,MS,Мировой суд,"119049, г Москва, ул Донская, д 8",https://mos-sud.ru/,mos-sud.ru,нет,77MS0365
Москва,Москва,,Судебный участок № 366 района Хамовники,MS,Мировой суд,"115035, г Москва, наб Космодамианская, д 26/55 стр 7",https://mos-sud.ru/,mos-sud.ru,нет,77MS0366
Москва,Москва,,Судебный участок № 367 Тверского района,MS,Мировой суд,"123557, г Москва, ул Пресненский Вал, д 16 стр 2",https://mos-sud.ru/,mos-sud.ru,нет,77MS0367
Москва,Москва,,Судебный участок № 368 Тверского района,MS,Мировой суд,"129090, г Москва, ул Каланчевская, д 43А, офис 749/752",https://mos-sud.ru/,mos-sud.ru,нет,77MS0368
Москва,Москва,,Судебный участок № 369 Тверского района,MS,Мировой суд,"109012, г Москва, пл Новая, д 8 стр 1",https://mos-sud.ru/,mos-sud.ru,нет,77MS0369
Москва,Москва,,Судебный участок № 37 района Братеево,MS,Мировой суд,"115408, г Москва, ул Братеевская, д 16 к 6",https://mos-sud.ru/,mos-sud.ru,нет,77MS0037
Москва,Москва,,Судебный участок № 370 Тверского района,MS,Мировой суд,"109012, г Москва, пл Новая, д 8 стр 1",https://mos-sud.ru/,mos-sud.ru,нет,77MS0370
Москва,Москва,,Судебный участок № 371 Таганского района,MS,Мировой суд,"109544, г Москва, ул Рабочая, д 29В",https://mos-sud.ru/,mos-sud.ru,нет,77MS0371
Москва,Москва,,Судебный участок № 372 Таганского района,MS,Мировой суд,"109544, г Москва, ул Рабочая, д 29В",https://mos-sud.ru/,mos-sud.ru,нет,77MS0372
Москва,Москва,,Судебный участок № 373 Таганского района,MS,Мировой суд,"109544, г Москва, ул Рабочая, д 29В",https://mos-sud.ru/,mos-sud.ru,нет,77MS0373
Москва,Москва,,Судебный участок № 374 Таганского района,MS,Мировой суд,"109544, г Москва, ул Новорогожская, д 28",https://mos-sud.ru/,mos-sud.ru,нет,77MS0374
Москва,Москва,,Судебный участок № 375 района Арбат,MS,Мировой суд,"123290, г Москва, ш Шелепихинское, д 3 стр 2",https://mos-sud.ru/,mos-sud.ru,нет,77MS0375
Москва,Москва,,Судебный участок № 376 Пресненского района,MS,Мировой суд,"123317, г Москва, ул 3-я Красногвардейская, д 3",https://mos-sud.ru/,mos-sud.ru,нет,77MS0376
Москва,Москва,,Судебный участок № 377 Пресненского района,MS,Мировой суд,"123317, г Москва, ул 3-я Красногвардейская, д 3",https://mos-sud.ru/,mos-sud.ru,нет,77MS0377
Москва,Москва,,Судебный участок № 378 Пресненского района,MS,Мировой суд,"123317, г Москва, ул 3-я Красногвардейская, д 3",https://mos-sud.ru/,mos-sud.ru,нет,77MS0378
Москва,Москва,,Судебный участок № 379 Пресненского района,MS,Мировой суд,"123317, г Москва, ул 3-я Красногвардейская, д 3",https://mos-sud.ru/,mos-sud.ru,нет,77MS0379
Москва,Москва,,Судебный участок № 38 района Братеево,MS,Мировой суд,"115408, г Москва, ул Братеевская, д 16 к 6",https://mos-sud.ru/,mos-sud.ru,нет,77MS0038
Москва,Москва,,Судебный участок № 380 Пресненского района,MS,Мировой суд,"123317, г Москва, ул 3-я Красногвардейская, д 3",https://mos-sud.ru/,mos-sud.ru,нет,77MS0380
Москва,Москва,,Судебный участок № 381 Красносельского района,MS,Мировой суд,"107078, г Москва, пер Докучаев, д 13",https://mos-sud.ru/,mos-sud.ru,нет,77MS0381
Москва,Москва,,Судебный участок № 382 Красносельского района,MS,Мировой суд,"107078, г Москва, пер Докучаев, д 13",https://mos-sud.ru/,mos-sud.ru,нет,77MS0382
Москва,Москва,,Судебный участок № 383 Мещанского района,MS,Мировой суд,"129090, г Москва, ул Гиляровского, д 16 стр 2",https://mos-sud.ru/,mos-sud.ru,нет,77MS0383
Москва,Москва,,Судебный участок № 384 Мещанского района,MS,Мировой суд,"129090, г Москва, ул Гиляровского, д 16 стр 2",https://mos-sud.ru/,mos-sud.ru,нет,77MS0384
Москва,Москва,,Судебный участок № 385 Ярославского района,MS,Мировой суд,"129281, г Москва, ул Лётчика Бабушкина, д 39А, офис 512-513",https://mos-sud.ru/,mos-sud.ru,нет,77MS0385
Москва,Москва,,Судебный участок № 386 района Северное Медведково,MS,Мировой суд,"129281, г Москва, ул Лётчика Бабушкина, д 39А, офис 323-325",https://mos-sud.ru/,mos-sud.ru,нет,77MS0386
Москва,Москва,,Судебный участок № 387 Басманного района,MS,Мировой суд,"123007, г Москва, ул Гризодубовой, д 1 к 5",https://mos-sud.ru/,mos-sud.ru,нет,77MS0387
Москва,Москва,,Судебный участок № 388 Красносельского района,MS,Мировой суд,"129090, г Москва, ул Гиляровского, д 16 стр 2",https://mos-sud.ru/,mos-sud.ru,нет,77MS0388
Москва,Москва,,Судебный участок № 389 района Тверской,MS,Мировой суд,"109012, г Москва, пл Новая, д 8 стр 1",https://mos-sud.ru/,mos-sud.ru,нет,77MS0389
Москва,Москва,,Судебный участок № 39 района Братеево,MS,Мировой суд,"115408, г Москва, ул Братеевская, д 16 к 6",https://mos-sud.ru/,mos-sud.ru,нет,77MS0039
Москва,Москва,,Судебный участок № 390 Басманного района,MS,Мировой суд,"105064, г Москва, ул Казакова, д 3 стр 1",https://mos-sud.ru/,mos-sud.ru,нет,77MS0390
Москва,Москва,,Судебный участок № 391 поселения Внуковское,MS,Мировой суд,"119633, г Москва, ул Новоорловская, д 7Г",https://mos-sud.ru/,mos-sud.ru,нет,77MS0441
Москва,Москва,,Судебный участок № 392 района Отрадное,MS,Мировой суд,"127221, г Москва, проезд Шокальского, д 55 к 2",https://mos-sud.ru/,mos-sud.ru,нет,77MS0392
Москва,Москва,,Судебный участок № 393 Обручевского района,MS,Мировой суд,"119421, г Москва, ул Новаторов, д 16 к 4",https://mos-sud.ru/,mos-sud.ru,нет,77MS0393
Москва,Москва,,Судебный участок № 394 Академического района,MS,Мировой суд,"117335, г Москва, пр-кт Нахимовский, д 56",https://mos-sud.ru/,mos-sud.ru,нет,77MS0394
Москва,Москва,,Судебный участок № 395 района Дорогомилово,MS,Мировой суд,"121170, г Москва, ул Поклонная, д 6",https://mos-sud.ru/,mos-sud.ru,нет,77MS0395
Москва,Москва,,Судебный участок № 396 Зрайона Якиманка,MS,Мировой суд,"115162, г Москва, ул Мытная, д 46/2 стр 3",https://mos-sud.ru/,mos-sud.ru,нет,77MS0396
Москва,Москва,,Судебный участок № 397 района Замоскворечье,MS,Мировой суд,"115184, г Москва, ул Пятницкая, д 53/18 стр 1",https://mos-sud.ru/,mos-sud.ru,нет,77MS0397
Москва,Москва,,Судебный участок № 398 района Замоскворечье,MS,Мировой суд,"119017, г Москва, пер Голиковский, д 10 стр 1",https://mos-sud.ru/,mos-sud.ru,нет,77MS0398
Москва,Москва,,Судебный участок № 399 района Замоскворечье,MS,Мировой суд,"115184, г Москва, пер Большой Овчинниковский, д 20",https://mos-sud.ru/,mos-sud.ru,нет,77MS0399
Москва,Москва,,Судебный участок № 4 района Старое Крюково,MS,Мировой суд,"124527, г Москва, г Зеленоград, к 856",https://mos-sud.ru/,mos-sud.ru,нет,77MS0004
Москва,Москва,,Судебный участок № 40 района Зябликово,MS,Мировой суд,"115582, г Москва, ул Домодедовская, д 24 к 5",https://mos-sud.ru/,mos-sud.ru,нет,77MS0040
Москва,Москва,,Судебный участок № 400 района Крюково,MS,Мировой суд,"124683, г Москва, г Зеленоград, к 1820",https://mos-sud.ru/,mos-sud.ru,нет,77MS0400
Москва,Москва,,Судебный участок № 401 района Зюзино,MS,Мировой суд,"117149, г Москва, ул Азовская, д 13",https://mos-sud.ru/,mos-sud.ru,нет,77MS0401
Москва,Москва,,Судебный участок № 402 района Южное Бутово,MS,Мировой суд,"117623, г Москва, ул Старонародная, д 2",https://mos-sud.ru/,mos-sud.ru,нет,77MS0402
Москва,Москва,,Судебный участок № 403 Тимирязевского района,MS,Мировой суд,"125008, г Москва, ул Большая Академическая, д 49 стр 2",https://mos-sud.ru/,mos-sud.ru,нет,77MS0403
Москва,Москва,,Судебный участок № 404 района Коптево,MS,Мировой суд,"125008, г Москва, ул Большая Академическая, д 49 стр 2",https://mos-sud.ru/,mos-sud.ru,нет,77MS0404
Москва,Москва,,Судебный участок № 405 Можайского района,MS,Мировой суд,"121596, г Москва, ул Толбухина, д 11 к 2",https://mos-sud.ru/,mos-sud.ru,нет,77MS0405
Москва,Москва,,Судебный участок № 406 Нижегородского района,MS,Мировой суд,"111024, г Москва, проезд Перовский, д 7",https://mos-sud.ru/,mos-sud.ru,нет,77MS0406
Москва,Москва,,Судебный участок № 407 района Марьино,MS,Мировой суд,"109369, г Москва, б-р Новочеркасский, д 47",https://mos-sud.ru/,mos-sud.ru,нет,77MS0407
Москва,Москва,,Судебный участок № 408 Красносельского района,MS,Мировой суд,"129090, г Москва, ул Гиляровского, д 16 стр 2",https://mos-sud.ru/,mos-sud.ru,нет,77MS0408
Москва,Москва,,Судебный участок № 409 Красносельского района,MS,Мировой суд,"129090, г Москва, ул Гиляровского, д 16 стр 2",https://mos-sud.ru/,mos-sud.ru,нет,77MS0409
Москва,Москва,,Судебный участок № 41 района Зябликово,MS,Мировой суд,"115582, г Москва, ул Домодедовская, д 24 к 5",https://mos-sud.ru/,mos-sud.ru,нет,77MS0041
Москва,Москва,,Судебный участок № 410 Мещанского района,MS,Мировой суд,"129090, г Москва, ул Гиляровского, д 16 стр 2",https://mos-sud.ru/,mos-sud.ru,нет,77MS0410
Москва,Москва,,Судебный участок № 411 Мещанского района,MS,Мировой суд,"129090, г Москва, ул Гиляровского, д 16 стр 2",https://mos-sud.ru/,mos-sud.ru,нет,77MS0411
Москва,Москва,,Судебный участок № 412 Останкинского района,MS,Мировой суд,"129085, г Москва, пр-кт Мира, д 89",https://mos-sud.ru/,mos-sud.ru,нет,77MS0412
Москва,Москва,,Судебный участок № 413 района Марьина Роща,MS,Мировой суд,"127521, г Москва, ул Анненская, д 8",https://mos-sud.ru/,mos-sud.ru,нет,77MS0413
Москва,Москва,,Судебный участок № 414 Алексеевского района,MS,Мировой суд,"129164, г Москва, ул Маломосковская, д 2 к 1",https://mos-sud.ru/,mos-sud.ru,нет,77MS0414
Москва,Москва,,Судебный участок № 415 района Косино-Ухтомский,MS,Мировой суд,"111675, г Москва, ул Святоозерская, д 30",https://mos-sud.ru/,mos-sud.ru,нет,77MS0415
Москва,Москва,,Судебный участок № 416 района Арбат,MS,Мировой суд,"123557, г Москва, ул Пресненский Вал, д 16 стр 2",https://mos-sud.ru/,mos-sud.ru,нет,77MS0416
Москва,Москва,,Судебный участок № 417 района Арбат,MS,Мировой суд,"123290, г Москва, ш Шелепихинское, д 3 стр 2",https://mos-sud.ru/,mos-sud.ru,нет,77MS0417
Москва,Москва,,Судебный участок № 418 Пресненского района,MS,Мировой суд,"123557, г Москва, ул Пресненский Вал, д 16 стр 2",https://mos-sud.ru/,mos-sud.ru,нет,77MS0418
Москва,Москва,,Судебный участок № 419 Хорошёвского района,MS,Мировой суд,"125252, г Москва, б-р Ходынский, д 5 к 3",https://mos-sud.ru/,mos-sud.ru,нет,77MS0419
Москва,Москва,,Судебный участок № 42 района Зябликово,MS,Мировой суд,"115582, г Москва, ул Домодедовская, д 24 к 5",https://mos-sud.ru/,mos-sud.ru,нет,77MS0042
Москва,Москва,,Судебный участок № 420 Савеловского района,MS,Мировой суд,"125252, г Москва, б-р Ходынский, д 5 к 3",https://mos-sud.ru/,mos-sud.ru,нет,77MS0420
Москва,Москва,,Судебный участок № 421 района Солнцево,MS,Мировой суд,"119618, г Москва, ул Главмосстроя, д 9 к 1",https://mos-sud.ru/,mos-sud.ru,нет,77MS0421
Москва,Москва,,Судебный участок № 422 Таганского района,MS,Мировой суд,"105005, г Москва, пер Большой Демидовский, д 9",https://mos-sud.ru/,mos-sud.ru,нет,77MS0422
Москва,Москва,,Судебный участок № 423 Тверского района,MS,Мировой суд,"129090, г Москва, ул Каланчевская, д 43А, офис 749/752",https://mos-sud.ru/,mos-sud.ru,нет,77MS0423
Москва,Москва,,Судебный участок № 424 района Западное Дегунино,MS,Мировой суд,"125502, г Москва, ул Петрозаводская, д 15 к 5",https://mos-sud.ru/,mos-sud.ru,нет,77MS0424
Москва,Москва,,Судебный участок № 425 района Хамовники,MS,Мировой суд,"123290, г Москва, ш Шелепихинское, д 3 стр 2",https://mos-sud.ru/,mos-sud.ru,нет,77MS0425
Москва,Москва,,Судебный участок № 426 района Строгино,MS,Мировой суд,"123458, г Москва, ул Твардовского, д 4 к 4",https://mos-sud.ru/,mos-sud.ru,нет,77MS0426
Москва,Москва,,Судебный участок № 427 района Щукино,MS,Мировой суд,"123098, г Москва, ул Гамалеи, д 9",https://mos-sud.ru/,mos-sud.ru,нет,77MS0427
Москва,Москва,,Судебный участок № 428 района Хорошёво-Мнёвники,MS,Мировой суд,"123154, г Москва, б-р Генерала Карбышева, д 16",https://mos-sud.ru/,mos-sud.ru,нет,77MS0428
Москва,Москва,,Судебный участок № 429 района Черёмушки,MS,Мировой суд,"117418, г Москва, ул Новочерёмушкинская, д 49 к 1",https://mos-sud.ru/,mos-sud.ru,нет,77MS0429
Москва,Москва,,Судебный участок № 43 района Зябликово,MS,Мировой суд,"115582, г Москва, ул Домодедовская, д 24 к 5",https://mos-sud.ru/,mos-sud.ru,нет,77MS0043
Москва,Москва,,"Судебный участок № 430 поселений Внуковское, Кокошкино, Марушкинское и Филимонковское",MS,Мировой суд,"108804, г Москва, Внуково р-н, дп Кокошкино, ул Дачная, д 7А",https://mos-sud.ru/,mos-sud.ru,нет,77MS0430
Москва,Москва,,"Судебный участок № 431 поселений Воскресенское, Десеновское и Сосенское",MS,Мировой суд,"119633, г Москва, ул Новоорловская, д 7Г",https://mos-sud.ru/,mos-sud.ru,нет,77MS0431
Москва,Москва,,Судебный участок № 432 поселений Московский и «Мосрентген»,MS,Мировой суд,"119633, г Москва, ул Новоорловская, д 7Г",https://mos-sud.ru/,mos-sud.ru,нет,77MS0432
Москва,Москва,,Судебный участок № 433 поселения Рязановское,MS,Мировой суд,"108822, г Москва, Щербинка р-н, п Ерино, ул Высокая, д 2",https://mos-sud.ru/,mos-sud.ru,нет,77MS0433
Москва,Москва,,Судебный участок № 434 поселения Щербинка,MS,Мировой суд,"117148, г Москва, ул Маршала Савицкого, д 16 к 1",https://mos-sud.ru/,mos-sud.ru,нет,77MS0434
Москва,Москва,,Судебный участок № 435 поселений Вороновское и Роговское,MS,Мировой суд,"108830, г Москва, Вороново р-н, мкр Центральный (п ЛМС), д 12Б",https://mos-sud.ru/,mos-sud.ru,нет,77MS0435
Москва,Москва,,Судебный участок № 436 поселений Клёновское и Щаповское,MS,Мировой суд,"108825, г Москва, Краснопахорский р-н, п Щапово, д 2",https://mos-sud.ru/,mos-sud.ru,нет,77MS0436
Москва,Москва,,Судебный участок № 437 поселений Первомайское и Троицк,MS,Мировой суд,"108842, г Москва, г Троицк, пр-кт Октябрьский, д 20",https://mos-sud.ru/,mos-sud.ru,нет,77MS0437
Москва,Москва,,Судебный участок № 438 поселение Троицк,MS,Мировой суд,"108842, г Москва, г Троицк, пр-кт Октябрьский, д 20",https://mos-sud.ru/,mos-sud.ru,нет,77MS0438
Москва,Москва,,Судебный участок № 439 Басманного района,MS,Мировой суд,"105082, г Москва, ул Большая Почтовая, д 1/33 стр 1",https://mos-sud.ru/,mos-sud.ru,нет,77MS0442
Москва,Москва,,Судебный участок № 44 района Орехово-Борисово Южное,MS,Мировой суд,"115582, г Москва, ул Домодедовская, д 24 к 5",https://mos-sud.ru/,mos-sud.ru,нет,77MS0044
Москва,Москва,,Судебный участок № 440 Басманного района,MS,Мировой суд,"105094, г Москва, наб Семёновская, д 2/1 стр 1",https://mos-sud.ru/,mos-sud.ru,нет,77MS0443
Москва,Москва,,Судебный участок № 441 Войковского района,MS,Мировой суд,"125252, г Москва, ул Новопесчаная, д 20/10 к 1",https://mos-sud.ru/,mos-sud.ru,нет,77MS0444
Москва,Москва,,Судебный участок № 442 района Крюково,MS,Мировой суд,"124365, г Москва, г Зеленоград, к 2016",https://mos-sud.ru/,mos-sud.ru,нет,77MS0445
Москва,Москва,,Судебный участок № 443 района Соколиная Гора,MS,Мировой суд,"105187, г Москва, ш Измайловское, д 55",https://mos-sud.ru/,mos-sud.ru,нет,77MS0446
Москва,Москва,,Судебный участок № 444 района Соколиная Гора,MS,Мировой суд,"105187, г Москва, ш Измайловское, д 55",https://mos-sud.ru/,mos-sud.ru,нет,77MS0447
Москва,Москва,,Судебный участок № 445 района Измайлово,MS,Мировой суд,"105187, г Москва, ул Фортунатовская, д 27А",https://mos-sud.ru/,mos-sud.ru,нет,77MS0448
Москва,Москва,,Судебный участок № 446 района Северное Измайлово,MS,Мировой суд,"105425, г Москва, проезд Щёлковский, д 4",https://mos-sud.ru/,mos-sud.ru,нет,77MS0449
Москва,Москва,,Судебный участок № 447 Рязанского района,MS,Мировой суд,"109507, г Москва, пр-кт Волгоградский, д 185/19",https://mos-sud.ru/,mos-sud.ru,нет,77MS0450
Москва,Москва,,Судебный участок № 448 района Некрасовка,MS,Мировой суд,"109153, г Москва, ул Моршанская, д 2 к 1",https://mos-sud.ru/,mos-sud.ru,нет,77MS0451
Москва,Москва,,Судебный участок № 449 района Некрасовка,MS,Мировой суд,"111675, г Москва, ул Святоозерская, д 15",https://mos-sud.ru/,mos-sud.ru,нет,77MS0452
Москва,Москва,,Судебный участок № 45 района Орехово-Борисово Южное,MS,Мировой суд,"115582, г Москва, ул Домодедовская, д 24 к 5",https://mos-sud.ru/,mos-sud.ru,нет,77MS0045
Москва,Москва,,Судебный участок № 450 Южнопортового района,MS,Мировой суд,"109202, г Москва, проезд 2-й Карачаровский, д 4А",https://mos-sud.ru/,mos-sud.ru,нет,77MS0453
Москва,Москва,,Судебный участок № 451 Мещанского района,MS,Мировой суд,"107078, г Москва, пер Докучаев, д 13",https://mos-sud.ru/,mos-sud.ru,нет,77MS0454
Москва,Москва,,Судебный участок № 452 района Очаково-Матвеевское,MS,Мировой суд,"119607, г Москва, пр-кт Мичуринский, д 27 к 2",https://mos-sud.ru/,mos-sud.ru,нет,77MS0455
Москва,Москва,,Судебный участок № 453 района Сокольники,MS,Мировой суд,"107014, г Москва, ул 3-я Сокольническая, д 7",https://mos-sud.ru/,mos-sud.ru,нет,77MS0456
Москва,Москва,,Судебный участок № 454 района Богородское,MS,Мировой суд,"107564, г Москва, ул 3-я Богатырская, д 3",https://mos-sud.ru/,mos-sud.ru,нет,77MS0457
Москва,Москва,,Судебный участок № 455 района Нагатино-Садовники,MS,Мировой суд,"115201, г Москва, ш Каширское, д 16",https://mos-sud.ru/,mos-sud.ru,нет,77MS0458
Москва,Москва,,Судебный участок № 456 Даниловского района,MS,Мировой суд,"115068, г Москва, ул Восточная, д 2 к 4",https://mos-sud.ru/,mos-sud.ru,нет,77MS0459
Москва,Москва,,Судебный участок № 457 Даниловского района,MS,Мировой суд,"115068, г Москва, ул Восточная, д 2 к 4",https://mos-sud.ru/,mos-sud.ru,нет,77MS0460
Москва,Москва,,Судебный участок № 458 района Внуково,MS,Мировой суд,"119633, г Москва, ул Новоорловская, д 7Г",https://mos-sud.ru/,mos-sud.ru,нет,77MS0461
Москва,Москва,,Судебный участок № 459 Таганского района,MS,Мировой суд,"115054, г Москва, ул Валовая, д 29",https://mos-sud.ru/,mos-sud.ru,нет,77MS0462
Москва,Москва,,Судебный участок № 46 района Орехово-Борисово Южное,MS,Мировой суд,"115582, г Москва, ул Домодедовская, д 24 к 5",https://mos-sud.ru/,mos-sud.ru,нет,77MS0046
Москва,Москва,,Судебный участок № 460 Дмитровского района,MS,Мировой суд,"127486, г Москва, ш Коровинское, д 5 к 2",https://mos-sud.ru/,mos-sud.ru,нет,77MS0463
Москва,Москва,,Судебный участок № 461 поселений Киевский и Новофёдоровское,MS,Мировой суд,"108842, г Москва, г Троицк, мкр Сосны, д 4",https://mos-sud.ru/,mos-sud.ru,нет,77MS0464
Москва,Москва,,Судебный участок № 462 поселений Краснопахорское и Михайлово-Ярцевское,MS,Мировой суд,"108842, г Москва, г Троицк, мкр Сосны, д 4",https://mos-sud.ru/,mos-sud.ru,нет,77MS0465
Москва,Москва,,Судебный участок № 463 поселения Троицк,MS,Мировой суд,"108842, г Москва, г Троицк, мкр Сосны, д 4",https://mos-sud.ru/,mos-sud.ru,нет,77MS0466
Москва,Москва,,Судебный участок № 464 района Покровское-Стрешнево,MS,Мировой суд,"125367, г Москва, ш Волоколамское, д 60 к 1",https://mos-sud.ru/,mos-sud.ru,нет,77MS0467
Москва,Москва,,Судебный участок № 465 района Южное Тушино,MS,Мировой суд,"125363, г Москва, ул Аэродромная, д 9 стр 2",https://mos-sud.ru/,mos-sud.ru,нет,77MS0468
Москва,Москва,,Судебный участок № 466 поселения Десеновское,MS,Мировой суд,"119633, г Москва, ул Новоорловская, д 7Г",https://mos-sud.ru/,mos-sud.ru,нет,77MS0469
Москва,Москва,,Судебный участок № 467 поселения Десеновское,MS,Мировой суд,"108842, г Москва, г Троицк, мкр Сосны, д 4",https://mos-sud.ru/,mos-sud.ru,нет,77MS0470
Москва,Москва,,Судебный участок № 468 поселения Московский,MS,Мировой суд,"119633, г Москва, ул Новоорловская, д 7Г",https://mos-sud.ru/,mos-sud.ru,нет,77MS0471
Москва,Москва,,Судебный участок № 469 поселения Сосенское,MS,Мировой суд,"119633, г Москва, ул Новоорловская, д 7Г",https://mos-sud.ru/,mos-sud.ru,нет,77MS0472
Москва,Москва,,Судебный участок № 47 района Орехово-Борисово Южное,MS,Мировой суд,"115582, г Москва, ул Домодедовская, д 24 к 5",https://mos-sud.ru/,mos-sud.ru,нет,77MS0047
Москва,Москва,,Судебный участок № 470 поселения Сосенское,MS,Мировой суд,"119633, г Москва, ул Новоорловская, д 7Г",https://mos-sud.ru/,mos-sud.ru,нет,77MS0473
Москва,Москва,,Судебный участок № 471 поселения Щербинка,MS,Мировой суд,"117148, г Москва, ул Маршала Савицкого, д 18",https://mos-sud.ru/,mos-sud.ru,нет,77MS0474
Москва,Москва,,Судебный участок № 48 поселения Воскресенское и Десеновское,MS,Мировой суд,"119633, г Москва, ул Новоорловская, д 7Г",https://mos-sud.ru/,mos-sud.ru,нет,77MS0439
Москва,Москва,,Судебный участок № 49 района Черёмушки,MS,Мировой суд,"117418, г Москва, ул Новочерёмушкинская, д 49 к 1",https://mos-sud.ru/,mos-sud.ru,нет,77MS0049
Москва,Москва,,Судебный участок № 5 района Силино,MS,Мировой суд,"124527, г Москва, г Зеленоград, к 856",https://mos-sud.ru/,mos-sud.ru,нет,77MS0005
Москва,Москва,,Судебный участок № 50 района Черёмушки,MS,Мировой суд,"117418, г Москва, ул Новочерёмушкинская, д 49 к 1",https://mos-sud.ru/,mos-sud.ru,нет,77MS0050
Москва,Москва,,Судебный участок № 51 района Коньково,MS,Мировой суд,"117485, г Москва, ул Профсоюзная, д 94 к 2",https://mos-sud.ru/,mos-sud.ru,нет,77MS0051
Москва,Москва,,Судебный участок № 52 района Коньково,MS,Мировой суд,"117485, г Москва, ул Профсоюзная, д 94 к 2",https://mos-sud.ru/,mos-sud.ru,нет,77MS0052
Москва,Москва,,Судебный участок № 53 района Коньково,MS,Мировой суд,"117485, г Москва, ул Профсоюзная, д 94 к 2",https://mos-sud.ru/,mos-sud.ru,нет,77MS0053
Москва,Москва,,Судебный участок № 54 района Коньково,MS,Мировой суд,"117342, г Москва, ул Миклухо-Маклая, д 40 к 1",https://mos-sud.ru/,mos-sud.ru,нет,77MS0054
Москва,Москва,,Судебный участок № 55 района Тёплый Стан,MS,Мировой суд,"117465, г Москва, ул Генерала Тюленева, д 31 к 1",https://mos-sud.ru/,mos-sud.ru,нет,77MS0055
Москва,Москва,,Судебный участок № 56 района Тёплый Стан,MS,Мировой суд,"117437, г Москва, ул Академика Волгина, д 25 к 1",https://mos-sud.ru/,mos-sud.ru,нет,77MS0056
Москва,Москва,,Судебный участок № 57 района Тёплый Стан,MS,Мировой суд,"117465, г Москва, ул Генерала Тюленева, д 31 к 1",https://mos-sud.ru/,mos-sud.ru,нет,77MS0057
Москва,Москва,,Судебный участок № 58 района Тёплый Стан,MS,Мировой суд,"117465, г Москва, ул Генерала Тюленева, д 31 к 1",https://mos-sud.ru/,mos-sud.ru,нет,77MS0058
Москва,Москва,,Судебный участок № 59 района Ясенево,MS,Мировой суд,"117574, г Москва, ул Вильнюсская, д 13",https://mos-sud.ru/,mos-sud.ru,нет,77MS0059
Москва,Москва,,Судебный участок № 6 района Силино,MS,Мировой суд,"124527, г Москва, г Зеленоград, к 856",https://mos-sud.ru/,mos-sud.ru,нет,77MS0006
Москва,Москва,,Судебный участок № 60 района Ясенево,MS,Мировой суд,"117574, г Москва, ул Вильнюсская, д 13",https://mos-sud.ru/,mos-sud.ru,нет,77MS0060
Москва,Москва,,Судебный участок № 61 района Ясенево,MS,Мировой суд,"117574, г Москва, ул Вильнюсская, д 13",https://mos-sud.ru/,mos-sud.ru,нет,77MS0061
Москва,Москва,,Судебный участок № 62 района Ясенево,MS,Мировой суд,"117574, г Москва, проезд Одоевского, д 11 к 7",https://mos-sud.ru/,mos-sud.ru,нет,77MS0062
Москва,Москва,,Судебный участок № 63 района Ясенево,MS,Мировой суд,"117574, г Москва, проезд Одоевского, д 11 к 7",https://mos-sud.ru/,mos-sud.ru,нет,77MS0063
Москва,Москва,,Судебный участок № 64 района Ясенево,MS,Мировой суд,"117574, г Москва, ул Вильнюсская, д 13",https://mos-sud.ru/,mos-sud.ru,нет,77MS0064
Москва,Москва,,Судебный участок № 65 Молжаниновского района,MS,Мировой суд,"125493, г Москва, ул Пулковская, д 4 к 3",https://mos-sud.ru/,mos-sud.ru,нет,77MS0065
Москва,Москва,,Судебный участок № 66 района Левобережный,MS,Мировой суд,"125493, г Москва, ул Пулковская, д 4 к 3",https://mos-sud.ru/,mos-sud.ru,нет,77MS0066
Москва,Москва,,Судебный участок № 67 района Левобережный,MS,Мировой суд,"125493, г Москва, ул Пулковская, д 4 к 3",https://mos-sud.ru/,mos-sud.ru,нет,77MS0067
Москва,Москва,,Судебный участок № 68 района Ховрино,MS,Мировой суд,"125493, г Москва, ул Пулковская, д 4 к 3",https://mos-sud.ru/,mos-sud.ru,нет,77MS0068
Москва,Москва,,Судебный участок № 69 района Ховрино,MS,Мировой суд,"125493, г Москва, ул Пулковская, д 4 к 3",https://mos-sud.ru/,mos-sud.ru,нет,77MS0069
Москва,Москва,,Судебный участок № 7 района Крюково,MS,Мировой суд,"124617, г Москва, г Зеленоград, к 1443",https://mos-sud.ru/,mos-sud.ru,нет,77MS0007
Москва,Москва,,Судебный участок № 70 района Ховрино,MS,Мировой суд,"125493, г Москва, ул Пулковская, д 4 к 3",https://mos-sud.ru/,mos-sud.ru,нет,77MS0070
Москва,Москва,,Судебный участок № 71 Головинского района,MS,Мировой суд,"125438, г Москва, пер 1-й Лихачёвский, д 8",https://mos-sud.ru/,mos-sud.ru,нет,77MS0071
Москва,Москва,,Судебный участок № 72 Головинского района,MS,Мировой суд,"125438, г Москва, пер 1-й Лихачёвский, д 8",https://mos-sud.ru/,mos-sud.ru,нет,77MS0072
Москва,Москва,,Судебный участок № 73 Головинского района,MS,Мировой суд,"125475, г Москва, ул Зеленоградская, д 21",https://mos-sud.ru/,mos-sud.ru,нет,77MS0073
Москва,Москва,,Судебный участок № 74 района Матушкино,MS,Мировой суд,"124489, г Москва, г Зеленоград, к 706",https://mos-sud.ru/,mos-sud.ru,нет,77MS0074
Москва,Москва,,Судебный участок № 75 Войковского района,MS,Мировой суд,"125493, г Москва, ул Пулковская, д 4 к 3",https://mos-sud.ru/,mos-sud.ru,нет,77MS0075
Москва,Москва,,Судебный участок № 76 Войковского района,MS,Мировой суд,"125475, г Москва, ул Зеленоградская, д 21",https://mos-sud.ru/,mos-sud.ru,нет,77MS0076
Москва,Москва,,Судебный участок № 77 района Сокол,MS,Мировой суд,"125475, г Москва, ул Зеленоградская, д 21",https://mos-sud.ru/,mos-sud.ru,нет,77MS0077
Москва,Москва,,Судебный участок № 78 района Сокол,MS,Мировой суд,"125413, г Москва, ул Флотская, д 78",https://mos-sud.ru/,mos-sud.ru,нет,77MS0078
Москва,Москва,,Судебный участок № 79 района Северный,MS,Мировой суд,"127204, г Москва, линия 3-я Северная, д 6",https://mos-sud.ru/,mos-sud.ru,нет,77MS0079
Москва,Москва,,Судебный участок № 8 района Крюково,MS,Мировой суд,"124365, г Москва, г Зеленоград, к 1801Б",https://mos-sud.ru/,mos-sud.ru,нет,77MS0008
Москва,Москва,,Судебный участок № 80 района Лианозово,MS,Мировой суд,"127018, г. Москва, ул. Образцова, д.26, 3-й этаж, каб. 310-312)",https://mos-sud.ru/,mos-sud.ru,нет,77MS0080
Москва,Москва,,Судебный участок № 81 района Лианозово,MS,Мировой суд,"127349, г Москва, проезд Шенкурский, д 12Б",https://mos-sud.ru/,mos-sud.ru,нет,77MS0081
Москва,Москва,,Судебный участок № 82 района Лианозово,MS,Мировой суд,"127253, г Москва, ул Псковская, д 7 к 1",https://mos-sud.ru/,mos-sud.ru,нет,77MS0082
Москва,Москва,,Судебный участок № 83 района Бибирево,MS,Мировой суд,"127349, г Москва, проезд Шенкурский, д 12Б",https://mos-sud.ru/,mos-sud.ru,нет,77MS0083
Москва,Москва,,Судебный участок № 84 района Бибирево,MS,Мировой суд,"127549, г Москва, ул Пришвина, д 10",https://mos-sud.ru/,mos-sud.ru,нет,77MS0084
Москва,Москва,,Судебный участок № 85 района Бибирево,MS,Мировой суд,"127549, г Москва, ул Пришвина, д 10",https://mos-sud.ru/,mos-sud.ru,нет,77MS0085
Москва,Москва,,Судебный участок № 86 района Бибирево,MS,Мировой суд,"127549, г Москва, ул Пришвина, д 10",https://mos-sud.ru/,mos-sud.ru,нет,77MS0086
Москва,Москва,,Судебный участок № 87 района Бибирево,MS,Мировой суд,"127018, г. Москва, ул. Образцова, д.26, 4-й этаж, каб. 405, 406, 409)",https://mos-sud.ru/,mos-sud.ru,нет,77MS0087
Москва,Москва,,Судебный участок № 88 Алтуфьевского района,MS,Мировой суд,"127221, г Москва, проезд Шокальского, д 55 к 2",https://mos-sud.ru/,mos-sud.ru,нет,77MS0088
Москва,Москва,,Судебный участок № 89 Алтуфьевского района,MS,Мировой суд,"127253, г Москва, ул Псковская, д 7 к 1",https://mos-sud.ru/,mos-sud.ru,нет,77MS0089
Москва,Москва,,Судебный участок № 9 района Крюково,MS,Мировой суд,"124683, г Москва, г Зеленоград, к 1543",https://mos-sud.ru/,mos-sud.ru,нет,77MS0009
Москва,Москва,,Судебный участок № 90 района Отрадное,MS,Мировой суд,"127562, г Москва, ш Алтуфьевское, д 8А",https://mos-sud.ru/,mos-sud.ru,нет,77MS0090
Москва,Москва,,Судебный участок № 91 района Отрадное,MS,Мировой суд,"127549, г Москва, ул Пришвина, д 10",https://mos-sud.ru/,mos-sud.ru,нет,77MS0091
Москва,Москва,,Судебный участок № 92 района Отрадное,MS,Мировой суд,"127549, г Москва, ул Пришвина, д 10",https://mos-sud.ru/,mos-sud.ru,нет,77MS0092
Москва,Москва,,Судебный участок № 93 района Отрадное,MS,Мировой суд,"127018, г. Москва, ул. Образцова, д.26, 4-й этаж, каб. 413-414)",https://mos-sud.ru/,mos-sud.ru,нет,77MS0093
Москва,Москва,,Судебный участок № 94 района Отрадное,MS,Мировой суд,"127018, г. Москва, ул. Образцова, д.26, 4-й этаж, каб. 413-414)",https://mos-sud.ru/,mos-sud.ru,нет,77MS0094
Москва,Москва,,Судебный участок № 95 района Отрадное,MS,Мировой суд,"127018, г. Москва, ул. Образцова, д.26, 4-й этаж, каб. 405, 409)",https://mos-sud.ru/,mos-sud.ru,нет,77MS0095
Москва,Москва,,Судебный участок № 96 района Марфино,MS,Мировой суд,"127018, г Москва, ул Сущёвский Вал, д 14/22 к 7",https://mos-sud.ru/,mos-sud.ru,нет,77MS0096
Москва,Москва,,Судебный участок № 97 Бутырского района,MS,Мировой суд,"127254, г Москва, ул Гончарова, д 1/6",https://mos-sud.ru/,mos-sud.ru,нет,77MS0097
Москва,Москва,,Судебный участок № 98 Бутырского района,MS,Мировой суд,"127254, г Москва, ул Гончарова, д 1/6",https://mos-sud.ru/,mos-sud.ru,нет,77MS0098
Москва,Москва,,Судебный участок № 99 района Зюзино,MS,Мировой суд,"117149, г Москва, ул Азовская, д 13",https://mos-sud.ru/,mos-sud.ru,нет,77MS0099
Иркутская область,,,Судебный участок № 67 Казачинско-Ленского района,MS,Мировой суд,"666504, Иркутская обл, Казачинско-Ленский р-н, мкр 1-й (рп Магистральный), д 36А",https://67.irk.msudrf.ru/,67.irk.msudrf.ru,нет,38MS0067
Иркутская область,Ангарск,,Судебный участок № 26 г. Ангарска,MS,Мировой суд,"665835, Иркутская обл, г Ангарск, пр-кт Карла Маркса, стр 101",https://26.irk.msudrf.ru/,26.irk.msudrf.ru,нет,38MS0026
Иркутская область,Ангарск,,Судебный участок № 27 г. Ангарска,MS,Мировой суд,"665835, Иркутская обл, г Ангарск, пр-кт Карла Маркса, стр 101",https://27.irk.msudrf.ru/,27.irk.msudrf.ru,нет,38MS0027
Иркутская область,Ангарск,,Судебный участок № 28 г. Ангарска,MS,Мировой суд,"665835, Иркутская обл, г Ангарск, пр-кт Карла Маркса, стр 101",https://28.irk.msudrf.ru/,28.irk.msudrf.ru,нет,38MS0028
Иркутская область,Ангарск,,Судебный участок № 29 г. Ангарска,MS,Мировой суд,"665835, Иркутская обл, г Ангарск, пр-кт Карла Маркса, стр 101",https://29.irk.msudrf.ru/,29.irk.msudrf.ru,нет,38MS0029
Иркутская область,Ангарск,,Судебный участок № 30 г. Ангарска,MS,Мировой суд,"665835, Иркутская обл, г Ангарск, пр-кт Карла Маркса, стр 101",https://30.irk.msudrf.ru/,30.irk.msudrf.ru,нет,38MS0030
Иркутская область,Ангарск,,Судебный участок № 31 г. Ангарска,MS,Мировой суд,"665835, Иркутская обл, г Ангарск, пр-кт Карла Маркса, стр 101",https://31.irk.msudrf.ru/,31.irk.msudrf.ru,нет,38MS0031
Иркутская область,Ангарск,,Судебный участок № 32 г. Ангарска,MS,Мировой суд,"665835, Иркутская обл, г Ангарск, пр-кт Карла Маркса, стр 101",https://32.irk.msudrf.ru/,32.irk.msudrf.ru,нет,38MS0032
Иркутская область,Ангарск,,Судебный участок № 33 г. Ангарска,MS,Мировой суд,"665835, Иркутская обл, г Ангарск, пр-кт Карла Маркса, стр 101",https://33.irk.msudrf.ru/,33.irk.msudrf.ru,нет,38MS0033
Иркутская область,Ангарск,,Судебный участок № 34 г. Ангарска,MS,Мировой суд,"665835, Иркутская обл, г Ангарск, пр-кт Карла Маркса, стр 101",https://34.irk.msudrf.ru/,34.irk.msudrf.ru,нет,38MS0034
Иркутская область,Ангарск,,Судебный участок № 35 г. Ангарска,MS,Мировой суд,"665835, Иркутская обл, г Ангарск, пр-кт Карла Маркса, стр 101",https://35.irk.msudrf.ru/,35.irk.msudrf.ru,нет,38MS0035
Иркутская область,Ангарск,,Судебный участок № 36 г. Ангарска,MS,Мировой суд,"665835, Иркутская обл, г Ангарск, пр-кт Карла Маркса, стр 101",https://36.irk.msudrf.ru/,36.irk.msudrf.ru,нет,38MS0036
Иркутская область,Ангарск,,Судебный участок № 37 г. Ангарска,MS,Мировой суд,"665835, Иркутская обл, г Ангарск, пр-кт Карла Маркса, стр 101",https://37.irk.msudrf.ru/,37.irk.msudrf.ru,нет,38MS0037
Иркутская область,Ангарск,,Судебный участок № 38 г. Ангарска,MS,Мировой суд,"665835, Иркутская обл, г Ангарск, пр-кт Карла Маркса, стр 101",https://38.irk.msudrf.ru/,38.irk.msudrf.ru,нет,38MS0038
Иркутская область,Байкальск,,Судебный участок № 80 Слюдянского района,MS,Мировой суд,"665930, Иркутская обл, Слюдянский р-н, г Байкальск, мкр Южный, ул 1-й квартал, стр 27А",https://80.irk.msudrf.ru/,80.irk.msudrf.ru,нет,38MS0080
Иркутская область,Балаганск,,Судебный участок № 54 Балаганского района,MS,Мировой суд,"666391, Иркутская обл, п Балаганск, ул Кольцевая, д 18",https://54.irk.msudrf.ru/,54.irk.msudrf.ru,нет,38MS0054
Иркутская область,Баяндай,,Судебный участок № 129 Баяндаевского района,MS,Мировой суд,"669120, Иркутская обл, с Баяндай, ул Полевая, д 1, кв 3",https://129.irk.msudrf.ru/,129.irk.msudrf.ru,нет,38MS0129
Иркутская область,Бирюсинск,,Судебный участок № 86 г. Тайшета и Тайшетского района,MS,Мировой суд,"665052, Иркутская обл, Тайшетский р-н, г Бирюсинск, ул Береговая, д 4, кв 2",https://86.irk.msudrf.ru/,86.irk.msudrf.ru,нет,38MS0086
Иркутская область,Бодайбо,,Судебный участок № 124 г. Бодайбо,MS,Мировой суд,"666904, Иркутская обл, г Бодайбо, ул Карла Либкнехта, д 61",https://124.irk.msudrf.ru/,124.irk.msudrf.ru,нет,38MS0124
Иркутская область,Бохан,,Судебный участок № 130 Боханского района,MS,Мировой суд,"669311, Иркутская обл, п Бохан, ул Калинина, д 26Б",https://130.irk.msudrf.ru/,130.irk.msudrf.ru,нет,38MS0130
Иркутская область,Бохан,,Судебный участок № 131 Боханского района,MS,Мировой суд,"669311, Иркутская обл, п Бохан, ул Калинина, д 26Б",https://131.irk.msudrf.ru/,131.irk.msudrf.ru,нет,38MS0131
Иркутская область,Братск,,Судебный участок № 123 Падунского и Правобережного района г. Братска,MS,Мировой суд,"665709, Иркутская обл, г Братск, жилрайон Падун, ул Гидростроителей, д 55А",https://123.irk.msudrf.ru/,123.irk.msudrf.ru,нет,38MS0123
Иркутская область,Братск,,Судебный участок № 39 Центрального района г. Братска,MS,Мировой суд,"665708, Иркутская обл, г Братск, жилрайон Центральный, ул Комсомольская, д 38Б",https://39.irk.msudrf.ru/,39.irk.msudrf.ru,нет,38MS0039
Иркутская область,Братск,,Судебный участок № 41 Центрального района г. Братска,MS,Мировой суд,"665708, Иркутская обл, г Братск, жилрайон Центральный, ул Комсомольская, д 38Б",https://41.irk.msudrf.ru/,41.irk.msudrf.ru,нет,38MS0041
Иркутская область,Братск,,Судебный участок № 42 Центрального района г. Братска,MS,Мировой суд,"665708, Иркутская обл, г Братск, жилрайон Центральный, ул Южная, д 5А",https://42.irk.msudrf.ru/,42.irk.msudrf.ru,нет,38MS0042
Иркутская область,Братск,,Судебный участок № 43 Центрального района г. Братска,MS,Мировой суд,"665708, Иркутская обл, г Братск, жилрайон Центральный, ул Комсомольская, д 38Б",https://43.irk.msudrf.ru/,43.irk.msudrf.ru,нет,38MS0043
Иркутская область,Братск,,Судебный участок № 44 Центрального района г. Братска,MS,Мировой суд,"665708, Иркутская обл, г Братск, жилрайон Центральный, ул Южная, д 5А",https://44.irk.msudrf.ru/,44.irk.msudrf.ru,нет,38MS0044
Иркутская область,Братск,,Судебный участок № 45 Центрального района г. Братска,MS,Мировой суд,"665708, Иркутская обл, г Братск, жилрайон Центральный, ул Комсомольская, д 38Б",https://45.irk.msudrf.ru/,45.irk.msudrf.ru,нет,38MS0045
Иркутская область,Братск,,Судебный участок № 46 Центрального района г. Братска,MS,Мировой суд,"665708, Иркутская обл, г Братск, жилрайон Центральный, ул Комсомольская, д 38Б",https://46.irk.msudrf.ru/,46.irk.msudrf.ru,нет,38MS0046
Иркутская область,Братск,,Судебный участок № 47 Падунского и Правобережного районов г. Братска,MS,Мировой суд,"665709, Иркутская обл, г Братск, жилрайон Падун, ул Гидростроителей, д 55А",https://47.irk.msudrf.ru/,47.irk.msudrf.ru,нет,38MS0047
Иркутская область,Братск,,Судебный участок № 48 Падунского и Правобережного районов г. Братска,MS,Мировой суд,"665709, Иркутская обл, г Братск, жилрайон Падун, ул Гидростроителей, д 55А",https://48.irk.msudrf.ru/,48.irk.msudrf.ru,нет,38MS0048
Иркутская область,Братск,,Судебный участок № 49 Падунского и Правобережного районов г. Братска,MS,Мировой суд,"665709, Иркутская обл, г Братск, жилрайон Падун, ул Гидростроителей, д 55А",https://49.irk.msudrf.ru/,49.irk.msudrf.ru,нет,38MS0049
Иркутская область,Братск,,Судебный участок № 50 Падунского и Правобережного районов г. Братска,MS,Мировой суд,"665709, Иркутская обл, г Братск, жилрайон Падун, ул Гидростроителей, д 55А",https://50.irk.msudrf.ru/,50.irk.msudrf.ru,нет,38MS0050
Иркутская область,Братск,,Судебный участок № 52 Братского района г. Братска,MS,Мировой суд,"665708, Иркутская обл, г Братск, жилрайон Центральный, ул Южная, д 5А",https://52.irk.msudrf.ru/,52.irk.msudrf.ru,нет,38MS0052
Иркутская область,Братск,,Судебный участок № 53 Братского района г. Братска,MS,Мировой суд,"665708, Иркутская обл, г Братск, жилрайон Центральный, ул Южная, д 5А",https://53.irk.msudrf.ru/,53.irk.msudrf.ru,нет,38MS0053
Иркутская область,Вихоревка,,Судебный участок № 51 Братского района г. Вихоревка,MS,Мировой суд,"665770, Иркутская обл, Братский р-н, г Вихоревка, ул Ленина, д 46",https://51.irk.msudrf.ru/,51.irk.msudrf.ru,нет,38MS0051
Иркутская область,Еланцы,,Судебный участок № 79 Ольхонского района,MS,Мировой суд,"666130, Иркутская обл, с Еланцы, ул Пенкальского, д 4",https://79.irk.msudrf.ru/,79.irk.msudrf.ru,нет,38MS0079
Иркутская область,Ербогачен,,Судебный участок № 65 Катангского района,MS,Мировой суд,"666611, Иркутская обл, с Ербогачен, ул Чкалова, д 11",https://65.irk.msudrf.ru/,65.irk.msudrf.ru,нет,38MS0065
Иркутская область,Железногорск-Илимский,,Судебный участок № 72 Нижнеилимского района,MS,Мировой суд,"665654, Иркутская обл, г Железногорск-Илимский, кв-л 6А, зд 11",https://72.irk.msudrf.ru/,72.irk.msudrf.ru,нет,38MS0072
Иркутская область,Железногорск-Илимский,,Судебный участок № 73 Нижнеилимского района,MS,Мировой суд,"665654, Иркутская обл, г Железногорск-Илимский, кв-л 6А, зд 11",https://73.irk.msudrf.ru/,73.irk.msudrf.ru,нет,38MS0073
Иркутская область,Железногорск-Илимский,,Судебный участок № 74 Нижнеилимского района,MS,Мировой суд,"665654, Иркутская обл, г Железногорск-Илимский, кв-л 6А, зд 11",https://74.irk.msudrf.ru/,74.irk.msudrf.ru,нет,38MS0074
Иркутская область,Жигалово,,Судебный участок № 56 Жигаловского района,MS,Мировой суд,"666402, Иркутская обл, рп Жигалово, ул Советская, д 25",https://56.irk.msudrf.ru/,56.irk.msudrf.ru,нет,38MS0056
Иркутская область,Залари,,Судебный участок № 57 Заларинского района,MS,Мировой суд,"666322, Иркутская обл, рп Залари, ул Ленина, д 105",https://57.irk.msudrf.ru/,57.irk.msudrf.ru,нет,38MS0057
Иркутская область,Залари,,Судебный участок № 58 Заларинского района,MS,Мировой суд,"666322, Иркутская обл, рп Залари, ул Ленина, д 105",https://58.irk.msudrf.ru/,58.irk.msudrf.ru,нет,38MS0058
Иркутская область,Зима,,Судебный участок № 125 г. Зима и Зиминского района,MS,Мировой суд,"665390, Иркутская обл, г Зима, ул Подаюрова, зд 16",https://125.irk.msudrf.ru/,125.irk.msudrf.ru,нет,38MS0125
Иркутская область,Зима,,Судебный участок № 59 г. Зима и Зиминского района,MS,Мировой суд,"665390, Иркутская обл, г Зима, ул Подаюрова, зд 16",https://59.irk.msudrf.ru/,59.irk.msudrf.ru,нет,38MS0059
Иркутская область,Зима,,Судебный участок № 60 г. Зима и Зиминского района,MS,Мировой суд,"665390, Иркутская обл, г Зима, ул Подаюрова, зд 16",https://60.irk.msudrf.ru/,60.irk.msudrf.ru,нет,38MS0060
Иркутская область,Иркутск,,Судебный участок № 1 Октябрьского района г. Иркутска,MS,Мировой суд,"664050, г Иркутск, ул Байкальская, д 293/7",https://1.irk.msudrf.ru/,1.irk.msudrf.ru,нет,38MS0001
Иркутская область,Иркутск,,Судебный участок № 10 Куйбышевского района г. Иркутска,MS,Мировой суд,"664050, г Иркутск, ул Байкальская, д 293/7",https://10.irk.msudrf.ru/,10.irk.msudrf.ru,нет,38MS0010
Иркутская область,Иркутск,,Судебный участок № 11 Куйбышевского района г. Иркутска,MS,Мировой суд,"664050, г Иркутск, ул Байкальская, д 255",https://11.irk.msudrf.ru/,11.irk.msudrf.ru,нет,38MS0011
Иркутская область,Иркутск,,Судебный участок № 118 Октябрьского района г. Иркутска,MS,Мировой суд,"664050, г Иркутск, ул Байкальская, д 293/7",https://118.irk.msudrf.ru/,118.irk.msudrf.ru,нет,38MS0118
Иркутская область,Иркутск,,Судебный участок № 119 Кировского района г. Иркутска,MS,Мировой суд,"664011, г Иркутск, ул Дзержинского, д 36А",https://119.irk.msudrf.ru/,119.irk.msudrf.ru,нет,38MS0119
Иркутская область,Иркутск,,Судебный участок № 12 Свердловского района г. Иркутска,MS,Мировой суд,"664005, г Иркутск, ул Маяковского, стр 2",https://12.irk.msudrf.ru/,12.irk.msudrf.ru,нет,38MS0012
Иркутская область,Иркутск,,Судебный участок № 120 Куйбышевского района г. Иркутска,MS,Мировой суд,"664050, г Иркутск, ул Байкальская, д 293/7",https://120.irk.msudrf.ru/,120.irk.msudrf.ru,нет,38MS0120
Иркутская область,Иркутск,,Судебный участок № 121 Свердловского района г. Иркутска,MS,Мировой суд,"664029, г Иркутск, ул Чайковского, д 4",https://121.irk.msudrf.ru/,121.irk.msudrf.ru,нет,38MS0121
Иркутская область,Иркутск,,Судебный участок № 122 Ленинского района г. Иркутска,MS,Мировой суд,"664002, г Иркутск, ул Волгоградская, д 47",https://122.irk.msudrf.ru/,122.irk.msudrf.ru,нет,38MS0122
Иркутская область,Иркутск,,Судебный участок № 127 Иркутского района Иркутской области,MS,Мировой суд,"664011, г Иркутск, ул Дзержинского, д 36А",https://137.irk.msudrf.ru/,137.irk.msudrf.ru,нет,38MS0137
Иркутская область,Иркутск,,Судебный участок № 13 Свердловского района г. Иркутска,MS,Мировой суд,"664005, г Иркутск, ул Маяковского, стр 2",https://13.irk.msudrf.ru/,13.irk.msudrf.ru,нет,38MS0013
Иркутская область,Иркутск,,Судебный участок № 14 Свердловского района г. Иркутска,MS,Мировой суд,"664029, г Иркутск, ул Чайковского, д 4",https://14.irk.msudrf.ru/,14.irk.msudrf.ru,нет,38MS0014
Иркутская область,Иркутск,,Судебный участок № 15 Свердловского района г. Иркутска,MS,Мировой суд,"664005, г Иркутск, ул Маяковского, стр 2",https://15.irk.msudrf.ru/,15.irk.msudrf.ru,нет,38MS0015
Иркутская область,Иркутск,,Судебный участок № 16 Свердловского района г. Иркутска,MS,Мировой суд,"664029, г Иркутск, ул Чайковского, д 4",https://16.irk.msudrf.ru/,16.irk.msudrf.ru,нет,38MS0016
Иркутская область,Иркутск,,Судебный участок № 17 Свердловского района г. Иркутска,MS,Мировой суд,"664005, г Иркутск, ул Маяковского, стр 2",https://17.irk.msudrf.ru/,17.irk.msudrf.ru,нет,38MS0017
Иркутская область,Иркутск,,Судебный участок № 18 Свердловского района г. Иркутска,MS,Мировой суд,"664005, г Иркутск, ул Маяковского, стр 2",https://18.irk.msudrf.ru/,18.irk.msudrf.ru,нет,38MS0018
Иркутская область,Иркутск,,Судебный участок № 19 Свердловского района г. Иркутска,MS,Мировой суд,"664005, г Иркутск, ул Маяковского, стр 2",https://19.irk.msudrf.ru/,19.irk.msudrf.ru,нет,38MS0019
Иркутская область,Иркутск,,Судебный участок № 2 Октябрьского района г. Иркутска,MS,Мировой суд,"664050, г Иркутск, ул Байкальская, д 293/7",https://2.irk.msudrf.ru/,2.irk.msudrf.ru,нет,38MS0002
Иркутская область,Иркутск,,Судебный участок № 20 Ленинского района г. Иркутска,MS,Мировой суд,"664002, г Иркутск, ул Волгоградская, д 47",https://20.irk.msudrf.ru/,20.irk.msudrf.ru,нет,38MS0020
Иркутская область,Иркутск,,Судебный участок № 21 Ленинского района г. Иркутска,MS,Мировой суд,"664002, г Иркутск, ул Волгоградская, д 47",https://21.irk.msudrf.ru/,21.irk.msudrf.ru,нет,38MS0021
Иркутская область,Иркутск,,Судебный участок № 22 Ленинского района г. Иркутска,MS,Мировой суд,"664040, г Иркутск, ул Розы Люксембург, д 182",https://22.irk.msudrf.ru/,22.irk.msudrf.ru,нет,38MS0022
Иркутская область,Иркутск,,Судебный участок № 23 Ленинского района г. Иркутска,MS,Мировой суд,"664040, г Иркутск, ул Розы Люксембург, д 182",https://23.irk.msudrf.ru/,23.irk.msudrf.ru,нет,38MS0023
Иркутская область,Иркутск,,Судебный участок № 24 Ленинского района г. Иркутска,MS,Мировой суд,"664040, г Иркутск, ул Розы Люксембург, д 182",https://24.irk.msudrf.ru/,24.irk.msudrf.ru,нет,38MS0024
Иркутская область,Иркутск,,Судебный участок № 25 Ленинского района г. Иркутска,MS,Мировой суд,"664040, г Иркутск, ул Розы Люксембург, д 182",https://25.irk.msudrf.ru/,25.irk.msudrf.ru,нет,38MS0025
Иркутская область,Иркутск,,Судебный участок № 3 Октябрьского района г. Иркутска,MS,Мировой суд,"664050, г Иркутск, ул Байкальская, д 293/7",https://3.irk.msudrf.ru/,3.irk.msudrf.ru,нет,38MS0003
Иркутская область,Иркутск,,Судебный участок № 4 Октябрьского района г. Иркутска,MS,Мировой суд,"664050, г Иркутск, ул Байкальская, д 293/7",https://4.irk.msudrf.ru/,4.irk.msudrf.ru,нет,38MS0004
Иркутская область,Иркутск,,Судебный участок № 40 Иркутского района Иркутской области,MS,Мировой суд,"664011, г Иркутск, ул Дзержинского, д 36А",https://138.irk.msudrf.ru/,138.irk.msudrf.ru,нет,38MS0138
Иркутская область,Иркутск,,Судебный участок № 5 Октябрьского района г. Иркутска,MS,Мировой суд,"664050, г Иркутск, ул Байкальская, д 293/7",https://5.irk.msudrf.ru/,5.irk.msudrf.ru,нет,38MS0005
Иркутская область,Иркутск,,Судебный участок № 55 Иркутского района Иркутской области,MS,Мировой суд,"664011, г Иркутск, ул Дзержинского, д 36А",https://136.irk.msudrf.ru/,136.irk.msudrf.ru,нет,38MS0136
Иркутская область,Иркутск,,Судебный участок № 6 Октябрьского района г. Иркутска,MS,Мировой суд,"664050, г Иркутск, ул Байкальская, д 293/7",https://6.irk.msudrf.ru/,6.irk.msudrf.ru,нет,38MS0006
Иркутская область,Иркутск,,Судебный участок № 62 Иркутского района,MS,Мировой суд,"664011, г Иркутск, ул Дзержинского, д 36А",https://62.irk.msudrf.ru/,62.irk.msudrf.ru,нет,38MS0062
Иркутская область,Иркутск,,Судебный участок № 63 Иркутского района,MS,Мировой суд,"664011, г Иркутск, ул Дзержинского, д 36А",https://63.irk.msudrf.ru/,63.irk.msudrf.ru,нет,38MS0063
Иркутская область,Иркутск,,Судебный участок № 64 Иркутского района,MS,Мировой суд,"664011, г Иркутск, ул Дзержинского, д 36А",https://64.irk.msudrf.ru/,64.irk.msudrf.ru,нет,38MS0064
Иркутская область,Иркутск,,Судебный участок № 7 Кировского района г. Иркутска,MS,Мировой суд,"664011, г Иркутск, ул Дзержинского, д 36А",https://7.irk.msudrf.ru/,7.irk.msudrf.ru,нет,38MS0007
Иркутская область,Иркутск,,Судебный участок № 77 Иркутского района Иркутской области,MS,Мировой суд,"664011, г Иркутск, ул Дзержинского, д 36А",https://139.irk.msudrf.ru/,139.irk.msudrf.ru,нет,38MS0139
Иркутская область,Иркутск,,Судебный участок № 8 Кировского района г. Иркутска,MS,Мировой суд,"664011, г Иркутск, ул Дзержинского, д 36А",https://8.irk.msudrf.ru/,8.irk.msudrf.ru,нет,38MS0008
Иркутская область,Иркутск,,Судебный участок № 9 Куйбышевского района г. Иркутска,MS,Мировой суд,"664050, г Иркутск, ул Байкальская, д 255",https://9.irk.msudrf.ru/,9.irk.msudrf.ru,нет,38MS0009
Иркутская область,Качуг,,Судебный участок № 66 Качугского района,MS,Мировой суд,"666203, Иркутская обл, рп Качуг, ул Красной Звезды, д 1",https://66.irk.msudrf.ru/,66.irk.msudrf.ru,нет,38MS0066
Иркутская область,Киренск,,Судебный участок № 68 Киренского района,MS,Мировой суд,"666703, Иркутская обл, г Киренск, мкр Центральный, ул Ленрабочих, стр 48",https://68.irk.msudrf.ru/,68.irk.msudrf.ru,нет,38MS0068
Иркутская область,Куйтун,,Судебный участок № 69 Куйтунского района,MS,Мировой суд,"665302, Иркутская обл, рп Куйтун, ул Писецкого, д 5Г",https://69.irk.msudrf.ru/,69.irk.msudrf.ru,нет,38MS0069
Иркутская область,Куйтун,,Судебный участок № 70 Куйтунского района,MS,Мировой суд,"665302, Иркутская обл, рп Куйтун, ул Писецкого, д 5Г",https://70.irk.msudrf.ru/,70.irk.msudrf.ru,нет,38MS0070
Иркутская область,Кутулик,,Судебный участок № 128 Аларского района,MS,Мировой суд,"669451, Иркутская обл, п Кутулик, ул Быкова, зд 7",https://128.irk.msudrf.ru/,128.irk.msudrf.ru,нет,38MS0128
Иркутская область,Мама,,Судебный участок № 71 Мамско-Чуйского района,MS,Мировой суд,"666811, Иркутская обл, рп Мама, ул Набережная, д 11",https://71.irk.msudrf.ru/,71.irk.msudrf.ru,нет,38MS0071
Иркутская область,Нижнеудинск,,Судебный участок № 75 г. Нижнеудинска,MS,Мировой суд,"665106, Иркутская обл, г Нижнеудинск, ул Ленина, зд 10",https://75.irk.msudrf.ru/,75.irk.msudrf.ru,нет,38MS0075
Иркутская область,Нижнеудинск,,Судебный участок № 76 г. Нижнеудинска,MS,Мировой суд,"665106, Иркутская обл, г Нижнеудинск, ул Ленина, зд 10",https://76.irk.msudrf.ru/,76.irk.msudrf.ru,нет,38MS0076
Иркутская область,Нижнеудинск,,Судебный участок № 78 г. Нижнеудинска,MS,Мировой суд,"665106, Иркутская обл, г Нижнеудинск, ул Ленина, зд 10",https://78.irk.msudrf.ru/,78.irk.msudrf.ru,нет,38MS0078
Иркутская область,Новонукутский,,Судебный участок № 132 Нукутского района,MS,Мировой суд,"669401, Иркутская обл, п Новонукутский, ул Ленина, зд 22",https://132.irk.msudrf.ru/,132.irk.msudrf.ru,нет,38MS0132
Иркутская область,Оса,,Судебный участок № 133 Осинского района,MS,Мировой суд,"669200, Иркутская обл, с Оса, ул Свердлова, зд 88",https://133.irk.msudrf.ru/,133.irk.msudrf.ru,нет,38MS0133
Иркутская область,Саянск,,Судебный участок № 82 г. Саянска,MS,Мировой суд,"666303, Иркутская обл, г Саянск, мкр Строителей, д 32",https://82.irk.msudrf.ru/,82.irk.msudrf.ru,нет,38MS0082
Иркутская область,Саянск,,Судебный участок № 83 г. Саянска,MS,Мировой суд,"666303, Иркутская обл, г Саянск, мкр Строителей, д 32",https://83.irk.msudrf.ru/,83.irk.msudrf.ru,нет,38MS0083
Иркутская область,Свирск,,Судебный участок № 126 г. Черемхово и г. Свирска,MS,Мировой суд,"665420, Иркутская обл, г Свирск, ул Комсомольская, д 15А",https://126.irk.msudrf.ru/,126.irk.msudrf.ru,нет,38MS0126
Иркутская область,Слюдянка,,Судебный участок № 81 Слюдянского района,MS,Мировой суд,"665904, Иркутская обл, г Слюдянка, ул имени майора Кутелева, д 42",https://81.irk.msudrf.ru/,81.irk.msudrf.ru,нет,38MS0081
Иркутская область,Тайшет,,Судебный участок № 84 г. Тайшета и Тайшетского района,MS,Мировой суд,"665008, Иркутская обл, г Тайшет, ул Транспортная, д 44А",https://84.irk.msudrf.ru/,84.irk.msudrf.ru,нет,38MS0084
Иркутская область,Тайшет,,Судебный участок № 85 г. Тайшета и Тайшетского района,MS,Мировой суд,"665008, Иркутская обл, г Тайшет, ул Транспортная, д 44А",https://85.irk.msudrf.ru/,85.irk.msudrf.ru,нет,38MS0085
Иркутская область,Тайшет,,Судебный участок № 87 г. Тайшета и Тайшетского района,MS,Мировой суд,"665001, Иркутская обл, г Тайшет, ул Андреева, д 3А, кв 1",https://87.irk.msudrf.ru/,87.irk.msudrf.ru,нет,38MS0087
Иркутская область,Тулун,,Судебный участок № 88 г. Тулуна,MS,Мировой суд,"665268, Иркутская обл, г Тулун, ул Володарского, д 24",https://88.irk.msudrf.ru/,88.irk.msudrf.ru,нет,38MS0088
Иркутская область,Тулун,,Судебный участок № 89 г. Тулуна,MS,Мировой суд,"665268, Иркутская обл, г Тулун, ул Володарского, д 24",https://89.irk.msudrf.ru/,89.irk.msudrf.ru,нет,38MS0089
Иркутская область,Тулун,,Судебный участок № 90 г. Тулуна,MS,Мировой суд,"665268, Иркутская обл, г Тулун, ул Володарского, д 24",https://90.irk.msudrf.ru/,90.irk.msudrf.ru,нет,38MS0090
Иркутская область,Тулун,,Судебный участок № 91 г. Тулуна и Тулунского района,MS,Мировой суд,"665268, Иркутская обл, г Тулун, ул Володарского, д 24",https://91.irk.msudrf.ru/,91.irk.msudrf.ru,нет,38MS0091
Иркутская область,Усолье-Сибирское,,Судебный участок № 92 г. Усолье-Сибирское и Усольского района,MS,Мировой суд,"665452, Иркутская обл, г Усолье-Сибирское, ул Богдана Хмельницкого, д 8",https://92.irk.msudrf.ru/,92.irk.msudrf.ru,нет,38MS0092
Иркутская область,Усолье-Сибирское,,Судебный участок № 93 г. Усолье-Сибирское и Усольского района,MS,Мировой суд,"665452, Иркутская обл, г Усолье-Сибирское, ул Богдана Хмельницкого, д 8",https://93.irk.msudrf.ru/,93.irk.msudrf.ru,нет,38MS0093
Иркутская область,Усолье-Сибирское,,Судебный участок № 94 г. Усолье-Сибирское и Усольского района,MS,Мировой суд,"665452, Иркутская обл, г Усолье-Сибирское, ул Богдана Хмельницкого, д 8",https://94.irk.msudrf.ru/,94.irk.msudrf.ru,нет,38MS0094
Иркутская область,Усолье-Сибирское,,Судебный участок № 95 г. Усолье-Сибирское и Усольского района,MS,Мировой суд,"665452, Иркутская обл, г Усолье-Сибирское, ул Богдана Хмельницкого, д 8",https://95.irk.msudrf.ru/,95.irk.msudrf.ru,нет,38MS0095
Иркутская область,Усолье-Сибирское,,Судебный участок № 96 г. Усолье-Сибирское и Усольского района,MS,Мировой суд,"665452, Иркутская обл, г Усолье-Сибирское, ул Богдана Хмельницкого, д 8",https://96.irk.msudrf.ru/,96.irk.msudrf.ru,нет,38MS0096
Иркутская область,Усолье-Сибирское,,Судебный участок № 97 г. Усолье-Сибирское и Усольского района,MS,Мировой суд,"665452, Иркутская обл, г Усолье-Сибирское, ул Богдана Хмельницкого, д 8",https://97.irk.msudrf.ru/,97.irk.msudrf.ru,нет,38MS0097
Иркутская область,Усолье-Сибирское,,Судебный участок № 98 г. Усолье-Сибирское и Усольского района,MS,Мировой суд,"665452, Иркутская обл, г Усолье-Сибирское, ул Богдана Хмельницкого, д 8",https://98.irk.msudrf.ru/,98.irk.msudrf.ru,нет,38MS0098
Иркутская область,Усть-Илимск,,Судебный участок № 100 г. Усть-Илимска и Усть-Илимского района,MS,Мировой суд,"666671, Иркутская обл, г Усть-Илимск, ул Гайдара, стр 11",https://100.irk.msudrf.ru/,100.irk.msudrf.ru,нет,38MS0100
Иркутская область,Усть-Илимск,,Судебный участок № 101 г. Усть-Илимска и Усть-Илимского района,MS,Мировой суд,"666671, Иркутская обл, г Усть-Илимск, ул Гайдара, стр 11",https://101.irk.msudrf.ru/,101.irk.msudrf.ru,нет,38MS0101
Иркутская область,Усть-Илимск,,Судебный участок № 102 г. Усть-Илимска и Усть-Илимского района,MS,Мировой суд,"666671, Иркутская обл, г Усть-Илимск, ул Гайдара, стр 11",https://102.irk.msudrf.ru/,102.irk.msudrf.ru,нет,38MS0102
Иркутская область,Усть-Илимск,,Судебный участок № 103 г. Усть-Илимска и Усть-Илимского района,MS,Мировой суд,"666671, Иркутская обл, г Усть-Илимск, ул Гайдара, стр 11",https://103.irk.msudrf.ru/,103.irk.msudrf.ru,нет,38MS0103
Иркутская область,Усть-Илимск,,Судебный участок № 104 г. Усть-Илимска и Усть-Илимского района,MS,Мировой суд,"666671, Иркутская обл, г Усть-Илимск, ул Гайдара, стр 11",https://104.irk.msudrf.ru/,104.irk.msudrf.ru,нет,38MS0104
Иркутская область,Усть-Илимск,,Судебный участок № 99 г. Усть-Илимска и Усть-Илимского района,MS,Мировой суд,"666671, Иркутская обл, г Усть-Илимск, ул Гайдара, стр 11",https://99.irk.msudrf.ru/,99.irk.msudrf.ru,нет,38MS0099
Иркутская область,Усть-Кут,,Судебный участок № 105 г. Усть-Кута,MS,Мировой суд,"666781, Иркутская обл, г Усть-Кут, ул Пролетарская, стр 1А",https://105.irk.msudrf.ru/,105.irk.msudrf.ru,нет,38MS0105
Иркутская область,Усть-Кут,,Судебный участок № 106 г. Усть-Кута,MS,Мировой суд,"666781, Иркутская обл, г Усть-Кут, ул Пролетарская, стр 1А",https://106.irk.msudrf.ru/,106.irk.msudrf.ru,нет,38MS0106
Иркутская область,Усть-Кут,,Судебный участок № 61 г. Усть-Кута,MS,Мировой суд,"666781, Иркутская обл, г Усть-Кут, ул Пролетарская, стр 1А",https://61.irk.msudrf.ru/,61.irk.msudrf.ru,нет,38MS0061
Иркутская область,Усть-Ордынский,,Судебный участок № 134 Эхирит-Булагатского района,MS,Мировой суд,"669001, Иркутская обл, п Усть-Ордынский, ул Буденного, д 5",https://134.irk.msudrf.ru/,134.irk.msudrf.ru,нет,38MS0134
Иркутская область,Усть-Ордынский,,Судебный участок № 135 Эхирит-Булагатского района,MS,Мировой суд,"669001, Иркутская обл, п Усть-Ордынский, ул Буденного, д 5",https://135.irk.msudrf.ru/,135.irk.msudrf.ru,нет,38MS0135
Иркутская область,Усть-Уда,,Судебный участок № 107 Усть-Удинского района,MS,Мировой суд,"666352, Иркутская обл, п Усть-Уда, ул 50 лет Октября, д 51",https://107.irk.msudrf.ru/,107.irk.msudrf.ru,нет,38MS0107
Иркутская область,Черемхово,,Судебный участок № 108 Черемховского района,MS,Мировой суд,"665403, Иркутская обл, г Черемхово, ул Маяковского, д 120",https://108.irk.msudrf.ru/,108.irk.msudrf.ru,нет,38MS0108
Иркутская область,Черемхово,,Судебный участок № 109 Черемховского района,MS,Мировой суд,"665403, Иркутская обл, г Черемхово, ул Маяковского, д 120",https://109.irk.msudrf.ru/,109.irk.msudrf.ru,нет,38MS0109
Иркутская область,Черемхово,,Судебный участок № 110 г. Черемхово и г. Свирска,MS,Мировой суд,"665403, Иркутская обл, г Черемхово, ул Маяковского, д 120",https://110.irk.msudrf.ru/,110.irk.msudrf.ru,нет,38MS0110
Иркутская область,Черемхово,,Судебный участок № 111 г. Черемхово и г. Свирска,MS,Мировой суд,"665403, Иркутская обл, г Черемхово, ул Маяковского, д 120",https://111.irk.msudrf.ru/,111.irk.msudrf.ru,нет,38MS0111
Иркутская область,Черемхово,,Судебный участок № 112 г. Черемхово и г. Свирска,MS,Мировой суд,"665403, Иркутская обл, г Черемхово, ул Маяковского, д 120",https://112.irk.msudrf.ru/,112.irk.msudrf.ru,нет,38MS0112
Иркутская область,Чунский,,Судебный участок № 113 Чунского района,MS,Мировой суд,"665513, Иркутская обл, рп Чунский, ул Комарова, д 11Б",https://113.irk.msudrf.ru/,113.irk.msudrf.ru,нет,38MS0113
Иркутская область,Чунский,,Судебный участок № 114 Чунского района,MS,Мировой суд,"665513, Иркутская обл, рп Чунский, ул Комарова, д 11Б",https://114.irk.msudrf.ru/,114.irk.msudrf.ru,нет,38MS0114
Иркутская область,Шелехов,,Судебный участок № 115 г. Шелехов и Шелеховского района,MS,Мировой суд,"666034, Иркутская область, г. Шелехов, д. 6 квартал, д. 25",https://115.irk.msudrf.ru/,115.irk.msudrf.ru,нет,38MS0115
Иркутская область,Шелехов,,Судебный участок № 116 г. Шелехов и Шелеховского района,MS,Мировой суд,"666034, Иркутская обл, г Шелехов, кв-л 6-й, д 25",https://116.irk.msudrf.ru/,116.irk.msudrf.ru,нет,38MS0116
Иркутская область,Шелехов,,Судебный участок № 117 г. Шелехов и Шелеховского района,MS,Мировой суд,"666034, Иркутская обл, г Шелехов, кв-л 6-й, д 25",https://117.irk.msudrf.ru/,117.irk.msudrf.ru,нет,38MS0117
Республика Крым,,,Судебный участок № 30 Белогорского судебного района Республики Крым,MS,Мировой суд,"297600, г. Белогорск ул. Мирошниченко героя, 33/ул. Пушкина, 20",https://mirsud82.rk.gov.ru/,mirsud82.rk.gov.ru,нет,91MS0030
Республика Крым,,,Судебный участок № 31 Белогорского судебного района Республики Крым,MS,Мировой суд,"297600, г. Белогорск ул. Мирошниченко героя, 33/ул. Пушкина, 20",https://mirsud82.rk.gov.ru/,mirsud82.rk.gov.ru,нет,91MS0031
Республика Крым,,,Судебный участок № 32 Белогорского судебного района Республики Крым,MS,Мировой суд,"297600, г. Белогорск ул. Мирошниченко героя, 33/ул. Пушкина, 20",https://mirsud82.rk.gov.ru/,mirsud82.rk.gov.ru,нет,91MS0032
Республика Крым,Алушта,,Судебный участок № 22 Алуштинского судебного района Республики Крым,MS,Мировой суд,"298500, Респ Крым, г Алушта, ул Багликова, д 21",https://mirsud82.rk.gov.ru/,mirsud82.rk.gov.ru,нет,91MS0022
Республика Крым,Алушта,,Судебный участок № 23 Алуштинского судебного района Республики Крым,MS,Мировой суд,"298500, Респ Крым, г Алушта, ул Багликова, д 21",https://mirsud82.rk.gov.ru/,mirsud82.rk.gov.ru,нет,91MS0023
Республика Крым,Алушта,,Судебный участок № 24 Алуштинского судебного района Республики Крым,MS,Мировой суд,"298500, Респ Крым, г Алушта, ул Багликова, д 21",https://mirsud82.rk.gov.ru/,mirsud82.rk.gov.ru,нет,91MS0024
Республика Крым,Армянск,,Судебный участок № 25 Армянского судебного района Республики Крым,MS,Мировой суд,"296012, Респ Крым, г Армянск, ул Гайдара, д 6",https://mirsud82.rk.gov.ru/,mirsud82.rk.gov.ru,нет,91MS0025
Республика Крым,Бахчисарай,,Судебный участок № 26 Бахчисарайского судебного района Республики Крым,MS,Мировой суд,"298400, Респ Крым, Бахчисарайский р-н, г Бахчисарай, ул Фрунзе, д 36В",https://mirsud82.rk.gov.ru/,mirsud82.rk.gov.ru,нет,91MS0026
Республика Крым,Бахчисарай,,Судебный участок № 27 Бахчисарайского судебного района Республики Крым,MS,Мировой суд,"298400, Респ Крым, Бахчисарайский р-н, г Бахчисарай, ул Фрунзе, д 36В",https://mirsud82.rk.gov.ru/,mirsud82.rk.gov.ru,нет,91MS0027
Республика Крым,Бахчисарай,,Судебный участок № 28 Бахчисарайского судебного района Республики Крым,MS,Мировой суд,"298400, Респ Крым, Бахчисарайский р-н, г Бахчисарай, ул Фрунзе, д 36В",https://mirsud82.rk.gov.ru/,mirsud82.rk.gov.ru,нет,91MS0028
Республика Крым,Бахчисарай,,Судебный участок № 29 Бахчисарайского судебного района Республики Крым,MS,Мировой суд,"298400, Респ Крым, Бахчисарайский р-н, г Бахчисарай, ул Фрунзе, д 36В",https://mirsud82.rk.gov.ru/,mirsud82.rk.gov.ru,нет,91MS0029
Республика Крым,Джанкой,,Судебный участок № 33 Джанкойского судебного района Республики Крым,MS,Мировой суд,"296100, Респ Крым, г Джанкой, ул Октябрьская, д 84",https://mirsud82.rk.gov.ru/,mirsud82.rk.gov.ru,нет,91MS0033
Республика Крым,Джанкой,,Судебный участок № 34 Джанкойского судебного района Республики Крым,MS,Мировой суд,"296100, Респ Крым, г Джанкой, ул Октябрьская, д 84",https://mirsud82.rk.gov.ru/,mirsud82.rk.gov.ru,нет,91MS0034
Республика Крым,Джанкой,,Судебный участок № 35 Джанкойского судебного района Республики Крым,MS,Мировой суд,"296100, Респ Крым, г Джанкой, ул Октябрьская, д 84",https://mirsud82.rk.gov.ru/,mirsud82.rk.gov.ru,нет,91MS0035
Республика Крым,Джанкой,,Судебный участок № 36 Джанкойского судебного района Республики Крым,MS,Мировой суд,"296100, Респ Крым, г Джанкой, ул Октябрьская, д 84",https://mirsud82.rk.gov.ru/,mirsud82.rk.gov.ru,нет,91MS0036
Республика Крым,Джанкой,,Судебный участок № 37 Джанкойского судебного района Республики Крым,MS,Мировой суд,"296100, Респ Крым, г Джанкой, ул Октябрьская, д 84",https://mirsud82.rk.gov.ru/,mirsud82.rk.gov.ru,нет,91MS0037
Республика Крым,Евпатория,,Судебный участок № 38 Евпаторийского судебного района Республики Крым,MS,Мировой суд,"297412, Респ Крым, г Евпатория, ул Горького, д 10/29",https://mirsud82.rk.gov.ru/,mirsud82.rk.gov.ru,нет,91MS0038
Республика Крым,Евпатория,,Судебный участок № 39 Евпаторийского судебного района Республики Крым,MS,Мировой суд,"297412, Респ Крым, г Евпатория, ул Горького, д 10/29",https://mirsud82.rk.gov.ru/,mirsud82.rk.gov.ru,нет,91MS0039
Республика Крым,Евпатория,,Судебный участок № 40 Евпаторийского судебного района Республики Крым,MS,Мировой суд,"297412, Респ Крым, г Евпатория, ул Горького, д 10/29",https://mirsud82.rk.gov.ru/,mirsud82.rk.gov.ru,нет,91MS0040
Республика Крым,Евпатория,,Судебный участок № 41 Евпаторийского судебного района Республики Крым,MS,Мировой суд,"297412, Респ Крым, г Евпатория, ул Горького, д 10/29",https://mirsud82.rk.gov.ru/,mirsud82.rk.gov.ru,нет,91MS0041
Республика Крым,Евпатория,,Судебный участок № 42 Евпаторийского судебного района Республики Крым,MS,Мировой суд,"297412, Респ Крым, г Евпатория, ул Горького, д 10/29",https://mirsud82.rk.gov.ru/,mirsud82.rk.gov.ru,нет,91MS0042
Республика Крым,Евпатория,,Судебный участок № 43 Евпаторийского судебного района Республики Крым,MS,Мировой суд,"297412, Респ Крым, г Евпатория, ул Горького, д 10/29",https://mirsud82.rk.gov.ru/,mirsud82.rk.gov.ru,нет,91MS0043
Республика Крым,Керчь,,Судебный участок № 44 Керченского судебного района Республики Крым,MS,Мировой суд,"298312, Респ Крым, г Керчь, ул Фурманова, зд 9",https://mirsud82.rk.gov.ru/,mirsud82.rk.gov.ru,нет,91MS0044
Республика Крым,Керчь,,Судебный участок № 45 Керченского судебного района Республики Крым,MS,Мировой суд,"298312, Респ Крым, г Керчь, ул Фурманова, зд 9",https://mirsud82.rk.gov.ru/,mirsud82.rk.gov.ru,нет,91MS0045
Республика Крым,Керчь,,Судебный участок № 46 Керченского судебного района Республики Крым,MS,Мировой суд,"298312, Респ Крым, г Керчь, ул Фурманова, зд 9",https://mirsud82.rk.gov.ru/,mirsud82.rk.gov.ru,нет,91MS0046
Республика Крым,Керчь,,Судебный участок № 47 Керченского судебного района Республики Крым,MS,Мировой суд,"298312, Респ Крым, г Керчь, ул Фурманова, зд 9",https://mirsud82.rk.gov.ru/,mirsud82.rk.gov.ru,нет,91MS0047
Республика Крым,Керчь,,Судебный участок № 48 Керченского судебного района Республики Крым,MS,Мировой суд,"298312, Респ Крым, г Керчь, ул Фурманова, зд 9",https://mirsud82.rk.gov.ru/,mirsud82.rk.gov.ru,нет,91MS0048
Республика Крым,Керчь,,Судебный участок № 49 Керченского судебного района Республики Крым,MS,Мировой суд,"298312, Респ Крым, г Керчь, ул Фурманова, зд 9",https://mirsud82.rk.gov.ru/,mirsud82.rk.gov.ru,нет,91MS0049
Республика Крым,Керчь,,Судебный участок № 50 Керченского судебного района Республики Крым,MS,Мировой суд,"298312, Респ Крым, г Керчь, ул Фурманова, зд 9",https://mirsud82.rk.gov.ru/,mirsud82.rk.gov.ru,нет,91MS0050
Республика Крым,Керчь,,Судебный участок № 51 Керченского судебного района Республики Крым,MS,Мировой суд,"298312, Респ Крым, г Керчь, ул Фурманова, зд 9",https://mirsud82.rk.gov.ru/,mirsud82.rk.gov.ru,нет,91MS0051
Республика Крым,Кировское,,Судебный участок № 52 Кировского судебного района Республики Крым,MS,Мировой суд,"297300, Респ Крым, Кировский р-н, пгт Кировское, ул Заводская, д 9",https://mirsud82.rk.gov.ru/,mirsud82.rk.gov.ru,нет,91MS0052
Республика Крым,Кировское,,Судебный участок № 53 Кировского судебного района Республики Крым,MS,Мировой суд,"297300, Респ Крым, Кировский р-н, пгт Кировское, ул Заводская, д 9",https://mirsud82.rk.gov.ru/,mirsud82.rk.gov.ru,нет,91MS0053
Республика Крым,Красногвардейское,,Судебный участок № 54 Красногвардейского судебного района Республики Крым,MS,Мировой суд,"297000, Респ Крым, Красногвардейский р-н, пгт Красногвардейское, ул Титова, д 60",https://mirsud82.rk.gov.ru/,mirsud82.rk.gov.ru,нет,91MS0054
Республика Крым,Красногвардейское,,Судебный участок № 55 Красногвардейского судебного района Республики Крым,MS,Мировой суд,"297000, Респ Крым, Красногвардейский р-н, пгт Красногвардейское, ул Титова, д 60",https://mirsud82.rk.gov.ru/,mirsud82.rk.gov.ru,нет,91MS0055
Республика Крым,Красногвардейское,,Судебный участок № 56 Красногвардейского судебного района Республики Крым,MS,Мировой суд,"297000, Респ Крым, Красногвардейский р-н, пгт Красногвардейское, ул Титова, д 60",https://mirsud82.rk.gov.ru/,mirsud82.rk.gov.ru,нет,91MS0056
Республика Крым,Красногвардейское,,Судебный участок № 57 Красногвардейского судебного района Республики Крым,MS,Мировой суд,"297000, Респ Крым, Красногвардейский р-н, пгт Красногвардейское, ул Титова, д 60",https://mirsud82.rk.gov.ru/,mirsud82.rk.gov.ru,нет,91MS0057
Республика Крым,Красноперекопск,,Судебный участок № 58 Красноперекопского судебного района Республики Крым,MS,Мировой суд,"296000, Респ Крым, г Красноперекопск, мкр 10, д 4",https://mirsud82.rk.gov.ru/,mirsud82.rk.gov.ru,нет,91MS0058
Республика Крым,Красноперекопск,,Судебный участок № 59 Красноперекопского судебного района Республики Крым,MS,Мировой суд,"296000, Респ Крым, г Красноперекопск, мкр 10, д 4",https://mirsud82.rk.gov.ru/,mirsud82.rk.gov.ru,нет,91MS0059
Республика Крым,Красноперекопск,,Судебный участок № 60 Красноперекопского судебного района Республики Крым,MS,Мировой суд,"296000, Респ Крым, г Красноперекопск, мкр 10, д 4",https://mirsud82.rk.gov.ru/,mirsud82.rk.gov.ru,нет,91MS0060
Республика Крым,Ленино,,Судебный участок № 61 Ленинского судебного района Республики Крым,MS,Мировой суд,"298200, Респ Крым, Ленинский р-н, пгт Ленино, ул Дзержинского, д 8",https://mirsud82.rk.gov.ru/,mirsud82.rk.gov.ru,нет,91MS0061
Республика Крым,Ленино,,Судебный участок № 62 Ленинского судебного района Республики Крым,MS,Мировой суд,"298200, Респ Крым, Ленинский р-н, пгт Ленино, ул Дзержинского, д 8",https://mirsud82.rk.gov.ru/,mirsud82.rk.gov.ru,нет,91MS0062
Республика Крым,Ленино,,Судебный участок № 63 Ленинского судебного района Республики Крым,MS,Мировой суд,"298200, Респ Крым, Ленинский р-н, пгт Ленино, ул Дзержинского, д 8",https://mirsud82.rk.gov.ru/,mirsud82.rk.gov.ru,нет,91MS0063
Республика Крым,Нижнегорский,,Судебный участок № 64 Нижнегорского судебного района Республики Крым,MS,Мировой суд,"297100, Респ Крым, Нижнегорский р-н, пгт Нижнегорский, ул Победы, д 20",https://mirsud82.rk.gov.ru/,mirsud82.rk.gov.ru,нет,91MS0064
Республика Крым,Нижнегорский,,Судебный участок № 65 Нижнегорского судебного района Республики Крым,MS,Мировой суд,"297100, Респ Крым, Нижнегорский р-н, пгт Нижнегорский, ул Победы, д 20",https://mirsud82.rk.gov.ru/,mirsud82.rk.gov.ru,нет,91MS0065
Республика Крым,Первомайское,,Судебный участок № 66 Первомайского судебного района Республики Крым,MS,Мировой суд,"296300, Респ Крым, Первомайский р-н, пгт Первомайское, ул Кооперативная, д 6",https://mirsud82.rk.gov.ru/,mirsud82.rk.gov.ru,нет,91MS0066
Республика Крым,Первомайское,,Судебный участок № 67 Первомайского судебного района Республики Крым,MS,Мировой суд,"296300, Респ Крым, Первомайский р-н, пгт Первомайское, ул Кооперативная, д 6",https://mirsud82.rk.gov.ru/,mirsud82.rk.gov.ru,нет,91MS0067
Республика Крым,Раздольное,,Судебный участок № 68 Раздольненского судебного района Республики Крым,MS,Мировой суд,"296200, Респ Крым, Раздольненский р-н, пгт Раздольное, пр-кт 30-лет Победы, д 22",https://mirsud82.rk.gov.ru/,mirsud82.rk.gov.ru,нет,91MS0068
Республика Крым,Раздольное,,Судебный участок № 69 Раздольненского судебного района Республики Крым,MS,Мировой суд,"296200, Респ Крым, Раздольненский р-н, пгт Раздольное, пр-кт 30-лет Победы, д 22",https://mirsud82.rk.gov.ru/,mirsud82.rk.gov.ru,нет,91MS0069
Республика Крым,Саки,,Судебный участок № 70 Сакского судебного района Республики Крым,MS,Мировой суд,"296500, Респ Крым, г Саки, ул Трудовая, д 8",https://mirsud82.rk.gov.ru/,mirsud82.rk.gov.ru,нет,91MS0070
Республика Крым,Саки,,Судебный участок № 71 Сакского судебного района Республики Крым,MS,Мировой суд,"296500, Респ Крым, г Саки, ул Трудовая, д 8",https://mirsud82.rk.gov.ru/,mirsud82.rk.gov.ru,нет,91MS0071
Республика Крым,Саки,,Судебный участок № 72 Сакского судебного района Республики Крым,MS,Мировой суд,"296500, Респ Крым, г Саки, ул Трудовая, д 8",https://mirsud82.rk.gov.ru/,mirsud82.rk.gov.ru,нет,91MS0072
Республика Крым,Саки,,Судебный участок № 73 Сакского судебного района Республики Крым,MS,Мировой суд,"296500, Респ Крым, г Саки, ул Трудовая, д 8",https://mirsud82.rk.gov.ru/,mirsud82.rk.gov.ru,нет,91MS0073
Республика Крым,Саки,,Судебный участок № 74 Сакского судебного района Республики Крым,MS,Мировой суд,"296500, Респ Крым, г Саки, ул Трудовая, д 8",https://mirsud82.rk.gov.ru/,mirsud82.rk.gov.ru,нет,91MS0074
Республика Крым,Симферополь,,Судебный участок № 1 Железнодорожного судебного района г. Симферополя,MS,Мировой суд,"295017, Респ Крым, г Симферополь, ул Киевская, зд 55/2",https://mirsud82.rk.gov.ru/,mirsud82.rk.gov.ru,нет,91MS0001
Республика Крым,Симферополь,,Судебный участок № 10 Киевского судебного района г. Симферополя,MS,Мировой суд,"295017, Респ Крым, г Симферополь, ул Киевская, зд 55/2",https://mirsud82.rk.gov.ru/,mirsud82.rk.gov.ru,нет,91MS0010
Республика Крым,Симферополь,,Судебный участок № 11 Киевского судебного района г. Симферополя,MS,Мировой суд,"295017, Респ Крым, г Симферополь, ул Киевская, зд 55/2",https://mirsud82.rk.gov.ru/,mirsud82.rk.gov.ru,нет,91MS0011
Республика Крым,Симферополь,,Судебный участок № 12 Киевского судебного района г. Симферополя,MS,Мировой суд,"295017, Респ Крым, г Симферополь, ул Киевская, зд 55/2",https://mirsud82.rk.gov.ru/,mirsud82.rk.gov.ru,нет,91MS0012
Республика Крым,Симферополь,,Судебный участок № 13 Киевского судебного района г. Симферополя,MS,Мировой суд,"295017, Респ Крым, г Симферополь, ул Киевская, зд 55/2",https://mirsud82.rk.gov.ru/,mirsud82.rk.gov.ru,нет,91MS0013
Республика Крым,Симферополь,,Судебный участок № 14 Киевского судебного района г. Симферополя,MS,Мировой суд,"295017, Респ Крым, г Симферополь, ул Киевская, зд 55/2",https://mirsud82.rk.gov.ru/,mirsud82.rk.gov.ru,нет,91MS0014
Республика Крым,Симферополь,,Судебный участок № 15 Киевского судебного района г. Симферополя,MS,Мировой суд,"295017, Респ Крым, г Симферополь, ул Киевская, зд 55/2",https://mirsud82.rk.gov.ru/,mirsud82.rk.gov.ru,нет,91MS0015
Республика Крым,Симферополь,,Судебный участок № 16 Центрального судебного района г. Симферополя,MS,Мировой суд,"295013, Респ Крым, г Симферополь, ул Крымских Партизан, зд 3А",https://mirsud82.rk.gov.ru/,mirsud82.rk.gov.ru,нет,91MS0016
Республика Крым,Симферополь,,Судебный участок № 17 Центрального судебного района г. Симферополя,MS,Мировой суд,"295013, Респ Крым, г Симферополь, ул Крымских Партизан, зд 3А",https://mirsud82.rk.gov.ru/,mirsud82.rk.gov.ru,нет,91MS0017
Республика Крым,Симферополь,,Судебный участок № 18 Центрального судебного района г. Симферополя,MS,Мировой суд,"295013, Респ Крым, г Симферополь, ул Крымских Партизан, зд 3А",https://mirsud82.rk.gov.ru/,mirsud82.rk.gov.ru,нет,91MS0018
Республика Крым,Симферополь,,Судебный участок № 19 Центрального судебного района г. Симферополя,MS,Мировой суд,"295013, Респ Крым, г Симферополь, ул Крымских Партизан, зд 3А",https://mirsud82.rk.gov.ru/,mirsud82.rk.gov.ru,нет,91MS0019
Республика Крым,Симферополь,,Судебный участок № 2 Железнодорожного судебного района г. Симферополя,MS,Мировой суд,"295017, Респ Крым, г Симферополь, ул Киевская, зд 55/2",https://mirsud82.rk.gov.ru/,mirsud82.rk.gov.ru,нет,91MS0002
Республика Крым,Симферополь,,Судебный участок № 20 Центрального судебного района г. Симферополя,MS,Мировой суд,"295013, Респ Крым, г Симферополь, ул Крымских Партизан, зд 3А",https://mirsud82.rk.gov.ru/,mirsud82.rk.gov.ru,нет,91MS0020
Республика Крым,Симферополь,,Судебный участок № 21 Центрального судебного района г. Симферополя,MS,Мировой суд,"295013, Респ Крым, г Симферополь, ул Крымских Партизан, зд 3А",https://mirsud82.rk.gov.ru/,mirsud82.rk.gov.ru,нет,91MS0021
Республика Крым,Симферополь,,Судебный участок № 3 Железнодорожного судебного района г. Симферополя,MS,Мировой суд,"295017, Респ Крым, г Симферополь, ул Киевская, зд 55/2",https://mirsud82.rk.gov.ru/,mirsud82.rk.gov.ru,нет,91MS0003
Республика Крым,Симферополь,,Судебный участок № 4 Железнодорожного судебного района г. Симферополя,MS,Мировой суд,"295017, Респ Крым, г Симферополь, ул Киевская, зд 55/2",https://mirsud82.rk.gov.ru/,mirsud82.rk.gov.ru,нет,91MS0004
Республика Крым,Симферополь,,Судебный участок № 5 Железнодорожного судебного района г. Симферополя,MS,Мировой суд,"295017, Респ Крым, г Симферополь, ул Киевская, зд 55/2",https://mirsud82.rk.gov.ru/,mirsud82.rk.gov.ru,нет,91MS0005
Республика Крым,Симферополь,,Судебный участок № 6 Железнодорожного судебного района г. Симферополя,MS,Мировой суд,"295017, Респ Крым, г Симферополь, ул Киевская, зд 55/2",https://mirsud82.rk.gov.ru/,mirsud82.rk.gov.ru,нет,91MS0006
Республика Крым,Симферополь,,Судебный участок № 7 Киевского судебного района г. Симферополя,MS,Мировой суд,"295017, Респ Крым, г Симферополь, ул Киевская, зд 55/2",https://mirsud82.rk.gov.ru/,mirsud82.rk.gov.ru,нет,91MS0007
Республика Крым,Симферополь,,Судебный участок № 75 Симферопольского судебного района Республики Крым,MS,Мировой суд,"295034, Респ Крым, г Симферополь, ул Куйбышева, д 58",https://mirsud82.rk.gov.ru/,mirsud82.rk.gov.ru,нет,91MS0075
Республика Крым,Симферополь,,Судебный участок № 76 Симферопольского судебного района Республики Крым,MS,Мировой суд,"295034, Респ Крым, г Симферополь, ул Куйбышева, д 58",https://mirsud82.rk.gov.ru/,mirsud82.rk.gov.ru,нет,91MS0076
Республика Крым,Симферополь,,Судебный участок № 77 Симферопольского судебного района Республики Крым,MS,Мировой суд,"295034, Респ Крым, г Симферополь, ул Куйбышева, д 58",https://mirsud82.rk.gov.ru/,mirsud82.rk.gov.ru,нет,91MS0077
Республика Крым,Симферополь,,Судебный участок № 78 Симферопольского судебного района Республики Крым,MS,Мировой суд,"295034, Респ Крым, г Симферополь, ул Куйбышева, д 58",https://mirsud82.rk.gov.ru/,mirsud82.rk.gov.ru,нет,91MS0078
Республика Крым,Симферополь,,Судебный участок № 79 Симферопольского судебного района Республики Крым,MS,Мировой суд,"295034, Респ Крым, г Симферополь, ул Куйбышева, д 58",https://mirsud82.rk.gov.ru/,mirsud82.rk.gov.ru,нет,91MS0079
Республика Крым,Симферополь,,Судебный участок № 8 Киевского судебного района г. Симферополя,MS,Мировой суд,"295017, Респ Крым, г Симферополь, ул Киевская, зд 55/2",https://mirsud82.rk.gov.ru/,mirsud82.rk.gov.ru,нет,91MS0008
Республика Крым,Симферополь,,Судебный участок № 80 Симферопольского судебного района Республики Крым,MS,Мировой суд,"295034, Респ Крым, г Симферополь, ул Куйбышева, д 58",https://mirsud82.rk.gov.ru/,mirsud82.rk.gov.ru,нет,91MS0080
Республика Крым,Симферополь,,Судебный участок № 81 Симферопольского судебного района Республики Крым,MS,Мировой суд,"295034, Респ Крым, г Симферополь, ул Куйбышева, д 58",https://mirsud82.rk.gov.ru/,mirsud82.rk.gov.ru,нет,91MS0081
Республика Крым,Симферополь,,Судебный участок № 82 Симферопольского судебного района Республики Крым,MS,Мировой суд,"295034, Респ Крым, г Симферополь, ул Куйбышева, д 58",https://mirsud82.rk.gov.ru/,mirsud82.rk.gov.ru,нет,91MS0082
Республика Крым,Симферополь,,Судебный участок № 9 Киевского судебного района г. Симферополя,MS,Мировой суд,"295017, Респ Крым, г Симферополь, ул Киевская, зд 55/2",https://mirsud82.rk.gov.ru/,mirsud82.rk.gov.ru,нет,91MS0009
Республика Крым,Советский,,Судебный участок № 83 Советского судебного района Республики Крым,MS,Мировой суд,"297200, Респ Крым, Советский р-н, пгт Советский, ул Матросова, д 1А",https://mirsud82.rk.gov.ru/,mirsud82.rk.gov.ru,нет,91MS0083
Республика Крым,Советский,,Судебный участок № 84 Советского судебного района Республики Крым,MS,Мировой суд,"297200, Респ Крым, Советский р-н, пгт Советский, ул Матросова, д 1А",https://mirsud82.rk.gov.ru/,mirsud82.rk.gov.ru,нет,91MS0084
Республика Крым,Судак,,Судебный участок № 85 Судакского судебного района Республики Крым,MS,Мировой суд,"298000, Респ Крым, г Судак, ул Гвардейская, д 2",https://mirsud82.rk.gov.ru/,mirsud82.rk.gov.ru,нет,91MS0085
Республика Крым,Судак,,Судебный участок № 86 Судакского судебного района Республики Крым,MS,Мировой суд,"298000, Респ Крым, г Судак, ул Гвардейская, д 2",https://mirsud82.rk.gov.ru/,mirsud82.rk.gov.ru,нет,91MS0086
Республика Крым,Феодосия,,Судебный участок № 87 Феодосийского судебного района Республики Крым,MS,Мировой суд,"298100, Респ Крым, г Феодосия, ул Земская, зд 10",https://mirsud82.rk.gov.ru/,mirsud82.rk.gov.ru,нет,91MS0087
Республика Крым,Феодосия,,Судебный участок № 88 Феодосийского судебного района Республики Крым,MS,Мировой суд,"298100, Респ Крым, г Феодосия, ул Земская, зд 10",https://mirsud82.rk.gov.ru/,mirsud82.rk.gov.ru,нет,91MS0088
Республика Крым,Феодосия,,Судебный участок № 89 Феодосийского судебного района Республики Крым,MS,Мировой суд,"298100, Респ Крым, г Феодосия, ул Земская, зд 10",https://mirsud82.rk.gov.ru/,mirsud82.rk.gov.ru,нет,91MS0089
Республика Крым,Феодосия,,Судебный участок № 90 Феодосийского судебного района Республики Крым,MS,Мировой суд,"298100, Респ Крым, г Феодосия, ул Земская, зд 10",https://mirsud82.rk.gov.ru/,mirsud82.rk.gov.ru,нет,91MS0090
Республика Крым,Феодосия,,Судебный участок № 91 Феодосийского судебного района Республики Крым,MS,Мировой суд,"298100, Респ Крым, г Феодосия, ул Земская, зд 10",https://mirsud82.rk.gov.ru/,mirsud82.rk.gov.ru,нет,91MS0091
Республика Крым,Черноморское,,Судебный участок № 92 Черноморского судебного района Республики Крым,MS,Мировой суд,"296400, Респ Крым, Черноморский р-н, пгт Черноморское, ул Почтовая, зд 82",https://mirsud82.rk.gov.ru/,mirsud82.rk.gov.ru,нет,91MS0092
Республика Крым,Черноморское,,Судебный участок № 93 Черноморского судебного района Республики Крым,MS,Мировой суд,"296400, Респ Крым, Черноморский р-н, пгт Черноморское, ул Почтовая, зд 82",https://mirsud82.rk.gov.ru/,mirsud82.rk.gov.ru,нет,91MS0093
Республика Крым,Ялта,,Судебный участок № 100 Ялтинского судебного района Республики Крым,MS,Мировой суд,"298600, Респ Крым, г Ялта, ул Васильева, д 19",https://mirsud82.rk.gov.ru/,mirsud82.rk.gov.ru,нет,91MS0100
Республика Крым,Ялта,,Судебный участок № 94 Ялтинского судебного района Республики Крым,MS,Мировой суд,"298600, Респ Крым, г Ялта, ул Васильева, д 19",https://mirsud82.rk.gov.ru/,mirsud82.rk.gov.ru,нет,91MS0094
Республика Крым,Ялта,,Судебный участок № 95 Ялтинского судебного района Республики Крым,MS,Мировой суд,"298600, Респ Крым, г Ялта, ул Васильева, д 19",https://mirsud82.rk.gov.ru/,mirsud82.rk.gov.ru,нет,91MS0095
Республика Крым,Ялта,,Судебный участок № 96 Ялтинского судебного района Республики Крым,MS,Мировой суд,"298600, Респ Крым, г Ялта, ул Васильева, д 19",https://mirsud82.rk.gov.ru/,mirsud82.rk.gov.ru,нет,91MS0096
Республика Крым,Ялта,,Судебный участок № 97 Ялтинского судебного района Республики Крым,MS,Мировой суд,"298600, Респ Крым, г Ялта, ул Васильева, д 19",https://mirsud82.rk.gov.ru/,mirsud82.rk.gov.ru,нет,91MS0097
Республика Крым,Ялта,,Судебный участок № 98 Ялтинского судебного района Республики Крым,MS,Мировой суд,"298600, Респ Крым, г Ялта, ул Васильева, д 19",https://mirsud82.rk.gov.ru/,mirsud82.rk.gov.ru,нет,91MS0098
Республика Крым,Ялта,,Судебный участок № 99 Ялтинского судебного района Республики Крым,MS,Мировой суд,"298600, Респ Крым, г Ялта, ул Васильева, д 19",https://mirsud82.rk.gov.ru/,mirsud82.rk.gov.ru,нет,91MS0099
Ханты-Мансийский Автономный округ - Югра АО,,,Судебный участок № 2 Урайского судебного района,MS,Мировой суд,,https://mirsud86.ru/,mirsud86.ru,нет,86MS0078
Ханты-Мансийский Автономный округ - Югра АО,,,Судебный участок № 3 Советского судебного района,MS,Мировой суд,,https://mirsud86.ru/,mirsud86.ru,нет,86MS0077
Ханты-Мансийский Автономный округ - Югра АО,,,Судебный участок № 4 Ханты-Мансийского судебного района,MS,Мировой суд,,https://mirsud86.ru/,mirsud86.ru,нет,86MS0076
Ханты-Мансийский Автономный округ - Югра АО,,,Судебный участок № 6 Ханты-Мансийского судебного района,MS,Мировой суд,,https://mirsud86.ru/,mirsud86.ru,нет,86MS0080
Ханты-Мансийский Автономный округ - Югра АО,,,Судебный участок № 7 Нефтеюганского судебного района,MS,Мировой суд,"628331, Ханты-Мансийский Автономный округ - Югра АО, Нефтеюганский р-н, тер Промзона (пгт Пойковский), стр 7А",https://mirsud86.ru/,mirsud86.ru,нет,86MS0006
Ханты-Мансийский Автономный округ - Югра АО,Белоярский,,Судебный участок № 1 Белоярского судебного района,MS,Мировой суд,"628162, Ханты-Мансийский АО – Югра, Белоярский район, г. Белоярский, мкр. Мирный, д. 12 В",https://mirsud86.ru/,mirsud86.ru,нет,86MS0001
Ханты-Мансийский Автономный округ - Югра АО,Белоярский,,Судебный участок № 2 Белоярского судебного района,MS,Мировой суд,"628162, Ханты-Мансийский АО – Югра, Белоярский район, г. Белоярский, мкр. Мирный, д. 12 В",https://mirsud86.ru/,mirsud86.ru,нет,86MS0030
Ханты-Мансийский Автономный округ - Югра АО,Белый Яр,,Судебный участок № 2 Сургутского судебного района,MS,Мировой суд,"628433, Ханты-Мансийский Автономный округ - Югра АО, Сургутский р-н, пгт Белый Яр, ул Совхозная, д 3",https://mirsud86.ru/,mirsud86.ru,нет,86MS0013
Ханты-Мансийский Автономный округ - Югра АО,Березово,,Судебный участок № 1 Березовского судебного района,MS,Мировой суд,"628140, Ханты-Мансийский Автономный округ - Югра АО, пгт Березово, ул Авиаторов, д 20, офис 6",https://mirsud86.ru/,mirsud86.ru,нет,86MS0002
Ханты-Мансийский Автономный округ - Югра АО,Игрим,,Судебный участок № 2 Березовского судебного района,MS,Мировой суд,"628146, Ханты-Мансийский Автономный округ - Югра АО, Березовский р-н, пгт Игрим, ул Кооперативная, д 50",https://mirsud86.ru/,mirsud86.ru,нет,86MS0003
Ханты-Мансийский Автономный округ - Югра АО,Излучинск,,Судебный участок № 3 Нижневартовского судебного района,MS,Мировой суд,"628634, Ханты-Мансийский Автономный округ - Югра АО, Нижневартовский р-н, пгт Излучинск, ул Набережная, д 13",https://mirsud86.ru/,mirsud86.ru,нет,86MS0008
Ханты-Мансийский Автономный округ - Югра АО,Когалым,,Судебный участок № 1 Когалымского судебного района,MS,Мировой суд,"628486, Ханты-Мансийский Автономный округ - Югра АО, г Когалым, ул Мира, д 24",https://mirsud86.ru/,mirsud86.ru,нет,86MS0017
Ханты-Мансийский Автономный округ - Югра АО,Когалым,,Судебный участок № 2 Когалымского судебного района,MS,Мировой суд,"628486, Ханты-Мансийский Автономный округ - Югра АО, г Когалым, ул Мира, д 24",https://mirsud86.ru/,mirsud86.ru,нет,86MS0033
Ханты-Мансийский Автономный округ - Югра АО,Когалым,,Судебный участок № 3 Когалымского судебного района,MS,Мировой суд,"628486, Ханты-Мансийский Автономный округ - Югра АО, г Когалым, ул Мира, д 24",https://mirsud86.ru/,mirsud86.ru,нет,86MS0034
Ханты-Мансийский Автономный округ - Югра АО,Лангепас,,Судебный участок № 1 Лангепасского судебного района,MS,Мировой суд,"628672, Ханты-Мансийский Автономный округ - Югра АО, г Лангепас, ул Дружбы Народов, влд 20",https://mirsud86.ru/,mirsud86.ru,нет,86MS0018
Ханты-Мансийский Автономный округ - Югра АО,Лангепас,,Судебный участок № 2 Лангепасского судебного района,MS,Мировой суд,"628672, Ханты-Мансийский Автономный округ - Югра АО, г Лангепас, ул Дружбы Народов, влд 20",https://mirsud86.ru/,mirsud86.ru,нет,86MS0035
Ханты-Мансийский Автономный округ - Югра АО,Лянтор,,Судебный участок № 4 Сургутского судебного района,MS,Мировой суд,"628449, Ханты-Мансийский Автономный округ - Югра АО, Сургутский р-н, г Лянтор, ул Салавата Юлаева, стр 13",https://mirsud86.ru/,mirsud86.ru,нет,86MS0015
Ханты-Мансийский Автономный округ - Югра АО,Лянтор,,Судебный участок № 5 Сургутского судебного района,MS,Мировой суд,"628449, Ханты-Мансийский Автономный округ - Югра АО, Сургутский р-н, г Лянтор, ул Салавата Юлаева, стр 13",https://mirsud86.ru/,mirsud86.ru,нет,86MS0032
Ханты-Мансийский Автономный округ - Югра АО,Мегион,,Судебный участок № 1 Мегионского судебного района,MS,Мировой суд,"628680, Ханты-Мансийский Автономный округ - Югра АО, г Мегион, ул А.М.Кузьмина, д 16",https://mirsud86.ru/,mirsud86.ru,нет,86MS0019
Ханты-Мансийский Автономный округ - Югра АО,Мегион,,Судебный участок № 2 Мегионского судебного района,MS,Мировой суд,"628680, Ханты-Мансийский Автономный округ - Югра АО, г Мегион, ул А.М.Кузьмина, д 16",https://mirsud86.ru/,mirsud86.ru,нет,86MS0036
Ханты-Мансийский Автономный округ - Югра АО,Мегион,,Судебный участок № 3 Мегионcкого судебного района,MS,Мировой суд,"628680, Ханты-Мансийский Автономный округ - Югра АО, г Мегион, ул А.М.Кузьмина, д 16",https://mirsud86.ru/,mirsud86.ru,нет,86MS0037
Ханты-Мансийский Автономный округ - Югра АО,Междуреченский,,Судебный участок № 1 Кондинского судебного района,MS,Мировой суд,"628200, Ханты-Мансийский Автономный округ - Югра АО, пгт Междуреченский, ул П.Лумумбы, д 2/1",https://mirsud86.ru/,mirsud86.ru,нет,86MS0004
Ханты-Мансийский Автономный округ - Югра АО,Междуреченский,,Судебный участок № 2 Кондинского судебного района,MS,Мировой суд,"628200, Ханты-Мансийский Автономный округ - Югра АО, пгт Междуреченский, ул П.Лумумбы, д 2/1",https://mirsud86.ru/,mirsud86.ru,нет,86MS0031
Ханты-Мансийский Автономный округ - Югра АО,Нефтеюганск,,Судебный участок № 1 Нефтеюганского судебного района,MS,Мировой суд,"628301, Ханты-Мансийский Автономный округ - Югра АО, г Нефтеюганск, мкр 1-й, стр 30",https://mirsud86.ru/,mirsud86.ru,нет,86MS0020
Ханты-Мансийский Автономный округ - Югра АО,Нефтеюганск,,Судебный участок № 2 Нефтеюганского судебного района,MS,Мировой суд,"628301, Ханты-Мансийский Автономный округ - Югра АО, г Нефтеюганск, мкр 1-й, стр 30",https://mirsud86.ru/,mirsud86.ru,нет,86MS0038
Ханты-Мансийский Автономный округ - Югра АО,Нефтеюганск,,Судебный участок № 3 Нефтеюганского судебного района,MS,Мировой суд,"628301, Ханты-Мансийский Автономный округ - Югра АО, г Нефтеюганск, мкр 1-й, стр 30",https://mirsud86.ru/,mirsud86.ru,нет,86MS0039
Ханты-Мансийский Автономный округ - Югра АО,Нефтеюганск,,Судебный участок № 4 Нефтеюганского судебного района,MS,Мировой суд,"628301, Ханты-Мансийский Автономный округ - Югра АО, г Нефтеюганск, мкр 1-й, стр 30",https://mirsud86.ru/,mirsud86.ru,нет,86MS0040
Ханты-Мансийский Автономный округ - Югра АО,Нефтеюганск,,Судебный участок № 5 Нефтеюганского судебного района,MS,Мировой суд,"628301, Ханты-Мансийский Автономный округ - Югра АО, г Нефтеюганск, мкр 1-й, стр 30",https://mirsud86.ru/,mirsud86.ru,нет,86MS0041
Ханты-Мансийский Автономный округ - Югра АО,Нефтеюганск,,Судебный участок № 6 Нефтеюганского судебного района,MS,Мировой суд,"628305, Ханты-Мансийский Автономный округ - Югра АО, г Нефтеюганск, ул Сургутская, д 10",https://mirsud86.ru/,mirsud86.ru,нет,86MS0005
Ханты-Мансийский Автономный округ - Югра АО,Нижневартовск,,Судебный участок № 1 Нижневартовского судебного района города окружного значения Нижневартовск,MS,Мировой суд,"628606, Ханты-Мансийский Автономный округ - Югра АО, г Нижневартовск, ул Нефтяников, влд 6",https://mirsud86.ru/,mirsud86.ru,нет,86MS0021
Ханты-Мансийский Автономный округ - Югра АО,Нижневартовск,,Судебный участок № 10 Нижневартовского судебного района города окружного значения Нижневартовск,MS,Мировой суд,"628606, Ханты-Мансийский Автономный округ - Югра АО, г Нижневартовск, ул Нефтяников, влд 6",https://mirsud86.ru/,mirsud86.ru,нет,86MS0050
Ханты-Мансийский Автономный округ - Югра АО,Нижневартовск,,Судебный участок № 11 Нижневартовского судебного района города окружного значения Нижневартовск,MS,Мировой суд,"628606, Ханты-Мансийский Автономный округ - Югра АО, г Нижневартовск, ул Нефтяников, влд 6",https://mirsud86.ru/,mirsud86.ru,нет,86MS0051
Ханты-Мансийский Автономный округ - Югра АО,Нижневартовск,,Судебный участок № 12 Нижневартовского судебного района города окружного значения Нижневартовск,MS,Мировой суд,"628606, Ханты-Мансийский Автономный округ - Югра АО, г Нижневартовск, ул Нефтяников, влд 6",https://mirsud86.ru/,mirsud86.ru,нет,86MS0052
Ханты-Мансийский Автономный округ - Югра АО,Нижневартовск,,Судебный участок № 2 Нижневартовского судебного района,MS,Мировой суд,"628606, Ханты-Мансийский Автономный округ - Югра АО, г Нижневартовск, ул Нефтяников, влд 6",https://mirsud86.ru/,mirsud86.ru,нет,86MS0007
Ханты-Мансийский Автономный округ - Югра АО,Нижневартовск,,Судебный участок № 2 Нижневартовского судебного района города окружного значения Нижневартовск,MS,Мировой суд,"628606, Ханты-Мансийский Автономный округ - Югра АО, г Нижневартовск, ул Нефтяников, влд 6",https://mirsud86.ru/,mirsud86.ru,нет,86MS0042
Ханты-Мансийский Автономный округ - Югра АО,Нижневартовск,,Судебный участок № 3 Нижневартовского судебного района города окружного значения Нижневартовск,MS,Мировой суд,"628606, Ханты-Мансийский Автономный округ - Югра АО, г Нижневартовск, ул Нефтяников, влд 6",https://mirsud86.ru/,mirsud86.ru,нет,86MS0043
Ханты-Мансийский Автономный округ - Югра АО,Нижневартовск,,Судебный участок № 4 Нижневартовского судебного района города окружного значения Нижневартовск,MS,Мировой суд,"628606, Ханты-Мансийский Автономный округ - Югра АО, г Нижневартовск, ул Нефтяников, влд 6",https://mirsud86.ru/,mirsud86.ru,нет,86MS0044
Ханты-Мансийский Автономный округ - Югра АО,Нижневартовск,,Судебный участок № 5 Нижневартовского судебного района города окружного значения Нижневартовск,MS,Мировой суд,"628606, Ханты-Мансийский Автономный округ - Югра АО, г Нижневартовск, ул Нефтяников, влд 6",https://mirsud86.ru/,mirsud86.ru,нет,86MS0045
Ханты-Мансийский Автономный округ - Югра АО,Нижневартовск,,Судебный участок № 6 Нижневартовского судебного района города окружного значения Нижневартовск,MS,Мировой суд,"628606, Ханты-Мансийский Автономный округ - Югра АО, г Нижневартовск, ул Нефтяников, влд 6",https://mirsud86.ru/,mirsud86.ru,нет,86MS0046
Ханты-Мансийский Автономный округ - Югра АО,Нижневартовск,,Судебный участок № 7 Нижневартовского судебного района города окружного значения Нижневартовск,MS,Мировой суд,"628606, Ханты-Мансийский Автономный округ - Югра АО, г Нижневартовск, ул Нефтяников, влд 6",https://mirsud86.ru/,mirsud86.ru,нет,86MS0047
Ханты-Мансийский Автономный округ - Югра АО,Нижневартовск,,Судебный участок № 8 Нижневартовского судебного района города окружного значения Нижневартовск,MS,Мировой суд,"628606, Ханты-Мансийский Автономный округ - Югра АО, г Нижневартовск, ул Нефтяников, влд 6",https://mirsud86.ru/,mirsud86.ru,нет,86MS0048
Ханты-Мансийский Автономный округ - Югра АО,Нижневартовск,,Судебный участок № 9 Нижневартовского судебного района города окружного значения Нижневартовск,MS,Мировой суд,"628606, Ханты-Мансийский Автономный округ - Югра АО, г Нижневартовск, ул Нефтяников, влд 6",https://mirsud86.ru/,mirsud86.ru,нет,86MS0049
Ханты-Мансийский Автономный округ - Югра АО,Нягань,,Судебный участок № 1 Няганского судебного района,MS,Мировой суд,"628187, Ханты-Мансийский Автономный округ - Югра АО, г Нягань, ул Интернациональная, д 84",https://mirsud86.ru/,mirsud86.ru,нет,86MS0022
Ханты-Мансийский Автономный округ - Югра АО,Нягань,,Судебный участок № 2 Няганского судебного района,MS,Мировой суд,"628187, Ханты-Мансийский Автономный округ - Югра АО, г Нягань, ул Интернациональная, д 84",https://mirsud86.ru/,mirsud86.ru,нет,86MS0053
Ханты-Мансийский Автономный округ - Югра АО,Нягань,,Судебный участок № 3 Няганского судебного района,MS,Мировой суд,"628187, Ханты-Мансийский Автономный округ - Югра АО, г Нягань, ул Интернациональная, д 84",https://mirsud86.ru/,mirsud86.ru,нет,86MS0054
Ханты-Мансийский Автономный округ - Югра АО,Октябрьское,,Судебный участок № 1 Октябрьского судебного района,MS,Мировой суд,"628100, Ханты-Мансийский Автономный округ - Югра АО, пгт Октябрьское, ул Ленина, зд 42",https://mirsud86.ru/,mirsud86.ru,нет,86MS0009
Ханты-Мансийский Автономный округ - Югра АО,Покачи,,Судебный участок № 1 Нижневартовского судебного района,MS,Мировой суд,"628661, Ханты-Мансийский Автономный округ - Югра АО, г Покачи, ул Таежная, зд 18",https://mirsud86.ru/,mirsud86.ru,нет,86MS0023
Ханты-Мансийский Автономный округ - Югра АО,Приобье,,Судебный участок № 2 Октябрьского судебного района,MS,Мировой суд,"628126, Ханты-Мансийский Автономный округ - Югра АО, Октябрьский р-н, пгт Приобье, ул Школьная, д 10",https://mirsud86.ru/,mirsud86.ru,нет,86MS0010
Ханты-Мансийский Автономный округ - Югра АО,Пыть-Ях,,Судебный участок № 1 Пыть-Яхского судебного района,MS,Мировой суд,"628380, Ханты-Мансийский Автономный округ - Югра АО, г Пыть-Ях, мкр 2 Нефтяников, д 4",https://mirsud86.ru/,mirsud86.ru,нет,86MS0024
Ханты-Мансийский Автономный округ - Югра АО,Пыть-Ях,,Судебный участок № 2 Пыть-Яхского судебного района,MS,Мировой суд,"628380, Ханты-Мансийский Автономный округ - Югра АО, г Пыть-Ях, мкр 2 Нефтяников, д 4",https://mirsud86.ru/,mirsud86.ru,нет,86MS0055
Ханты-Мансийский Автономный округ - Югра АО,Радужный,,Судебный участок № 1 Радужнинского судебного района,MS,Мировой суд,"628462, Ханты-Мансийский Автономный округ - Югра АО, г Радужный, мкр 6, стр 21",https://mirsud86.ru/,mirsud86.ru,нет,86MS0025
Ханты-Мансийский Автономный округ - Югра АО,Радужный,,Судебный участок № 2 Радужнинского судебного района,MS,Мировой суд,"628462, Ханты-Мансийский Автономный округ - Югра АО, г Радужный, мкр 6, стр 21",https://mirsud86.ru/,mirsud86.ru,нет,86MS0056
Ханты-Мансийский Автономный округ - Югра АО,Советский,,Судебный участок № 1 Советского судебного района,MS,Мировой суд,"628242, Ханты-Мансийский Автономный округ - Югра АО, г Советский, ул Гастелло, зд 17",https://mirsud86.ru/,mirsud86.ru,нет,86MS0011
Ханты-Мансийский Автономный округ - Югра АО,Советский,,Судебный участок № 2 Советского судебного района,MS,Мировой суд,"628242, Ханты-Мансийский Автономный округ - Югра АО, г Советский, ул Гастелло, зд 17",https://mirsud86.ru/,mirsud86.ru,нет,86MS0074
Ханты-Мансийский Автономный округ - Югра АО,Солнечный,,Судебный участок № 1 Сургутского судебного района,MS,Мировой суд,"628452, Ханты-Мансийский Автономный округ - Югра АО, Сургутский р-н, п Солнечный, ул Строителей, д 7 к а",https://mirsud86.ru/,mirsud86.ru,нет,86MS0012
Ханты-Мансийский Автономный округ - Югра АО,Сургут,,Судебный участок № 1 Сургутского судебного района города окружного значения Сургут,MS,Мировой суд,"628412, Ханты-Мансийский Автономный округ - Югра АО, г Сургут, ул Гагарина, д 9",https://mirsud86.ru/,mirsud86.ru,нет,86MS0026
Ханты-Мансийский Автономный округ - Югра АО,Сургут,,Судебный участок № 10 Сургутского судебного района города окружного значения Сургут,MS,Мировой суд,"628412, Ханты-Мансийский Автономный округ - Югра АО, г Сургут, ул Гагарина, д 9",https://mirsud86.ru/,mirsud86.ru,нет,86MS0065
Ханты-Мансийский Автономный округ - Югра АО,Сургут,,Судебный участок № 11 Сургутского судебного района города окружного значения Сургут,MS,Мировой суд,"628412, Ханты-Мансийский Автономный округ - Югра АО, г Сургут, ул Гагарина, д 9",https://mirsud86.ru/,mirsud86.ru,нет,86MS0066
Ханты-Мансийский Автономный округ - Югра АО,Сургут,,Судебный участок № 12 Сургутского судебного района города окружного значения Сургут,MS,Мировой суд,"628412, Ханты-Мансийский Автономный округ - Югра АО, г Сургут, ул Гагарина, д 9",https://mirsud86.ru/,mirsud86.ru,нет,86MS0067
Ханты-Мансийский Автономный округ - Югра АО,Сургут,,Судебный участок № 13 Сургутского судебного района города окружного значения Сургут,MS,Мировой суд,"628412, Ханты-Мансийский Автономный округ - Югра АО, г Сургут, ул Гагарина, д 9",https://mirsud86.ru/,mirsud86.ru,нет,86MS0068
Ханты-Мансийский Автономный округ - Югра АО,Сургут,,Судебный участок № 14 Сургутского судебного района города окружного значения Сургут,MS,Мировой суд,"628412, Ханты-Мансийский Автономный округ - Югра АО, г Сургут, ул Гагарина, д 9",https://mirsud86.ru/,mirsud86.ru,нет,86MS0069
Ханты-Мансийский Автономный округ - Югра АО,Сургут,,Судебный участок № 2 Сургутского судебного района города окружного значения Сургут,MS,Мировой суд,"628412, Ханты-Мансийский Автономный округ - Югра АО, г Сургут, ул Гагарина, д 9",https://mirsud86.ru/,mirsud86.ru,нет,86MS0057
Ханты-Мансийский Автономный округ - Югра АО,Сургут,,Судебный участок № 3 Сургутского судебного района города окружного значения Сургут,MS,Мировой суд,"628412, Ханты-Мансийский Автономный округ - Югра АО, г Сургут, ул Гагарина, д 9",https://mirsud86.ru/,mirsud86.ru,нет,86MS0058
Ханты-Мансийский Автономный округ - Югра АО,Сургут,,Судебный участок № 4 Сургутского судебного района города окружного значения Сургут,MS,Мировой суд,"628412, Ханты-Мансийский Автономный округ - Югра АО, г Сургут, ул Гагарина, д 9",https://mirsud86.ru/,mirsud86.ru,нет,86MS0059
Ханты-Мансийский Автономный округ - Югра АО,Сургут,,Судебный участок № 5 Сургутского судебного района города окружного значения Сургут,MS,Мировой суд,"628412, Ханты-Мансийский Автономный округ - Югра АО, г Сургут, ул Гагарина, д 9",https://mirsud86.ru/,mirsud86.ru,нет,86MS0060
Ханты-Мансийский Автономный округ - Югра АО,Сургут,,Судебный участок № 6 Сургутского судебного района города окружного значения Сургут,MS,Мировой суд,"628412, Ханты-Мансийский Автономный округ - Югра АО, г Сургут, ул Гагарина, д 9",https://mirsud86.ru/,mirsud86.ru,нет,86MS0061
Ханты-Мансийский Автономный округ - Югра АО,Сургут,,Судебный участок № 7 Сургутского судебного района города окружного значения Сургут,MS,Мировой суд,"628412, Ханты-Мансийский Автономный округ - Югра АО, г Сургут, ул Гагарина, д 9",https://mirsud86.ru/,mirsud86.ru,нет,86MS0062
Ханты-Мансийский Автономный округ - Югра АО,Сургут,,Судебный участок № 8 Сургутского судебного района города окружного значения Сургут,MS,Мировой суд,"628412, Ханты-Мансийский Автономный округ - Югра АО, г Сургут, ул Гагарина, д 9",https://mirsud86.ru/,mirsud86.ru,нет,86MS0063
Ханты-Мансийский Автономный округ - Югра АО,Сургут,,Судебный участок № 9 Сургутского судебного района города окружного значения Сургут,MS,Мировой суд,"628412, Ханты-Мансийский Автономный округ - Югра АО, г Сургут, ул Гагарина, д 9",https://mirsud86.ru/,mirsud86.ru,нет,86MS0064
Ханты-Мансийский Автономный округ - Югра АО,Урай,,Судебный участок № 1 Урайского судебного района,MS,Мировой суд,"628285, Ханты-Мансийский Автономный округ - Югра АО, г Урай, мкр 2-й, д 26",https://mirsud86.ru/,mirsud86.ru,нет,86MS0027
Ханты-Мансийский Автономный округ - Югра АО,Федоровский,,Судебный участок № 3 Сургутского судебного района,MS,Мировой суд,"628456, Ханты-Мансийский Автономный округ - Югра АО, Сургутский р-н, пгт Федоровский, ул Ленина, д 27А, кв 1",https://mirsud86.ru/,mirsud86.ru,нет,86MS0014
Ханты-Мансийский Автономный округ - Югра АО,Ханты-Мансийск,,Судебный участок № 1 Ханты-Мансийского судебного района,MS,Мировой суд,"628011, г Ханты-Мансийск, ул Ленина, д 87",https://mirsud86.ru/,mirsud86.ru,нет,86MS0028
Ханты-Мансийский Автономный округ - Югра АО,Ханты-Мансийск,,Судебный участок № 2 Ханты-Мансийского судебного района,MS,Мировой суд,"628011, г Ханты-Мансийск, ул Ленина, д 87",https://mirsud86.ru/,mirsud86.ru,нет,86MS0071
Ханты-Мансийский Автономный округ - Югра АО,Ханты-Мансийск,,Судебный участок № 3 Ханты-Мансийского судебного района,MS,Мировой суд,"628011, г Ханты-Мансийск, ул Ленина, д 87",https://mirsud86.ru/,mirsud86.ru,нет,86MS0072
Ханты-Мансийский Автономный округ - Югра АО,Ханты-Мансийск,,Судебный участок № 5 Ханты-Мансийского судебного района,MS,Мировой суд,"628011, г Ханты-Мансийск, ул Ленина, д 87",https://mirsud86.ru/,mirsud86.ru,нет,86MS0016
Ханты-Мансийский Автономный округ - Югра АО,Югорск,,Судебный участок № 1 Югорского судебного района,MS,Мировой суд,"628260, Ханты-Мансийский Автономный округ - Югра АО, г Югорск, ул Буряка, зд 4",https://mirsud86.ru/,mirsud86.ru,нет,86MS0029
Ханты-Мансийский Автономный округ - Югра АО,Югорск,,Судебный участок № 2 Югорского судебного района,MS,Мировой суд,"628260, Ханты-Мансийский Автономный округ - Югра АО, г Югорск, ул Буряка, зд 4",https://mirsud86.ru/,mirsud86.ru,нет,86MS0073
Ханты-Мансийский Автономный округ - Югра АО,окружного значения Сургут,,Судебный участок № 15 Сургутского судебного района города окружного значения Сургут,MS,Мировой суд,,https://mirsud86.ru/,mirsud86.ru,нет,86MS0079
Рязанская область,Александро-Невский,,Судебный участок № 41 судебного района Ряжского районного суда Рязанской области,MS,Мировой суд,"391240, Рязанская обл, рп Александро-Невский, ул Советская, зд 13",https://41.riz.msudrf.ru/,41.riz.msudrf.ru,нет,62MS0045
Рязанская область,Ермишь,,Судебный участок № 34 судебного района Кадомского районного суда Рязанской области,MS,Мировой суд,"391660, Рязанская обл, рп Ермишь, пл Ленина, д 60",https://34.riz.msudrf.ru/,34.riz.msudrf.ru,нет,62MS0038
Рязанская область,Захарово,,Судебный участок № 44 судебного района Михайловского районного суда Рязанской области,MS,Мировой суд,"391740, Рязанская обл, с Захарово, ул Хлобыстова, д 4",https://44.riz.msudrf.ru/,44.riz.msudrf.ru,нет,62MS0049
Рязанская область,Кадом,,Судебный участок № 35 судебного района Кадомского районного суда Рязанской области,MS,Мировой суд,"391670, Рязанская обл, рп Кадом, ул Первомайская, зд 1",https://35.riz.msudrf.ru/,35.riz.msudrf.ru,нет,62MS0039
Рязанская область,Касимов,,Судебный участок № 27 судебного района Касимовского районного суда Рязанской области,MS,Мировой суд,"391300, Рязанская обл, г Касимов, ул Советская, зд 17/2",https://27.riz.msudrf.ru/,27.riz.msudrf.ru,нет,62MS0030
Рязанская область,Касимов,,Судебный участок № 28 судебного района Касимовского районного суда Рязанской области,MS,Мировой суд,"391300, Рязанская обл, г Касимов, ул Советская, зд 17/2",https://28.riz.msudrf.ru/,28.riz.msudrf.ru,нет,62MS0031
Рязанская область,Касимов,,Судебный участок № 29 судебного района Касимовского районного суда Рязанской области,MS,Мировой суд,"391300, Рязанская обл, г Касимов, ул Советская, зд 17/2",https://29.riz.msudrf.ru/,29.riz.msudrf.ru,нет,62MS0032
Рязанская область,Касимов,,Судебный участок № 30 судебного района Касимовского районного суда Рязанской области,MS,Мировой суд,"391300, Рязанская обл, г Касимов, ул Советская, зд 17/2",https://30.riz.msudrf.ru/,30.riz.msudrf.ru,нет,62MS0033
Рязанская область,Кораблино,,Судебный участок № 49 судебного района Кораблинского районного суда Рязанской области,MS,Мировой суд,"391200, Рязанская обл, г Кораблино, ул Маяковского, д 33",https://49.riz.msudrf.ru/,49.riz.msudrf.ru,нет,62MS0055
Рязанская область,Кораблино,,Судебный участок № 65 судебного района Кораблинского районного суда Рязанской области,MS,Мировой суд,"391200, Рязанская обл, г Кораблино, ул Маяковского, д 33",https://65.riz.msudrf.ru/,65.riz.msudrf.ru,нет,62MS0056
Рязанская область,Милославское,,Судебный участок № 42 судебного района Скопинского районного суда Рязанской области,MS,Мировой суд,"391770, Рязанская обл, рп Милославское, ул Ленина, зд 4",https://42.riz.msudrf.ru/,42.riz.msudrf.ru,нет,62MS0046
Рязанская область,Михайлов,,Судебный участок № 45 судебного района Михайловского районного суда Рязанской области,MS,Мировой суд,"391710, Рязанская обл, г Михайлов, ул Карла Маркса, зд 53",https://45.riz.msudrf.ru/,45.riz.msudrf.ru,нет,62MS0050
Рязанская область,Михайлов,,Судебный участок № 64 судебного района Михайловского районного суда Рязанской области,MS,Мировой суд,"391710, Рязанская обл, г Михайлов, ул Имени Маршала Голикова Ф.И., д 10",https://64.riz.msudrf.ru/,64.riz.msudrf.ru,нет,62MS0051
Рязанская область,Новомичуринск,,Судебный участок № 50 судебного района Пронского районного суда Рязанской области,MS,Мировой суд,"391160, Рязанская обл, Пронский р-н, г Новомичуринск, ул Волкова, д 3",https://50.riz.msudrf.ru/,50.riz.msudrf.ru,нет,62MS0057
Рязанская область,Новомичуринск,,Судебный участок № 66 судебного района Пронского районного суда Рязанской области,MS,Мировой суд,"391160, Рязанская обл, Пронский р-н, г Новомичуринск, ул Волкова, д 3",https://66.riz.msudrf.ru/,66.riz.msudrf.ru,нет,62MS0058
Рязанская область,Пителино,,Судебный участок № 36 судебного района Сасовского районного суда Рязанской области,MS,Мировой суд,"391630, Рязанская обл, рп Пителино, ул Советская Площадь, д 3",https://36.riz.msudrf.ru/,36.riz.msudrf.ru,нет,62MS0040
Рязанская область,Путятино,,Судебный участок № 57 судебного района Шацкого районного суда Рязанской области,MS,Мировой суд,"391480, Рязанская обл, с Путятино, ул Дзержинского, д 13",https://57.riz.msudrf.ru/,57.riz.msudrf.ru,нет,62MS0068
Рязанская область,Рыбное,,Судебный участок № 54 судебного района Рыбновского районного суда Рязанской области,MS,Мировой суд,"391110, Рязанская обл, г Рыбное, ул Курочкина, д 2",https://54.riz.msudrf.ru/,54.riz.msudrf.ru,нет,62MS0063
Рязанская область,Рыбное,,Судебный участок № 68 судебного района Рыбновского районного суда Рязанской области,MS,Мировой суд,"391110, Рязанская обл, г Рыбное, ул Курочкина, д 2",https://68.riz.msudrf.ru/,68.riz.msudrf.ru,нет,62MS0064
Рязанская область,Ряжск,,Судебный участок № 43 судебного района Ряжского районного суда Рязанской области,MS,Мировой суд,"391964, Рязанская обл, г Ряжск, ул Карла Маркса, д 31",https://43.riz.msudrf.ru/,43.riz.msudrf.ru,нет,62MS0047
Рязанская область,Ряжск,,Судебный участок № 63 судебного района Ряжского районного суда Рязанской области,MS,Мировой суд,"391964, Рязанская обл, г Ряжск, ул Карла Маркса, д 31",https://63.riz.msudrf.ru/,63.riz.msudrf.ru,нет,62MS0048
Рязанская область,Рязань,,Судебный участок № 1 судебного района Железнодорожного районного суда г. Рязани,MS,Мировой суд,"390005, г Рязань, ул Семашко, д 4",https://1.riz.msudrf.ru/,1.riz.msudrf.ru,нет,62MS0001
Рязанская область,Рязань,,Судебный участок № 10 судебного района Московского районного суда г. Рязани,MS,Мировой суд,"390042, г Рязань, ул Космонавтов, д 5",https://10.riz.msudrf.ru/,10.riz.msudrf.ru,нет,62MS0010
Рязанская область,Рязань,,Судебный участок № 11 судебного района Московского районного суда г. Рязани,MS,Мировой суд,"390042, г Рязань, ул Космонавтов, д 5",https://11.riz.msudrf.ru/,11.riz.msudrf.ru,нет,62MS0011
Рязанская область,Рязань,,Судебный участок № 12 судебного района Московского районного суда г. Рязани,MS,Мировой суд,"390042, г Рязань, ул Космонавтов, д 5",https://12.riz.msudrf.ru/,12.riz.msudrf.ru,нет,62MS0012
Рязанская область,Рязань,,Судебный участок № 13 судебного района Октябрьского районного суда г. Рязани,MS,Мировой суд,"390000, г Рязань, ул Соборная, д 11/63",https://13.riz.msudrf.ru/,13.riz.msudrf.ru,нет,62MS0015
Рязанская область,Рязань,,Судебный участок № 14 судебного района Октябрьского районного суда г. Рязани,MS,Мировой суд,"390000, г Рязань, ул Соборная, д 11/63",https://14.riz.msudrf.ru/,14.riz.msudrf.ru,нет,62MS0016
Рязанская область,Рязань,,Судебный участок № 15 судебного района Октябрьского районного суда г. Рязани,MS,Мировой суд,"390000, г Рязань, ул Соборная, д 11/63",https://15.riz.msudrf.ru/,15.riz.msudrf.ru,нет,62MS0017
Рязанская область,Рязань,,Судебный участок № 16 судебного района Октябрьского районного суда г. Рязани,MS,Мировой суд,"390000, г Рязань, ул Соборная, д 11/63",https://16.riz.msudrf.ru/,16.riz.msudrf.ru,нет,62MS0018
Рязанская область,Рязань,,Судебный участок № 17 судебного района Октябрьского районного суда г. Рязани,MS,Мировой суд,"390000, г Рязань, ул Соборная, д 11/63",https://17.riz.msudrf.ru/,17.riz.msudrf.ru,нет,62MS0019
Рязанская область,Рязань,,Судебный участок № 18 судебного района Октябрьского районного суда г. Рязани,MS,Мировой суд,"390000, г Рязань, ул Соборная, д 11/63",https://18.riz.msudrf.ru/,18.riz.msudrf.ru,нет,62MS0020
Рязанская область,Рязань,,Судебный участок № 19 судебного района Советского районного суда г. Рязани,MS,Мировой суд,"390006, г Рязань, ул Лермонтова, д 20",https://19.riz.msudrf.ru/,19.riz.msudrf.ru,нет,62MS0021
Рязанская область,Рязань,,Судебный участок № 2 судебного района Железнодорожного районного суда г. Рязани,MS,Мировой суд,"390005, г Рязань, ул Семашко, д 4",https://2.riz.msudrf.ru/,2.riz.msudrf.ru,нет,62MS0002
Рязанская область,Рязань,,Судебный участок № 20 судебного района Советского районного суда г. Рязани,MS,Мировой суд,"390006, г Рязань, ул Лермонтова, д 20",https://20.riz.msudrf.ru/,20.riz.msudrf.ru,нет,62MS0022
Рязанская область,Рязань,,Судебный участок № 21 судебного района Советского районного суда г. Рязани,MS,Мировой суд,"390006, г Рязань, ул Лермонтова, д 20",https://21.riz.msudrf.ru/,21.riz.msudrf.ru,нет,62MS0023
Рязанская область,Рязань,,Судебный участок № 22 судебного района Советского районного суда г. Рязани,MS,Мировой суд,"390006, г Рязань, ул Лермонтова, д 20",https://22.riz.msudrf.ru/,22.riz.msudrf.ru,нет,62MS0024
Рязанская область,Рязань,,Судебный участок № 23 судебного района Советского районного суда г. Рязани,MS,Мировой суд,"390006, г Рязань, ул Лермонтова, д 20",https://23.riz.msudrf.ru/,23.riz.msudrf.ru,нет,62MS0025
Рязанская область,Рязань,,Судебный участок № 3 судебного района Железнодорожного районного суда г. Рязани,MS,Мировой суд,"390005, г Рязань, ул Семашко, д 4",https://3.riz.msudrf.ru/,3.riz.msudrf.ru,нет,62MS0003
Рязанская область,Рязань,,Судебный участок № 4 судебного района Железнодорожного районного суда г. Рязани,MS,Мировой суд,"390005, г Рязань, ул Семашко, д 4",https://4.riz.msudrf.ru/,4.riz.msudrf.ru,нет,62MS0004
Рязанская область,Рязань,,Судебный участок № 5 судебного района Железнодорожного районного суда г. Рязани,MS,Мировой суд,"390005, г Рязань, ул Семашко, д 4",https://5.riz.msudrf.ru/,5.riz.msudrf.ru,нет,62MS0005
Рязанская область,Рязань,,Судебный участок № 55 судебного района Рязанского районного суда Рязанской области,MS,Мировой суд,"390011, г Рязань, ш Куйбышевское, д 21",https://55.riz.msudrf.ru/,55.riz.msudrf.ru,нет,62MS0065
Рязанская область,Рязань,,Судебный участок № 56 судебного района Рязанского районного суда Рязанской области,MS,Мировой суд,"390011, г Рязань, ш Куйбышевское, д 21",https://56.riz.msudrf.ru/,56.riz.msudrf.ru,нет,62MS0066
Рязанская область,Рязань,,Судебный участок № 59 судебного района Московского районного суда г. Рязани,MS,Мировой суд,"390044, г Рязань, ш Московское, д 18",https://59.riz.msudrf.ru/,59.riz.msudrf.ru,нет,62MS0013
Рязанская область,Рязань,,Судебный участок № 6 судебного района Железнодорожного районного суда г. Рязани,MS,Мировой суд,"390005, г Рязань, ул Семашко, д 4",https://6.riz.msudrf.ru/,6.riz.msudrf.ru,нет,62MS0006
Рязанская область,Рязань,,Судебный участок № 60 судебного района Московского районного суда г. Рязани,MS,Мировой суд,"390044, г Рязань, ш Московское, д 18",https://60.riz.msudrf.ru/,60.riz.msudrf.ru,нет,62MS0014
Рязанская область,Рязань,,Судебный участок № 61 судебного района Советского районного суда г. Рязани,MS,Мировой суд,"390006, г Рязань, ул Лермонтова, д 20",https://61.riz.msudrf.ru/,61.riz.msudrf.ru,нет,62MS0026
Рязанская область,Рязань,,Судебный участок № 69 судебного района Рязанского районного суда Рязанской области,MS,Мировой суд,"390011, г Рязань, ш Куйбышевское, д 21",https://69.riz.msudrf.ru/,69.riz.msudrf.ru,нет,62MS0067
Рязанская область,Рязань,,Судебный участок № 7 судебного района Московского районного суда г. Рязани,MS,Мировой суд,"390042, г Рязань, ул Космонавтов, д 5",https://7.riz.msudrf.ru/,7.riz.msudrf.ru,нет,62MS0007
Рязанская область,Рязань,,Судебный участок № 8 судебного района Московского районного суда г. Рязани,MS,Мировой суд,"390044, г Рязань, ш Московское, д 18",https://8.riz.msudrf.ru/,8.riz.msudrf.ru,нет,62MS0008
Рязанская область,Рязань,,Судебный участок № 9 судебного района Московского районного суда г. Рязани,MS,Мировой суд,"390042, г Рязань, ул Космонавтов, д 5",https://9.riz.msudrf.ru/,9.riz.msudrf.ru,нет,62MS0009
Рязанская область,Сапожок,,Судебный участок № 48 судебного района Сапожковского районного суда Рязанской области,MS,Мировой суд,"391940, Рязанская обл, рп Сапожок, ул Советская, д 21",https://48.riz.msudrf.ru/,48.riz.msudrf.ru,нет,62MS0054
Рязанская область,Сараи,,Судебный участок № 47 судебного района Сараевского районного суда Рязанской области,MS,Мировой суд,"391870, Рязанская обл, рп Сараи, ул Б-Сараи, зд 167",https://47.riz.msudrf.ru/,47.riz.msudrf.ru,нет,62MS0053
Рязанская область,Сасово,,Судебный участок № 24 судебного района Сасовского районного суда Рязанской области,MS,Мировой суд,"391430, Рязанская обл, г Сасово, ул Ленина, д 48",https://24.riz.msudrf.ru/,24.riz.msudrf.ru,нет,62MS0027
Рязанская область,Сасово,,Судебный участок № 25 судебного района Сасовского районного суда Рязанской области,MS,Мировой суд,"391430, Рязанская обл, г Сасово, ул Ленина, д 48",https://25.riz.msudrf.ru/,25.riz.msudrf.ru,нет,62MS0028
Рязанская область,Сасово,,Судебный участок № 26 судебного района Сасовского районного суда Рязанской области,MS,Мировой суд,"391430, Рязанская обл, г Сасово, ул Ленина, д 48",https://26.riz.msudrf.ru/,26.riz.msudrf.ru,нет,62MS0029
Рязанская область,Скопин,,Судебный участок № 31 судебного района Скопинского районного суда Рязанской области,MS,Мировой суд,"391803, Рязанская обл, г Скопин, ул К.Маркса, д 162А",https://31.riz.msudrf.ru/,31.riz.msudrf.ru,нет,62MS0034
Рязанская область,Скопин,,Судебный участок № 32 судебного района Скопинского районного суда Рязанской области,MS,Мировой суд,"391803, Рязанская обл, г Скопин, ул К.Маркса, д 162А",https://32.riz.msudrf.ru/,32.riz.msudrf.ru,нет,62MS0036
Рязанская область,Скопин,,Судебный участок № 33 судебного района Скопинского районного суда Рязанской области,MS,Мировой суд,"391803, Рязанская обл, г Скопин, ул К.Маркса, д 162А",https://33.riz.msudrf.ru/,33.riz.msudrf.ru,нет,62MS0037
Рязанская область,Скопин,,Судебный участок № 62 судебного района Скопинского районного суда Рязанской области,MS,Мировой суд,"391803, Рязанская обл, г Скопин, ул К.Маркса, д 162А",https://62.riz.msudrf.ru/,62.riz.msudrf.ru,нет,62MS0035
Рязанская область,Спас-Клепики,,Судебный участок № 39 судебного района Клепиковского районного суда Рязанской области,MS,Мировой суд,"391030, Рязанская обл, г Спас-Клепики, ул Свободы, зд 3",https://39.riz.msudrf.ru/,39.riz.msudrf.ru,нет,62MS0043
Рязанская область,Спасск-Рязанский,,Судебный участок № 37 судебного района Спасского районного суда Рязанской области,MS,Мировой суд,"391050, Рязанская обл, г Спасск-Рязанский, ул Ломоносова, д 1Г",https://37.riz.msudrf.ru/,37.riz.msudrf.ru,нет,62MS0041
Рязанская область,Спасск-Рязанский,,Судебный участок № 38 судебного района Спасского районного суда Рязанской области,MS,Мировой суд,"391050, Рязанская обл, г Спасск-Рязанский, ул Ломоносова, д 1Г",https://38.riz.msudrf.ru/,38.riz.msudrf.ru,нет,62MS0042
Рязанская область,Старожилово,,Судебный участок № 51 судебного района Рязанского районного суда Рязанской области,MS,Мировой суд,"391170, Рязанская обл, рп Старожилово, ул Гагарина, д 10",https://51.riz.msudrf.ru/,51.riz.msudrf.ru,нет,62MS0059
Рязанская область,Тума,,Судебный участок № 40 судебного района Клепиковского районного суда Рязанской области,MS,Мировой суд,"391001, Рязанская обл, Клепиковский р-н, рп Тума, ул Ленина, зд 158",https://40.riz.msudrf.ru/,40.riz.msudrf.ru,нет,62MS0044
Рязанская область,Ухолово,,Судебный участок № 46 судебного района Сапожковского районного суда Рязанской области,MS,Мировой суд,"391920, Рязанская обл, рп Ухолово, ул Советская, д 13",https://46.riz.msudrf.ru/,46.riz.msudrf.ru,нет,62MS0052
Рязанская область,Чучково,,Судебный участок № 52 судебного района Шиловского районного суда Рязанской области,MS,Мировой суд,"391420, Рязанская обл, рп Чучково, пл Ленина, д 40",https://52.riz.msudrf.ru/,52.riz.msudrf.ru,нет,62MS0060
Рязанская область,Шацк,,Судебный участок № 58 судебного района Шацкого районного суда Рязанской области,MS,Мировой суд,"391550, Рязанская обл, г Шацк, ул Красная площадь, зд 7",https://58.riz.msudrf.ru/,58.riz.msudrf.ru,нет,62MS0069
Рязанская область,Шацк,,Судебный участок № 70 судебного района Шацкого районного суда Рязанской области,MS,Мировой суд,"391550, Рязанская обл, г Шацк, ул Красная площадь, зд 7",https://70.riz.msudrf.ru/,70.riz.msudrf.ru,нет,62MS0070
Рязанская область,Шилово,,Судебный участок № 53 судебного района Шиловского районного суда Рязанской области,MS,Мировой суд,"391500, Рязанская обл, рп Шилово, ул Приокская, д 27",https://53.riz.msudrf.ru/,53.riz.msudrf.ru,нет,62MS0061
Рязанская область,Шилово,,Судебный участок № 67 судебного района Шиловского районного суда Рязанской области,MS,Мировой суд,"391500, Рязанская обл, рп Шилово, ул Приокская, д 27",https://67.riz.msudrf.ru/,67.riz.msudrf.ru,нет,62MS0062
Республика Чеченская,Аргун,,Судебный участок № 23 по г. Аргун,MS,Мировой суд,"366284, Респ Чеченская, г Аргун, ул Шоссейная, д 110А",https://mirsud-chr.ru/,mirsud-chr.ru,нет,20MS0023
Республика Чеченская,Аргун,,Судебный участок № 35 по г. Аргун,MS,Мировой суд,"366284, Респ Чеченская, г Аргун, ул Шоссейная, д 110",https://mirsud-chr.ru/,mirsud-chr.ru,нет,20MS0035
Республика Чеченская,Аргун,,Судебный участок № 36 по г. Аргун,MS,Мировой суд,"366284, Респ Чеченская, г Аргун, ул Шоссейная, д 110",https://mirsud-chr.ru/,mirsud-chr.ru,нет,20MS0036
Республика Чеченская,Ачхой-Мартан,,Судебный участок № 47 по Ачхой-Мартановскому району Чеченской Республики,MS,Мировой суд,"366600, Респ Чеченская, г Ачхой-Мартан, ул Почтовая",https://mirsud-chr.ru/,mirsud-chr.ru,нет,20MS0047
Республика Чеченская,Ачхой-Мартан,,Судебный участок № 48 по Ачхой-Мартановскому району Чеченской Республики,MS,Мировой суд,"366600, Респ Чеченская, г Ачхой-Мартан, ул Почтовая",https://mirsud-chr.ru/,mirsud-chr.ru,нет,20MS0048
Республика Чеченская,Ачхой-Мартан,,Судебный участок № 49 по Ачхой-Мартановскому району Чеченской Республики,MS,Мировой суд,"366600, Респ Чеченская, г Ачхой-Мартан, ул Р.М.Асхабова",https://mirsud-chr.ru/,mirsud-chr.ru,нет,20MS0049
Республика Чеченская,Ачхой-Мартан,,Судебный участок № 50 по Серноводскому району Чеченской Республики,MS,Мировой суд,"366701, Респ Чеченская, г Ачхой-Мартан, ул Р.М.Асхабова",https://mirsud-chr.ru/,mirsud-chr.ru,нет,20MS0050
Республика Чеченская,Ведено,,Судебный участок № 62 по Веденскому району Чеченской Республики,MS,Мировой суд,"366337, Респ Чеченская, с Ведено, ул Крепостная, д 7",https://mirsud-chr.ru/,mirsud-chr.ru,нет,20MS0062
Республика Чеченская,Ведено,,Судебный участок № 63 по Веденскому району Чеченской Республики,MS,Мировой суд,"366337, Респ Чеченская, с Ведено, ул Крепостная, д 7",https://mirsud-chr.ru/,mirsud-chr.ru,нет,20MS0063
Республика Чеченская,Грозный,,Судебный участок № 1 по Ахматовскому району г. Грозного,MS,Мировой суд,"364024, г Грозный, р-н Ахматовский, ул им Шейха Али Митаева, д 22Б",https://mirsud-chr.ru/,mirsud-chr.ru,нет,20MS0001
Республика Чеченская,Грозный,,Судебный участок № 10 по Байсангуровскому району г. Грозного,MS,Мировой суд,"364024, г Грозный, р-н Ахматовский, ул им Шейха Али Митаева, д 22Б",https://mirsud-chr.ru/,mirsud-chr.ru,нет,20MS0010
Республика Чеченская,Грозный,,Судебный участок № 11 по Байсангуровскому району г. Грозного,MS,Мировой суд,"364024, г Грозный, р-н Ахматовский, ул им Шейха Али Митаева, д 22Б",https://mirsud-chr.ru/,mirsud-chr.ru,нет,20MS0011
Республика Чеченская,Грозный,,Судебный участок № 12 по Байсангуровскому району г. Грозного,MS,Мировой суд,"364024, г Грозный, р-н Ахматовский, ул им Шейха Али Митаева, д 22Б",https://mirsud-chr.ru/,mirsud-chr.ru,нет,20MS0012
Республика Чеченская,Грозный,,Судебный участок № 13 по Байсангуровскому району г. Грозного,MS,Мировой суд,"364024, г Грозный, р-н Ахматовский, ул им Шейха Али Митаева, д 22Б",https://mirsud-chr.ru/,mirsud-chr.ru,нет,20MS0013
Республика Чеченская,Грозный,,Судебный участок № 14 по Шейх-Мансуровскому району г. Грозного,MS,Мировой суд,"364046, г Грозный, р-н Шейх-Мансуровский, ул Оренбургская, д 18/14",https://mirsud-chr.ru/,mirsud-chr.ru,нет,20MS0014
Республика Чеченская,Грозный,,Судебный участок № 15 по Шейх-Мансуровскому району г. Грозного,MS,Мировой суд,"364052, г Грозный, р-н Висаитовский, г-к Иванова, д 109",https://mirsud-chr.ru/,mirsud-chr.ru,нет,20MS0015
Республика Чеченская,Грозный,,Судебный участок № 16 по Шейх-Мансуровскому району г. Грозного,MS,Мировой суд,"364052, г Грозный, р-н Висаитовский, г-к Иванова, д 109",https://mirsud-chr.ru/,mirsud-chr.ru,нет,20MS0016
Республика Чеченская,Грозный,,Судебный участок № 17 по Шейх-Мансуровскому району г. Грозного,MS,Мировой суд,"364046, г Грозный, р-н Шейх-Мансуровский, ул Оренбургская, д 18/14",https://mirsud-chr.ru/,mirsud-chr.ru,нет,20MS0017
Республика Чеченская,Грозный,,Судебный участок № 18 по Шейх-Мансуровскому району г. Грозного,MS,Мировой суд,"364052, г Грозный, р-н Висаитовский, г-к Иванова, д 109",https://mirsud-chr.ru/,mirsud-chr.ru,нет,20MS0018
Республика Чеченская,Грозный,,Судебный участок № 19 по Грозненскому району Чеченской Республики,MS,Мировой суд,"364024, г Грозный, р-н Ахматовский, ул им Шейха Али Митаева, д 22Б",https://mirsud-chr.ru/,mirsud-chr.ru,нет,20MS0019
Республика Чеченская,Грозный,,Судебный участок № 2 по Ахматовскому району г. Грозного,MS,Мировой суд,"364024, г Грозный, р-н Ахматовский, ул им Шейха Али Митаева, д 22Б",https://mirsud-chr.ru/,mirsud-chr.ru,нет,20MS0002
Республика Чеченская,Грозный,,Судебный участок № 20 по Грозненскому району Чеченской Республики,MS,Мировой суд,"364052, г Грозный, р-н Висаитовский, г-к Иванова, д 109",https://mirsud-chr.ru/,mirsud-chr.ru,нет,20MS0020
Республика Чеченская,Грозный,,Судебный участок № 21 по Грозненскому району Чеченской Республики,MS,Мировой суд,"364024, г Грозный, р-н Ахматовский, ул им Шейха Али Митаева, д 22Б",https://mirsud-chr.ru/,mirsud-chr.ru,нет,20MS0021
Республика Чеченская,Грозный,,Судебный участок № 22 по Грозненскому району Чеченской Республики,MS,Мировой суд,"364024, г Грозный, р-н Ахматовский, ул им Шейха Али Митаева, д 22Б",https://mirsud-chr.ru/,mirsud-chr.ru,нет,20MS0022
Республика Чеченская,Грозный,,Судебный участок № 3 по Ахматовскому району г. Грозного,MS,Мировой суд,"364024, г Грозный, р-н Ахматовский, ул им Шейха Али Митаева, д 22Б",https://mirsud-chr.ru/,mirsud-chr.ru,нет,20MS0003
Республика Чеченская,Грозный,,Судебный участок № 4 по Ахматовскому району г. Грозного,MS,Мировой суд,"364024, г Грозный, р-н Ахматовский, ул им Шейха Али Митаева, д 22Б",https://mirsud-chr.ru/,mirsud-chr.ru,нет,20MS0004
Республика Чеченская,Грозный,,Судебный участок № 5 по Висаитовскому району г. Грозного,MS,Мировой суд,"364052, г Грозный, р-н Висаитовский, г-к Иванова, д 109",https://mirsud-chr.ru/,mirsud-chr.ru,нет,20MS0005
Республика Чеченская,Грозный,,Судебный участок № 6 по Висаитовскому району г. Грозного,MS,Мировой суд,"364052, г Грозный, р-н Висаитовский, г-к Иванова, д 109",https://mirsud-chr.ru/,mirsud-chr.ru,нет,20MS0006
Республика Чеченская,Грозный,,Судебный участок № 7 по Висаитовскому району г. Грозного,MS,Мировой суд,"364052, г Грозный, р-н Висаитовский, г-к Иванова, д 109",https://mirsud-chr.ru/,mirsud-chr.ru,нет,20MS0007
Республика Чеченская,Грозный,,Судебный участок № 8 по Ахматовскому району г. Грозного,MS,Мировой суд,"364024, г Грозный, р-н Ахматовский, ул им Шейха Али Митаева, д 22Б",https://mirsud-chr.ru/,mirsud-chr.ru,нет,20MS0008
Республика Чеченская,Грозный,,Судебный участок № 9 по Висаитовскому району г. Грозного,MS,Мировой суд,"364052, г Грозный, р-н Висаитовский, г-к Иванова, д 109",https://mirsud-chr.ru/,mirsud-chr.ru,нет,20MS0009
Республика Чеченская,Гудермес,,Судебный участок № 41 по Гудермесскому району Чеченской Республики,MS,Мировой суд,"366202, Респ Чеченская, г Гудермес, ул Школьная, д 20",https://mirsud-chr.ru/,mirsud-chr.ru,нет,20MS0041
Республика Чеченская,Гудермес,,Судебный участок № 42 по Гудермесскому району Чеченской Республики,MS,Мировой суд,"366202, Респ Чеченская, г Гудермес, ул Школьная, д 20",https://mirsud-chr.ru/,mirsud-chr.ru,нет,20MS0042
Республика Чеченская,Гудермес,,Судебный участок № 43 по Гудермесскому району Чеченской Республики,MS,Мировой суд,"366202, Респ Чеченская, г Гудермес, ул Школьная, д 20",https://mirsud-chr.ru/,mirsud-chr.ru,нет,20MS0043
Республика Чеченская,Гудермес,,Судебный участок № 44 по Гудермесскому району Чеченской Республики,MS,Мировой суд,"366202, Респ Чеченская, г Гудермес, ул Школьная, д 20",https://mirsud-chr.ru/,mirsud-chr.ru,нет,20MS0044
Республика Чеченская,Гудермес,,Судебный участок № 45 по Гудермесскому району Чеченской Республики,MS,Мировой суд,"366202, Респ Чеченская, г Гудермес, ул Школьная, д 20",https://mirsud-chr.ru/,mirsud-chr.ru,нет,20MS0045
Республика Чеченская,Гудермес,,Судебный участок № 46 по Гудермесскому району Чеченской Республики,MS,Мировой суд,"366202, Респ Чеченская, г Гудермес, ул Школьная, д 20",https://mirsud-chr.ru/,mirsud-chr.ru,нет,20MS0046
Республика Чеченская,Знаменское,,Судебный участок № 57 по Надтеречному району Чеченской Республики,MS,Мировой суд,"366831, Респ Чеченская, Надтеречный р-н, с Знаменское, ул Энтузиастов, д 21",https://mirsud-chr.ru/,mirsud-chr.ru,нет,20MS0057
Республика Чеченская,Знаменское,,Судебный участок № 58 по Надтеречному району Чеченской Республики,MS,Мировой суд,"366831, Респ Чеченская, Надтеречный р-н, с Знаменское, ул Энтузиастов, д 21",https://mirsud-chr.ru/,mirsud-chr.ru,нет,20MS0058
Республика Чеченская,Знаменское,,Судебный участок № 59 по Надтеречному району Чеченской Республики,MS,Мировой суд,"366831, Респ Чеченская, Надтеречный р-н, с Знаменское, ул Энтузиастов, д 21",https://mirsud-chr.ru/,mirsud-chr.ru,нет,20MS0059
Республика Чеченская,Курчалой,,Судебный участок № 37 по Курчалоевскому району Чеченской Республики,MS,Мировой суд,"366313, Чеченская Республика, Курчалоевский район, с. Курчалой, ул. Ахмат-Хаджи Кадырова, б/н",https://mirsud-chr.ru/,mirsud-chr.ru,нет,20MS0037
Республика Чеченская,Курчалой,,Судебный участок № 38 по Курчалоевскому району Чеченской Республики,MS,Мировой суд,"366313, Чеченская Республика, Курчалоевский район, с. Курчалой, ул. Ахмат-Хаджи Кадырова, б/н",https://mirsud-chr.ru/,mirsud-chr.ru,нет,20MS0038
Республика Чеченская,Курчалой,,Судебный участок № 39 по Курчалоевскому району Чеченской Республики,MS,Мировой суд,"366313, Чеченская Республика, Курчалоевский район, с. Курчалой, ул. Ахмат-Хаджи Кадырова, б/н",https://mirsud-chr.ru/,mirsud-chr.ru,нет,20MS0039
Республика Чеченская,Курчалой,,Судебный участок № 40 по Курчалоевскому району Чеченской Республики,MS,Мировой суд,"366313, Чеченская Республика, Курчалоевский район, с. Курчалой, ул. Ахмат-Хаджи Кадырова, б/н",https://mirsud-chr.ru/,mirsud-chr.ru,нет,20MS0040
Республика Чеченская,Наурская,,Судебный участок № 54 по Наурскому району Чеченской Республики,MS,Мировой суд,"366128, Респ Чеченская, г Наурская, ул Красная, д 25",https://mirsud-chr.ru/,mirsud-chr.ru,нет,20MS0054
Республика Чеченская,Наурская,,Судебный участок № 55 по Наурскому району Чеченской Республики,MS,Мировой суд,"366128, Респ Чеченская, г Наурская, ул Красная, д 25",https://mirsud-chr.ru/,mirsud-chr.ru,нет,20MS0055
Республика Чеченская,Наурская,,Судебный участок № 56 по Наурскому району Чеченской Республики,MS,Мировой суд,"366128, Респ Чеченская, г Наурская, ул Красная, д 25",https://mirsud-chr.ru/,mirsud-chr.ru,нет,20MS0056
Республика Чеченская,Ножай-Юрт,,Судебный участок № 60 по Ножай-Юртовскому району Чеченской Республики,MS,Мировой суд,"366241, Респ Чеченская, с Ножай-Юрт, ул А.А.Кадырова, д 114",https://mirsud-chr.ru/,mirsud-chr.ru,нет,20MS0060
Республика Чеченская,Ножай-Юрт,,Судебный участок № 61 по Ножай-Юртовскому району Чеченской Республики,MS,Мировой суд,"366241, Респ Чеченская, с Ножай-Юрт, ул А.А.Кадырова, д 114",https://mirsud-chr.ru/,mirsud-chr.ru,нет,20MS0061
Республика Чеченская,Урус-Мартан,,Судебный участок № 24 по Урус-Мартановскому району Чеченской Республики,MS,Мировой суд,"366523, Респ Чеченская, г Урус-Мартан, ул им.Шейха Солса-Хаджи Яндарова, д 34",https://mirsud-chr.ru/,mirsud-chr.ru,нет,20MS0024
Республика Чеченская,Урус-Мартан,,Судебный участок № 25 по Урус-Мартановскому району Чеченской Республики,MS,Мировой суд,"366523, Респ Чеченская, г Урус-Мартан, ул им.Шейха Солса-Хаджи Яндарова, д 34",https://mirsud-chr.ru/,mirsud-chr.ru,нет,20MS0025
Республика Чеченская,Урус-Мартан,,Судебный участок № 26 по Урус-Мартановскому району Чеченской Республики,MS,Мировой суд,"366523, Респ Чеченская, г Урус-Мартан, ул им.Шейха Солса-Хаджи Яндарова, д 34",https://mirsud-chr.ru/,mirsud-chr.ru,нет,20MS0026
Республика Чеченская,Урус-Мартан,,Судебный участок № 27 по Урус-Мартановскому району Чеченской Республики,MS,Мировой суд,"366523, Респ Чеченская, г Урус-Мартан, ул им.Шейха Солса-Хаджи Яндарова, д 34",https://mirsud-chr.ru/,mirsud-chr.ru,нет,20MS0027
Республика Чеченская,Урус-Мартан,,Судебный участок № 28 по Урус-Мартановскому району Чеченской Республики,MS,Мировой суд,"366523, Респ Чеченская, г Урус-Мартан, ул им.Шейха Солса-Хаджи Яндарова, д 34",https://mirsud-chr.ru/,mirsud-chr.ru,нет,20MS0028
Республика Чеченская,Урус-Мартан,,Судебный участок № 29 по Урус-Мартановскому району Чеченской Республики,MS,Мировой суд,"366523, Респ Чеченская, г Урус-Мартан, ул им.Шейха Солса-Хаджи Яндарова, д 34",https://mirsud-chr.ru/,mirsud-chr.ru,нет,20MS0029
Республика Чеченская,Шали,,Судебный участок № 30 по Шалинскому району Чеченской Республики,MS,Мировой суд,"366325, Респ Чеченская, г Шали, ул Ахмата Абдулхамидовича Кадырова, д 27",https://mirsud-chr.ru/,mirsud-chr.ru,нет,20MS0030
Республика Чеченская,Шали,,Судебный участок № 31 по Шалинскому району Чеченской Республики,MS,Мировой суд,"366325, Респ Чеченская, г Шали, ул Ахмата Абдулхамидовича Кадырова, д 27",https://mirsud-chr.ru/,mirsud-chr.ru,нет,20MS0031
Республика Чеченская,Шали,,Судебный участок № 32 по Шалинскому району Чеченской Республики,MS,Мировой суд,"366325, Респ Чеченская, г Шали, ул Ахмата Абдулхамидовича Кадырова, д 27",https://mirsud-chr.ru/,mirsud-chr.ru,нет,20MS0032
Республика Чеченская,Шали,,Судебный участок № 33 по Шалинскому району Чеченской Республики,MS,Мировой суд,"366325, Респ Чеченская, г Шали, ул Ахмата Абдулхамидовича Кадырова, д 27",https://mirsud-chr.ru/,mirsud-chr.ru,нет,20MS0033
Республика Чеченская,Шали,,Судебный участок № 34 по Шалинскому району Чеченской Республики,MS,Мировой суд,"366325, Респ Чеченская, г Шали, ул Ахмата Абдулхамидовича Кадырова, д 27",https://mirsud-chr.ru/,mirsud-chr.ru,нет,20MS0034
Республика Чеченская,Шатой,,Судебный участок № 64 по Шатойскому району Чеченской Республики,MS,Мировой суд,"366405, Респ Чеченская, с Шатой, ул Астемира Шатойского, д 1",https://mirsud-chr.ru/,mirsud-chr.ru,нет,20MS0064
Республика Чеченская,Шатой,,Судебный участок № 65 по Итум-Калинскому району Чеченской Республики,MS,Мировой суд,"366405, Респ Чеченская, с Шатой, ул Астемира Шатойского, д 1",https://mirsud-chr.ru/,mirsud-chr.ru,нет,20MS0065
Республика Чеченская,Шатой,,Судебный участок № 66 по Шаройскому району Чеченской Республики,MS,Мировой суд,"366405, Респ Чеченская, с Шатой, ул Астемира Шатойского, д 1",https://mirsud-chr.ru/,mirsud-chr.ru,нет,20MS0066
Республика Чеченская,Шелковская,,Судебный участок № 51 по Шелковскому району Чеченской Республики,MS,Мировой суд,"366108, Респ Чеченская, Шелковской р-н, г Шелковская, ул Кооперативная, д 10",https://mirsud-chr.ru/,mirsud-chr.ru,нет,20MS0051
Республика Чеченская,Шелковская,,Судебный участок № 52 по Шелковскому району Чеченской Республики,MS,Мировой суд,"366108, Респ Чеченская, Шелковской р-н, г Шелковская, ул Кооперативная, д 10",https://mirsud-chr.ru/,mirsud-chr.ru,нет,20MS0052
Республика Чеченская,Шелковская,,Судебный участок № 53 по Шелковскому району Чеченской Республики,MS,Мировой суд,"366108, Респ Чеченская, Шелковской р-н, г Шелковская, ул Кооперативная, д 10",https://mirsud-chr.ru/,mirsud-chr.ru,нет,20MS0053
Томская область,Александровское,,Судебный участок Александровского судебного района Томской области,MS,Мировой суд,"636760, Томская обл, с Александровское, ул Советская, д 18",https://al.tms.msudrf.ru/,al.tms.msudrf.ru,нет,70MS0001
Томская область,Асино,,Судебный участок № 1 Асиновского судебного района Томской области,MS,Мировой суд,"636840, Томская обл, г Асино, ул Советская, д 26",https://asi1.tms.msudrf.ru/,asi1.tms.msudrf.ru,нет,70MS0002
Томская область,Асино,,Судебный участок № 2 Асиновского судебного района Томской области,MS,Мировой суд,"636840, Томская обл, г Асино, ул Советская, д 26",https://asi2.tms.msudrf.ru/,asi2.tms.msudrf.ru,нет,70MS0003
Томская область,Бакчар,,Судебный участок Бакчарского судебного района Томской области,MS,Мировой суд,"636200, Томская обл, с Бакчар, ул Ленина, д 52",https://bak.tms.msudrf.ru/,bak.tms.msudrf.ru,нет,70MS0005
Томская область,Белый Яр,,Судебный участок Верхнекетского судебного района Томской области,MS,Мировой суд,"636500, Томская обл, рп Белый Яр, ул Котовского, д 1 стр 1",https://verh.tms.msudrf.ru/,verh.tms.msudrf.ru,нет,70MS0006
Томская область,Зырянское,,Судебный участок Зырянского судебного района Томской области,MS,Мировой суд,"636850, Томская обл, с Зырянское, ул Советская, д 111",https://zyr.tms.msudrf.ru/,zyr.tms.msudrf.ru,нет,70MS0007
Томская область,Каргасок,,Судебный участок Каргасокского судебного района Томской области,MS,Мировой суд,"636700, Томская обл, с Каргасок, ул Учебная, зд 10",https://karg.tms.msudrf.ru/,karg.tms.msudrf.ru,нет,70MS0008
Томская область,Кедровый,,Судебный участок Кедровского судебного района Томской области,MS,Мировой суд,"636615, Томская обл, г Кедровый, мкр 1-й, д 41",https://kedr.tms.msudrf.ru/,kedr.tms.msudrf.ru,нет,70MS0009
Томская область,Кожевниково,,Судебный участок Кожевниковского судебного района Томской области,MS,Мировой суд,"636161, Томская обл, с Кожевниково, ул Ленина, д 6",https://kozh.tms.msudrf.ru/,kozh.tms.msudrf.ru,нет,70MS0015
Томская область,Колпашево,,Судебный участок № 1 Колпашевского судебного района Томской области,MS,Мировой суд,"636460, Томская обл, г Колпашево, ул Комсомольская, д 7",https://kol1.tms.msudrf.ru/,kol1.tms.msudrf.ru,нет,70MS0016
Томская область,Колпашево,,Судебный участок № 2 Колпашевского судебного района Томской области,MS,Мировой суд,"636460, Томская обл, г Колпашево, ул Комсомольская, д 7",https://kol2.tms.msudrf.ru/,kol2.tms.msudrf.ru,нет,70MS0017
Томская область,Колпашево,,Судебный участок № 3 Колпашевского судебного района Томской области,MS,Мировой суд,"636460, Томская обл, г Колпашево, ул Комсомольская, д 7",https://kol3.tms.msudrf.ru/,kol3.tms.msudrf.ru,нет,70MS0018
Томская область,Кривошеино,,Судебный участок Кривошеинского судебного района Томской области,MS,Мировой суд,"636300, Томская обл, с Кривошеино, ул Октябрьская, зд 35",https://kriv.tms.msudrf.ru/,kriv.tms.msudrf.ru,нет,70MS0019
Томская область,Мельниково,,Судебный участок Шегарского судебного района Томской области,MS,Мировой суд,"636130, Томская обл, с Мельниково, ул Московская, д 24",https://mel.tms.msudrf.ru/,mel.tms.msudrf.ru,нет,70MS0055
Томская область,Молчаново,,Судебный участок Молчановского судебного района Томской области,MS,Мировой суд,"636330, Томская обл, с Молчаново, ул Димитрова, д 72",https://mol.tms.msudrf.ru/,mol.tms.msudrf.ru,нет,70MS0025
Томская область,Парабель,,Судебный участок Парабельского судебного района Томской области,MS,Мировой суд,"636600, Томская обл, с Парабель, ул Свердлова, д 5",https://par.tms.msudrf.ru/,par.tms.msudrf.ru,нет,70MS0033
Томская область,Первомайское,,Судебный участок Первомайского судебного района Томской области,MS,Мировой суд,"636930, Томская обл, с Первомайское, ул Больничная, д 32",https://per.tms.msudrf.ru/,per.tms.msudrf.ru,нет,70MS0034
Томская область,Подгорное,,Судебный участок Чаинского судебного района Томской области,MS,Мировой суд,"636400, Томская обл, с Подгорное, ул Подгорная, д 29",https://podg.tms.msudrf.ru/,podg.tms.msudrf.ru,нет,70MS0054
Томская область,Северск,,Судебный участок № 1 Северского судебного района Томской области,MS,Мировой суд,"636035, Томская обл, г Северск, ул Мира, д 6",https://sev1.tms.msudrf.ru/,sev1.tms.msudrf.ru,нет,70MS0035
Томская область,Северск,,Судебный участок № 2 Северского судебного района Томской области,MS,Мировой суд,"636035, Томская обл, г Северск, ул Мира, д 6",https://sev2.tms.msudrf.ru/,sev2.tms.msudrf.ru,нет,70MS0036
Томская область,Северск,,Судебный участок № 3 Северского судебного района Томской области,MS,Мировой суд,"636035, Томская обл, г Северск, ул Мира, д 6",https://sev3.tms.msudrf.ru/,sev3.tms.msudrf.ru,нет,70MS0037
Томская область,Северск,,Судебный участок № 4 Северского судебного района Томской области,MS,Мировой суд,"636035, Томская обл, г Северск, ул Мира, д 6",https://sev4.tms.msudrf.ru/,sev4.tms.msudrf.ru,нет,70MS0038
Томская область,Северск,,Судебный участок № 5 Северского судебного района Томской области,MS,Мировой суд,"636035, Томская обл, г Северск, ул Мира, д 6",https://sev5.tms.msudrf.ru/,sev5.tms.msudrf.ru,нет,70MS0039
Томская область,Стрежевой,,Судебный участок № 1 Стрежевского судебного района Томской области,MS,Мировой суд,"636780, Томская обл, г Стрежевой, ул Буровиков, д 18",https://str1.tms.msudrf.ru/,str1.tms.msudrf.ru,нет,70MS0046
Томская область,Стрежевой,,Судебный участок № 2 Стрежевского судебного района Томской области,MS,Мировой суд,"636780, Томская обл, г Стрежевой, ул Буровиков, д 18",https://str2.tms.msudrf.ru/,str2.tms.msudrf.ru,нет,70MS0047
Томская область,Стрежевой,,Судебный участок № 3 Стрежевского судебного района Томской области,MS,Мировой суд,"636780, Томская обл, г Стрежевой, ул Буровиков, д 18",https://str3.tms.msudrf.ru/,str3.tms.msudrf.ru,нет,70MS0048
Томская область,Тегульдет,,Судебный участок Тегульдетского судебного района Томской области,MS,Мировой суд,"636900, Томская обл, с Тегульдет, ул Ленина, д 85",https://teg.tms.msudrf.ru/,teg.tms.msudrf.ru,нет,70MS0049
Томская область,Томск,,Судебный участок № 1 Кировского судебного района г. Томска,MS,Мировой суд,"634027, г Томск, ул Смирнова, д 9, кв 212",https://kir1.tms.msudrf.ru/,kir1.tms.msudrf.ru,нет,70MS0010
Томская область,Томск,,Судебный участок № 1 Ленинского судебного района г. Томска,MS,Мировой суд,"634027, г Томск, ул Смирнова, д 9, кв 312",https://len1.tms.msudrf.ru/,len1.tms.msudrf.ru,нет,70MS0020
Томская область,Томск,,Судебный участок № 1 Октябрьского судебного района г. Томска,MS,Мировой суд,"634049, г Томск, ул Рабочая, д 21А к 115",https://okt1.tms.msudrf.ru/,okt1.tms.msudrf.ru,нет,70MS0026
Томская область,Томск,,Судебный участок № 1 Советского судебного района г. Томска,MS,Мировой суд,"634027, г Томск, ул Смирнова, д 9, кв 412",https://sov1.tms.msudrf.ru/,sov1.tms.msudrf.ru,нет,70MS0040
Томская область,Томск,,Судебный участок № 1 Томского судебного района Томской области,MS,Мировой суд,"634027, г Томск, ул Смирнова, д 9, кв 304",https://tom1.tms.msudrf.ru/,tom1.tms.msudrf.ru,нет,70MS0050
Томская область,Томск,,Судебный участок № 2 Кировского судебного района г. Томска,MS,Мировой суд,"634027, г Томск, ул Смирнова, д 9, кв 211",https://kir2.tms.msudrf.ru/,kir2.tms.msudrf.ru,нет,70MS0011
Томская область,Томск,,Судебный участок № 2 Ленинского судебного района г. Томска,MS,Мировой суд,"634027, г Томск, ул Смирнова, д 9, кв 310",https://len2.tms.msudrf.ru/,len2.tms.msudrf.ru,нет,70MS0021
Томская область,Томск,,Судебный участок № 2 Октябрьского судебного района г. Томска,MS,Мировой суд,"634049, г Томск, ул Рабочая, д 21А к 111",https://okt2.tms.msudrf.ru/,okt2.tms.msudrf.ru,нет,70MS0027
Томская область,Томск,,Судебный участок № 2 Советского судебного района г. Томска,MS,Мировой суд,"634027, г Томск, ул Смирнова, д 9, кв 410",https://sov2.tms.msudrf.ru/,sov2.tms.msudrf.ru,нет,70MS0041
Томская область,Томск,,Судебный участок № 2 Томского судебного района Томской области,MS,Мировой суд,"634027, г Томск, ул Смирнова, д 9, кв 402",https://tom2.tms.msudrf.ru/,tom2.tms.msudrf.ru,нет,70MS0051
Томская область,Томск,,Судебный участок № 3 Кировского судебного района г. Томска,MS,Мировой суд,"634027, г Томск, ул Смирнова, д 9, кв 214",https://kir3.tms.msudrf.ru/,kir3.tms.msudrf.ru,нет,70MS0012
Томская область,Томск,,Судебный участок № 3 Ленинского судебного района г. Томска,MS,Мировой суд,"634027, г Томск, ул Смирнова, д 9, кв 311",https://len3.tms.msudrf.ru/,len3.tms.msudrf.ru,нет,70MS0022
Томская область,Томск,,Судебный участок № 3 Октябрьского судебного района г. Томска,MS,Мировой суд,"634049, г Томск, ул Рабочая, д 21А к 113",https://okt3.tms.msudrf.ru/,okt3.tms.msudrf.ru,нет,70MS0028
Томская область,Томск,,Судебный участок № 3 Советского судебного района г. Томска,MS,Мировой суд,"634027, г Томск, ул Смирнова, д 9, кв 408",https://sov3.tms.msudrf.ru/,sov3.tms.msudrf.ru,нет,70MS0042
Томская область,Томск,,Судебный участок № 3 Томского судебного района Томской области,MS,Мировой суд,"634027, г Томск, ул Смирнова, д 9, кв 302",https://tom3.tms.msudrf.ru/,tom3.tms.msudrf.ru,нет,70MS0052
Томская область,Томск,,Судебный участок № 4 Кировского судебного района г. Томска,MS,Мировой суд,"634027, г Томск, ул Смирнова, д 9, кв 210",https://kir4.tms.msudrf.ru/,kir4.tms.msudrf.ru,нет,70MS0013
Томская область,Томск,,Судебный участок № 4 Ленинского судебного района г. Томска,MS,Мировой суд,"634027, г Томск, ул Смирнова, д 9, кв 308",https://len4.tms.msudrf.ru/,len4.tms.msudrf.ru,нет,70MS0023
Томская область,Томск,,Судебный участок № 4 Октябрьского судебного района г. Томска,MS,Мировой суд,"634049, г Томск, ул Рабочая, д 21А к 116",https://okt4.tms.msudrf.ru/,okt4.tms.msudrf.ru,нет,70MS0029
Томская область,Томск,,Судебный участок № 4 Советского судебного района г. Томска,MS,Мировой суд,"634027, г Томск, ул Смирнова, д 9, кв 411",https://sov4.tms.msudrf.ru/,sov4.tms.msudrf.ru,нет,70MS0043
Томская область,Томск,,Судебный участок № 4 Томского судебного района Томской области,MS,Мировой суд,"634027, г Томск, ул Смирнова, д 9, кв 404",https://tom4.tms.msudrf.ru/,tom4.tms.msudrf.ru,нет,70MS0053
Томская область,Томск,,Судебный участок № 5 Кировского судебного района г. Томска,MS,Мировой суд,"634027, г Томск, ул Смирнова, д 9, кв 217",https://kir5.tms.msudrf.ru/,kir5.tms.msudrf.ru,нет,70MS0014
Томская область,Томск,,Судебный участок № 5 Ленинского судебного района г. Томска,MS,Мировой суд,"634027, г Томск, ул Смирнова, д 9, кв 306",https://len5.tms.msudrf.ru/,len5.tms.msudrf.ru,нет,70MS0024
Томская область,Томск,,Судебный участок № 5 Октябрьского судебного района г. Томска,MS,Мировой суд,"634049, г Томск, ул Рабочая, д 21А к 110",https://okt5.tms.msudrf.ru/,okt5.tms.msudrf.ru,нет,70MS0030
Томская область,Томск,,Судебный участок № 5 Советского судебного района г. Томска,MS,Мировой суд,"634027, г Томск, ул Смирнова, д 9, кв 407",https://sov5.tms.msudrf.ru/,sov5.tms.msudrf.ru,нет,70MS0044
Томская область,Томск,,Судебный участок № 6 Ленинского судебного района города Томска,MS,Мировой суд,"634027, г Томск, ул Смирнова, д 9, кв 221",https://len6.tms.msudrf.ru/,len6.tms.msudrf.ru,нет,70MS0057
Томская область,Томск,,Судебный участок № 6 Октябрьского судебного района г. Томска,MS,Мировой суд,"634049, г Томск, ул Рабочая, д 21А к 119",https://okt6.tms.msudrf.ru/,okt6.tms.msudrf.ru,нет,70MS0031
Томская область,Томск,,Судебный участок № 6 Советского судебного района г. Томска,MS,Мировой суд,"634027, г Томск, ул Смирнова, д 9, кв 406",https://sov6.tms.msudrf.ru/,sov6.tms.msudrf.ru,нет,70MS0045
Томская область,Томск,,Судебный участок № 7 Октябрьского судебного района г. Томска,MS,Мировой суд,"634049, г Томск, ул Рабочая, д 21А к 105",https://okt7.tms.msudrf.ru/,okt7.tms.msudrf.ru,нет,70MS0032
Томская область,Томск,,Судебный участок № 8 Октябрьского судебного района города Томска,MS,Мировой суд,"634049, г Томск, ул Рабочая, д 21А к 114",https://okt8.tms.msudrf.ru/,okt8.tms.msudrf.ru,нет,70MS0058
Амурская область,Архара,,Архаринский окружной судебный участок,MS,Мировой суд,"676740, Амурская обл, пгт Архара, ул Ленина, д 90",https://arhr.amr.msudrf.ru/,arhr.amr.msudrf.ru,нет,28MS0001
Амурская область,Белогорск,,Белогорский городской судебный участок № 1,MS,Мировой суд,"676856, Амурская обл, г Белогорск, ул 9 Мая, зд 188",https://bel1.amr.msudrf.ru/,bel1.amr.msudrf.ru,нет,28MS0002
Амурская область,Белогорск,,Белогорский городской судебный участок № 2,MS,Мировой суд,"676856, Амурская обл, г Белогорск, ул 9 Мая, зд 188",https://bel2.amr.msudrf.ru/,bel2.amr.msudrf.ru,нет,28MS0003
Амурская область,Белогорск,,Белогорский городской судебный участок № 3,MS,Мировой суд,"676856, Амурская обл, г Белогорск, ул 9 Мая, зд 188",https://bel3.amr.msudrf.ru/,bel3.amr.msudrf.ru,нет,28MS0004
Амурская область,Белогорск,,Белогорский окружной судебный участок,MS,Мировой суд,"676856, Амурская обл, г Белогорск, ул 9 Мая, зд 188",https://belr.amr.msudrf.ru/,belr.amr.msudrf.ru,нет,28MS0005
Амурская область,Благовещенск,,Благовещенский городской судебный участок № 1,MS,Мировой суд,"675005, г Благовещенск, ул Чайковского, д 95/3",https://blag1.amr.msudrf.ru/,blag1.amr.msudrf.ru,нет,28MS0006
Амурская область,Благовещенск,,Благовещенский городской судебный участок № 10,MS,Мировой суд,"675005, г Благовещенск, ул Чайковского, д 95/3",https://blag10.amr.msudrf.ru/,blag10.amr.msudrf.ru,нет,28MS0015
Амурская область,Благовещенск,,Благовещенский городской судебный участок № 2,MS,Мировой суд,"675005, г Благовещенск, ул Чайковского, д 95/3",https://blag2.amr.msudrf.ru/,blag2.amr.msudrf.ru,нет,28MS0007
Амурская область,Благовещенск,,Благовещенский городской судебный участок № 3,MS,Мировой суд,"675005, г Благовещенск, ул Чайковского, д 95/3",https://blag3.amr.msudrf.ru/,blag3.amr.msudrf.ru,нет,28MS0008
Амурская область,Благовещенск,,Благовещенский городской судебный участок № 4,MS,Мировой суд,"675005, г Благовещенск, ул Чайковского, д 95/3",https://blag4.amr.msudrf.ru/,blag4.amr.msudrf.ru,нет,28MS0009
Амурская область,Благовещенск,,Благовещенский городской судебный участок № 5,MS,Мировой суд,"675005, г Благовещенск, ул Чайковского, д 95/3",https://blag5.amr.msudrf.ru/,blag5.amr.msudrf.ru,нет,28MS0010
Амурская область,Благовещенск,,Благовещенский городской судебный участок № 6,MS,Мировой суд,"675005, г Благовещенск, ул Чайковского, д 95/3",https://blag6.amr.msudrf.ru/,blag6.amr.msudrf.ru,нет,28MS0011
Амурская область,Благовещенск,,Благовещенский городской судебный участок № 7,MS,Мировой суд,"675005, г Благовещенск, ул Чайковского, д 95/3",https://blag7.amr.msudrf.ru/,blag7.amr.msudrf.ru,нет,28MS0012
Амурская область,Благовещенск,,Благовещенский городской судебный участок № 8,MS,Мировой суд,"675005, г Благовещенск, ул Чайковского, д 95/3",https://blag8.amr.msudrf.ru/,blag8.amr.msudrf.ru,нет,28MS0013
Амурская область,Благовещенск,,Благовещенский городской судебный участок № 9,MS,Мировой суд,"675005, г Благовещенск, ул Чайковского, д 95/3",https://blag9.amr.msudrf.ru/,blag9.amr.msudrf.ru,нет,28MS0014
Амурская область,Благовещенск,,Благовещенский окружной судебный участок,MS,Мировой суд,"675001, г Благовещенск, ул Красноармейская, д 110",https://blagr.amr.msudrf.ru/,blagr.amr.msudrf.ru,нет,28MS0016
Амурская область,Екатеринославка,,Октябрьский районный судебный участок,MS,Мировой суд,"676630, Амурская обл, с Екатеринославка, ул Ленина, д 92",https://oktr.amr.msudrf.ru/,oktr.amr.msudrf.ru,нет,28MS0029
Амурская область,Завитинск,,Завитинский окружной судебный участок,MS,Мировой суд,"676870, Амурская обл, г Завитинск, пер Почтовый, стр 1А",https://zavr.amr.msudrf.ru/,zavr.amr.msudrf.ru,нет,28MS0019
Амурская область,Зея,,Зейский городской судебный участок,MS,Мировой суд,"676246, Амурская обл, г Зея, ул Октябрьская, д 44",https://zeya.amr.msudrf.ru/,zeya.amr.msudrf.ru,нет,28MS0020
Амурская область,Зея,,Зейский районный судебный участок,MS,Мировой суд,"676246, Амурская обл, г Зея, ул Октябрьская, д 44",https://zeyar.amr.msudrf.ru/,zeyar.amr.msudrf.ru,нет,28MS0021
Амурская область,Ивановка,,Ивановский окружной судебный участок № 1,MS,Мировой суд,"676930, Амурская обл, с Ивановка, ул Ленина, д 91",https://ivr1.amr.msudrf.ru/,ivr1.amr.msudrf.ru,нет,28MS0022
Амурская область,Ивановка,,Ивановский окружной судебный участок № 2,MS,Мировой суд,"676930, Амурская обл, с Ивановка, ул Ленина, д 91",https://ivr2.amr.msudrf.ru/,ivr2.amr.msudrf.ru,нет,28MS0023
Амурская область,Константиновка,,Константиновский районный судебный участок,MS,Мировой суд,"676980, Амурская обл, с Константиновка, ул Кирпичная, зд 3",https://konsr.amr.msudrf.ru/,konsr.amr.msudrf.ru,нет,28MS0024
Амурская область,Магдагачи,,Магдагачинский окружной судебный участок № 1,MS,Мировой суд,"676124, Амурская обл, пгт Магдагачи, ул Ленина, д 29",https://magr1.amr.msudrf.ru/,magr1.amr.msudrf.ru,нет,28MS0025
Амурская область,Магдагачи,,Магдагачинский окружной судебный участок № 2,MS,Мировой суд,"676124, Амурская обл, пгт Магдагачи, ул Ленина, д 29",https://magr2.amr.msudrf.ru/,magr2.amr.msudrf.ru,нет,28MS0026
Амурская область,Новобурейский,,Бурейский окружной судебный участок № 1,MS,Мировой суд,"676720, Амурская обл, пгт Новобурейский, ул Горького, д 2",https://burr1.amr.msudrf.ru/,burr1.amr.msudrf.ru,нет,28MS0017
Амурская область,Новобурейский,,Бурейский окружной судебный участок № 2,MS,Мировой суд,"676720, Амурская обл, пгт Новобурейский, ул Горького, д 2",https://burr2.amr.msudrf.ru/,burr2.amr.msudrf.ru,нет,28MS0018
Амурская область,Новокиевский Увал,,Мазановский окружной судебный участок,MS,Мировой суд,"676530, Амурская обл, с Новокиевский Увал, ул Цветочная, зд 1",https://mazr.amr.msudrf.ru/,mazr.amr.msudrf.ru,нет,28MS0027
Амурская область,Поярково,,Михайловский районный судебный участок,MS,Мировой суд,"676680, Амурская обл, с Поярково, ул Советская, зд 18",https://mihr.amr.msudrf.ru/,mihr.amr.msudrf.ru,нет,28MS0028
Амурская область,Прогресс,,Прогрессовский судебный участок,MS,Мировой суд,"676790, Амурская обл, пгт Прогресс, ул Огарева, д 1",https://progr.amr.msudrf.ru/,progr.amr.msudrf.ru,нет,28MS0032
Амурская область,Райчихинск,,Райчихинский городской судебный участок № 1,MS,Мировой суд,"676770, Амурская обл, г Райчихинск, ул Победы, д 2",https://raich1.amr.msudrf.ru/,raich1.amr.msudrf.ru,нет,28MS0030
Амурская область,Райчихинск,,Райчихинский городской судебный участок № 2,MS,Мировой суд,"676770, Амурская обл, г Райчихинск, ул Победы, д 2",https://raich2.amr.msudrf.ru/,raich2.amr.msudrf.ru,нет,28MS0031
Амурская область,Ромны,,Ромненский окружной судебный участок,MS,Мировой суд,"676620, Амурская обл, с Ромны, ул Гагарина, д 17А",https://romr.amr.msudrf.ru/,romr.amr.msudrf.ru,нет,28MS0033
Амурская область,Свободный,,Свободненский городской судебный участок № 1,MS,Мировой суд,"676454, Амурская обл, г Свободный, ул Ленина, д 77",https://svob1.amr.msudrf.ru/,svob1.amr.msudrf.ru,нет,28MS0034
Амурская область,Свободный,,Свободненский городской судебный участок № 2,MS,Мировой суд,"676454, Амурская обл, г Свободный, ул Ленина, д 77",https://svob2.amr.msudrf.ru/,svob2.amr.msudrf.ru,нет,28MS0035
Амурская область,Свободный,,Свободненский городской судебный участок № 3,MS,Мировой суд,"676454, Амурская обл, г Свободный, ул Ленина, д 77",https://svob3.amr.msudrf.ru/,svob3.amr.msudrf.ru,нет,28MS0036
Амурская область,Свободный,,Свободненский районный судебный участок,MS,Мировой суд,"676454, Амурская обл, г Свободный, ул Ленина, д 77",https://svobr.amr.msudrf.ru/,svobr.amr.msudrf.ru,нет,28MS0037
Амурская область,Серышево,,Серышевский окружной судебный участок № 1,MS,Мировой суд,"676355, Амурская обл, пгт Серышево, ул Ленина, д 18",https://serr1.amr.msudrf.ru/,serr1.amr.msudrf.ru,нет,28MS0040
Амурская область,Серышево,,Серышевский окружной судебный участок № 2,MS,Мировой суд,"676355, Амурская обл, пгт Серышево, ул Ленина, д 18",https://serr2.amr.msudrf.ru/,serr2.amr.msudrf.ru,нет,28MS0041
Амурская область,Сковородино,,Сковородинский окружной судебный участок № 1,MS,Мировой суд,"676014, Амурская обл, г Сковородино, ул Победы, д 28",https://skovr1.amr.msudrf.ru/,skovr1.amr.msudrf.ru,нет,28MS0042
Амурская область,Сковородино,,Сковородинский окружной судебный участок № 2,MS,Мировой суд,"676014, Амурская обл, г Сковородино, ул Победы, д 28",https://skovr2.amr.msudrf.ru/,skovr2.amr.msudrf.ru,нет,28MS0043
Амурская область,Тамбовка,,Тамбовский окружной судебный участок,MS,Мировой суд,"676950, Амурская обл, с Тамбовка, ул 50 лет Октября, зд 23Б",https://tamr.amr.msudrf.ru/,tamr.amr.msudrf.ru,нет,28MS0047
Амурская область,Тында,,Тындинский городской судебный участок № 1,MS,Мировой суд,"676282, Амурская обл, г Тында, ул Красная Пресня, д 70",https://tind1.amr.msudrf.ru/,tind1.amr.msudrf.ru,нет,28MS0044
Амурская область,Тында,,Тындинский городской судебный участок № 2,MS,Мировой суд,"676282, Амурская обл, г Тында, ул Красная Пресня, д 70",https://tind2.amr.msudrf.ru/,tind2.amr.msudrf.ru,нет,28MS0045
Амурская область,Тында,,Тындинский окружной судебный участок,MS,Мировой суд,"676282, Амурская обл, г Тында, ул Красная Пресня, д 70",https://tindr.amr.msudrf.ru/,tindr.amr.msudrf.ru,нет,28MS0046
Амурская область,Февральск,,Селемджинский районный судебный участок № 2,MS,Мировой суд,"676572, Амурская обл, Селемджинский р-н, пгт Февральск, ул Енисейская, д 7А",https://selr2.amr.msudrf.ru/,selr2.amr.msudrf.ru,нет,28MS0039
Амурская область,Шимановск,,Шимановский городской судебный участок,MS,Мировой суд,"676306, Амурская обл, г Шимановск, ул Орджоникидзе, д 14",https://shim.amr.msudrf.ru/,shim.amr.msudrf.ru,нет,28MS0048
Амурская область,Шимановск,,Шимановский окружной судебный участок,MS,Мировой суд,"676306, Амурская обл, г Шимановск, ул Орджоникидзе, д 14",https://shimr.amr.msudrf.ru/,shimr.amr.msudrf.ru,нет,28MS0049
Амурская область,Экимчан,,Селемджинский районный судебный участок № 1,MS,Мировой суд,"676560, Амурская обл, пгт Экимчан, ул Комсомольская, д 16",https://selr1.amr.msudrf.ru/,selr1.amr.msudrf.ru,нет,28MS0038
Республика Марий Эл,Волжск,,Судебный участок № 15 Волжского судебного района,MS,Мировой суд,"425000, Респ Марий Эл, г Волжск, ул Матюшенко, д 2Б",https://1vol.mari.msudrf.ru/,1vol.mari.msudrf.ru,нет,12MS0015
Республика Марий Эл,Волжск,,Судебный участок № 16 Волжского судебного района,MS,Мировой суд,"425000, Респ Марий Эл, г Волжск, ул Матюшенко, д 2Б",https://2vol.mari.msudrf.ru/,2vol.mari.msudrf.ru,нет,12MS0016
Республика Марий Эл,Волжск,,Судебный участок № 17 Волжского судебного района,MS,Мировой суд,"425000, Респ Марий Эл, г Волжск, ул Матюшенко, д 2Б",https://3vol.mari.msudrf.ru/,3vol.mari.msudrf.ru,нет,12MS0017
Республика Марий Эл,Волжск,,Судебный участок № 18 Волжского судебного района,MS,Мировой суд,"425000, Респ Марий Эл, г Волжск, ул Матюшенко, д 2Б",https://1volr.mari.msudrf.ru/,1volr.mari.msudrf.ru,нет,12MS0019
Республика Марий Эл,Звенигово,,Судебный участок № 23 Звениговского судебного района,MS,Мировой суд,"425060, Респ Марий Эл, г Звенигово, ул Ленина, д 34",https://1zven.mari.msudrf.ru/,1zven.mari.msudrf.ru,нет,12MS0022
Республика Марий Эл,Звенигово,,Судебный участок № 24 Звениговского судебного района,MS,Мировой суд,"425060, Респ Марий Эл, г Звенигово, ул Ленина, д 34",https://2zven.mari.msudrf.ru/,2zven.mari.msudrf.ru,нет,12MS0023
Республика Марий Эл,Звенигово,,Судебный участок № 25 Звениговского судебного района,MS,Мировой суд,"425060, Респ Марий Эл, г Звенигово, ул Ленина, д 34",https://3zven.mari.msudrf.ru/,3zven.mari.msudrf.ru,нет,12MS0024
Республика Марий Эл,Йошкар-Ола,,Судебный участок № 1 Йошкар-Олинского судебного района,MS,Мировой суд,"424031, г Йошкар-Ола, ул Якова Эшпая, д 103",https://1yo.mari.msudrf.ru/,1yo.mari.msudrf.ru,нет,12MS0001
Республика Марий Эл,Йошкар-Ола,,Судебный участок № 10 Йошкар-Олинского судебного района,MS,Мировой суд,"424031, г Йошкар-Ола, ул Якова Эшпая, д 103",https://10yo.mari.msudrf.ru/,10yo.mari.msudrf.ru,нет,12MS0010
Республика Марий Эл,Йошкар-Ола,,Судебный участок № 11 Йошкар-Олинского судебного района,MS,Мировой суд,"424031, г Йошкар-Ола, ул Якова Эшпая, д 103",https://11yo.mari.msudrf.ru/,11yo.mari.msudrf.ru,нет,12MS0011
Республика Марий Эл,Йошкар-Ола,,Судебный участок № 12 Йошкар-Олинского судебного района,MS,Мировой суд,"424003, г Йошкар-Ола, пр-кт Ленинский, д 68",https://12yo.mari.msudrf.ru/,12yo.mari.msudrf.ru,нет,12MS0012
Республика Марий Эл,Йошкар-Ола,,Судебный участок № 13 Йошкар-Олинского судебного района,MS,Мировой суд,"424003, г Йошкар-Ола, пр-кт Ленинский, д 68",https://13yo.mari.msudrf.ru/,13yo.mari.msudrf.ru,нет,12MS0013
Республика Марий Эл,Йошкар-Ола,,Судебный участок № 14 Йошкар-Олинского судебного района,MS,Мировой суд,"424031, г Йошкар-Ола, ул Якова Эшпая, д 103",https://14yo.mari.msudrf.ru/,14yo.mari.msudrf.ru,нет,12MS0014
Республика Марий Эл,Йошкар-Ола,,Судебный участок № 2 Йошкар-Олинского судебного района,MS,Мировой суд,"424031, г Йошкар-Ола, ул Якова Эшпая, д 103",https://2yo.mari.msudrf.ru/,2yo.mari.msudrf.ru,нет,12MS0002
Республика Марий Эл,Йошкар-Ола,,Судебный участок № 3 Йошкар-Олинского судебного района,MS,Мировой суд,"424031, г Йошкар-Ола, ул Якова Эшпая, д 103",https://3yo.mari.msudrf.ru/,3yo.mari.msudrf.ru,нет,12MS0003
Республика Марий Эл,Йошкар-Ола,,Судебный участок № 4 Йошкар-Олинского судебного района,MS,Мировой суд,"424031, г Йошкар-Ола, ул Якова Эшпая, д 103",https://4yo.mari.msudrf.ru/,4yo.mari.msudrf.ru,нет,12MS0004
Республика Марий Эл,Йошкар-Ола,,Судебный участок № 42 Йошкар-Олинского судебного района,MS,Мировой суд,"424004, г Йошкар-Ола, ул Волкова, д 64",https://42yo.mari.msudrf.ru/,42yo.mari.msudrf.ru,нет,12MS0042
Республика Марий Эл,Йошкар-Ола,,Судебный участок № 5 Йошкар-Олинского судебного района,MS,Мировой суд,"424031, г Йошкар-Ола, ул Якова Эшпая, д 103",https://5yo.mari.msudrf.ru/,5yo.mari.msudrf.ru,нет,12MS0005
Республика Марий Эл,Йошкар-Ола,,Судебный участок № 6 Йошкар-Олинского судебного района,MS,Мировой суд,"424031, г Йошкар-Ола, ул Якова Эшпая, д 103",https://6yo.mari.msudrf.ru/,6yo.mari.msudrf.ru,нет,12MS0006
Республика Марий Эл,Йошкар-Ола,,Судебный участок № 7 Йошкар-Олинского судебного района,MS,Мировой суд,"424031, г Йошкар-Ола, ул Якова Эшпая, д 103",https://7yo.mari.msudrf.ru/,7yo.mari.msudrf.ru,нет,12MS0007
Республика Марий Эл,Йошкар-Ола,,Судебный участок № 8 Йошкар-Олинского судебного района,MS,Мировой суд,"424031, г Йошкар-Ола, ул Якова Эшпая, д 103",https://8yo.mari.msudrf.ru/,8yo.mari.msudrf.ru,нет,12MS0008
Республика Марий Эл,Йошкар-Ола,,Судебный участок № 9 Йошкар-Олинского судебного района,MS,Мировой суд,"424031, г Йошкар-Ола, ул Якова Эшпая, д 103",https://9yo.mari.msudrf.ru/,9yo.mari.msudrf.ru,нет,12MS0009
Республика Марий Эл,Килемары,,Судебный участок № 29 Медведевского судебного района,MS,Мировой суд,"425270, Респ Марий Эл, пгт Килемары, ул Феоктистова, д 4",https://1kil.mari.msudrf.ru/,1kil.mari.msudrf.ru,нет,12MS0025
Республика Марий Эл,Козьмодемьянск,,Судебный участок № 20 Горномароийского судебного района,MS,Мировой суд,"425350, Респ Марий Эл, г Козьмодемьянск, ул 8 Марта, д 16",https://1gor.mari.msudrf.ru/,1gor.mari.msudrf.ru,нет,12MS0020
Республика Марий Эл,Козьмодемьянск,,Судебный участок № 21 Горномароийского судебного района,MS,Мировой суд,"425350, Респ Марий Эл, г Козьмодемьянск, ул 8 Марта, д 16",https://2gor.mari.msudrf.ru/,2gor.mari.msudrf.ru,нет,12MS0021
Республика Марий Эл,Куженер,,Судебный участок № 40 Советского судебного района,MS,Мировой суд,"425550, Респ Марий Эл, пгт Куженер, ул Степана Лебедева, д 20А",https://1kuzh.mari.msudrf.ru/,1kuzh.mari.msudrf.ru,нет,12MS0026
Республика Марий Эл,Мари-Турек,,Судебный участок № 36 Сернурского судебного района,MS,Мировой суд,"425500, Респ Марий Эл, пгт Мари-Турек, ул Октябрьская, д 21",https://1mtr.mari.msudrf.ru/,1mtr.mari.msudrf.ru,нет,12MS0027
Республика Марий Эл,Медведево,,Судебный участок № 26 Медведевского судебного района,MS,Мировой суд,"425200, Респ Марий Эл, пгт Медведево, ул Юбилейная, д 12",https://1med.mari.msudrf.ru/,1med.mari.msudrf.ru,нет,12MS0028
Республика Марий Эл,Медведево,,Судебный участок № 27 Медведевского судебного района,MS,Мировой суд,"425200, Респ Марий Эл, пгт Медведево, ул Юбилейная, д 12",https://2med.mari.msudrf.ru/,2med.mari.msudrf.ru,нет,12MS0029
Республика Марий Эл,Медведево,,Судебный участок № 28 Медведевского судебного района,MS,Мировой суд,"425200, Респ Марий Эл, пгт Медведево, б-р 75-летия Победы, д 3",https://3med.mari.msudrf.ru/,3med.mari.msudrf.ru,нет,12MS0030
Республика Марий Эл,Медведево,,Судебный участок № 41 Медведевского судебного района,MS,Мировой суд,"425200, Респ Марий Эл, пгт Медведево, б-р 75-летия Победы, д 3",https://4med.mari.msudrf.ru/,4med.mari.msudrf.ru,нет,12MS0041
Республика Марий Эл,Морки,,Судебный участок № 31 Моркинского судебного района,MS,Мировой суд,"425122, Респ Марий Эл, пгт Морки, ул Механизаторов, д 50, помещ 2",https://1mor.mari.msudrf.ru/,1mor.mari.msudrf.ru,нет,12MS0031
Республика Марий Эл,Морки,,Судебный участок № 32 Моркинского судебного района,MS,Мировой суд,"425122, Респ Марий Эл, пгт Морки, ул Механизаторов, д 50, помещ 2",https://2mor.mari.msudrf.ru/,2mor.mari.msudrf.ru,нет,12MS0032
Республика Марий Эл,Новый Торъял,,Судебный участок № 39 Советского судебного района,MS,Мировой суд,"425430, Респ Марий Эл, пгт Новый Торъял, ул Юбилейная, д 8",https://1nov.mari.msudrf.ru/,1nov.mari.msudrf.ru,нет,12MS0033
Республика Марий Эл,Оршанка,,Судебный участок № 30 Медведевского судебного района,MS,Мировой суд,"425250, Респ Марий Эл, пгт Оршанка, ул Пролетарская, д 8",https://1orsh.mari.msudrf.ru/,1orsh.mari.msudrf.ru,нет,12MS0034
Республика Марий Эл,Параньга,,Судебный участок № 35 Сернурского судебного района,MS,Мировой суд,"425570, Респ Марий Эл, пгт Параньга, ул Тукаевская, д 80",https://1par.mari.msudrf.ru/,1par.mari.msudrf.ru,нет,12MS0035
Республика Марий Эл,Сернур,,Судебный участок № 34 Сернурского судебного района,MS,Мировой суд,"425450, Респ Марий Эл, пгт Сернур, ул Советская, д 8",https://2ser.mari.msudrf.ru/,2ser.mari.msudrf.ru,нет,12MS0037
Республика Марий Эл,Советский,,Судебный участок № 37 Советского судебного района,MS,Мировой суд,"425400, Респ Марий Эл, пгт Советский, ул Первомайская, д 4А",https://1sov.mari.msudrf.ru/,1sov.mari.msudrf.ru,нет,12MS0038
Республика Марий Эл,Советский,,Судебный участок № 38 Советского судебного района,MS,Мировой суд,"425400, Респ Марий Эл, пгт Советский, ул Первомайская, д 4А",https://2sov.mari.msudrf.ru/,2sov.mari.msudrf.ru,нет,12MS0039
Республика Марий Эл,Юрино,,Судебный участок № 22 Горномарийского судебного района,MS,Мировой суд,"425370, Респ Марий Эл, пгт Юрино, ул Карла Маркса, д 9А",https://1yri.mari.msudrf.ru/,1yri.mari.msudrf.ru,нет,12MS0040
Республика Карачаево-Черкесская,Адыге-Хабль,,Судебный участок № 1 Адыге-Хабльского судебного района,MS,Мировой суд,"369330, Респ Карачаево-Черкесская, аул Адыге-Хабль, ул Советская, д 15",https://adg-hablrn1.kchr.msudrf.ru/,adg-hablrn1.kchr.msudrf.ru,нет,09MS0024
Республика Карачаево-Черкесская,Зеленчукская,,Судебный участок № 1 Зеленчукского судебного района,MS,Мировой суд,"369140, Респ Карачаево-Черкесская, ст-ца Зеленчукская, ул Ленина, д 100",https://zelenrn1.kchr.msudrf.ru/,zelenrn1.kchr.msudrf.ru,нет,09MS0012
Республика Карачаево-Черкесская,Зеленчукская,,Судебный участок № 2 Зеленчукского судебного района,MS,Мировой суд,"369140, Респ Карачаево-Черкесская, ст-ца Зеленчукская, ул Ленина, д 100",https://zelenrn2.kchr.msudrf.ru/,zelenrn2.kchr.msudrf.ru,нет,09MS0013
Республика Карачаево-Черкесская,Зеленчукская,,Судебный участок № 3 Зеленчукского судебного района,MS,Мировой суд,"369140, Респ Карачаево-Черкесская, ст-ца Зеленчукская, ул Ленина, д 100",https://zelenrn3.kchr.msudrf.ru/,zelenrn3.kchr.msudrf.ru,нет,09MS0014
Республика Карачаево-Черкесская,Кавказский,,Судебный участок № 1 Прикубанского судебного района,MS,Мировой суд,"369100, Респ Карачаево-Черкесская, Прикубанский р-н, п Кавказский, ул Гагарина, д 2А",https://prikubrn1.kchr.msudrf.ru/,prikubrn1.kchr.msudrf.ru,нет,09MS0022
Республика Карачаево-Черкесская,Кавказский,,Судебный участок № 2 Прикубанского судебного района,MS,Мировой суд,"369100, Респ Карачаево-Черкесская, Прикубанский р-н, п Кавказский, ул Гагарина, д 2А",https://prikubrn2.kchr.msudrf.ru/,prikubrn2.kchr.msudrf.ru,нет,09MS0023
Республика Карачаево-Черкесская,Карачаевск,,Судебный участок № 1 Карачаевского судебного района,MS,Мировой суд,"369204, Респ Карачаево-Черкесская, г Карачаевск, ул Ленина, д 39",https://krchrn1.kchr.msudrf.ru/,krchrn1.kchr.msudrf.ru,нет,09MS0011
Республика Карачаево-Черкесская,Карачаевск,,Судебный участок № 1 судебного района г. Карачаевска,MS,Мировой суд,"369204, Респ Карачаево-Черкесская, г Карачаевск, ул Ленина, д 39",https://karachaevsk1.kchr.msudrf.ru/,karachaevsk1.kchr.msudrf.ru,нет,09MS0009
Республика Карачаево-Черкесская,Карачаевск,,Судебный участок № 2 судебного района г. Карачаевска,MS,Мировой суд,"369204, Респ Карачаево-Черкесская, г Карачаевск, ул Ленина, д 39",https://karachaevsk2.kchr.msudrf.ru/,karachaevsk2.kchr.msudrf.ru,нет,09MS0010
Республика Карачаево-Черкесская,Преградная,,Судебный участок № 1 Урупского судебного района,MS,Мировой суд,"369260, Респ Карачаево-Черкесская, ст-ца Преградная, ул Красная, д 110",https://uruprn1.kchr.msudrf.ru/,uruprn1.kchr.msudrf.ru,нет,09MS0025
Республика Карачаево-Черкесская,Усть-Джегута,,Судебный участок № 1 Усть-Джегутинского судебного района,MS,Мировой суд,"369300, Респ Карачаево-Черкесская, г Усть-Джегута, ул Калинина, д 95",https://ust-djegrn1.kchr.msudrf.ru/,ust-djegrn1.kchr.msudrf.ru,нет,09MS0017
Республика Карачаево-Черкесская,Усть-Джегута,,Судебный участок № 2 Усть-Джегутинского судебного района,MS,Мировой суд,"369300, Респ Карачаево-Черкесская, г Усть-Джегута, ул Калинина, д 95",https://ust-djegrn2.kchr.msudrf.ru/,ust-djegrn2.kchr.msudrf.ru,нет,09MS0018
Республика Карачаево-Черкесская,Усть-Джегута,,Судебный участок № 3 Усть-Джегутинского судебного района,MS,Мировой суд,"369300, Респ Карачаево-Черкесская, г Усть-Джегута, ул Калинина, д 95",https://ust-djegrn3.kchr.msudrf.ru/,ust-djegrn3.kchr.msudrf.ru,нет,09MS0019
Республика Карачаево-Черкесская,Учкекен,,Судебный участок № 1 Малокарачаевского судебного района,MS,Мировой суд,"369380, Респ Карачаево-Черкесская, с Учкекен, ул Ленина, зд 146",https://malokarrn1.kchr.msudrf.ru/,malokarrn1.kchr.msudrf.ru,нет,09MS0015
Республика Карачаево-Черкесская,Учкекен,,Судебный участок № 2 Малокарачаевского судебного района,MS,Мировой суд,"369380, Респ Карачаево-Черкесская, с Учкекен, ул Ленина, зд 146",https://malokarrn2.kchr.msudrf.ru/,malokarrn2.kchr.msudrf.ru,нет,09MS0016
Республика Карачаево-Черкесская,Хабез,,Судебный участок № 1 Хабезского судебного района,MS,Мировой суд,"369400, Респ Карачаево-Черкесская, аул Хабез, ул У.Хабекова, д 85",https://habezrn1.kchr.msudrf.ru/,habezrn1.kchr.msudrf.ru,нет,09MS0020
Республика Карачаево-Черкесская,Хабез,,Судебный участок № 2 Хабезского судебного района,MS,Мировой суд,"369400, Респ Карачаево-Черкесская, аул Хабез, ул У.Хабекова, д 85",https://habezrn2.kchr.msudrf.ru/,habezrn2.kchr.msudrf.ru,нет,09MS0021
Республика Карачаево-Черкесская,Черкесск,,Судебный участок № 1 судебного района г. Черкесска,MS,Мировой суд,"369000, г Черкесск, ул Им Ворошилова, д 16",https://cherkessk1.kchr.msudrf.ru/,cherkessk1.kchr.msudrf.ru,нет,09MS0001
Республика Карачаево-Черкесская,Черкесск,,Судебный участок № 2 судебного района г. Черкесска,MS,Мировой суд,"369000, г Черкесск, ул Им Ворошилова, д 16",https://cherkessk2.kchr.msudrf.ru/,cherkessk2.kchr.msudrf.ru,нет,09MS0002
Республика Карачаево-Черкесская,Черкесск,,Судебный участок № 3 судебного района г. Черкесска,MS,Мировой суд,"369000, г Черкесск, ул Им Ворошилова, д 16",https://cherkessk3.kchr.msudrf.ru/,cherkessk3.kchr.msudrf.ru,нет,09MS0003
Республика Карачаево-Черкесская,Черкесск,,Судебный участок № 4 судебного района г. Черкесска,MS,Мировой суд,"369000, г Черкесск, ул Им Ворошилова, д 16",https://cherkessk4.kchr.msudrf.ru/,cherkessk4.kchr.msudrf.ru,нет,09MS0004
Республика Карачаево-Черкесская,Черкесск,,Судебный участок № 5 судебного района г. Черкесска,MS,Мировой суд,"369000, г Черкесск, ул Им Ворошилова, д 16",https://cherkessk5.kchr.msudrf.ru/,cherkessk5.kchr.msudrf.ru,нет,09MS0005
Республика Карачаево-Черкесская,Черкесск,,Судебный участок № 6 судебного района г. Черкесска,MS,Мировой суд,"369000, г Черкесск, ул Им Ворошилова, д 16",https://cherkessk6.kchr.msudrf.ru/,cherkessk6.kchr.msudrf.ru,нет,09MS0006
Республика Карачаево-Черкесская,Черкесск,,Судебный участок № 7 судебного района г. Черкесска,MS,Мировой суд,"369000, г Черкесск, ул Им Ворошилова, д 16",https://cherkessk7.kchr.msudrf.ru/,cherkessk7.kchr.msudrf.ru,нет,09MS0007
Республика Карачаево-Черкесская,Черкесск,,Судебный участок № 8 судебного района г. Черкесска,MS,Мировой суд,"369000, г Черкесск, ул Им Ворошилова, д 16",https://cherkessk8.kchr.msudrf.ru/,cherkessk8.kchr.msudrf.ru,нет,09MS0008
Республика Карачаево-Черкесская,Черкесск,,Судебный участок № 9 судебного района г. Черкесска,MS,Мировой суд,"369000, г Черкесск, ул Им Ворошилова, д 16",https://cherkessk9.kchr.msudrf.ru/,cherkessk9.kchr.msudrf.ru,нет,09MS0026
Еврейская автономная область,Амурзет,,Октябрьский судебный участок Ленинского судебного района,MS,Мировой суд,"679230, Еврейская Аобл, с Амурзет, ул Крупской, зд 9",https://oktyabrsky.eao.msudrf.ru/,oktyabrsky.eao.msudrf.ru,нет,79MS0008
Еврейская автономная область,Биробиджан,,Восточный судебный участок Биробиджанского судебного района,MS,Мировой суд,"679016, г Биробиджан, пер Театральный, д 10",https://vostochny.eao.msudrf.ru/,vostochny.eao.msudrf.ru,нет,79MS0002
Еврейская автономная область,Биробиджан,,Западный судебный участок Биробиджанского судебного района,MS,Мировой суд,"679016, г Биробиджан, пер Театральный, д 10",https://zapadny.eao.msudrf.ru/,zapadny.eao.msudrf.ru,нет,79MS0003
Еврейская автономная область,Биробиджан,,Левобережный судебный участок Биробиджанского судебного района,MS,Мировой суд,"679016, г Биробиджан, пер Театральный, д 10",https://levoberehny.eao.msudrf.ru/,levoberehny.eao.msudrf.ru,нет,79MS0004
Еврейская автономная область,Биробиджан,,Правобережный судебный участок Биробиджанского судебного района,MS,Мировой суд,"679016, г Биробиджан, пер Театральный, д 10",https://pravoberezhny.eao.msudrf.ru/,pravoberezhny.eao.msudrf.ru,нет,79MS0009
Еврейская автономная область,Биробиджан,,Районный судебный участок Биробиджанского судебного района,MS,Мировой суд,"679016, г Биробиджан, пер Театральный, д 10",https://birobidzhansky.eao.msudrf.ru/,birobidzhansky.eao.msudrf.ru,нет,79MS0001
Еврейская автономная область,Биробиджан,,Центральный судебный участок Биробиджанского судебного района,MS,Мировой суд,"679016, г Биробиджан, пер Театральный, д 10",https://centralny.eao.msudrf.ru/,centralny.eao.msudrf.ru,нет,79MS0012
Еврейская автономная область,Ленинское,,Ленинский судебный участок Ленинского судебного района,MS,Мировой суд,"679370, Еврейская Аобл, с Ленинское, ул Октябрьская, д 1А",https://leninsky.eao.msudrf.ru/,leninsky.eao.msudrf.ru,нет,79MS0005
Еврейская автономная область,Николаевка,,Николаевский судебный участок Смидовичского судебного района,MS,Мировой суд,"679170, Еврейская Аобл, Смидовичский р-н, п Николаевка, ул Строительная, д 10",https://nikolaevsky.eao.msudrf.ru/,nikolaevsky.eao.msudrf.ru,нет,79MS0006
Еврейская автономная область,Облучье,,Облученский судебный участок Облученского судебного района,MS,Мировой суд,"679102, Еврейская Аобл, г Облучье, ул Горького, д 56",https://obluchensky.eao.msudrf.ru/,obluchensky.eao.msudrf.ru,нет,79MS0007
Еврейская автономная область,Смидович,,Смидовичский судебный участок Смидовичского судебного района,MS,Мировой суд,"679150, Еврейская Аобл, п Смидович, ул Советская, д 65",https://smidovichsky.eao.msudrf.ru/,smidovichsky.eao.msudrf.ru,нет,79MS0010
Еврейская автономная область,Теплоозерск,,Теплоозерский судебный участок Облученского судебного района,MS,Мировой суд,"679110, Еврейская Аобл, Облученский р-н, п Теплоозерск, ул Бонивура, д 1А",https://teploozersky.eao.msudrf.ru/,teploozersky.eao.msudrf.ru,нет,79MS0011
Ненецкий автономный округ,Нарьян-Мар,,Судебный участок № 1 Ненецкого автономного округа,MS,Мировой суд,"166000, г Нарьян-Мар, ул им.В.И.Ленина, д 35А",https://1nao.arh.msudrf.ru/,1nao.arh.msudrf.ru,нет,29MS0070
Ненецкий автономный округ,Нарьян-Мар,,Судебный участок № 2 Ненецкого автономного округа,MS,Мировой суд,"166000, г Нарьян-Мар, ул им.В.И.Ленина, д 35А",https://2nao.arh.msudrf.ru/,2nao.arh.msudrf.ru,нет,29MS0071
Ненецкий автономный округ,Нарьян-Мар,,Судебный участок № 3 Ненецкого автономного округа,MS,Мировой суд,"166000, г Нарьян-Мар, ул им.В.И.Ленина, д 35А",https://3nao.arh.msudrf.ru/,3nao.arh.msudrf.ru,нет,29MS0072
