РЕГИОН,ГОРОД,РАЙОН,НАЗВАНИЕ,ТИП,ТИП_НАЗВАНИЕ,АДРЕС,САЙТ,ДОМЕН_SUDRF,ПАРСЕР,КОД
Краснодарский край,Абинск,Абинский,Абинский районный суд Краснодарского края,RS,"Районный, городской, межрайонный суд","353320, Краснодарский край, г Абинск, пр-кт Комсомольский, д 108",https://abinsk--krd.sudrf.ru/,abinsk--krd.sudrf.ru,да,23RS0001
Краснодарский край,Анапа,,Анапский городской суд Краснодарского края,RS,"Районный, городской, межрайонный суд","353440, Краснодарский край, г Анапа, ул Ленина, д 6",https://anapa-gor--krd.sudrf.ru/,anapa-gor--krd.sudrf.ru,да,23RS0003
Краснодарский край,Анапа,Анапский,Анапский районный суд Краснодарского края,RS,"Районный, городской, межрайонный суд","353440, Краснодарский край, г Анапа, ул Шевченко, д 241",https://anapa--krd.sudrf.ru/,anapa--krd.sudrf.ru,да,23RS0004
Краснодарский край,Апшеронск,Апшеронский,Апшеронский районный суд Краснодарского края,RS,"Районный, городской, межрайонный суд","352690, Краснодарский край, г Апшеронск, ул Ленина, д 73",https://apsheronsk--krd.sudrf.ru/,apsheronsk--krd.sudrf.ru,да,23RS0005
Краснодарский край,Армавир,,Армавирский городской суд Краснодарского края,RS,"Районный, городской, межрайонный суд","352901, Краснодарский край, г Армавир, ул Розы Люксембург, д 171, кв 173",https://armavir--krd.sudrf.ru/,armavir--krd.sudrf.ru,да,23RS0006
Краснодарский край,Белая Глина,Белоглинский,Белоглинский районный суд Краснодарского края,RS,"Районный, городской, межрайонный суд","353040, Краснодарский край, с Белая Глина, ул Красная, д 138",https://beloglinsk--krd.sudrf.ru/,beloglinsk--krd.sudrf.ru,да,23RS0007
Краснодарский край,Белореченск,Белореченский,Белореченский районный суд Краснодарского края,RS,"Районный, городской, межрайонный суд","352630, Краснодарский край, г Белореченск, ул Красная, д 63",https://belorechensk--krd.sudrf.ru/,belorechensk--krd.sudrf.ru,да,23RS0008
Краснодарский край,Брюховецкая,Брюховецкий,Брюховецкий районный суд Краснодарского края,RS,"Районный, городской, межрайонный суд","352750, Краснодарский край, ст-ца Брюховецкая, ул Красная, д 189",https://bruxovecky--krd.sudrf.ru/,bruxovecky--krd.sudrf.ru,да,23RS0009
Краснодарский край,Выселки,Выселковский,Выселковский районный суд Краснодарского края,RS,"Районный, городской, межрайонный суд","353100, Краснодарский край, ст-ца Выселки, ул Ленина, д 1",https://viselkovsky--krd.sudrf.ru/,viselkovsky--krd.sudrf.ru,да,23RS0010
Краснодарский край,Геленджик,,Геленджикский городской суд Краснодарского края,RS,"Районный, городской, межрайонный суд","353460, Краснодарский край, г Геленджик, ул Ленина, д 7",https://gelendjik-gor--krd.sudrf.ru/,gelendjik-gor--krd.sudrf.ru,да,23RS0011
Краснодарский край,Горячий Ключ,,Горячеключевской городской суд Краснодарского края,RS,"Районный, городской, межрайонный суд","353292, Краснодарский край, г Горячий Ключ, ул Ленина, д 20",https://gor-kluch--krd.sudrf.ru/,gor-kluch--krd.sudrf.ru,да,23RS0012
Краснодарский край,Гулькевичи,Гулькевичский,Гулькевичский районный суд Краснодарского края,RS,"Районный, городской, межрайонный суд","352190, Краснодарский край, г Гулькевичи, ул Советская, д 11",https://gulkevichi--krd.sudrf.ru/,gulkevichi--krd.sudrf.ru,да,23RS0013
Краснодарский край,Динская,Динской,Динской районный суд Краснодарского края,RS,"Районный, городской, межрайонный суд","353204, Краснодарский край, ст-ца Динская, ул Луначарского, д 46",https://dinskoy--krd.sudrf.ru/,dinskoy--krd.sudrf.ru,да,23RS0014
Краснодарский край,Ейск,,Ейский городской суд Краснодарского края,RS,"Районный, городской, межрайонный суд","353680, Краснодарский край, г Ейск, ул К.Либкнехта, д 62",https://eisk-gor--krd.sudrf.ru/,eisk-gor--krd.sudrf.ru,да,23RS0015
Краснодарский край,Ейск,Ейский,Ейский районный суд Краснодарского края,RS,"Районный, городской, межрайонный суд","353680, Краснодарский край, г Ейск, ул К.Либкнехта, д 62",https://eisk--krd.sudrf.ru/,eisk--krd.sudrf.ru,да,23RS0016
Краснодарский край,Кавказская,Кавказский,Кавказский районный суд Краснодарского края,RS,"Районный, городской, межрайонный суд","352140, Краснодарский край, ст-ца Кавказская, ул Ленина, д 164",https://kavkazsky--krd.sudrf.ru/,kavkazsky--krd.sudrf.ru,да,23RS0017
Краснодарский край,Калининская,Калининский,Калининский районный суд Краснодарского края,RS,"Районный, городской, межрайонный суд","353780, Краснодарский край, ст-ца Калининская, ул Советская, д 39",https://kalininsk--krd.sudrf.ru/,kalininsk--krd.sudrf.ru,да,23RS0018
Краснодарский край,Каневская,Каневской,Каневской районный суд Краснодарского края,RS,"Районный, городской, межрайонный суд","353730, Краснодарский край, ст-ца Каневская, ул Горького, д 51",https://kanevskay--krd.sudrf.ru/,kanevskay--krd.sudrf.ru,да,23RS0019
Краснодарский край,Кореновск,Кореновский,Кореновский районный суд Краснодарского края,RS,"Районный, городской, межрайонный суд","353180, Краснодарский край, г Кореновск, ул Красная, д 100",https://korenovsk--krd.sudrf.ru/,korenovsk--krd.sudrf.ru,да,23RS0020
Краснодарский край,Краснодар,,Краснодарский краевой суд,OS,Областной и равный ему суд,"350063, г Краснодар, ул Красная, д 10",https://kraevoi--krd.sudrf.ru/,kraevoi--krd.sudrf.ru,да,23OS0000
Краснодарский край,Краснодар,Ленинский,Ленинский районный суд г. Краснодара,RS,"Районный, городской, межрайонный суд","350051, г Краснодар, ул им. Федора Лузана, д 38",https://krasnodar-leninsky--krd.sudrf.ru/,krasnodar-leninsky--krd.sudrf.ru,да,23RS0031
Краснодарский край,Краснодар,Октябрьский,Октябрьский районный суд г. Краснодара,RS,"Районный, городской, межрайонный суд","350001, г Краснодар, ул Ставропольская, д 75/1",https://krasnodar-oktybrsky--krd.sudrf.ru/,krasnodar-oktybrsky--krd.sudrf.ru,да,23RS0036
Краснодарский край,Краснодар,Первомайский,Первомайский районный суд г. Краснодара,RS,"Районный, городской, межрайонный суд","350010, г Краснодар, ул Колхозная, д 92",https://pervomaisky--krd.sudrf.ru/,pervomaisky--krd.sudrf.ru,да,23RS0040
Краснодарский край,Краснодар,Прикубанский,Прикубанский районный суд г. Краснодара,RS,"Районный, городской, межрайонный суд","350049, г Краснодар, ул им. Тургенева, д 111",https://krasnodar-prikubansky--krd.sudrf.ru/,krasnodar-prikubansky--krd.sudrf.ru,да,23RS0041
Краснодарский край,Краснодар,Советский,Советский районный суд г. Краснодара,RS,"Районный, городской, межрайонный суд","350058, г Краснодар, ул Ставропольская, д 207",https://krasnodar-sovetsky--krd.sudrf.ru/,krasnodar-sovetsky--krd.sudrf.ru,да,23RS0047
Краснодарский край,Краснодар,,Четвертый кассационный суд общей юрисдикции,KJ,Кассационный суд общей юрисдикции,"350906, г Краснодар, ул Морская, д 3",https://4kas.sudrf.ru/,4kas.sudrf.ru,да,23KJ0004
Краснодарский край,Кропоткин,,Кропоткинский городской суд Краснодарского края,RS,"Районный, городской, межрайонный суд","352395, Краснодарский край, Кавказский р-н, г Кропоткин, ул Красная, д 147",https://kropotkin-gor--krd.sudrf.ru/,kropotkin-gor--krd.sudrf.ru,да,23RS0022
Краснодарский край,Крыловская,Крыловской,Крыловской районный суд Краснодарского края,RS,"Районный, городской, межрайонный суд","352080, Краснодарский край, ст-ца Крыловская, ул 151 Стрелковой дивизии, д 9",https://krilovskoy--krd.sudrf.ru/,krilovskoy--krd.sudrf.ru,да,23RS0023
Краснодарский край,Крымск,Крымский,Крымский районный суд Краснодарского края,RS,"Районный, городской, межрайонный суд","353380, Краснодарский край, г Крымск, ул Коммунистическая, д 32",https://krimsk--krd.sudrf.ru/,krimsk--krd.sudrf.ru,да,23RS0024
Краснодарский край,Курганинск,Курганинский,Курганинский районный суд Краснодарского края,RS,"Районный, городской, межрайонный суд","352430, Краснодарский край, г Курганинск, ул Первомайская, д 18",https://kurganinsk--krd.sudrf.ru/,kurganinsk--krd.sudrf.ru,да,23RS0025
Краснодарский край,Кущевская,Кущевский,Кущевский районный суд Краснодарского края,RS,"Районный, городской, межрайонный суд","352030, Краснодарский край, ст-ца Кущевская, пер Первомайский, д 78",https://kushevskoy--krd.sudrf.ru/,kushevskoy--krd.sudrf.ru,да,23RS0026
Краснодарский край,Лабинск,,Лабинский городской суд Краснодарского края,RS,"Районный, городской, межрайонный суд","352500, Краснодарский край, г Лабинск, ул Красная, д 19",https://labins-gor--krd.sudrf.ru/,labins-gor--krd.sudrf.ru,да,23RS0027
Краснодарский край,Лабинск,Лабинский,Лабинский районный суд Краснодарского края,RS,"Районный, городской, межрайонный суд","352500, Краснодарский край, г Лабинск, ул Красная, д 40",https://labinsk--krd.sudrf.ru/,labinsk--krd.sudrf.ru,да,23RS0028
Краснодарский край,Ленинградская,Ленинградский,Ленинградский районный суд Краснодарского края,RS,"Районный, городской, межрайонный суд","353740, Краснодарский край, ст-ца Ленинградская, ул Советов, д 32 к а",https://leningradskay--krd.sudrf.ru/,leningradskay--krd.sudrf.ru,да,23RS0030
Краснодарский край,Мостовской,Мостовской,Мостовской районный суд Краснодарского края,RS,"Районный, городской, межрайонный суд","352570, Краснодарский край, пгт Мостовской, ул Калинина, д 70",https://mostovskay--krd.sudrf.ru/,mostovskay--krd.sudrf.ru,да,23RS0033
Краснодарский край,Новокубанск,Новокубанский,Новокубанский районный суд Краснодарского края,RS,"Районный, городской, межрайонный суд","352240, Краснодарский край, г Новокубанск, ул Гагарина, д 65",https://novokubansk--krd.sudrf.ru/,novokubansk--krd.sudrf.ru,да,23RS0034
Краснодарский край,Новопокровская,Новопокровский,Новопокровский районный суд Краснодарского края,RS,"Районный, городской, межрайонный суд","353020, Краснодарский край, ст-ца Новопокровская, ул Ленина, д 89",https://novopokrovsky--krd.sudrf.ru/,novopokrovsky--krd.sudrf.ru,да,23RS0035
Краснодарский край,Новороссийск,Ленинский,Ленинский районный суд г. Новороссийска Краснодарского края,RS,"Районный, городской, межрайонный суд","353900, Краснодарский край, г Новороссийск, ул Жуковского, д 21",https://novorossisk-leninsky--krd.sudrf.ru/,novorossisk-leninsky--krd.sudrf.ru,да,23RS0032
Краснодарский край,Новороссийск,Октябрьский,Октябрьский районный суд г. Новороссийска Краснодарского края,RS,"Районный, городской, межрайонный суд","353900, Краснодарский край, г Новороссийск, ул Толстого, д 2А",https://novorossisk-oktybrsky--krd.sudrf.ru/,novorossisk-oktybrsky--krd.sudrf.ru,да,23RS0037
Краснодарский край,Новороссийск,Приморский,Приморский районный суд г. Новороссийска Краснодарского края,RS,"Районный, городской, межрайонный суд","353900, Краснодарский край, г Новороссийск, ул Индустриальная, д 3А",https://novorossisk-primorsky--krd.sudrf.ru/,novorossisk-primorsky--krd.sudrf.ru,да,23RS0042
Краснодарский край,Отрадная,Отрадненский,Отрадненский районный суд Краснодарского края,RS,"Районный, городской, межрайонный суд","352290, Краснодарский край, ст-ца Отрадная, ул Красная, д 67/5",https://otradnensky--krd.sudrf.ru/,otradnensky--krd.sudrf.ru,да,23RS0038
Краснодарский край,Павловская,Павловский,Павловский районный суд Краснодарского края,RS,"Районный, городской, межрайонный суд","352040, Краснодарский край, ст-ца Павловская, ул Ленина, д 23",https://pavlovsky--krd.sudrf.ru/,pavlovsky--krd.sudrf.ru,да,23RS0039
Краснодарский край,Полтавская,Красноармейский,Красноармейский районный суд Краснодарского края,RS,"Районный, городской, межрайонный суд","353800, Краснодарский край, ст-ца Полтавская, ул Коммунистическая, д 197",https://krasnoarmeisk--krd.sudrf.ru/,krasnoarmeisk--krd.sudrf.ru,да,23RS0021
Краснодарский край,Приморско-Ахтарск,Приморско-Ахтарский,Приморско-Ахтарский районный суд Краснодарского края,RS,"Районный, городской, межрайонный суд","353860, Краснодарский край, г Приморско-Ахтарск, ул Ленина, д 87",https://primorsko-axtarsky--krd.sudrf.ru/,primorsko-axtarsky--krd.sudrf.ru,да,23RS0043
Краснодарский край,Северская,Северский,Северский районный суд Краснодарского края,RS,"Районный, городской, межрайонный суд","353240, Краснодарский край, ст-ца Северская, ул Ленина, д 133",https://seversky--krd.sudrf.ru/,seversky--krd.sudrf.ru,да,23RS0044
Краснодарский край,Славянск-на-Кубани,,Славянский городской суд Краснодарского края,RS,"Районный, городской, межрайонный суд","353560, Краснодарский край, г Славянск-на-Кубани, ул Красная, д 32",https://slavynsk-gor--krd.sudrf.ru/,slavynsk-gor--krd.sudrf.ru,да,23RS0045
Краснодарский край,Славянск-на-Кубани,Славянский,Славянский районный суд Краснодарского края,RS,"Районный, городской, межрайонный суд","353560, Краснодарский край, г Славянск-на-Кубани, ул Красная, д 32",,,нет,23RS0046
Краснодарский край,Сочи,Адлерский,Адлерский районный суд г. Сочи Краснодарского края,RS,"Районный, городской, межрайонный суд","354340, Краснодарский край, г Сочи, р-н Адлерский внутригородской, ул Кирпичная, д 1А",https://sochi-adler--krd.sudrf.ru/,sochi-adler--krd.sudrf.ru,да,23RS0002
Краснодарский край,Сочи,Лазаревский,Лазаревский районный суд г. Сочи Краснодарского края,RS,"Районный, городской, межрайонный суд","354200, Краснодарский край, г Сочи, р-н Лазаревский внутригородской, ул Победы, д 69",https://sochi-lazarevsky--krd.sudrf.ru/,sochi-lazarevsky--krd.sudrf.ru,да,23RS0029
Краснодарский край,Сочи,,Третий апелляционный суд общей юрисдикции,AJ,Апелляционный суд общей юрисдикции,"354061, Краснодарский край, г Сочи, ул Советская, д 26А",https://3ap.sudrf.ru/,3ap.sudrf.ru,да,23AJ0003
Краснодарский край,Сочи,Хостинский,Хостинский районный суд г. Сочи Краснодарского края,RS,"Районный, городской, межрайонный суд","354002, Краснодарский край, г Сочи, пр-кт Курортный, д 106",https://sochi-xostinsky--krd.sudrf.ru/,sochi-xostinsky--krd.sudrf.ru,да,23RS0058
Краснодарский край,Сочи,Центральный,Центральный районный суд г. Сочи Краснодарского края,RS,"Районный, городской, межрайонный суд","354000, Краснодарский край, г Сочи, ул Горького, д 20",https://sochi-centralny--krd.sudrf.ru/,sochi-centralny--krd.sudrf.ru,да,23RS0059
Краснодарский край,Староминская,Староминской,Староминской районный суд Краснодарского края,RS,"Районный, городской, межрайонный суд","353600, Краснодарский край, ст-ца Староминская, ул В.Петренко, д 6",https://starominskay--krd.sudrf.ru/,starominskay--krd.sudrf.ru,да,23RS0048
Краснодарский край,Старощербиновская,Щербиновский,Щербиновский районный суд Краснодарского края,RS,"Районный, городской, межрайонный суд","353620, Краснодарский край, ст-ца Старощербиновская, ул Промышленная, д 8",https://sherbinovsky--krd.sudrf.ru/,sherbinovsky--krd.sudrf.ru,да,23RS0060
Краснодарский край,Тбилисская,Тбилисский,Тбилисский районный суд Краснодарского края,RS,"Районный, городской, межрайонный суд","352360, Краснодарский край, ст-ца Тбилисская, ул Октябрьская, д 186",https://tbilissky--krd.sudrf.ru/,tbilissky--krd.sudrf.ru,да,23RS0049
Краснодарский край,Темрюк,Темрюкский,Темрюкский районный суд Краснодарского края,RS,"Районный, городской, межрайонный суд","353500, Краснодарский край, г Темрюк, ул Таманская, д 25",https://temruksky--krd.sudrf.ru/,temruksky--krd.sudrf.ru,да,23RS0050
Краснодарский край,Тимашевск,Тимашевский,Тимашевский районный суд Краснодарского края,RS,"Районный, городской, межрайонный суд","352700, Краснодарский край, г Тимашевск, ул Красная, д 101",https://timashevsky--krd.sudrf.ru/,timashevsky--krd.sudrf.ru,да,23RS0051
Краснодарский край,Тихорецк,,Тихорецкий городской суд Краснодарского края,RS,"Районный, городской, межрайонный суд","352120, Краснодарский край, г Тихорецк, ул Октябрьская, д 23",https://tixoreck-gor--krd.sudrf.ru/,tixoreck-gor--krd.sudrf.ru,да,23RS0052
Краснодарский край,Тихорецк,Тихорецкий,Тихорецкий районный суд Краснодарского края,RS,"Районный, городской, межрайонный суд","352120, Краснодарский край, г Тихорецк, ул Октябрьская, д 23",https://tixoreck--krd.sudrf.ru/,tixoreck--krd.sudrf.ru,да,23RS0053
Краснодарский край,Туапсе,,Туапсинский городской суд Краснодарского края,RS,"Районный, городской, межрайонный суд","352800, Краснодарский край, г Туапсе, ул Победы, д 22",https://tuapse-gor--krd.sudrf.ru/,tuapse-gor--krd.sudrf.ru,да,23RS0054
Краснодарский край,Туапсе,Туапсинский,Туапсинский районный суд Краснодарского края,RS,"Районный, городской, межрайонный суд","352800, Краснодарский край, г Туапсе, ул Победы, д 22",https://tuapse--krd.sudrf.ru/,tuapse--krd.sudrf.ru,да,23RS0055
Краснодарский край,Успенское,Успенский,Успенский районный суд Краснодарского края,RS,"Районный, городской, межрайонный суд","352450, Краснодарский край, с Успенское, ул Ноздрачева, д 90",https://uspensky--krd.sudrf.ru/,uspensky--krd.sudrf.ru,да,23RS0056
Краснодарский край,Усть-Лабинск,Усть-Лабинский,Усть-Лабинский районный суд Краснодарского края,RS,"Районный, городской, межрайонный суд","352330, Краснодарский край, г Усть-Лабинск, ул Коммунистическая, д 317",https://ust-labinsky--krd.sudrf.ru/,ust-labinsky--krd.sudrf.ru,да,23RS0057
Республика Дагестан,Акуша,Акушинский,Акушинский районный суд Республики Дагестан,RS,"Районный, городской, межрайонный суд","368280, Респ Дагестан, с Акуша, ул Алигаджи Акушинского, д 37",https://akushinskiy--dag.sudrf.ru/,akushinskiy--dag.sudrf.ru,да,05RS0002
Республика Дагестан,Арани,Хунзахский,Хунзахский районный суд Республики Дагестан,RS,"Районный, городской, межрайонный суд","368260, Респ Дагестан, Хунзахский р-н, с Арани, ул Магомедсайгида Гаджиева, д 7",https://hunzahskiy--dag.sudrf.ru/,hunzahskiy--dag.sudrf.ru,да,05RS0048
Республика Дагестан,Ахты,Ахтынский,Ахтынский районный суд Республики Дагестан,RS,"Районный, городской, межрайонный суд","368730, Респ Дагестан, с Ахты, ул Перина Перинова, д 1",https://ahtinskiy--dag.sudrf.ru/,ahtinskiy--dag.sudrf.ru,да,05RS0004
Республика Дагестан,Бабаюрт,Бабаюртовский,Бабаюртовский районный суд Республики Дагестан,RS,"Районный, городской, межрайонный суд","368060, Респ Дагестан, с Бабаюрт, ул Карагишиева А., д 13",https://babajurtovskiy--dag.sudrf.ru/,babajurtovskiy--dag.sudrf.ru,да,05RS0008
Республика Дагестан,Ботлих,Ботлихский,Ботлихский районный суд Республики Дагестан,RS,"Районный, городской, межрайонный суд","368970, Респ Дагестан, с Ботлих, ул Заводская, зд 30",https://botlihskiy--dag.sudrf.ru/,botlihskiy--dag.sudrf.ru,да,05RS0007
Республика Дагестан,Буйнакск,,Буйнакский городской суд Республики Дагестан,RS,"Районный, городской, межрайонный суд","368220, Респ Дагестан, г Буйнакск, ул Чкалова, д 61",https://buinakskiy-gs--dag.sudrf.ru/,buinakskiy-gs--dag.sudrf.ru,да,05RS0005
Республика Дагестан,Буйнакск,Буйнакский,Буйнакский районный суд Республики Дагестан,RS,"Районный, городской, межрайонный суд","368220, Респ Дагестан, г Буйнакск, ул Имама Шамиля, д 74А",https://buinakskiy-rs--dag.sudrf.ru/,buinakskiy-rs--dag.sudrf.ru,да,05RS0006
Республика Дагестан,Гергебиль,Гергебильский,Гергебильский районный суд Республики Дагестан,RS,"Районный, городской, межрайонный суд","368250, Респ Дагестан, с Гергебиль, ул Наиба Идриса, д 1",https://gergebilskiy--dag.sudrf.ru/,gergebilskiy--dag.sudrf.ru,да,05RS0010
Республика Дагестан,Гуниб,Гунибский,Гунибский районный суд Республики Дагестан,RS,"Районный, городской, межрайонный суд","368340, Респ Дагестан, с Гуниб, ул Имени Имама Шамиля, д 5",https://gunibskiy--dag.sudrf.ru/,gunibskiy--dag.sudrf.ru,да,05RS0011
Республика Дагестан,Дагестанские Огни,,Городской суд г. Дагестанские Огни Республики Дагестан,RS,"Районный, городской, межрайонный суд","368670, Респ Дагестан, г Дагестанские Огни, ул Владимира Ильича Ленина, д 4",https://dagogni-gs--dag.sudrf.ru/,dagogni-gs--dag.sudrf.ru,да,05RS0016
Республика Дагестан,Дербент,,Дербентский городской суд Республики Дагестан,RS,"Районный, городской, межрайонный суд","368600, Респ Дагестан, г Дербент, ул Гейдара Алиева, д 15",https://derbent-gs--dag.sudrf.ru/,derbent-gs--dag.sudrf.ru,да,05RS0012
Республика Дагестан,Дербент,Дербентский,Дербентский районный суд Республики Дагестан,RS,"Районный, городской, межрайонный суд","368601, Респ Дагестан, г Дербент, ул имени Надира Эмиргамзаева, зд 23",https://derbent-rs--dag.sudrf.ru/,derbent-rs--dag.sudrf.ru,да,05RS0013
Республика Дагестан,Дылым,Казбековский,Казбековский районный суд Республики Дагестан,RS,"Районный, городской, межрайонный суд","368140, Респ Дагестан, с Дылым, ул Абдулгапура Абдулгапурова, д 3",https://kazbekovskiy--dag.sudrf.ru/,kazbekovskiy--dag.sudrf.ru,да,05RS0028
Республика Дагестан,Избербаш,,Избербашский городской суд Республики Дагестан,RS,"Районный, городской, межрайонный суд","368500, Респ Дагестан, г Избербаш, пр-кт Ленина, д 5",https://izberbashskiy--dag.sudrf.ru/,izberbashskiy--dag.sudrf.ru,да,05RS0017
Республика Дагестан,Карабудахкент,Карабудахкентский,Карабудахкентский районный суд Республики Дагестан,RS,"Районный, городской, межрайонный суд","368530, Респ Дагестан, с Карабудахкент, ул Космодемьянской, д 1Б",https://karabudahkentskiy--dag.sudrf.ru/,karabudahkentskiy--dag.sudrf.ru,да,05RS0029
Республика Дагестан,Каспийск,,Каспийский городской суд Республики Дагестан,RS,"Районный, городской, межрайонный суд","368300, Респ Дагестан, г Каспийск, ул Назарова, д 15",https://kaspiyskiy--dag.sudrf.ru/,kaspiyskiy--dag.sudrf.ru,да,05RS0021
Республика Дагестан,Касумкент,Сулейман-Стальский,Сулейман-Стальский районный суд Республики Дагестан,RS,"Районный, городской, межрайонный суд","368760, Респ Дагестан, с Касумкент, ул Ленина, д 26А",https://s-stalskiy--dag.sudrf.ru/,s-stalskiy--dag.sudrf.ru,да,05RS0039
Республика Дагестан,Кизилюрт,,Кизилюртовский городской суд Республики Дагестан,RS,"Районный, городской, межрайонный суд","368121, Респ Дагестан, г Кизилюрт, ул Гагарина, д 24А",https://kiziljurt-gs--dag.sudrf.ru/,kiziljurt-gs--dag.sudrf.ru,да,05RS0022
Республика Дагестан,Кизилюрт,Кизилюртовский,Кизилюртовский районный суд Республики Дагестан,RS,"Районный, городской, межрайонный суд","368121, Респ Дагестан, г Кизилюрт, ул Гагарина, д 22",https://kiziljurt-rs--dag.sudrf.ru/,kiziljurt-rs--dag.sudrf.ru,да,05RS0023
Республика Дагестан,Кизляр,,Кизлярский городской суд Республики Дагестан,RS,"Районный, городской, межрайонный суд","368830, Респ Дагестан, г Кизляр, ул Фрунзе, д 1А",https://kizljar-gs--dag.sudrf.ru/,kizljar-gs--dag.sudrf.ru,да,05RS0019
Республика Дагестан,Коркмаскала,Кумторкалинский,Кумторкалинский районный суд Республики Дагестан,RS,"Районный, городской, межрайонный суд","368080, Респ Дагестан, с Коркмаскала, ул Ленина, д 7",https://kumtorkalinskiy--dag.sudrf.ru/,kumtorkalinskiy--dag.sudrf.ru,да,05RS0030
Республика Дагестан,Кумух,Лакский,Лакский районный суд Республики Дагестан,RS,"Районный, городской, межрайонный суд","368360, Республика Дагестан, Лакский р-н, с. Кумух, ул. Сурхайхана-1, д. 67",https://lakskiy--dag.sudrf.ru/,lakskiy--dag.sudrf.ru,да,05RS0033
Республика Дагестан,Леваши,Левашинский,Левашинский районный суд Республики Дагестан,RS,"Районный, городской, межрайонный суд","368320, Респ Дагестан, с Леваши, ул А.Алиева, д 4",https://levashinskiy--dag.sudrf.ru/,levashinskiy--dag.sudrf.ru,да,05RS0032
Республика Дагестан,Магарамкент,Магарамкентский,Магарамкентский районный суд Республики Дагестан,RS,"Районный, городской, межрайонный суд","368780, Респ Дагестан, с Магарамкент, ул Гагарина, д 4",https://magaramkentskiy--dag.sudrf.ru/,magaramkentskiy--dag.sudrf.ru,да,05RS0034
Республика Дагестан,Маджалис,Кайтагский,Кайтагский районный суд Республики Дагестан,RS,"Районный, городской, межрайонный суд","368590, Респ Дагестан, с Маджалис, ул Алисултанова, зд 58",https://kaitagskiy--dag.sudrf.ru/,kaitagskiy--dag.sudrf.ru,да,05RS0027
Республика Дагестан,Махачкала,,Верховный Суд Республики Дагестан,OS,Областной и равный ему суд,"367000, г Махачкала, ул Даниялова, д 22",https://vs--dag.sudrf.ru/,vs--dag.sudrf.ru,да,05OS0000
Республика Дагестан,Махачкала,Кировский,Кировский районный суд г. Махачкалы Республики Дагестан,RS,"Районный, городской, межрайонный суд","367009, г Махачкала, ул Керимова, д 45А",https://kirovskiy--dag.sudrf.ru/,kirovskiy--dag.sudrf.ru,да,05RS0018
Республика Дагестан,Махачкала,Ленинский,Ленинский районный суд г. Махачкалы Республики Дагестан,RS,"Районный, городской, межрайонный суд","367013, г Махачкала, пр-кт Гамидова, д 9",https://lenynskiy--dag.sudrf.ru/,lenynskiy--dag.sudrf.ru,да,05RS0031
Республика Дагестан,Махачкала,Советский,Советский районный суд города Махачкалы Республики Дагестан,RS,"Районный, городской, межрайонный суд","367000, г Махачкала, ул Рустамова, д 4",https://sovetskiy--dag.sudrf.ru/,sovetskiy--dag.sudrf.ru,да,05RS0038
Республика Дагестан,Новокаякент,Каякентский,Каякентский районный суд Республики Дагестан,RS,"Районный, городской, межрайонный суд","368560, Респ Дагестан, с Новокаякент, ул Умуразият Абдуллаевны Джабраиловой, д 34",https://kajakentskiy--dag.sudrf.ru/,kajakentskiy--dag.sudrf.ru,да,05RS0024
Республика Дагестан,Новолакское,Новолакский,Новолакский районный суд Республики Дагестан,RS,"Районный, городской, межрайонный суд","368160, Респ Дагестан, с Новолакское, ул Айгунова Н., д 98",https://novolakskiy--dag.sudrf.ru/,novolakskiy--dag.sudrf.ru,да,05RS0036
Республика Дагестан,Сергокала,Сергокалинский,Сергокалинский районный суд Республики Дагестан,RS,"Районный, городской, межрайонный суд","368510, Респ Дагестан, с Сергокала, ул 317 Стрелковой Дивизии, зд 30",https://sergokalinskiy--dag.sudrf.ru/,sergokalinskiy--dag.sudrf.ru,да,05RS0040
Республика Дагестан,Тарумовка,Тарумовский,Тарумовский районный суд Республики Дагестан,RS,"Районный, городской, межрайонный суд","368870, Респ Дагестан, с Тарумовка, ул Шамиля Магомедова, д 2",https://tarumovskiy--dag.sudrf.ru/,tarumovskiy--dag.sudrf.ru,да,05RS0043
Республика Дагестан,Терекли-Мектеб,Ногайский,Ногайский районный суд Республики Дагестан,RS,"Районный, городской, межрайонный суд","368850, Респ Дагестан, с Терекли-Мектеб, ул К.Маркса, д 17",https://nogayskiy--dag.sudrf.ru/,nogayskiy--dag.sudrf.ru,да,05RS0035
Республика Дагестан,Тлярата,Тляратинский,Тляратинский районный суд Республики Дагестан,RS,"Районный, городской, межрайонный суд","368420, Респ Дагестан, с Тлярата, ул Победы, д 128",https://tljaratinskiy--dag.sudrf.ru/,tljaratinskiy--dag.sudrf.ru,да,05RS0041
Республика Дагестан,Хасавюрт,,Хасавюртовский городской суд Республики Дагестан,RS,"Районный, городской, межрайонный суд","368009, Респ Дагестан, г Хасавюрт, ул Ирбайхана Акаева, д 29",https://hasavjurt-gs--dag.sudrf.ru/,hasavjurt-gs--dag.sudrf.ru,да,05RS0046
Республика Дагестан,Хасавюрт,Хасавюртовский,Хасавюртовский районный суд Республики Дагестан,RS,"Районный, городской, межрайонный суд","368009, Респ Дагестан, г Хасавюрт, ул Первомайская, д 5",https://hasavjurt-rs--dag.sudrf.ru/,hasavjurt-rs--dag.sudrf.ru,да,05RS0047
Республика Дагестан,Хебда,Шамильский,Шамильский районный суд Республики Дагестан,RS,"Районный, городской, межрайонный суд","368430, Респ Дагестан, с Хебда, ул Имама Шамиля, д 110",https://shamilskiy--dag.sudrf.ru/,shamilskiy--dag.sudrf.ru,да,05RS0052
Республика Дагестан,Хив,Хивский,Хивский районный суд Республики Дагестан,RS,"Районный, городской, межрайонный суд","368680, Респ Дагестан, с Хив, ул Шаумяна, д 32",https://hivskiy--dag.sudrf.ru/,hivskiy--dag.sudrf.ru,да,05RS0045
Республика Дагестан,Хучни,Табасаранский,Табасаранский районный суд Республики Дагестан,RS,"Районный, городской, межрайонный суд","368650, Респ Дагестан, с Хучни, ул Курбанова Сейфуллы Курбановича, д 42А",https://tabasaranskiy--dag.sudrf.ru/,tabasaranskiy--dag.sudrf.ru,да,05RS0042
Республика Дагестан,Шамилькала,Унцукульский,Унцукульский районный суд Республики Дагестан,RS,"Районный, городской, межрайонный суд","368950, Респ Дагестан, Унцукульский р-н, пгт Шамилькала, ул Махача Дахадаева, д 3",https://untsukulskiy--dag.sudrf.ru/,untsukulskiy--dag.sudrf.ru,да,05RS0044
Республика Дагестан,Юбилейное,Кизлярский,Кизлярский районный суд Республики Дагестан,RS,"Районный, городской, межрайонный суд","368819, Респ Дагестан, Кизлярский р-н, с Юбилейное, пер Озерный, д 6",https://kizljar-rs--dag.sudrf.ru/,kizljar-rs--dag.sudrf.ru,да,05RS0020
Волгоградская область,Алексеевская,Алексеевский,Алексеевский районный суд Волгоградской области,RS,"Районный, городской, межрайонный суд","403241, Волгоградская обл, ст-ца Алексеевская, ул Ленина, д 38",https://alek--vol.sudrf.ru/,alek--vol.sudrf.ru,да,34RS0009
Волгоградская область,Быково,Быковский,Быковский районный суд Волгоградской области,RS,"Районный, городской, межрайонный суд","404062, Волгоградская обл, рп Быково, ул Куйбышева, д 1",https://buk--vol.sudrf.ru/,buk--vol.sudrf.ru,да,34RS0010
Волгоградская область,Волгоград,,Волгоградский областной суд,OS,Областной и равный ему суд,"400066, г Волгоград, пр-кт им. В.И. Ленина, д 8",https://oblsud--vol.sudrf.ru/,oblsud--vol.sudrf.ru,да,34OS0000
Волгоградская область,Волгоград,Ворошиловский,Ворошиловский районный суд г. Волгограда,RS,"Районный, городской, межрайонный суд","400074, г Волгоград, ул Баррикадная, д 23/32",https://vor--vol.sudrf.ru/,vor--vol.sudrf.ru,да,34RS0001
Волгоградская область,Волгоград,Дзержинский,Дзержинский районный суд г. Волгограда,RS,"Районный, городской, межрайонный суд","400075, г Волгоград, ул Историческая, д 122",https://dser--vol.sudrf.ru/,dser--vol.sudrf.ru,да,34RS0002
Волгоградская область,Волгоград,Кировский,Кировский районный суд г. Волгограда,RS,"Районный, городской, межрайонный суд","400067, г Волгоград, ул им. Одоевского, д 72А",https://kir--vol.sudrf.ru/,kir--vol.sudrf.ru,да,34RS0003
Волгоградская область,Волгоград,Красноармейский,Красноармейский районный суд г. Волгограда,RS,"Районный, городской, межрайонный суд","400080, г Волгоград, ул 2-я Динамовская, влд 23",https://krasn--vol.sudrf.ru/,krasn--vol.sudrf.ru,да,34RS0004
Волгоградская область,Волгоград,Краснооктябрьский,Краснооктябрьский районный суд г. Волгограда,RS,"Районный, городской, межрайонный суд","400105, г Волгоград, ул им. Кузнецова, д 65",https://krokt--vol.sudrf.ru/,krokt--vol.sudrf.ru,да,34RS0005
Волгоградская область,Волгоград,Советский,Советский районный суд г. Волгограда,RS,"Районный, городской, межрайонный суд","400011, г Волгоград, пр-кт Университетский, зд 64",https://sov--vol.sudrf.ru/,sov--vol.sudrf.ru,да,34RS0006
Волгоградская область,Волгоград,Тракторозаводский,Тракторозаводский районный суд г. Волгограда,RS,"Районный, городской, межрайонный суд","400006, г Волгоград, ул Ополченская, д 4",https://trac--vol.sudrf.ru/,trac--vol.sudrf.ru,да,34RS0007
Волгоградская область,Волгоград,Центральный,Центральный районный суд г. Волгограда,RS,"Районный, городской, межрайонный суд","400005, Волгоградская обл., г. Волгоград, ул.13-ой Гвардейской дивизии, д. 12 А",https://zent--vol.sudrf.ru/,zent--vol.sudrf.ru,да,34RS0008
Волгоградская область,Волжский,,Волжский городской суд Волгоградской области,RS,"Районный, городской, межрайонный суд","404130, Волгоградская обл, г Волжский, ул Набережная, д 9",https://vol--vol.sudrf.ru/,vol--vol.sudrf.ru,да,34RS0011
Волгоградская область,Городище,Городищенский,Городищенский районный суд Волгоградской области,RS,"Районный, городской, межрайонный суд","403003, Волгоградская обл, рп Городище, ул Маршала Чуйкова, д 9",https://gorod--vol.sudrf.ru/,gorod--vol.sudrf.ru,да,34RS0012
Волгоградская область,Даниловка,Даниловский,Даниловский районный суд Волгоградской области,RS,"Районный, городской, межрайонный суд","403371, Волгоградская обл, рп Даниловка, ул Федорцова, д 15",https://dan--vol.sudrf.ru/,dan--vol.sudrf.ru,да,34RS0013
Волгоградская область,Дубовка,Дубовский,Дубовский районный суд Волгоградской области,RS,"Районный, городской, межрайонный суд","404002, Волгоградская обл, г Дубовка, ул им. Калинина, д 79",https://dub--vol.sudrf.ru/,dub--vol.sudrf.ru,да,34RS0014
Волгоградская область,Елань,Еланский,Еланский районный суд Волгоградской области,RS,"Районный, городской, межрайонный суд","403732, Волгоградская обл, рп Елань, ул Ленинская, влд 67",https://elan--vol.sudrf.ru/,elan--vol.sudrf.ru,да,34RS0015
Волгоградская область,Жирновск,Жирновский,Жирновский районный суд Волгоградской области,RS,"Районный, городской, межрайонный суд","403791, Волгоградская обл, г Жирновск, ул Коммунистическая, д 3",https://girn--vol.sudrf.ru/,girn--vol.sudrf.ru,да,34RS0016
Волгоградская область,Иловля,Иловлинский,Иловлинский районный суд Волгоградской области,RS,"Районный, городской, межрайонный суд","403071, Волгоградская обл, рп Иловля, ул Красноармейская, д 7",https://ilov--vol.sudrf.ru/,ilov--vol.sudrf.ru,да,34RS0017
Волгоградская область,Калач-на-Дону,Калачевский,Калачевский районный суд Волгоградской области,RS,"Районный, городской, межрайонный суд","404503, Волгоградская обл, г Калач-на-Дону, ул Пролетарская, д 287",https://kalah--vol.sudrf.ru/,kalah--vol.sudrf.ru,да,34RS0018
Волгоградская область,Камышин,,Камышинский городской суд Волгоградской области,RS,"Районный, городской, межрайонный суд","403882, Волгоградская обл, г Камышин, ул Красная, д 17",https://kam--vol.sudrf.ru/,kam--vol.sudrf.ru,да,34RS0019
Волгоградская область,Клетская,Клетский,Клетский районный суд Волгоградской области,RS,"Районный, городской, межрайонный суд","403562, Волгоградская обл, ст-ца Клетская, ул Луначарского, зд 25",https://klet--vol.sudrf.ru/,klet--vol.sudrf.ru,да,34RS0021
Волгоградская область,Котельниково,Котельниковский,Котельниковский районный суд Волгоградской области,RS,"Районный, городской, межрайонный суд","404354, Волгоградская обл, г Котельниково, ул Ленина, д 5",https://kotel--vol.sudrf.ru/,kotel--vol.sudrf.ru,да,34RS0022
Волгоградская область,Котово,Котовский,Котовский районный суд Волгоградской области,RS,"Районный, городской, межрайонный суд","403805, Волгоградская обл, г Котово, ул Нефтяников, д 7",https://kotov--vol.sudrf.ru/,kotov--vol.sudrf.ru,да,34RS0023
Волгоградская область,Кумылженская,Кумылженский,Кумылженский районный суд Волгоградской области,RS,"Районный, городской, межрайонный суд","403402, Волгоградская обл, ст-ца Кумылженская, ул Мира, зд 33",https://kum--vol.sudrf.ru/,kum--vol.sudrf.ru,да,34RS0025
Волгоградская область,Ленинск,Ленинский,Ленинский районный суд Волгоградской области,RS,"Районный, городской, межрайонный суд","404620, Волгоградская обл, г Ленинск, ул Им Ленина, д 219",https://lenin--vol.sudrf.ru/,lenin--vol.sudrf.ru,да,34RS0026
Волгоградская область,Михайловка,Михайловский,Михайловский районный суд Волгоградской области,RS,"Районный, городской, межрайонный суд","403343, Волгоградская обл, г Михайловка, ул Коммуны, д 160",https://mihal--vol.sudrf.ru/,mihal--vol.sudrf.ru,да,34RS0027
Волгоградская область,Нехаевская,Нехаевский,Нехаевский районный суд Волгоградской области,RS,"Районный, городской, межрайонный суд","403171, Волгоградская обл, ст-ца Нехаевская, ул Победы, д 16",https://nehav--vol.sudrf.ru/,nehav--vol.sudrf.ru,да,34RS0028
Волгоградская область,Николаевск,Николаевский,Николаевский районный суд Волгоградской области,RS,"Районный, городской, межрайонный суд","404033, Волгоградская обл, г Николаевск, ул Октябрьская, д 27",https://nikol--vol.sudrf.ru/,nikol--vol.sudrf.ru,да,34RS0029
Волгоградская область,Новоаннинский,Новоаннинский,Новоаннинский районный суд Волгоградской области,RS,"Районный, городской, межрайонный суд","403951, Волгоградская обл, г Новоаннинский, ул Леваневского, д 185",https://novan--vol.sudrf.ru/,novan--vol.sudrf.ru,да,34RS0030
Волгоградская область,Новониколаевский,Новониколаевский,Новониколаевский районный суд Волгоградской области,RS,"Районный, городской, межрайонный суд","403901, Волгоградская обл, рп Новониколаевский, ул Привокзальная, д 34А",https://novnin--vol.sudrf.ru/,novnin--vol.sudrf.ru,да,34RS0031
Волгоградская область,Октябрьский,Октябрьский,Октябрьский районный суд Волгоградской области,RS,"Районный, городской, межрайонный суд","404321, Волгоградская обл, рп Октябрьский, пр-кт Кирова, д 8",https://oktab--vol.sudrf.ru/,oktab--vol.sudrf.ru,да,34RS0032
Волгоградская область,Палласовка,Палласовский,Палласовский районный суд Волгоградской области,RS,"Районный, городской, межрайонный суд","404264, Волгоградская обл, г Палласовка, ул Береговая, д 77",https://palac--vol.sudrf.ru/,palac--vol.sudrf.ru,да,34RS0034
Волгоградская область,Преображенская,Киквидзенский,Киквидзенский районный суд Волгоградской области,RS,"Районный, городской, межрайонный суд","403221, Волгоградская обл, ст-ца Преображенская, ул Ленина, д 60",https://kikv--vol.sudrf.ru/,kikv--vol.sudrf.ru,да,34RS0020
Волгоградская область,Рудня,Руднянский,Руднянский районный суд Волгоградской области,RS,"Районный, городской, межрайонный суд","403601, Волгоградская обл, рп Рудня, ул Володарского, зд 15А",https://rudn--vol.sudrf.ru/,rudn--vol.sudrf.ru,да,34RS0035
Волгоградская область,Светлый Яр,Светлоярский,Светлоярский районный суд Волгоградской области,RS,"Районный, городской, межрайонный суд","404171, Волгоградская обл, рп Светлый Яр, ул Советская, д 67",https://svetl--vol.sudrf.ru/,svetl--vol.sudrf.ru,да,34RS0036
Волгоградская область,Серафимович,Серафимовичский,Серафимовичский районный суд Волгоградской области,RS,"Районный, городской, межрайонный суд","403441, Волгоградская обл, г Серафимович, ул Октябрьская, д 42",https://seraf--vol.sudrf.ru/,seraf--vol.sudrf.ru,да,34RS0037
Волгоградская область,Средняя Ахтуба,Среднеахтубинский,Среднеахтубинский районный суд Волгоградской области,RS,"Районный, городской, межрайонный суд","404143, Волгоградская обл, рп Средняя Ахтуба, ул Комсомольская, д 33",https://ahtub--vol.sudrf.ru/,ahtub--vol.sudrf.ru,да,34RS0038
Волгоградская область,Старая Полтавка,Старополтавский,Старополтавский районный суд Волгоградской области,RS,"Районный, городской, межрайонный суд","404211, Волгоградская обл, с Старая Полтавка, ул Победа, д 59",https://starop--vol.sudrf.ru/,starop--vol.sudrf.ru,да,34RS0039
Волгоградская область,Суровикино,Суровикинский,Суровикинский районный суд Волгоградской области,RS,"Районный, городской, межрайонный суд","404414, Волгоградская обл, г Суровикино, мкр 1-й, д 50",https://surov--vol.sudrf.ru/,surov--vol.sudrf.ru,да,34RS0040
Волгоградская область,Урюпинск,,Урюпинский городской суд Волгоградской области,RS,"Районный, городской, межрайонный суд","403113, Волгоградская обл, г Урюпинск, пр-кт Ленина, д 84",https://urup--vol.sudrf.ru/,urup--vol.sudrf.ru,да,34RS0041
Волгоградская область,Фролово,,Фроловский городской суд Волгоградской области,RS,"Районный, городской, межрайонный суд","403538, Волгоградская обл, г Фролово, ул Московская, д 13",https://frol--vol.sudrf.ru/,frol--vol.sudrf.ru,да,34RS0042
Ростовская область,Азов,,Азовский городской суд Ростовской области,RS,"Районный, городской, межрайонный суд","346780, Ростовская обл, г Азов, ул Ленина, д 67",https://azovsky--ros.sudrf.ru/,azovsky--ros.sudrf.ru,да,61RS0009
Ростовская область,Аксай,Аксайский,Аксайский районный суд Ростовской области,RS,"Районный, городской, межрайонный суд","346720, Ростовская обл, г Аксай, пр-кт Ленина, д 16",https://aksajsky--ros.sudrf.ru/,aksajsky--ros.sudrf.ru,да,61RS0024
Ростовская область,Багаевская,Багаевский,Багаевский районный суд Ростовской области,RS,"Районный, городской, межрайонный суд","346611, Ростовская обл, ст-ца Багаевская, ул Комсомольская, д 76",https://bagaevsky--ros.sudrf.ru/,bagaevsky--ros.sudrf.ru,да,61RS0025
Ростовская область,Батайск,,Батайский городской суд Ростовской области,RS,"Районный, городской, межрайонный суд","346880, Ростовская обл, г Батайск, ул Рабочая, зд 110",https://batajsky--ros.sudrf.ru/,batajsky--ros.sudrf.ru,да,61RS0010
Ростовская область,Белая Калитва,,Белокалитвинский городской суд Ростовской области,RS,"Районный, городской, межрайонный суд","347040, Ростовская обл, г Белая Калитва, ул Гагарина, зд 50",https://belokalitvensky--ros.sudrf.ru/,belokalitvensky--ros.sudrf.ru,да,61RS0011
Ростовская область,Вешенская,Шолоховский,Шолоховский районный суд Ростовской области,RS,"Районный, городской, межрайонный суд","346270, Ростовская обл, ст-ца Вешенская, ул Шолохова, зд 2Б",https://sholohonsky--ros.sudrf.ru/,sholohonsky--ros.sudrf.ru,да,61RS0061
Ростовская область,Волгодонск,Волгодонской,Волгодонской районный суд Ростовской области,RS,"Районный, городской, межрайонный суд","347370, Ростовская обл, г Волгодонск, ул Морская, д 108",https://volgodonskoy--ros.sudrf.ru/,volgodonskoy--ros.sudrf.ru,да,61RS0012
Ростовская область,Гуково,,Гуковский городской суд Ростовской области,RS,"Районный, городской, межрайонный суд","347871, Ростовская обл, г Гуково, ул Карла Маркса, д 94",https://gukovsky--ros.sudrf.ru/,gukovsky--ros.sudrf.ru,да,61RS0013
Ростовская область,Донецк,,Донецкий городской суд Ростовской области,RS,"Районный, городской, межрайонный суд","346338, Ростовская обл, г Донецк, пр-кт Ленина, д 22",https://donecky--ros.sudrf.ru/,donecky--ros.sudrf.ru,да,61RS0014
Ростовская область,Егорлыкская,Егорлыкский,Егорлыкский районный суд Ростовской области,RS,"Районный, городской, межрайонный суд","347660, Ростовская обл, ст-ца Егорлыкская, ул Мира, д 86",https://egorlyksky--ros.sudrf.ru/,egorlyksky--ros.sudrf.ru,да,61RS0031
Ростовская область,Зерноград,Зерноградский,Зерноградский районный суд Ростовской области,RS,"Районный, городской, межрайонный суд","347740, Ростовская обл, г Зерноград, ул им Чкалова, д 17А",https://zernogradsky--ros.sudrf.ru/,zernogradsky--ros.sudrf.ru,да,61RS0033
Ростовская область,Зимовники,Зимовниковский,Зимовниковский районный суд Ростовской области,RS,"Районный, городской, межрайонный суд","347461, Ростовская обл, п Зимовники, пер Крестьянский, д 95",https://zimovnikovsky--ros.sudrf.ru/,zimovnikovsky--ros.sudrf.ru,да,61RS0034
Ростовская область,Каменоломни,Октябрьский,Октябрьский районный суд Ростовской области,RS,"Районный, городской, межрайонный суд","346480, Ростовская обл, рп Каменоломни, ул Калинина, д 6",https://oktyabrskys--ros.sudrf.ru/,oktyabrskys--ros.sudrf.ru,да,61RS0047
Ростовская область,Каменск-Шахтинский,Каменский,Каменский районный суд Ростовской области,RS,"Районный, городской, межрайонный суд","347810, Ростовская обл, г Каменск-Шахтинский, пр-кт Карла Маркса, д 63",https://kamensky--ros.sudrf.ru/,kamensky--ros.sudrf.ru,да,61RS0036
Ростовская область,Красный Сулин,Красносулинский,Красносулинский районный суд Ростовской области,RS,"Районный, городской, межрайонный суд","346350, Ростовская обл, г Красный Сулин, ул Ленина, д 14",https://krasnosulinsky--ros.sudrf.ru/,krasnosulinsky--ros.sudrf.ru,да,61RS0017
Ростовская область,Матвеев Курган,Матвеево-Курганский,Матвеево-Курганский районный суд Ростовской области,RS,"Районный, городской, межрайонный суд","346970, Ростовская обл, п Матвеев Курган, ул Комсомольская, зд 91",https://mkurgansky--ros.sudrf.ru/,mkurgansky--ros.sudrf.ru,да,61RS0041
Ростовская область,Миллерово,Миллеровский,Миллеровский районный суд Ростовской области,RS,"Районный, городской, межрайонный суд","346130, Ростовская обл, г Миллерово, ул Пушкина, зд 1",https://millerovsky--ros.sudrf.ru/,millerovsky--ros.sudrf.ru,да,61RS0018
Ростовская область,Морозовск,Морозовский,Морозовский районный суд Ростовской области,RS,"Районный, городской, межрайонный суд","347210, Ростовская обл, г Морозовск, ул Карла Маркса, д 13",https://morozovsky--ros.sudrf.ru/,morozovsky--ros.sudrf.ru,да,61RS0043
Ростовская область,Новочеркасск,,Новочеркасский городской суд Ростовской области,RS,"Районный, городской, межрайонный суд","346421, Ростовская обл, г Новочеркасск, пр-кт Баклановский, д 162",https://novocherkassky--ros.sudrf.ru/,novocherkassky--ros.sudrf.ru,да,61RS0019
Ростовская область,Новошахтинск,Новошахтинский,Новошахтинский районный суд Ростовской области,RS,"Районный, городской, межрайонный суд","346914, Ростовская обл, г Новошахтинск, ул Социалистическая, д 7Б",https://novoshahtinsky--ros.sudrf.ru/,novoshahtinsky--ros.sudrf.ru,да,61RS0020
Ростовская область,Обливская,Обливский,Обливский районный суд Ростовской области,RS,"Районный, городской, межрайонный суд","347140, Ростовская обл, ст-ца Обливская, ул Карла Маркса, д 38",https://oblivsky--ros.sudrf.ru/,oblivsky--ros.sudrf.ru,да,61RS0046
Ростовская область,Покровское,Неклиновский,Неклиновский районный суд Ростовской области,RS,"Районный, городской, межрайонный суд","346830, Ростовская обл, с Покровское, пер Красный, д 39",https://neklinovsky--ros.sudrf.ru/,neklinovsky--ros.sudrf.ru,да,61RS0045
Ростовская область,Пролетарск,Пролетарский,Пролетарский районный суд Ростовской области,RS,"Районный, городской, межрайонный суд","347540, Ростовская обл, г Пролетарск, пр-кт 50 лет Октября, д 26А",https://proletarskys--ros.sudrf.ru/,proletarskys--ros.sudrf.ru,да,61RS0050
Ростовская область,Ремонтное,Ремонтненский,Ремонтненский районный суд Ростовской области,RS,"Районный, городской, межрайонный суд","347480, Ростовская обл, с Ремонтное, ул Дзержинского, зд 84/1",https://remontnensky--ros.sudrf.ru/,remontnensky--ros.sudrf.ru,да,61RS0051
Ростовская область,Ростов-на-Дону,Ворошиловский,Ворошиловский районный суд г. Ростова-на-Дону,RS,"Районный, городской, межрайонный суд","344068, г Ростов-на-Дону, ул Криворожская, зд 66",https://voroshilovsky--ros.sudrf.ru/,voroshilovsky--ros.sudrf.ru,да,61RS0001
Ростовская область,Ростов-на-Дону,Железнодорожный,Железнодорожный районный суд г. Ростова-на-Дону,RS,"Районный, городской, межрайонный суд","344116, г Ростов-на-Дону, ул Кулагина, д 62",https://zheleznodorozhny--ros.sudrf.ru/,zheleznodorozhny--ros.sudrf.ru,да,61RS0002
Ростовская область,Ростов-на-Дону,Кировский,Кировский районный суд г. Ростова-на-Дону,RS,"Районный, городской, межрайонный суд","344002, г Ростов-на-Дону, пер Газетный, зд 36",https://kirovsky--ros.sudrf.ru/,kirovsky--ros.sudrf.ru,да,61RS0003
Ростовская область,Ростов-на-Дону,Ленинский,Ленинский районный суд г. Ростова-на-Дону,RS,"Районный, городской, межрайонный суд","344082, г Ростов-на-Дону, ул Пушкинская, д 9",https://leninsky--ros.sudrf.ru/,leninsky--ros.sudrf.ru,да,61RS0004
Ростовская область,Ростов-на-Дону,Октябрьский,Октябрьский районный суд г. Ростова-на-Дону,RS,"Районный, городской, межрайонный суд","344038, г Ростов-на-Дону, пр-кт Ленина, д 81А",https://oktyabrsky--ros.sudrf.ru/,oktyabrsky--ros.sudrf.ru,да,61RS0005
Ростовская область,Ростов-на-Дону,Первомайский,Первомайский районный суд г. Ростова-на-Дону,RS,"Районный, городской, межрайонный суд","344029, г Ростов-на-Дону, ул Металлургическая, д 29",https://pervomajsky--ros.sudrf.ru/,pervomajsky--ros.sudrf.ru,да,61RS0006
Ростовская область,Ростов-на-Дону,Пролетарский,Пролетарский районный суд г. Ростова-на-Дону,RS,"Районный, городской, межрайонный суд","344019, г Ростов-на-Дону, пл Карла Маркса, д 10",https://proletarsky--ros.sudrf.ru/,proletarsky--ros.sudrf.ru,да,61RS0007
Ростовская область,Ростов-на-Дону,,Ростовский областной суд,OS,Областной и равный ему суд,"344021, г Ростов-на-Дону, ул Социалистическая, д 164/35 литера а",https://oblsud--ros.sudrf.ru/,oblsud--ros.sudrf.ru,да,61OS0000
Ростовская область,Ростов-на-Дону,Советский,Советский районный суд г. Ростова-на-Дону,RS,"Районный, городской, межрайонный суд","344090, г Ростов-на-Дону, пр-кт Стачки, д 200/2",https://sovetsky--ros.sudrf.ru/,sovetsky--ros.sudrf.ru,да,61RS0008
Ростовская область,Сальск,Сальский,Сальский районный суд Ростовской области,RS,"Районный, городской, межрайонный суд","347630, Ростовская обл, г Сальск, ул Кирова, д 36",https://salskiy--ros.sudrf.ru/,salskiy--ros.sudrf.ru,да,61RS0062
Ростовская область,Семикаракорск,Семикаракорский,Семикаракорский районный суд Ростовской области,RS,"Районный, городской, межрайонный суд","346630, Ростовская обл, г Семикаракорск, ул Калинина, зд 5",https://semikarakorsky--ros.sudrf.ru/,semikarakorsky--ros.sudrf.ru,да,61RS0053
Ростовская область,Таганрог,,Таганрогский городской суд Ростовской области,RS,"Районный, городской, межрайонный суд","347939, Ростовская обл, г Таганрог, ул Чучева, д 42 к 2",https://taganrogsky--ros.sudrf.ru/,taganrogsky--ros.sudrf.ru,да,61RS0022
Ростовская область,Усть-Донецкий,Усть-Донецкий,Усть-Донецкий районный суд Ростовской области,RS,"Районный, городской, межрайонный суд","346550, Ростовская обл, рп Усть-Донецкий, ул Строителей, влд 68",https://ustdonetsky--ros.sudrf.ru/,ustdonetsky--ros.sudrf.ru,да,61RS0057
Ростовская область,Цимлянск,Цимлянский,Цимлянский районный суд Ростовской области,RS,"Районный, городской, межрайонный суд","347320, Ростовская обл, г Цимлянск, ул Ленина, зд 23",https://cimlyansky--ros.sudrf.ru/,cimlyansky--ros.sudrf.ru,да,61RS0059
Ростовская область,Чалтырь,Мясниковский,Мясниковский районный суд Ростовской области,RS,"Районный, городской, межрайонный суд","346800, Ростовская обл, с Чалтырь, ул 6-я Линия, зд 8",https://myasnikovsky--ros.sudrf.ru/,myasnikovsky--ros.sudrf.ru,да,61RS0044
Ростовская область,Чертково,Чертковский,Чертковский районный суд Ростовской области,RS,"Районный, городской, межрайонный суд","346000, Ростовская обл, п Чертково, ул Розы Люксембург, зд 106",https://chertkovsky--ros.sudrf.ru/,chertkovsky--ros.sudrf.ru,да,61RS0060
Ростовская область,Шахты,,Шахтинский городской суд Ростовской области,RS,"Районный, городской, межрайонный суд","346500, Ростовская обл, г Шахты, пер Черенкова, д 17А",https://shahtinsky--ros.sudrf.ru/,shahtinsky--ros.sudrf.ru,да,61RS0023
Донецкая Народная Республика,,,Авдеевский городской суд Донецкой Народной Республики,RS,"Районный, городской, межрайонный суд",,https://avd--dnr.sudrf.ru/,avd--dnr.sudrf.ru,да,93RS0010
Донецкая Народная Республика,,Александровский,Александровский районный суд Донецкой Народной Республики,RS,"Районный, городской, межрайонный суд",,https://aleksandrovskiy--dnr.sudrf.ru/,aleksandrovskiy--dnr.sudrf.ru,да,93RS0011
Донецкая Народная Республика,,Амвросиевский,Амвросиевский районный суд Донецкой Народной Республики,RS,"Районный, городской, межрайонный суд",,https://amv--dnr.sudrf.ru/,amv--dnr.sudrf.ru,да,93RS0012
Донецкая Народная Республика,,Великоновоселковский,Великоновоселковский районный суд Донецкой Народной Республики,RS,"Районный, городской, межрайонный суд",,https://velikonovoselkovskiy--dnr.sudrf.ru/,velikonovoselkovskiy--dnr.sudrf.ru,да,93RS0014
Донецкая Народная Республика,,Волновахский,Волновахский районный суд Донецкой Народной Республики,RS,"Районный, городской, межрайонный суд",,https://vln--dnr.sudrf.ru/,vln--dnr.sudrf.ru,да,93RS0015
Донецкая Народная Республика,,Володарский,Володарский районный суд Донецкой Народной Республики,RS,"Районный, городской, межрайонный суд",,https://vld--dnr.sudrf.ru/,vld--dnr.sudrf.ru,да,93RS0016
Донецкая Народная Республика,,,Горловский городской суд Донецкой Народной Республики,RS,"Районный, городской, межрайонный суд",,https://cg-gorl--dnr.sudrf.ru/,cg-gorl--dnr.sudrf.ru,да,93RS0039
Донецкая Народная Республика,,,Дебальцевский городской суд Донецкой Народной Республики,RS,"Районный, городской, межрайонный суд",,https://deb--dnr.sudrf.ru/,deb--dnr.sudrf.ru,да,93RS0018
Донецкая Народная Республика,,,Дзержинский городской суд Донецкой Народной Республики,RS,"Районный, городской, межрайонный суд",,https://dzerzhinskiy--dnr.sudrf.ru/,dzerzhinskiy--dnr.sudrf.ru,да,93RS0017
Донецкая Народная Республика,,,Димитровский городской суд Донецкой Народной Республики,RS,"Районный, городской, межрайонный суд",,https://dimitrovskiy--dnr.sudrf.ru/,dimitrovskiy--dnr.sudrf.ru,да,93RS0019
Донецкая Народная Республика,,,Добропольский городской суд Донецкой Народной Республики,RS,"Районный, городской, межрайонный суд",,https://dobropolskiy--dnr.sudrf.ru/,dobropolskiy--dnr.sudrf.ru,да,93RS0020
Донецкая Народная Республика,,,Докучаевский городской суд Донецкой Народной Республики,RS,"Районный, городской, межрайонный суд",,https://dok--dnr.sudrf.ru/,dok--dnr.sudrf.ru,да,93RS0021
Донецкая Народная Республика,,,Дружковский городской суд Донецкой Народной Республики,RS,"Районный, городской, межрайонный суд",,https://druzhkovskiy--dnr.sudrf.ru/,druzhkovskiy--dnr.sudrf.ru,да,93RS0022
Донецкая Народная Республика,,Енакиевский,Енакиевский межрайонный суд Донецкой Народной Республики,RS,"Районный, городской, межрайонный суд",,https://enak--dnr.sudrf.ru/,enak--dnr.sudrf.ru,да,93RS0023
Донецкая Народная Республика,,Ильичевский,Ильичевский районный суд город Мариуполя Донецкой Народной Республики,RS,"Районный, городской, межрайонный суд",,https://mar-ilich--dnr.sudrf.ru/,mar-ilich--dnr.sudrf.ru,да,93RS0007
Донецкая Народная Республика,,,Константиновский городской суд Донецкой Народной Республики,RS,"Районный, городской, межрайонный суд",,https://konstantinovskiy--dnr.sudrf.ru/,konstantinovskiy--dnr.sudrf.ru,да,93RS0024
Донецкая Народная Республика,,,Краматорский городской суд Донецкой Народной Республики,RS,"Районный, городской, межрайонный суд",,https://kram--dnr.sudrf.ru/,kram--dnr.sudrf.ru,да,93RS0025
Донецкая Народная Республика,,,Краснолиманский городской суд Донецкой Народной Республики,RS,"Районный, городской, межрайонный суд",,https://krasnolimanskiy--dnr.sudrf.ru/,krasnolimanskiy--dnr.sudrf.ru,да,93RS0027
Донецкая Народная Республика,,Марьинский,Марьинский районный суд Донецкой Народной Республики,RS,"Районный, городской, межрайонный суд",,https://marin--dnr.sudrf.ru/,marin--dnr.sudrf.ru,да,93RS0028
Донецкая Народная Республика,,Новоазовский,Новоазовский районный суд Донецкой Народной Республики,RS,"Районный, городской, межрайонный суд",,https://nva--dnr.sudrf.ru/,nva--dnr.sudrf.ru,да,93RS0029
Донецкая Народная Республика,,,Новогродовский городской суд Донецкой Народной Республики,RS,"Районный, городской, межрайонный суд",,https://novogrodovskiy--dnr.sudrf.ru/,novogrodovskiy--dnr.sudrf.ru,да,93RS0030
Донецкая Народная Республика,,Першотравневый,Першотравневый районный суд Донецкой Народной Республики,RS,"Районный, городской, межрайонный суд",,https://mng--dnr.sudrf.ru/,mng--dnr.sudrf.ru,да,93RS0031
Донецкая Народная Республика,,,Селидовский городской суд Донецкой Народной Республики,RS,"Районный, городской, межрайонный суд",,https://selidovskiy--dnr.sudrf.ru/,selidovskiy--dnr.sudrf.ru,да,93RS0032
Донецкая Народная Республика,,,Славянский городской суд Донецкой Народной Республики,RS,"Районный, городской, межрайонный суд",,https://slav--dnr.sudrf.ru/,slav--dnr.sudrf.ru,да,93RS0033
Донецкая Народная Республика,,Старобешевский,Старобешевский районный суд Донецкой Народной Республики,RS,"Районный, городской, межрайонный суд",,https://star--dnr.sudrf.ru/,star--dnr.sudrf.ru,да,93RS0034
Донецкая Народная Республика,,Тельмановский,Тельмановский районный суд Донецкой Народной Республики,RS,"Районный, городской, межрайонный суд",,https://tlm--dnr.sudrf.ru/,tlm--dnr.sudrf.ru,да,93RS0035
Донецкая Народная Республика,,,Угледарский городской суд Донецкой Народной Республики,RS,"Районный, городской, межрайонный суд",,https://ugledarskiy--dnr.sudrf.ru/,ugledarskiy--dnr.sudrf.ru,да,93RS0036
Донецкая Народная Республика,,Харцызский,Харцызский межрайонный суд Донецкой Народной Республики,RS,"Районный, городской, межрайонный суд",,https://harc--dnr.sudrf.ru/,harc--dnr.sudrf.ru,да,93RS0037
Донецкая Народная Республика,Дебальцево,,Артемовский городской суд Донецкой Народной Республики,RS,"Районный, городской, межрайонный суд","284701, Респ Донецкая Народная, г Дебальцево, ул Мокиевской, д 80",https://art--dnr.sudrf.ru/,art--dnr.sudrf.ru,да,93RS0013
Донецкая Народная Республика,Донецк,Буденновский,Буденновский межрайонный суд города Донецка,RS,"Районный, городской, межрайонный суд","283058, Респ Донецкая Народная, г Донецк, ул Арктики, д 20",https://bud--dnr.sudrf.ru/,bud--dnr.sudrf.ru,да,93RS0001
Донецкая Народная Республика,Донецк,,Верховный Суд Донецкой Народной Республики,OS,Областной и равный ему суд,"283015, Респ Донецкая Народная, г Донецк, ул Челюскинцев, д 163",https://vs--dnr.sudrf.ru/,vs--dnr.sudrf.ru,да,93OS0000
Донецкая Народная Республика,Донецк,Ворошиловский,Ворошиловский межрайонный суд города Донецка,RS,"Районный, городской, межрайонный суд","283015, Респ Донецкая Народная, г Донецк, ул Любавина, д 4",https://vr--dnr.sudrf.ru/,vr--dnr.sudrf.ru,да,93RS0002
Донецкая Народная Республика,Донецк,Кировский,Кировский межрайонный суд города Донецка,RS,"Районный, городской, межрайонный суд",,https://kir--dnr.sudrf.ru/,kir--dnr.sudrf.ru,да,93RS0003
Донецкая Народная Республика,Донецк,,Красноармейский городской суд Донецкой Народной Республики,RS,"Районный, городской, межрайонный суд","283015, Респ Донецкая Народная, г Донецк, ул Любавина, д 4, офис 18",https://krasn--dnr.sudrf.ru/,krasn--dnr.sudrf.ru,да,93RS0026
Донецкая Народная Республика,Макеевки Донецкой Народной Республики,Горняцкий,Горняцкий районный суд города Макеевки Донецкой Народной Республики,RS,"Районный, городской, межрайонный суд",,https://gorn--dnr.sudrf.ru/,gorn--dnr.sudrf.ru,да,93RS0004
Донецкая Народная Республика,Макеевки Донецкой Народной Республики,Центрально-Городской,Центрально-Городской районный суд города Макеевки Донецкой Народной Республики,RS,"Районный, городской, межрайонный суд",,https://centralno-gorodskoy--dnr.sudrf.ru/,centralno-gorodskoy--dnr.sudrf.ru,да,93RS0005
Донецкая Народная Республика,Мариуполя Донецкой Народной Республики,Жовтневый,Жовтневый районный суд города Мариуполя Донецкой Народной Республики,RS,"Районный, городской, межрайонный суд",,https://mar-zhovt--dnr.sudrf.ru/,mar-zhovt--dnr.sudrf.ru,да,93RS0006
Донецкая Народная Республика,Мариуполя Донецкой Народной Республики,Орджоникидзевский,Орджоникидзевский районный суд города Мариуполя Донецкой Народной Республики,RS,"Районный, городской, межрайонный суд",,https://mar-ordzh--dnr.sudrf.ru/,mar-ordzh--dnr.sudrf.ru,да,93RS0008
Донецкая Народная Республика,Мариуполя Донецкой Народной Республики,Приморский,Приморский районный суд города Мариуполя Донецкой Народной Республики,RS,"Районный, городской, межрайонный суд",,https://mar-prim--dnr.sudrf.ru/,mar-prim--dnr.sudrf.ru,да,93RS0009
Донецкая Народная Республика,Ясиноватая,,Ясиноватский городской суд Донецкой Народной Республики,RS,"Районный, городской, межрайонный суд","286006, Респ Донецкая Народная, Ясиноватский р-н, г Ясиноватая, ул Заводская, д 90",https://yasin--dnr.sudrf.ru/,yasin--dnr.sudrf.ru,да,93RS0038
Ставропольский край,Александровское,Александровский,Александровский районный суд Ставропольского края,RS,"Районный, городской, межрайонный суд","356300, Ставропольский край, с Александровское, ул Войтика, д 9",https://aleksandrovsky--stv.sudrf.ru/,aleksandrovsky--stv.sudrf.ru,да,26RS0004
Ставропольский край,Арзгир,Арзгирский,Арзгирский районный суд Ставропольского края,RS,"Районный, городской, межрайонный суд","356570, Ставропольский край, с Арзгир, ул Шоссейная, д 9",https://arzgirsky--stv.sudrf.ru/,arzgirsky--stv.sudrf.ru,да,26RS0006
Ставропольский край,Благодарный,Благодарненский,Благодарненский районный суд Ставропольского края,RS,"Районный, городской, межрайонный суд","356420, Ставропольский край, г Благодарный, ул Ленина, д 174",https://blagodarnensky--stv.sudrf.ru/,blagodarnensky--stv.sudrf.ru,да,26RS0009
Ставропольский край,Буденновск,,Буденновский городской суд Ставропольского края,RS,"Районный, городской, межрайонный суд","356809, Ставропольский край, г Буденновск, мкр 8, д 13А",https://budenovsky--stv.sudrf.ru/,budenovsky--stv.sudrf.ru,да,26RS0008
Ставропольский край,Георгиевск,,Георгиевский городской суд Ставропольского края,RS,"Районный, городской, межрайонный суд","357827, Ставропольский край, г Георгиевск, ул Калинина, д 117",https://georgievsky--stv.sudrf.ru/,georgievsky--stv.sudrf.ru,да,26RS0010
Ставропольский край,Грачевка,Грачевский,Грачевский районный суд Ставропольского края,RS,"Районный, городской, межрайонный суд","356250, Ставропольский край, с Грачевка, ул Советская, д 2А",https://grachevsky--stv.sudrf.ru/,grachevsky--stv.sudrf.ru,да,26RS0011
Ставропольский край,Дивное,Апанасенковский,Апанасенковский районный суд Ставропольского края,RS,"Районный, городской, межрайонный суд","356720, Ставропольский край, с Дивное, ул Советская, д 35",https://apanasenkovsky--stv.sudrf.ru/,apanasenkovsky--stv.sudrf.ru,да,26RS0005
Ставропольский край,Донское,Труновский,Труновский районный суд Ставропольского края,RS,"Районный, городской, межрайонный суд","356170, Ставропольский край, с Донское, ул Ленина, д 1",https://trunovsky--stv.sudrf.ru/,trunovsky--stv.sudrf.ru,да,26RS0033
Ставропольский край,Ессентуки,,Ессентукский городской суд Ставропольского края,RS,"Районный, городской, межрайонный суд","357601, Ставропольский край, г Ессентуки, ул Вокзальная, зд 57/1",https://essentuksky--stv.sudrf.ru/,essentuksky--stv.sudrf.ru,да,26RS0012
Ставропольский край,Ессентукская,Предгорный,Предгорный районный суд Ставропольского края,RS,"Районный, городской, межрайонный суд","357350, Ставропольский край, ст-ца Ессентукская, ул Гагарина, д 74",https://predgorny--stv.sudrf.ru/,predgorny--stv.sudrf.ru,да,26RS0030
Ставропольский край,Железноводск,,Железноводский городской суд Ставропольского края,RS,"Районный, городской, межрайонный суд","357400, Ставропольский край, г Железноводск, ул Ленина, д 69",https://zheleznovodsky--stv.sudrf.ru/,zheleznovodsky--stv.sudrf.ru,да,26RS0013
Ставропольский край,Зеленокумск,Советский,Советский районный суд Ставропольского края,RS,"Районный, городской, межрайонный суд","357911, Ставропольский край, г Зеленокумск, ул Советская, д 12А",https://sovetsky--stv.sudrf.ru/,sovetsky--stv.sudrf.ru,да,26RS0031
Ставропольский край,Изобильный,Изобильненский,Изобильненский районный суд Ставропольского края,RS,"Районный, городской, межрайонный суд","356140, Ставропольский край, г Изобильный, ул Ленина, д 3",https://izobylnensky--stv.sudrf.ru/,izobylnensky--stv.sudrf.ru,да,26RS0014
Ставропольский край,Ипатово,Ипатовский,Ипатовский районный суд Ставропольского края,RS,"Районный, городской, межрайонный суд","356630, Ставропольский край, г Ипатово, ул Орджоникидзе, зд 99",https://ipatovsky--stv.sudrf.ru/,ipatovsky--stv.sudrf.ru,да,26RS0015
Ставропольский край,Кисловодск,,Кисловодский городской суд Ставропольского края,RS,"Районный, городской, межрайонный суд","357700, Ставропольский край, г Кисловодск, пр-кт Ленина, д 22",https://kislovodsky--stv.sudrf.ru/,kislovodsky--stv.sudrf.ru,да,26RS0017
Ставропольский край,Кочубеевское,Кочубеевский,Кочубеевский районный суд Ставропольского края,RS,"Районный, городской, межрайонный суд","357000, Ставропольский край, с Кочубеевское, ул Братская, зд 104",https://kochubeevsky--stv.sudrf.ru/,kochubeevsky--stv.sudrf.ru,да,26RS0020
Ставропольский край,Красногвардейское,Красногвардейский,Красногвардейский районный суд Ставропольского края,RS,"Районный, городской, межрайонный суд","356030, Ставропольский край, с Красногвардейское, ул Ленина, д 91",https://krasnogvardeysky--stv.sudrf.ru/,krasnogvardeysky--stv.sudrf.ru,да,26RS0018
Ставропольский край,Курсавка,Андроповский,Андроповский районный суд Ставропольского края,RS,"Районный, городской, межрайонный суд","357070, Ставропольский край, с Курсавка, ул Стратийчука, д 126А",https://andropovsky--stv.sudrf.ru/,andropovsky--stv.sudrf.ru,да,26RS0007
Ставропольский край,Курская,Курский,Курский районный суд Ставропольского края,RS,"Районный, городской, межрайонный суд","357851, Ставропольский край, ст-ца Курская, ул Комарова, д 2А",https://kursky--stv.sudrf.ru/,kursky--stv.sudrf.ru,да,26RS0019
Ставропольский край,Левокумское,Левокумский,Левокумский районный суд Ставропольского края,RS,"Районный, городской, межрайонный суд","357961, Ставропольский край, с Левокумское, ул Молодогвардейская, д 15",https://levokumsky--stv.sudrf.ru/,levokumsky--stv.sudrf.ru,да,26RS0022
Ставропольский край,Лермонтов,,Лермонтовский городской суд Ставропольского края,RS,"Районный, городской, межрайонный суд","357342, Ставропольский край, г Лермонтов, ул Пятигорская, д 11",https://lermontovsky--stv.sudrf.ru/,lermontovsky--stv.sudrf.ru,да,26RS0021
Ставропольский край,Летняя Ставка,Туркменский,Туркменский районный суд Ставропольского края,RS,"Районный, городской, межрайонный суд","356540, Ставропольский край, с Летняя Ставка, ул Советская, д 128А",https://turkmensky--stv.sudrf.ru/,turkmensky--stv.sudrf.ru,да,26RS0034
Ставропольский край,Минеральные Воды,,Минераловодский городской суд Ставропольского края,RS,"Районный, городской, межрайонный суд","357202, Ставропольский край, г Минеральные Воды, пр-кт Карла Маркса, д 58",https://mineralovodsky--stv.sudrf.ru/,mineralovodsky--stv.sudrf.ru,да,26RS0023
Ставропольский край,Михайловск,Шпаковский,Шпаковский районный суд Ставропольского края,RS,"Районный, городской, межрайонный суд","356240, Ставропольский край, г Михайловск, ул Гагарина, д 372",https://shpakovsky--stv.sudrf.ru/,shpakovsky--stv.sudrf.ru,да,26RS0035
Ставропольский край,Невинномысск,,Невинномысский городской суд Ставропольского края,RS,"Районный, городской, межрайонный суд","357100, Ставропольский край, г Невинномысск, ул Степная, д 16Б",https://nevinnomysky--stv.sudrf.ru/,nevinnomysky--stv.sudrf.ru,да,26RS0024
Ставропольский край,Нефтекумск,Нефтекумский,Нефтекумский районный суд Ставропольского края,RS,"Районный, городской, межрайонный суд","356882, Ставропольский край, г Нефтекумск, ул Дзержинского, д 11",https://neftekumsky--stv.sudrf.ru/,neftekumsky--stv.sudrf.ru,да,26RS0026
Ставропольский край,Новоалександровск,Новоалександровский,Новоалександровский районный суд Ставропольского края,RS,"Районный, городской, межрайонный суд","356000, Ставропольский край, г Новоалександровск, ул Ленина, д 123",https://novoaleksandrovsky--stv.sudrf.ru/,novoaleksandrovsky--stv.sudrf.ru,да,26RS0025
Ставропольский край,Новопавловск,Кировский,Кировский районный суд Ставропольского края,RS,"Районный, городской, межрайонный суд","357300, Ставропольский край, г Новопавловск, ул Ставропольская, д 56",https://kirovsky--stv.sudrf.ru/,kirovsky--stv.sudrf.ru,да,26RS0016
Ставропольский край,Новоселицкое,Новоселицкий,Новоселицкий районный суд Ставропольского края,RS,"Районный, городской, межрайонный суд","356350, Ставропольский край, с Новоселицкое, ул Школьная, д 8",https://novoselicky--stv.sudrf.ru/,novoselicky--stv.sudrf.ru,да,26RS0027
Ставропольский край,Пятигорск,,Пятигорский городской суд Ставропольского края,RS,"Районный, городской, межрайонный суд","357502, Ставропольский край, г Пятигорск, ул Университетская, д 34А",https://piatigorsky--stv.sudrf.ru/,piatigorsky--stv.sudrf.ru,да,26RS0029
Ставропольский край,Пятигорск,,Пятый кассационный суд общей юрисдикции,KJ,Кассационный суд общей юрисдикции,"357503, Ставропольский край, г Пятигорск, ул Октябрьская, зд 15",https://5kas.sudrf.ru/,5kas.sudrf.ru,да,26KJ0005
Ставропольский край,Светлоград,Петровский,Петровский районный суд Ставропольского края,RS,"Районный, городской, межрайонный суд","356530, Ставропольский край, г Светлоград, ул Ленина, зд 24",https://petrovsky--stv.sudrf.ru/,petrovsky--stv.sudrf.ru,да,26RS0028
Ставропольский край,Ставрополь,Ленинский,Ленинский районный суд г. Ставрополя,RS,"Районный, городской, межрайонный суд","355035, г Ставрополь, ул Дзержинского, д 235",https://lenynsky--stv.sudrf.ru/,lenynsky--stv.sudrf.ru,да,26RS0002
Ставропольский край,Ставрополь,Октябрьский,Октябрьский районный суд г. Ставрополя,RS,"Районный, городской, межрайонный суд","355035, г Ставрополь, ул Дзержинского, д 235",https://oktyabrsky--stv.sudrf.ru/,oktyabrsky--stv.sudrf.ru,да,26RS0003
Ставропольский край,Ставрополь,Промышленный,Промышленный районный суд г. Ставрополя,RS,"Районный, городской, межрайонный суд","355035, г Ставрополь, ул Дзержинского, д 235",https://promyshleny--stv.sudrf.ru/,promyshleny--stv.sudrf.ru,да,26RS0001
Ставропольский край,Ставрополь,,Ставропольский краевой суд,OS,Областной и равный ему суд,"355035, г Ставрополь, ул Лермонтова, д 183",https://kraevoy--stv.sudrf.ru/,kraevoy--stv.sudrf.ru,да,26OS0000
Ставропольский край,Степное,Степновский,Степновский районный суд Ставропольского края,RS,"Районный, городской, межрайонный суд","357930, Ставропольский край, с Степное, ул П.Явецкого, д 61",https://stepnovsky--stv.sudrf.ru/,stepnovsky--stv.sudrf.ru,да,26RS0032
Луганская Народная Республика,,,Алчевский городской суд Луганской Народной Республики,RS,"Районный, городской, межрайонный суд",,https://alchevskiy--lnr.sudrf.ru/,alchevskiy--lnr.sudrf.ru,да,94RS0005
Луганская Народная Республика,,Беловодский,Беловодский районный суд Луганской Народной Республики,RS,"Районный, городской, межрайонный суд",,https://belovodskiy--lnr.sudrf.ru/,belovodskiy--lnr.sudrf.ru,да,94RS0007
Луганская Народная Республика,,Белокуракинский,Белокуракинский районный суд Луганской Народной Республики,RS,"Районный, городской, межрайонный суд",,https://belokurakinskiy--lnr.sudrf.ru/,belokurakinskiy--lnr.sudrf.ru,да,94RS0008
Луганская Народная Республика,,,Брянковский городской суд Луганской Народной Республики,RS,"Районный, городской, межрайонный суд",,https://bryankovskiy--lnr.sudrf.ru/,bryankovskiy--lnr.sudrf.ru,да,94RS0009
Луганская Народная Республика,,,Кировский городской суд Луганской Народной Республики,RS,"Районный, городской, межрайонный суд",,https://kirovskiy--lnr.sudrf.ru/,kirovskiy--lnr.sudrf.ru,да,94RS0010
Луганская Народная Республика,,,Краснодонский городской суд Луганской Народной Республики,RS,"Районный, городской, межрайонный суд",,https://krasnodonsky--lnr.sudrf.ru/,krasnodonsky--lnr.sudrf.ru,да,94RS0011
Луганская Народная Республика,,,Краснолучский городской суд Луганской Народной Республики,RS,"Районный, городской, межрайонный суд",,https://krasnoluchskiy--lnr.sudrf.ru/,krasnoluchskiy--lnr.sudrf.ru,да,94RS0012
Луганская Народная Республика,,Кременской,Кременской районный суд Луганской Народной Республики,RS,"Районный, городской, межрайонный суд",,https://kremenskoy--lnr.sudrf.ru/,kremenskoy--lnr.sudrf.ru,да,94RS0013
Луганская Народная Республика,,,Лисичанский городской суд Луганской Народной Республики,RS,"Районный, городской, межрайонный суд",,https://lisichanskiy--lnr.sudrf.ru/,lisichanskiy--lnr.sudrf.ru,да,94RS0014
Луганская Народная Республика,,Лутугинский,Лутугинский районный суд Луганской Народной Республики,RS,"Районный, городской, межрайонный суд",,https://lutuginskiy--lnr.sudrf.ru/,lutuginskiy--lnr.sudrf.ru,да,94RS0015
Луганская Народная Республика,,Меловский,Меловский районный суд Луганской Народной Республики,RS,"Районный, городской, межрайонный суд",,https://melovskiy--lnr.sudrf.ru/,melovskiy--lnr.sudrf.ru,да,94RS0017
Луганская Народная Республика,,Новоайдарский,Новоайдарский районный суд Луганской Народной Республики,RS,"Районный, городской, межрайонный суд",,https://novoaydarskiy--lnr.sudrf.ru/,novoaydarskiy--lnr.sudrf.ru,да,94RS0018
Луганская Народная Республика,,Новопсковский,Новопсковский районный суд Луганской Народной Республики,RS,"Районный, городской, межрайонный суд",,https://novopskovskiy--lnr.sudrf.ru/,novopskovskiy--lnr.sudrf.ru,да,94RS0019
Луганская Народная Республика,,,Первомайский городской суд Луганской Народной Республики,RS,"Районный, городской, межрайонный суд",,https://pervomayskiy--lnr.sudrf.ru/,pervomayskiy--lnr.sudrf.ru,да,94RS0020
Луганская Народная Республика,,Перевальский,Перевальский районный суд Луганской Народной Республики,RS,"Районный, городской, межрайонный суд",,https://perevalskiy--lnr.sudrf.ru/,perevalskiy--lnr.sudrf.ru,да,94RS0021
Луганская Народная Республика,,,Ровеньковский городской суд Луганской Народной Республики,RS,"Районный, городской, межрайонный суд",,https://rovenkovskiy--lnr.sudrf.ru/,rovenkovskiy--lnr.sudrf.ru,да,94RS0023
Луганская Народная Республика,,,Рубежанский городской суд Луганской Народной Республики,RS,"Районный, городской, межрайонный суд",,https://rubezhanskiy--lnr.sudrf.ru/,rubezhanskiy--lnr.sudrf.ru,да,94RS0024
Луганская Народная Республика,,Сватовский,Сватовский районный суд Луганской Народной Республики,RS,"Районный, городской, межрайонный суд",,https://svatovskiy--lnr.sudrf.ru/,svatovskiy--lnr.sudrf.ru,да,94RS0025
Луганская Народная Республика,,,Свердловский городской суд Луганской Народной Республики,RS,"Районный, городской, межрайонный суд",,https://sverdlovskiy--lnr.sudrf.ru/,sverdlovskiy--lnr.sudrf.ru,да,94RS0026
Луганская Народная Республика,,,Северодонецкий городской суд Луганской Народной Республики,RS,"Районный, городской, межрайонный суд",,https://severodonetskiy--lnr.sudrf.ru/,severodonetskiy--lnr.sudrf.ru,да,94RS0027
Луганская Народная Республика,,Славяносербский,Славяносербский районный суд Луганской Народной Республики,RS,"Районный, городской, межрайонный суд",,https://slavyanoserbskiy--lnr.sudrf.ru/,slavyanoserbskiy--lnr.sudrf.ru,да,94RS0028
Луганская Народная Республика,,Станично-Луганский,Станично-Луганский районный суд Луганской Народной Республики,RS,"Районный, городской, межрайонный суд",,https://stanichno-luganskiy--lnr.sudrf.ru/,stanichno-luganskiy--lnr.sudrf.ru,да,94RS0029
Луганская Народная Республика,,Старобельский,Старобельский районный суд Луганской Народной Республики,RS,"Районный, городской, межрайонный суд",,https://starobelskiy--lnr.sudrf.ru/,starobelskiy--lnr.sudrf.ru,да,94RS0030
Луганская Народная Республика,,,Стахановский городской суд Луганской Народной Республики,RS,"Районный, городской, межрайонный суд",,https://stakhanovskiy--lnr.sudrf.ru/,stakhanovskiy--lnr.sudrf.ru,да,94RS0031
Луганская Народная Республика,,Троицкий,Троицкий районный суд Луганской Народной Республики,RS,"Районный, городской, межрайонный суд",,https://troitskiy--lnr.sudrf.ru/,troitskiy--lnr.sudrf.ru,да,94RS0032
Луганская Народная Республика,Антрацит,,Антрацитовский городской суд Луганской Народной Республики,RS,"Районный, городской, межрайонный суд","294613, Респ Луганская Народная, г Антрацит, ул Менжинского, д 8",https://antratsitovskiy--lnr.sudrf.ru/,antratsitovskiy--lnr.sudrf.ru,да,94RS0006
Луганская Народная Республика,Луганск,Артемовский,Артемовский районный суд города Луганска,RS,"Районный, городской, межрайонный суд",,https://artemovskiy--lnr.sudrf.ru/,artemovskiy--lnr.sudrf.ru,да,94RS0001
Луганская Народная Республика,Луганск,,Верховный Суд Луганской Народной Республики,OS,Областной и равный ему суд,"291016, Респ Луганская Народная, г Луганск, ул Коцюбинского, д 4",https://vs--lnr.sudrf.ru/,vs--lnr.sudrf.ru,да,94OS0000
Луганская Народная Республика,Луганск,Жовтневый,Жовтневый районный суд города Луганска,RS,"Районный, городской, межрайонный суд",,https://zhovtnevyy--lnr.sudrf.ru/,zhovtnevyy--lnr.sudrf.ru,да,94RS0002
Луганская Народная Республика,Луганск,Каменнобродский,Каменнобродский районный суд города Луганска,RS,"Районный, городской, межрайонный суд",,https://kamennobrodsky--lnr.sudrf.ru/,kamennobrodsky--lnr.sudrf.ru,да,94RS0003
Луганская Народная Республика,Луганск,Ленинский,Ленинский районный суд города Луганска,RS,"Районный, городской, межрайонный суд",,https://leninskiy--lnr.sudrf.ru/,leninskiy--lnr.sudrf.ru,да,94RS0004
Луганская Народная Республика,Марковка,Марковский,Марковский районный суд Луганской Народной Республики,RS,"Районный, городской, межрайонный суд","292400, Респ Луганская Народная, Марковский р-н, пгт Марковка, пл Октябрьская, д 31",https://markovskiy--lnr.sudrf.ru/,markovskiy--lnr.sudrf.ru,да,94RS0016
Республика Крым,Алушта,,Алуштинский городской суд Республики Крым,RS,"Районный, городской, межрайонный суд","298500, Респ Крым, г Алушта, ул Ленина, д 23",https://alushta--krm.sudrf.ru/,alushta--krm.sudrf.ru,да,91RS0004
Республика Крым,Армянск,,Армянский городской суд Республики Крым,RS,"Районный, городской, межрайонный суд","296012, Респ Крым, г Армянск, ул Школьная, д 4",https://armyanskiy--krm.sudrf.ru/,armyanskiy--krm.sudrf.ru,да,91RS0005
Республика Крым,Бахчисарай,Бахчисарайский,Бахчисарайский районный суд Республики Крым,RS,"Районный, городской, межрайонный суд","298400, Респ Крым, Бахчисарайский р-н, г Бахчисарай, ул Кооперативная, д 1",https://bahchisarai--krm.sudrf.ru/,bahchisarai--krm.sudrf.ru,да,91RS0006
Республика Крым,Белогорск,Белогорский,Белогорский районный суд Республики Крым,RS,"Районный, городской, межрайонный суд","297600, Респ Крым, Белогорский р-н, г Белогорск, ул Луначарского, д 39",https://belogorskiy--krm.sudrf.ru/,belogorskiy--krm.sudrf.ru,да,91RS0007
Республика Крым,Джанкой,Джанкойский,Джанкойский районный суд Республики Крым,RS,"Районный, городской, межрайонный суд","296100, Респ Крым, г Джанкой, ул Крымская, д 77А",https://dzhankoi--krm.sudrf.ru/,dzhankoi--krm.sudrf.ru,да,91RS0008
Республика Крым,Евпатория,,Евпаторийский городской суд Республики Крым,RS,"Районный, городской, межрайонный суд","297412, Респ Крым, г Евпатория, пр-кт им.В.И.Ленина, д 30",https://evpatoriya--krm.sudrf.ru/,evpatoriya--krm.sudrf.ru,да,91RS0009
Республика Крым,Керчь,,Керченский городской суд Республики Крым,RS,"Районный, городской, межрайонный суд","298300, Респ Крым, г Керчь, ул Свердлова, д 4",https://kerch--krm.sudrf.ru/,kerch--krm.sudrf.ru,да,91RS0012
Республика Крым,Кировское,Кировский,Кировский районный суд Республики Крым,RS,"Районный, городской, межрайонный суд","297300, Респ Крым, Кировский р-н, пгт Кировское, ул Р.Люксембург, д 25",https://kirovskiy--krm.sudrf.ru/,kirovskiy--krm.sudrf.ru,да,91RS0013
Республика Крым,Красногвардейское,Красногвардейский,Красногвардейский районный суд Республики Крым,RS,"Районный, городской, межрайонный суд","297000, Респ Крым, Красногвардейский р-н, пгт Красногвардейское, ул Чкалова, д 6",https://krasnogvardeiskiy--krm.sudrf.ru/,krasnogvardeiskiy--krm.sudrf.ru,да,91RS0011
Республика Крым,Красноперекопск,Красноперекопский,Красноперекопский районный суд Республики Крым,RS,"Районный, городской, межрайонный суд","296000, Респ Крым, г Красноперекопск, ул Захарова, д 3А",https://krasnoperekopskiy--krm.sudrf.ru/,krasnoperekopskiy--krm.sudrf.ru,да,91RS0010
Республика Крым,Ленино,Ленинский,Ленинский районный суд Республики Крым,RS,"Районный, городской, межрайонный суд","298200, Респ Крым, Ленинский р-н, пгт Ленино, ул Пушкина, д 33",https://leninskiy--krm.sudrf.ru/,leninskiy--krm.sudrf.ru,да,91RS0014
Республика Крым,Нижнегорский,Нижнегорский,Нижнегорский районный суд Республики Крым,RS,"Районный, городской, межрайонный суд","297100, Респ Крым, Нижнегорский р-н, пгт Нижнегорский, ул Фонтанная, д 8",https://nizhnegorskiy--krm.sudrf.ru/,nizhnegorskiy--krm.sudrf.ru,да,91RS0015
Республика Крым,Первомайское,Первомайский,Первомайский районный суд Республики Крым,RS,"Районный, городской, межрайонный суд","296300, Респ Крым, Первомайский р-н, пгт Первомайское, ул Октябрьская, зд 116А",https://pervomaiskiy--krm.sudrf.ru/,pervomaiskiy--krm.sudrf.ru,да,91RS0016
Республика Крым,Раздольное,Раздольненский,Раздольненский районный суд Республики Крым,RS,"Районный, городской, межрайонный суд","296200, Респ Крым, Раздольненский р-н, пгт Раздольное, ул Ленина, д 44",https://razdolnenskiy--krm.sudrf.ru/,razdolnenskiy--krm.sudrf.ru,да,91RS0017
Республика Крым,Саки,Сакский,Сакский районный суд Республики Крым,RS,"Районный, городской, межрайонный суд","296500, Респ Крым, г Саки, ул Ленина, д 19",https://saki--krm.sudrf.ru/,saki--krm.sudrf.ru,да,91RS0018
Республика Крым,Симферополь,,Верховный Суд Республики Крым,OS,Областной и равный ему суд,"295000, Респ Крым, г Симферополь, ул Павленко, зд 2",https://vs--krm.sudrf.ru/,vs--krm.sudrf.ru,да,91OS0000
Республика Крым,Симферополь,Железнодорожный,Железнодорожный районный суд г. Симферополя Республики Крым,RS,"Районный, городской, межрайонный суд","295014, Респ Крым, г Симферополь, ул Хромченко, д 6А",https://zheleznodorozhniy--krm.sudrf.ru/,zheleznodorozhniy--krm.sudrf.ru,да,91RS0001
Республика Крым,Симферополь,Киевский,Киевский районный суд г. Симферополя Республики Крым,RS,"Районный, городской, межрайонный суд","295017, Респ Крым, г Симферополь, ул Воровского, д 16",https://kiev-simph--krm.sudrf.ru/,kiev-simph--krm.sudrf.ru,да,91RS0002
Республика Крым,Симферополь,Симферопольский,Симферопольский районный суд Республики Крым,RS,"Районный, городской, межрайонный суд","295000, Респ Крым, г Симферополь, ул Екатерининская, д 17",https://simpheropolskiy--krm.sudrf.ru/,simpheropolskiy--krm.sudrf.ru,да,91RS0019
Республика Крым,Симферополь,Центральный,Центральный районный суд г. Симферополя Республики Крым,RS,"Районный, городской, межрайонный суд","295011, Респ Крым, г Симферополь, ул Турецкая, д 21/5",https://centr-simph--krm.sudrf.ru/,centr-simph--krm.sudrf.ru,да,91RS0003
Республика Крым,Советский,Советский,Советский районный суд Республики Крым,RS,"Районный, городской, межрайонный суд","297200, Респ Крым, Советский р-н, пгт Советский, ул 30 лет Победы, д 19",https://sovetskiy--krm.sudrf.ru/,sovetskiy--krm.sudrf.ru,да,91RS0020
Республика Крым,Судак,,Судакский городской суд Республики Крым,RS,"Районный, городской, межрайонный суд","298000, Респ Крым, г Судак, ул Ленина, д 71",https://sudak--krm.sudrf.ru/,sudak--krm.sudrf.ru,да,91RS0021
Республика Крым,Феодосия,,Феодосийский городской суд Республики Крым,RS,"Районный, городской, межрайонный суд","298108, Респ Крым, г Феодосия, ул Греческая, зд 3А",https://feodosiya--krm.sudrf.ru/,feodosiya--krm.sudrf.ru,да,91RS0022
Республика Крым,Черноморское,Черноморский,Черноморский районный суд Республики Крым,RS,"Районный, городской, межрайонный суд","296400, Респ Крым, Черноморский р-н, пгт Черноморское, ул Кирова, зд 19",https://chernomorskiy--krm.sudrf.ru/,chernomorskiy--krm.sudrf.ru,да,91RS0023
Республика Крым,Ялта,,Ялтинский городской суд Республики Крым,RS,"Районный, городской, межрайонный суд","298600, Респ Крым, г Ялта, ул Дмитриева, д 4",https://yalta--krm.sudrf.ru/,yalta--krm.sudrf.ru,да,91RS0024
Астраханская область,Астрахань,,Астраханский областной суд,OS,Областной и равный ему суд,"414000, г Астрахань, ул Адмиралтейская, д 3 к 1",https://oblsud--ast.sudrf.ru/,oblsud--ast.sudrf.ru,да,30OS0000
Астраханская область,Астрахань,Кировский,Кировский районный суд г. Астрахани,RS,"Районный, городской, межрайонный суд","414000, г Астрахань, ул Набережная 1 Мая, зд 43",https://kirovsky--ast.sudrf.ru/,kirovsky--ast.sudrf.ru,да,30RS0001
Астраханская область,Астрахань,Ленинский,Ленинский районный суд г. Астрахани,RS,"Районный, городской, межрайонный суд","414056, г Астрахань, ул Савушкина, д 3/1",https://leninsky--ast.sudrf.ru/,leninsky--ast.sudrf.ru,да,30RS0002
Астраханская область,Астрахань,Наримановский,Наримановский районный суд Астраханской области,RS,"Районный, городской, межрайонный суд","414050, г Астрахань, ул Щепкина, стр 2А",https://narimanovsky--ast.sudrf.ru/,narimanovsky--ast.sudrf.ru,да,30RS0012
Астраханская область,Астрахань,Советский,Советский районный суд г. Астрахани,RS,"Районный, городской, межрайонный суд","414024, г Астрахань, ул Набережная Приволжского затона, д 13Б",https://sovetsky--ast.sudrf.ru/,sovetsky--ast.sudrf.ru,да,30RS0003
Астраханская область,Астрахань,Трусовский,Трусовский районный суд г. Астрахани,RS,"Районный, городской, межрайонный суд","414006, г Астрахань, ул Дзержинского, д 34",https://trusovsky--ast.sudrf.ru/,trusovsky--ast.sudrf.ru,да,30RS0004
Астраханская область,Ахтубинск,Ахтубинский,Ахтубинский районный суд Астраханской области,RS,"Районный, городской, межрайонный суд","416500, Астраханская обл, г Ахтубинск, ул Ватутина, зд 18А",https://ahtubinsky--ast.sudrf.ru/,ahtubinsky--ast.sudrf.ru,да,30RS0005
Астраханская область,Володарский,Володарский,Володарский районный суд Астраханской области,RS,"Районный, городской, межрайонный суд","416170, Астраханская обл, Володарский р-н, п Володарский, ул Советская, зд 4",https://volodarsky--ast.sudrf.ru/,volodarsky--ast.sudrf.ru,да,30RS0006
Астраханская область,Енотаевка,Енотаевский,Енотаевский районный суд Астраханской области,RS,"Районный, городской, межрайонный суд","416200, Астраханская обл., с. Енотаевка, ул. Чернышевского/Кирова, д. 21/57",https://enotaevsky--ast.sudrf.ru/,enotaevsky--ast.sudrf.ru,да,30RS0007
Астраханская область,Икряное,Икрянинский,Икрянинский районный суд Астраханской области,RS,"Районный, городской, межрайонный суд","416370, Астраханская обл, с Икряное, ул Мира, д 37Б",https://ikryaninsky--ast.sudrf.ru/,ikryaninsky--ast.sudrf.ru,да,30RS0008
Астраханская область,Камызяк,Камызякский,Камызякский районный суд Астраханской области,RS,"Районный, городской, межрайонный суд","416340, Астраханская обл, г Камызяк, ул Ленина, д 20",https://kamizyaksky--ast.sudrf.ru/,kamizyaksky--ast.sudrf.ru,да,30RS0009
Астраханская область,Красный Яр,Красноярский,Красноярский районный суд Астраханской области,RS,"Районный, городской, межрайонный суд","416150, Астраханская обл, с Красный Яр, ул Советская, зд 2",https://krasnoyarsky--ast.sudrf.ru/,krasnoyarsky--ast.sudrf.ru,да,30RS0010
Астраханская область,Лиман,Лиманский,Лиманский районный суд Астраханской области,RS,"Районный, городской, межрайонный суд","416410, Астраханская обл, рп Лиман, ул Ленина, д 56",https://limansky--ast.sudrf.ru/,limansky--ast.sudrf.ru,да,30RS0011
Астраханская область,Началово,Приволжский,Приволжский районный суд Астраханской области,RS,"Районный, городской, межрайонный суд","416450, Астраханская обл, с Началово, ул Ленина, д 78",https://privolzhsky--ast.sudrf.ru/,privolzhsky--ast.sudrf.ru,да,30RS0013
Астраханская область,Харабали,Харабалинский,Харабалинский районный суд Астраханской области,RS,"Районный, городской, межрайонный суд","416010, Астраханская обл, г Харабали, ул Богдана Хмельницкого, зд 19",https://harabalinsky--ast.sudrf.ru/,harabalinsky--ast.sudrf.ru,да,30RS0014
Астраханская область,Черный Яр,Черноярский,Черноярский районный суд Астраханской области,RS,"Районный, городской, межрайонный суд","416230, Астраханская обл, с Черный Яр, пл Ленина, влд 16",https://chernoyarsky--ast.sudrf.ru/,chernoyarsky--ast.sudrf.ru,да,30RS0015
Республика Чеченская,Ачхой-Мартан,Ачхой-Мартановский,Ачхой-Мартановский районный суд Чеченской Республики,RS,"Районный, городской, межрайонный суд","366612, Респ Чеченская, г Ачхой-Мартан, ул Х.Нурадилова, д 117",https://achhoy-martanovsky--chn.sudrf.ru/,achhoy-martanovsky--chn.sudrf.ru,да,20RS0013
Республика Чеченская,Ведено,Веденский,Веденский районный суд Чеченской Республики,RS,"Районный, городской, межрайонный суд","366337, Респ Чеченская, с Ведено, ул Орджоникидзе, д 2",https://vedensky--chn.sudrf.ru/,vedensky--chn.sudrf.ru,да,20RS0011
Республика Чеченская,Грозный,Ахматовский,Ахматовский районный суд г. Грозного Чеченской Республики,RS,"Районный, городской, межрайонный суд","364068, г Грозный, р-н Путинский, пр-кт Культуры, д 8",https://ahmatovskij--chn.sudrf.ru/,ahmatovskij--chn.sudrf.ru,да,20RS0005
Республика Чеченская,Грозный,Байсангуровский,Байсангуровский районный суд г. Грозного Чеченской Республики,RS,"Районный, городской, межрайонный суд","364024, г Грозный, р-н Ахматовский, ул имени Хусейна Исаева, д 75",https://bajsangurovskij--chn.sudrf.ru/,bajsangurovskij--chn.sudrf.ru,да,20RS0002
Республика Чеченская,Грозный,,Верховный Суд Чеченской Республики,OS,Областной и равный ему суд,"364024, г Грозный, р-н Ахматовский, ул имени Хусейна Исаева, д 75",https://vs--chn.sudrf.ru/,vs--chn.sudrf.ru,да,20OS0000
Республика Чеченская,Грозный,Висаитовский,Висаитовский районный суд г. Грозного Чеченской Республики,RS,"Районный, городской, межрайонный суд","364052, г Грозный, р-н Висаитовский, ул Л.Е.Цеповой, д 116",https://visaitovskij--chn.sudrf.ru/,visaitovskij--chn.sudrf.ru,да,20RS0001
Республика Чеченская,Грозный,Грозненский,Грозненский районный суд Чеченской Республики,RS,"Районный, городской, межрайонный суд","364052, г Грозный, р-н Висаитовский, ул им. Х.Г. Янгулбаева, д 2",https://groznensky--chn.sudrf.ru/,groznensky--chn.sudrf.ru,да,20RS0004
Республика Чеченская,Грозный,Шейх-Мансуровский,Шейх-Мансуровский районный суд г. Грозного Чеченской Республики,RS,"Районный, городской, межрайонный суд","364068, г Грозный, р-н Путинский, пр-кт Культуры, д 8",https://shejh-mansurovskij--chn.sudrf.ru/,shejh-mansurovskij--chn.sudrf.ru,да,20RS0003
Республика Чеченская,Гудермес,,Гудермесский городской суд Чеченской Республики,RS,"Районный, городской, межрайонный суд","366208, Респ Чеченская, г Гудермес, ул Белореченская, д 34А",https://gudermessky--chn.sudrf.ru/,gudermessky--chn.sudrf.ru,да,20RS0006
Республика Чеченская,Знаменское,Надтеречный,Надтеречный районный суд Чеченской Республики,RS,"Районный, городской, межрайонный суд","366831, Респ Чеченская, Надтеречный р-н, с Знаменское, ул Дзержинского, д 15",https://nadterechny--chn.sudrf.ru/,nadterechny--chn.sudrf.ru,да,20RS0008
Республика Чеченская,Наурская,Наурский,Наурский районный суд Чеченской Республики,RS,"Районный, городской, межрайонный суд","366128, Чеченская Республика, г. Наурская, ул. им. Х. Батырова, д. 36",https://naursky--chn.sudrf.ru/,naursky--chn.sudrf.ru,да,20RS0007
Республика Чеченская,Ножай-Юрт,Ножай-Юртовский,Ножай-Юртовский районный суд Чеченской Республики,RS,"Районный, городской, межрайонный суд","366241, Респ Чеченская, с Ножай-Юрт, ул Т.Чермоева, д 20А",https://nozhay-urtovsky--chn.sudrf.ru/,nozhay-urtovsky--chn.sudrf.ru,да,20RS0016
Республика Чеченская,Урус-Мартан,,Урус-Мартановский городской суд Чеченской Республики,RS,"Районный, городской, межрайонный суд","366523, Респ Чеченская, г Урус-Мартан, ул им.Шейха Солса-Хаджи Яндарова, д 38",https://urus-martanovsky--chn.sudrf.ru/,urus-martanovsky--chn.sudrf.ru,да,20RS0009
Республика Чеченская,Шали,,Шалинский городской суд Чеченской Республики,RS,"Районный, городской, межрайонный суд","366324, Респ Чеченская, г Шали, ул Георгия Васильевича Чичерина, д 1А",https://shalinsky--chn.sudrf.ru/,shalinsky--chn.sudrf.ru,да,20RS0010
Республика Чеченская,Шатой,Шатойский,Шатойский районный суд Чеченской Республики,RS,"Районный, городской, межрайонный суд","366405, Респ Чеченская, с Шатой, ул Салаудина Гугаева, д 9",https://shatoisky--chn.sudrf.ru/,shatoisky--chn.sudrf.ru,да,20RS0017
Республика Чеченская,Шелковская,Шелковской,Шелковской районный суд Чеченской Республики,RS,"Районный, городской, межрайонный суд","366108, Респ Чеченская, Шелковской р-н, г Шелковская, ул Советская, д 50",https://shelkovsky--chn.sudrf.ru/,shelkovsky--chn.sudrf.ru,да,20RS0015
Херсонская область,,Алешкинский,Алешкинский районный суд Херсонской области,RS,"Районный, городской, межрайонный суд",,https://aleshkinskiy--hrs.sudrf.ru/,aleshkinskiy--hrs.sudrf.ru,да,96RS0001
Херсонская область,,Белозерский,Белозерский районный суд Херсонской области,RS,"Районный, городской, межрайонный суд",,https://belozerskiy--hrs.sudrf.ru/,belozerskiy--hrs.sudrf.ru,да,96RS0002
Херсонская область,,Бериславский,Бериславский районный суд Херсонской области,RS,"Районный, городской, межрайонный суд",,https://berislavskiy--hrs.sudrf.ru/,berislavskiy--hrs.sudrf.ru,да,96RS0003
Херсонская область,,Великоалександровский,Великоалександровский межрайонный суд Херсонской области,RS,"Районный, городской, межрайонный суд",,https://velikoaleksandrovskiy--hrs.sudrf.ru/,velikoaleksandrovskiy--hrs.sudrf.ru,да,96RS0004
Херсонская область,,Великолепетихский,Великолепетихский межрайонный суд Херсонской области,RS,"Районный, городской, межрайонный суд",,https://velikolepetihskiy--hrs.sudrf.ru/,velikolepetihskiy--hrs.sudrf.ru,да,96RS0005
Херсонская область,,Генический,Генический районный суд Херсонской области,RS,"Районный, городской, межрайонный суд",,https://genicheskiy--hrs.sudrf.ru/,genicheskiy--hrs.sudrf.ru,да,96RS0006
Херсонская область,,Голопристанский,Голопристанский районный суд Херсонской области,RS,"Районный, городской, межрайонный суд",,https://golopristanskiy--hrs.sudrf.ru/,golopristanskiy--hrs.sudrf.ru,да,96RS0007
Херсонская область,,Каховский,Каховский районный суд Херсонской области,RS,"Районный, городской, межрайонный суд",,https://kahovskiy--hrs.sudrf.ru/,kahovskiy--hrs.sudrf.ru,да,96RS0008
Херсонская область,,,Новокаховский городской суд Херсонской области,RS,"Районный, городской, межрайонный суд",,https://novokahovskiy--hrs.sudrf.ru/,novokahovskiy--hrs.sudrf.ru,да,96RS0009
Херсонская область,,Новотроицкий,Новотроицкий межрайонный суд Херсонской области,RS,"Районный, городской, межрайонный суд",,https://novotroitskiy--hrs.sudrf.ru/,novotroitskiy--hrs.sudrf.ru,да,96RS0010
Херсонская область,,Скадовский,Скадовский районный суд Херсонской области,RS,"Районный, городской, межрайонный суд",,https://skadovskiy--hrs.sudrf.ru/,skadovskiy--hrs.sudrf.ru,да,96RS0011
Херсонская область,,,Херсонский городской суд,RS,"Районный, городской, межрайонный суд",,https://hersonskiy--hrs.sudrf.ru/,hersonskiy--hrs.sudrf.ru,да,96RS0012
Херсонская область,,Чаплынский,Чаплынский межрайонный суд Херсонской области,RS,"Районный, городской, межрайонный суд",,https://chaplynskiy--hrs.sudrf.ru/,chaplynskiy--hrs.sudrf.ru,да,96RS0013
Херсонская область,ГЕНИЧЕСК,,Херсонский областной суд,OS,Областной и равный ему суд,"275500, ХЕРСОНСКАЯ ОБЛАСТЬ, М.О. ГЕНИЧЕСКИЙ, Г. ГЕНИЧЕСК, УЛ. БРАТЬЕВ КОВАЛЕНКО, Д. 66",https://oblsud--hrs.sudrf.ru/,oblsud--hrs.sudrf.ru,да,96OS0000
Республика Калмыкия,Городовиковск,Городовиковский,Городовиковский районный суд Республики Калмыкия,RS,"Районный, городской, межрайонный суд","359050, Респ Калмыкия, г Городовиковск, ул Ленина, зд 27",https://gorodovikovsky--kalm.sudrf.ru/,gorodovikovsky--kalm.sudrf.ru,да,08RS0002
Республика Калмыкия,Комсомольский,Черноземельский,Черноземельский районный суд Республики Калмыкия,RS,"Районный, городской, межрайонный суд","359240, Респ Калмыкия, п Комсомольский, ул Аллея Памяти, д 41А",https://chernozemelsky--kalm.sudrf.ru/,chernozemelsky--kalm.sudrf.ru,да,08RS0011
Республика Калмыкия,Лагань,Лаганский,Лаганский районный суд Республики Калмыкия,RS,"Районный, городской, межрайонный суд","359220, Респ Калмыкия, г Лагань, ул Куйбышева, д 121",https://lagansky--kalm.sudrf.ru/,lagansky--kalm.sudrf.ru,да,08RS0005
Республика Калмыкия,Малые Дербеты,Малодербетовский,Малодербетовский районный суд Республики Калмыкия,RS,"Районный, городской, межрайонный суд","359420, Респ Калмыкия, с Малые Дербеты, ул Советская, д 54",https://maloderbetovsky--kalm.sudrf.ru/,maloderbetovsky--kalm.sudrf.ru,да,08RS0006
Республика Калмыкия,Приютное,Приютненский,Приютненский районный суд Республики Калмыкия,RS,"Районный, городской, межрайонный суд","359030, Респ Калмыкия, с Приютное, ул Московская, д 2",https://priyutninsky--kalm.sudrf.ru/,priyutninsky--kalm.sudrf.ru,да,08RS0008
Республика Калмыкия,Садовое,Сарпинский,Сарпинский районный суд Республики Калмыкия,RS,"Районный, городской, межрайонный суд","359410, Респ Калмыкия, с Садовое, ул Дорожная, д 24",https://sarpinsky--kalm.sudrf.ru/,sarpinsky--kalm.sudrf.ru,да,08RS0009
Республика Калмыкия,Троицкое,Целинный,Целинный районный суд Республики Калмыкия,RS,"Районный, городской, межрайонный суд","359180, Респ Калмыкия, с Троицкое, ул А.С.Пушкина, д 8",https://celinny--kalm.sudrf.ru/,celinny--kalm.sudrf.ru,да,08RS0010
Республика Калмыкия,Цаган Аман,Юстинский,Юстинский районный суд Республики Калмыкия,RS,"Районный, городской, межрайонный суд","359300, Респ Калмыкия, п Цаган Аман, ул Элистинская, д 75",https://yustinsky--kalm.sudrf.ru/,yustinsky--kalm.sudrf.ru,да,08RS0012
Республика Калмыкия,Элиста,,Верховный Суд Республики Калмыкия,OS,Областной и равный ему суд,"358009, г Элиста, ул А.С.Пушкина, д 31",https://vs--kalm.sudrf.ru/,vs--kalm.sudrf.ru,да,08OS0000
Республика Калмыкия,Элиста,,Элистинский городской суд Республики Калмыкия,RS,"Районный, городской, межрайонный суд","358000, г Элиста, ул В.И.Ленина, д 315А",https://elistinsky--kalm.sudrf.ru/,elistinsky--kalm.sudrf.ru,да,08RS0001
Республика Калмыкия,Яшалта,Яшалтинский,Яшалтинский районный суд Республики Калмыкия,RS,"Районный, городской, межрайонный суд","359010, Респ Калмыкия, с Яшалта, пер Ульяновский, д 20",https://yashaltinsky--kalm.sudrf.ru/,yashaltinsky--kalm.sudrf.ru,да,08RS0014
Республика Калмыкия,Яшкуль,Яшкульский,Яшкульский районный суд Республики Калмыкия,RS,"Районный, городской, межрайонный суд","359150, Респ Калмыкия, п Яшкуль, ул Н.К.Лиджиева, д 5",https://yashkulsky--kalm.sudrf.ru/,yashkulsky--kalm.sudrf.ru,да,08RS0013
Республика Кабардино-Балкарская,Баксан,Баксанский,Баксанский районный суд Кабардино-Балкарской Республики,RS,"Районный, городской, межрайонный суд","361535, Респ Кабардино-Балкарская, г Баксан, ул Панаиоти, д 120",https://baksanskyray--kbr.sudrf.ru/,baksanskyray--kbr.sudrf.ru,да,07RS0002
Республика Кабардино-Балкарская,Залукокоаже,Зольский,Зольский районный суд Кабардино-Балкарской Республики,RS,"Районный, городской, межрайонный суд","361701, Респ Кабардино-Балкарская, Зольский р-н, п Залукокоаже, ул Комсомольская, д 52",https://zolsky--kbr.sudrf.ru/,zolsky--kbr.sudrf.ru,да,07RS0010
Республика Кабардино-Балкарская,Кашхатау,Черекский,Черекский районный суд Кабардино-Балкарской Республики,RS,"Районный, городской, межрайонный суд","361801, Респ Кабардино-Балкарская, пгт Кашхатау, ул Мечиева, д 98",https://chereksky--kbr.sudrf.ru/,chereksky--kbr.sudrf.ru,да,07RS0007
Республика Кабардино-Балкарская,Майский,Майский,Майский районный суд Кабардино-Балкарской Республики,RS,"Районный, городской, межрайонный суд","361115, Респ Кабардино-Балкарская, г Майский, ул Ленина, зд 20",https://maysky--kbr.sudrf.ru/,maysky--kbr.sudrf.ru,да,07RS0005
Республика Кабардино-Балкарская,Нальчик,,Верховный Суд Кабардино-Балкарской Республики,OS,Областной и равный ему суд,"360051, г Нальчик, ул Пачева, д 12",https://vs--kbr.sudrf.ru/,vs--kbr.sudrf.ru,да,07OS0000
Республика Кабардино-Балкарская,Нальчик,,Нальчикский городской суд Кабардино-Балкарской Республики,RS,"Районный, городской, межрайонный суд","360004, г Нальчик, ул Мечиева, д 176",https://nalchiksky--kbr.sudrf.ru/,nalchiksky--kbr.sudrf.ru,да,07RS0001
Республика Кабардино-Балкарская,Нарткала,Урванский,Урванский районный суд Кабардино-Балкарской Республики,RS,"Районный, городской, межрайонный суд","361335, Респ Кабардино-Балкарская, г Нарткала, ул Красная, д 263",https://urvansky--kbr.sudrf.ru/,urvansky--kbr.sudrf.ru,да,07RS0003
Республика Кабардино-Балкарская,Прохладный,Прохладненский,Прохладненский районный суд Кабардино-Балкарской Республики,RS,"Районный, городской, межрайонный суд","361045, Респ Кабардино-Балкарская, г Прохладный, ул Карла Маркса, д 36",https://prohladnensky--kbr.sudrf.ru/,prohladnensky--kbr.sudrf.ru,да,07RS0006
Республика Кабардино-Балкарская,Терек,Терский,Терский районный суд Кабардино-Балкарской Республики,RS,"Районный, городской, межрайонный суд","361201, Респ Кабардино-Балкарская, г Терек, ул Мамхегова, д 38",https://tersky--kbr.sudrf.ru/,tersky--kbr.sudrf.ru,да,07RS0008
Республика Кабардино-Балкарская,Тырныауз,Эльбрусский,Эльбрусский районный суд Кабардино-Балкарской Республики,RS,"Районный, городской, межрайонный суд","361621, Респ Кабардино-Балкарская, г Тырныауз, ул Энеева, зд 11А",https://elbrussky--kbr.sudrf.ru/,elbrussky--kbr.sudrf.ru,да,07RS0009
Республика Кабардино-Балкарская,Чегем,Чегемский,Чегемский районный суд Кабардино-Балкарской Республики,RS,"Районный, городской, межрайонный суд","361401, Респ Кабардино-Балкарская, г Чегем, ул Героя России Кярова А.С., д 20",https://chegemsky--kbr.sudrf.ru/,chegemsky--kbr.sudrf.ru,да,07RS0004
Республика Карачаево-Черкесская,Адыге-Хабль,Адыге-Хабльский,Адыге-Хабльский районный суд Карачаево-Черкесской Республики,RS,"Районный, городской, межрайонный суд","369330, Респ Карачаево-Черкесская, аул Адыге-Хабль, ул Хусина Гашокова, д 3",https://adige-hablsky--kchr.sudrf.ru/,adige-hablsky--kchr.sudrf.ru,да,09RS0009
Республика Карачаево-Черкесская,Зеленчукская,Зеленчукский,Зеленчукский районный суд Карачаево-Черкесской Республики,RS,"Районный, городской, межрайонный суд","369140, Респ Карачаево-Черкесская, ст-ца Зеленчукская, ул Мира, д 21А",https://zelenchuksky--kchr.sudrf.ru/,zelenchuksky--kchr.sudrf.ru,да,09RS0007
Республика Карачаево-Черкесская,Кавказский,Прикубанский,Прикубанский районный суд Карачаево-Черкесской Республики,RS,"Районный, городской, межрайонный суд","369100, Респ Карачаево-Черкесская, Прикубанский р-н, п Кавказский, пр-кт Ленина, д 6",https://prikubansky--kchr.sudrf.ru/,prikubansky--kchr.sudrf.ru,да,09RS0010
Республика Карачаево-Черкесская,Карачаевск,,Карачаевский городской суд Карачаево-Черкесской Республики,RS,"Районный, городской, межрайонный суд","369200, Респ Карачаево-Черкесская, г Карачаевск, ул Байрамукова, д 1",https://karachaevskygor--kchr.sudrf.ru/,karachaevskygor--kchr.sudrf.ru,да,09RS0003
Республика Карачаево-Черкесская,Карачаевск,Карачаевский,Карачаевский районный суд Карачаево-Черкесской Республики,RS,"Районный, городской, межрайонный суд","369200, Респ Карачаево-Черкесская, г Карачаевск, ул Мира, д 9А",https://karachaevskyrai--kchr.sudrf.ru/,karachaevskyrai--kchr.sudrf.ru,да,09RS0004
Республика Карачаево-Черкесская,Преградная,Урупский,Урупский районный суд Карачаево-Черкесской Республики,RS,"Районный, городской, межрайонный суд","369260, Респ Карачаево-Черкесская, ст-ца Преградная, ул Голоколосовой, д 47",https://urupsky--kchr.sudrf.ru/,urupsky--kchr.sudrf.ru,да,09RS0006
Республика Карачаево-Черкесская,Усть-Джегута,Усть-Джегутинский,Усть-Джегутинский районный суд Карачаево-Черкесской Республики,RS,"Районный, городской, межрайонный суд","369300, Респ Карачаево-Черкесская, г Усть-Джегута, ул Богатырева, д 38",https://ust-djegutinsky--kchr.sudrf.ru/,ust-djegutinsky--kchr.sudrf.ru,да,09RS0002
Республика Карачаево-Черкесская,Учкекен,Малокарачаевский,Малокарачаевский районный суд Карачаево-Черкесской Республики,RS,"Районный, городской, межрайонный суд","369380, Респ Карачаево-Черкесская, с Учкекен, ул Ленина, зд 116",https://malokarachaevsky--kchr.sudrf.ru/,malokarachaevsky--kchr.sudrf.ru,да,09RS0005
Республика Карачаево-Черкесская,Хабез,Хабезский,Хабезский районный суд Карачаево-Черкесской Республики,RS,"Районный, городской, межрайонный суд","369400, Респ Карачаево-Черкесская, аул Хабез, ул У.Хабекова, зд 64",https://xabezsky--kchr.sudrf.ru/,xabezsky--kchr.sudrf.ru,да,09RS0008
Республика Карачаево-Черкесская,Черкесск,,Верховный Суд Карачаево-Черкесской Республики,OS,Областной и равный ему суд,"369000, г Черкесск, ул М.Гаджаева, зд 4",https://vs--kchr.sudrf.ru/,vs--kchr.sudrf.ru,да,09OS0000
Республика Карачаево-Черкесская,Черкесск,,Черкесский городской суд Карачаево-Черкесской Республики,RS,"Районный, городской, межрайонный суд","369000, г Черкесск, ул Им Ворошилова, д 24",https://cherkessky--kchr.sudrf.ru/,cherkessky--kchr.sudrf.ru,да,09RS0001
Республика Северная Осетия - Алания,Алагир,Алагирский,Алагирский районный суд Республики Северная Осетия - Алания,RS,"Районный, городской, межрайонный суд","363246, Респ Северная Осетия - Алания, г Алагир, ул Ленина, зд 88/8",https://alagirsky--wlk.sudrf.ru/,alagirsky--wlk.sudrf.ru,да,15RS0006
Республика Северная Осетия - Алания,Ардон,Ардонский,Ардонский районный суд Республики Северная Осетия - Алания,RS,"Районный, городской, межрайонный суд","363334, Респ Северная Осетия - Алания, г Ардон, ул Рамонова, д 21",https://ardonsky--wlk.sudrf.ru/,ardonsky--wlk.sudrf.ru,да,15RS0005
Республика Северная Осетия - Алания,Беслан,Правобережный,Правобережный районный суд Республики Северная Осетия - Алания,RS,"Районный, городской, межрайонный суд","363025, Респ Северная Осетия - Алания, г Беслан, ул Нартовская, стр 13",https://pravoberezhni--wlk.sudrf.ru/,pravoberezhni--wlk.sudrf.ru,да,15RS0007
Республика Северная Осетия - Алания,Владикавказ,,Верховный Суд Республики Северная Осетия - Алания,OS,Областной и равный ему суд,"362040, г Владикавказ, пр-кт Мира, д 1",https://vs--wlk.sudrf.ru/,vs--wlk.sudrf.ru,да,15OS0000
Республика Северная Осетия - Алания,Владикавказ,Ленинский,Ленинский районный суд г. Владикавказа Республики Северная Осетия - Алания,RS,"Районный, городской, межрайонный суд","362007, г Владикавказ, ул Кутузова, д 104",https://leninsky--wlk.sudrf.ru/,leninsky--wlk.sudrf.ru,да,15RS0009
Республика Северная Осетия - Алания,Владикавказ,Промышленный,Промышленный районный суд г. Владикавказа Республики Северная Осетия-Алания,RS,"Районный, городской, межрайонный суд","362002, г Владикавказ, ул Зортова, д 2",https://promishlenni--wlk.sudrf.ru/,promishlenni--wlk.sudrf.ru,да,15RS0010
Республика Северная Осетия - Алания,Владикавказ,Советский,Советский районный суд г. Владикавказа Республики Северная Осетия-Алания,RS,"Районный, городской, межрайонный суд","362031, г Владикавказ, ул Московская, д 4",https://sovetsky--wlk.sudrf.ru/,sovetsky--wlk.sudrf.ru,да,15RS0011
Республика Северная Осетия - Алания,Дигора,Дигорский,Дигорский межрайонный суд Республики Северная Осетия - Алания,RS,"Районный, городской, межрайонный суд","363410, Респ Северная Осетия - Алания, г Дигора, ул Сталина, д 13",https://digorskymej--wlk.sudrf.ru/,digorskymej--wlk.sudrf.ru,да,15RS0012
Республика Северная Осетия - Алания,Моздок,Моздокский,Моздокский районный суд Республики Северная Осетия - Алания,RS,"Районный, городской, межрайонный суд","363760, Респ Северная Осетия - Алания, г Моздок, ул Орджоникидзе, влд 26",https://mozdoksky--wlk.sudrf.ru/,mozdoksky--wlk.sudrf.ru,да,15RS0001
Республика Северная Осетия - Алания,Октябрьское,Пригородный,Пригородный районный суд Республики Северная Осетия - Алания,RS,"Районный, городской, межрайонный суд","363131, Респ Северная Осетия - Алания, с Октябрьское, ул Павла Тедеева, д 103",https://prigorodni--wlk.sudrf.ru/,prigorodni--wlk.sudrf.ru,да,15RS0003
Республика Северная Осетия - Алания,Эльхотово,Кировский,Кировский районный суд Республики Северная Осетия - Алания,RS,"Районный, городской, межрайонный суд","363600, Респ Северная Осетия - Алания, с Эльхотово, ул Ленина, д 131/1",https://kirovsky--wlk.sudrf.ru/,kirovsky--wlk.sudrf.ru,да,15RS0004
Республика Адыгея,Адыгейск,Теучежский,Теучежский районный суд Республики Адыгея,RS,"Районный, городской, межрайонный суд","385200, Респ Адыгея, г Адыгейск, пр-кт В.И.Ленина, д 17",https://teuchezhsky--adg.sudrf.ru/,teuchezhsky--adg.sudrf.ru,да,01RS0007
Республика Адыгея,Гиагинская,Гиагинский,Гиагинский районный суд Республики Адыгея,RS,"Районный, городской, межрайонный суд","385600, Респ Адыгея, ст-ца Гиагинская, ул Советская, д 35",https://giaginsky--adg.sudrf.ru/,giaginsky--adg.sudrf.ru,да,01RS0001
Республика Адыгея,Кошехабль,Кошехабльский,Кошехабльский районный суд Республики Адыгея,RS,"Районный, городской, межрайонный суд","385400, Респ Адыгея, аул Кошехабль, ул Ленина, д 5А",https://koshehablsky--adg.sudrf.ru/,koshehablsky--adg.sudrf.ru,да,01RS0002
Республика Адыгея,Красногвардейское,Красногвардейский,Красногвардейский районный суд Республики Адыгея,RS,"Районный, городской, межрайонный суд","385300, Респ Адыгея, с Красногвардейское, ул 50 лет Октября, д 22",https://krasnogvardeysky--adg.sudrf.ru/,krasnogvardeysky--adg.sudrf.ru,да,01RS0003
Республика Адыгея,Майкоп,,Верховный Суд Республики Адыгея,OS,Областной и равный ему суд,"385000, г Майкоп, ул Жуковского, д 32",https://vs--adg.sudrf.ru/,vs--adg.sudrf.ru,да,01OS0000
Республика Адыгея,Майкоп,,Майкопский городской суд Республики Адыгея,RS,"Районный, городской, межрайонный суд","385000, г Майкоп, ул Первомайская, д 199",https://maikopsky--adg.sudrf.ru/,maikopsky--adg.sudrf.ru,да,01RS0004
Республика Адыгея,Тахтамукай,Тахтамукайский,Тахтамукайский районный суд Республики Адыгея,RS,"Районный, городской, межрайонный суд","385100, Респ Адыгея, аул Тахтамукай, ул Х.М.Совмена, д 14",https://tahtamukaysky--adg.sudrf.ru/,tahtamukaysky--adg.sudrf.ru,да,01RS0006
Республика Адыгея,Тульский,Майкопский,Майкопский районный суд Республики Адыгея,RS,"Районный, городской, межрайонный суд","385730, Респ Адыгея, п Тульский, ул Ленина, д 47",https://maikopskyr--adg.sudrf.ru/,maikopskyr--adg.sudrf.ru,да,01RS0005
Республика Адыгея,Хакуринохабль,Шовгеновский,Шовгеновский районный суд Республики Адыгея,RS,"Районный, городской, межрайонный суд","385440, Респ Адыгея, аул Хакуринохабль, ул Краснооктябрьская, д 88",https://shovgenovsky--adg.sudrf.ru/,shovgenovsky--adg.sudrf.ru,да,01RS0008
Республика Ингушетия,Джейрах,Джейрахский,Джейрахский районный суд Республики Ингушетия,RS,"Районный, городской, межрайонный суд","386430, Респ Ингушетия, с Джейрах, ул Д.Льянова, д 47",https://djeirah--ing.sudrf.ru/,djeirah--ing.sudrf.ru,да,06RS0004
Республика Ингушетия,Карабулак,Карабулакский,Карабулакский районный суд Республики Ингушетия,RS,"Районный, городской, межрайонный суд","386230, Респ Ингушетия, г Карабулак, ул Лейлы Албогачиевой, зд 10",https://karabulak--ing.sudrf.ru/,karabulak--ing.sudrf.ru,да,06RS0003
Республика Ингушетия,Магас,,Верховный Суд Республики Ингушетия,OS,Областной и равный ему суд,"386001, г Магас, ул К.Кулиева, д 2",https://vs--ing.sudrf.ru/,vs--ing.sudrf.ru,да,06OS0000
Республика Ингушетия,Магас,Магасский,Магасский районный суд Республики Ингушетия,RS,"Районный, городской, межрайонный суд","386001, г Магас, ул М.Б.Базоркина, зд 22",https://magassky--ing.sudrf.ru/,magassky--ing.sudrf.ru,да,06RS0006
Республика Ингушетия,Малгобек,,Малгобекский городской суд Республики Ингушетия,RS,"Районный, городской, межрайонный суд","386302, Респ Ингушетия, г Малгобек, ул Осканова, д 21",https://malgobek--ing.sudrf.ru/,malgobek--ing.sudrf.ru,да,06RS0002
Республика Ингушетия,Назрань,Назрановский,Назрановский районный суд Республики Ингушетия,RS,"Районный, городской, межрайонный суд","386101, Респ Ингушетия, г Назрань, тер Альтиевский административный округ, ул Московская, д 33",https://nazran--ing.sudrf.ru/,nazran--ing.sudrf.ru,да,06RS0001
Республика Ингушетия,Сунжа,Сунженский,Сунженский районный суд Республики Ингушетия,RS,"Районный, городской, межрайонный суд","386203, Респ Ингушетия, г Сунжа, ул Комсомольская, д 79",https://sunja--ing.sudrf.ru/,sunja--ing.sudrf.ru,да,06RS0005
Запорожская область,,Бердянский,Бердянский межрайонный суд Запорожской области,RS,"Районный, городской, межрайонный суд",,https://berdyanskiy--zpr.sudrf.ru/,berdyanskiy--zpr.sudrf.ru,да,90RS0001
Запорожская область,,Мелитопольский,Мелитопольский межрайонный суд Запорожской области,RS,"Районный, городской, межрайонный суд",,https://melitopol--zpr.sudrf.ru/,melitopol--zpr.sudrf.ru,да,90RS0003
Запорожская область,,Пологовский,Пологовский межрайонный суд Запорожской области,RS,"Районный, городской, межрайонный суд",,https://pologovsky--zpr.sudrf.ru/,pologovsky--zpr.sudrf.ru,да,90RS0004
Запорожская область,,,Энергодарский городской суд Запорожской области,RS,"Районный, городской, межрайонный суд",,https://energodarskiy--zpr.sudrf.ru/,energodarskiy--zpr.sudrf.ru,да,90RS0005
Запорожская область,Весёлое,Васильевский,Васильевский межрайонный суд Запорожской области,RS,"Районный, городской, межрайонный суд","272202, Запорожская обл, Веселовский р-н, пгт Весёлое, ул Ленина",https://vasilyevsky--zpr.sudrf.ru/,vasilyevsky--zpr.sudrf.ru,да,90RS0002
Запорожская область,Мелитополь,,Запорожский областной суд,OS,Областной и равный ему суд,"272301, Запорожская обл, г Мелитополь, ул Пушкина, д 95",https://oblsud--zpr.sudrf.ru/,oblsud--zpr.sudrf.ru,да,90OS0000
Севастополь,Севастополь,Балаклавский,Балаклавский районный суд города Севастополя,RS,"Районный, городской, межрайонный суд","299042, г Севастополь, ул Калича, д 25",https://balaklavskiy--sev.sudrf.ru/,balaklavskiy--sev.sudrf.ru,да,92RS0001
Севастополь,Севастополь,Гагаринский,Гагаринский районный суд города Севастополя,RS,"Районный, городской, межрайонный суд","299045, г Севастополь, ул Вакуленчука, д 3",https://gagarinskiy--sev.sudrf.ru/,gagarinskiy--sev.sudrf.ru,да,92RS0002
Севастополь,Севастополь,Ленинский,Ленинский районный суд города Севастополя,RS,"Районный, городской, межрайонный суд","299011, г Севастополь, ул Ленина, д 31",https://leninskiy--sev.sudrf.ru/,leninskiy--sev.sudrf.ru,да,92RS0003
Севастополь,Севастополь,Нахимовский,Нахимовский районный суд города Севастополя,RS,"Районный, городской, межрайонный суд","299004, г Севастополь, ул Адмирала Макарова, зд 9",https://nakhimovskiy--sev.sudrf.ru/,nakhimovskiy--sev.sudrf.ru,да,92RS0004
Севастополь,Севастополь,,Севастопольский городской суд,OS,Областной и равный ему суд,"299011, г Севастополь, ул Суворова, д 20",https://gs--sev.sudrf.ru/,gs--sev.sudrf.ru,да,92OS0000
