РЕГИОН,ГОРОД,РАЙОН,НАЗВАНИЕ,ТИП,ТИП_НАЗВАНИЕ,АДРЕС,САЙТ,ДОМЕН_SUDRF,ПАРСЕР,КОД
Алтайский край,Алейск,,Алейский городской суд Алтайского края,RS,"Районный, городской, межрайонный суд","658130, Алтайский край, г Алейск, ул Советская, д 98",https://aleysky--alt.sudrf.ru/,aleysky--alt.sudrf.ru,да,22RS0001
Алтайский край,Алтайское,Алтайский,Алтайский районный суд Алтайского края,RS,"Районный, городской, межрайонный суд","659650, Алтайский край, с Алтайское, ул Советская, д 180",https://altaisky--alt.sudrf.ru/,altaisky--alt.sudrf.ru,да,22RS0002
Алтайский край,Баево,Баевский,Баевский районный суд Алтайского края,RS,"Районный, городской, межрайонный суд","658510, Алтайский край, с Баево, ул Ленина, д 41",https://baevsky--alt.sudrf.ru/,baevsky--alt.sudrf.ru,да,22RS0070
Алтайский край,Барнаул,,Алтайский краевой суд,OS,Областной и равный ему суд,"656043, г Барнаул, пр-кт Ленина, д 25",https://kraevoy--alt.sudrf.ru/,kraevoy--alt.sudrf.ru,да,22OS0000
Алтайский край,Барнаул,Железнодорожный,Железнодорожный районный суд г. Барнаула Алтайского края,RS,"Районный, городской, межрайонный суд","656031, г Барнаул, ул Папанинцев, д 130",https://zheleznodorozhny--alt.sudrf.ru/,zheleznodorozhny--alt.sudrf.ru,да,22RS0066
Алтайский край,Барнаул,Индустриальный,Индустриальный районный суд г. Барнаула Алтайского края,RS,"Районный, городской, межрайонный суд","656006, г Барнаул, ул Балтийская, д 28",https://industrialny--alt.sudrf.ru/,industrialny--alt.sudrf.ru,да,22RS0065
Алтайский край,Барнаул,Ленинский,Ленинский районный суд г. Барнаула Алтайского края,RS,"Районный, городской, межрайонный суд","656055, г Барнаул, ул Георгия Исакова, д 204",https://leninsky--alt.sudrf.ru/,leninsky--alt.sudrf.ru,да,22RS0069
Алтайский край,Барнаул,Октябрьский,Октябрьский районный суд г. Барнаула Алтайского края,RS,"Районный, городской, межрайонный суд","656038, г Барнаул, б-р 9 Января, д 19",https://oktabrsky--alt.sudrf.ru/,oktabrsky--alt.sudrf.ru,да,22RS0067
Алтайский край,Барнаул,Центральный,Центральный районный суд г. Барнаула Алтайского края,RS,"Районный, городской, межрайонный суд","656031, г Барнаул, ул Папанинцев, д 130",https://centralny--alt.sudrf.ru/,centralny--alt.sudrf.ru,да,22RS0068
Алтайский край,Белокуриха,,Белокурихинский городской суд Алтайского края,RS,"Районный, городской, межрайонный суд","659900, Алтайский край, г Белокуриха, ул Братьев Ждановых, д 23",https://belokurihinsky--alt.sudrf.ru/,belokurihinsky--alt.sudrf.ru,да,22RS0007
Алтайский край,Бийск,,Бийский городской суд Алтайского края,RS,"Районный, городской, межрайонный суд","659300, Алтайский край, г Бийск, ул Владимира Ленина, д 149",https://biyskygor--alt.sudrf.ru/,biyskygor--alt.sudrf.ru,да,22RS0013
Алтайский край,Бийск,Бийский,Бийский районный суд Алтайского края,RS,"Районный, городской, межрайонный суд","659316, Алтайский край, г Бийск, ул Социалистическая, д 5/2",https://biysky--alt.sudrf.ru/,biysky--alt.sudrf.ru,да,22RS0003
Алтайский край,Благовещенка,Благовещенский,Благовещенский районный суд Алтайского края,RS,"Районный, городской, межрайонный суд","658670, Алтайский край, рп Благовещенка, пер Кучеровых, д 65",https://blagovechensky--alt.sudrf.ru/,blagovechensky--alt.sudrf.ru,да,22RS0004
Алтайский край,Бурла,Бурлинский,Бурлинский районный суд Алтайского края,RS,"Районный, городской, межрайонный суд","658810, Алтайский край, с Бурла, ул Победы, зд 27",https://burlinsky--alt.sudrf.ru/,burlinsky--alt.sudrf.ru,да,22RS0005
Алтайский край,Быстрый Исток,Быстроистокский,Быстроистокский районный суд Алтайского края,RS,"Районный, городской, межрайонный суд","659560, Алтайский край, с Быстрый Исток, ул Ленина, д 43",https://istoksky--alt.sudrf.ru/,istoksky--alt.sudrf.ru,да,22RS0006
Алтайский край,Волчиха,Волчихинский,Волчихинский районный суд Алтайского края,RS,"Районный, городской, межрайонный суд","658930, Алтайский край, с Волчиха, ул 1 Мая, зд 80",https://volchihinsky--alt.sudrf.ru/,volchihinsky--alt.sudrf.ru,да,22RS0016
Алтайский край,Гальбштадт,,Районный суд Немецкого национального района Алтайского края,RS,"Районный, городской, межрайонный суд","658870, Алтайский край, с Гальбштадт, ул Тракторная, д 6",https://nemecky--alt.sudrf.ru/,nemecky--alt.sudrf.ru,да,22RS0035
Алтайский край,Горняк,Локтевский,Локтевский районный суд Алтайского края,RS,"Районный, городской, межрайонный суд","658422, Алтайский край, г Горняк, ул Миронова, д 130А",https://loktevsky--alt.sudrf.ru/,loktevsky--alt.sudrf.ru,да,22RS0032
Алтайский край,Завьялово,Завьяловский,Завьяловский районный суд Алтайского края,RS,"Районный, городской, межрайонный суд","658620, Алтайский край, с Завьялово, ул Школьная, влд 1",https://zavialovsky--alt.sudrf.ru/,zavialovsky--alt.sudrf.ru,да,22RS0019
Алтайский край,Залесово,Залесовский,Залесовский районный суд Алтайского края,RS,"Районный, городской, межрайонный суд","659220, Алтайский край, с Залесово, ул Партизанская, д 13",https://zalesovsky--alt.sudrf.ru/,zalesovsky--alt.sudrf.ru,да,22RS0020
Алтайский край,Заринск,,Заринский городской суд Алтайского края,RS,"Районный, городской, межрайонный суд","659100, Алтайский край, г Заринск, ул Металлургов, влд 2",https://zarynsky--alt.sudrf.ru/,zarynsky--alt.sudrf.ru,да,22RS0008
Алтайский край,Заринск,Заринский,Заринский районный суд Алтайского края,RS,"Районный, городской, межрайонный суд","659106, Алтайский край, г Заринск, ул Комсомольская, зд 15",https://zarinsky--alt.sudrf.ru/,zarinsky--alt.sudrf.ru,да,22RS0021
Алтайский край,Змеиногорск,,Змеиногорский городской суд Алтайского края,RS,"Районный, городской, межрайонный суд","658481, Алтайский край, г Змеиногорск, ул Ленина, зд 41",https://zmeinogorsky--alt.sudrf.ru/,zmeinogorsky--alt.sudrf.ru,да,22RS0009
Алтайский край,Зональное,Зональный,Зональный районный суд Алтайского края,RS,"Районный, городской, межрайонный суд","659400, Алтайский край, с Зональное, ул Ленина, зд 9",https://zonalny--alt.sudrf.ru/,zonalny--alt.sudrf.ru,да,22RS0022
Алтайский край,Калманка,Калманский,Калманский районный суд Алтайского края,RS,"Районный, городской, межрайонный суд","659040, Алтайский край, с Калманка, ул Ленина, д 14",https://kalmansky--alt.sudrf.ru/,kalmansky--alt.sudrf.ru,да,22RS0023
Алтайский край,Камень-на-Оби,,Каменский городской суд Алтайского края,RS,"Районный, городской, межрайонный суд","658700, Алтайский край, г Камень-на-Оби, ул Пушкина, д 20",https://kamensky--alt.sudrf.ru/,kamensky--alt.sudrf.ru,да,22RS0010
Алтайский край,Ключи,Ключевский,Ключевский районный суд Алтайского края,RS,"Районный, городской, межрайонный суд","658980, Алтайский край, с Ключи, ул Делегатская, д 4",https://kluchevsky--alt.sudrf.ru/,kluchevsky--alt.sudrf.ru,да,22RS0024
Алтайский край,Косиха,Косихинский,Косихинский районный суд Алтайского края,RS,"Районный, городской, межрайонный суд","659820, Алтайский край, с Косиха, ул Комсомольская, д 1",https://kosihinsky--alt.sudrf.ru/,kosihinsky--alt.sudrf.ru,да,22RS0025
Алтайский край,Красногорское,Красногорский,Красногорский районный суд Алтайского края,RS,"Районный, городской, межрайонный суд","659500, Алтайский край, с Красногорское, ул Советская, д 89",https://krasnogorsky--alt.sudrf.ru/,krasnogorsky--alt.sudrf.ru,да,22RS0026
Алтайский край,Краснощёково,Краснощековский,Краснощековский районный суд Алтайского края,RS,"Районный, городской, межрайонный суд","658340, Алтайский край, с Краснощёково, ул Ленина, зд 141",https://krasnochekovsky--alt.sudrf.ru/,krasnochekovsky--alt.sudrf.ru,да,22RS0027
Алтайский край,Крутиха,Крутихинский,Крутихинский районный суд Алтайского края,RS,"Районный, городской, межрайонный суд","658750, Алтайский край, с Крутиха, ул Ленинградская, влд 35",https://krutihinsky--alt.sudrf.ru/,krutihinsky--alt.sudrf.ru,да,22RS0028
Алтайский край,Кулунда,Кулундинский,Кулундинский районный суд Алтайского края,RS,"Районный, городской, межрайонный суд","658920, Алтайский край, Кулундинский р-н, с Кулунда, ул Советская, д 32",https://kulundinsky--alt.sudrf.ru/,kulundinsky--alt.sudrf.ru,да,22RS0029
Алтайский край,Курья,Курьинский,Курьинский районный суд Алтайского края,RS,"Районный, городской, межрайонный суд","658320, Алтайский край, с Курья, ул Центральная, влд 84",https://kyrinsky--alt.sudrf.ru/,kyrinsky--alt.sudrf.ru,да,22RS0030
Алтайский край,Кытманово,Кытмановский,Кытмановский районный суд Алтайского края,RS,"Районный, городской, межрайонный суд","659240, Алтайский край, с Кытманово, ул Советская, зд 15",https://kytmanovsky--alt.sudrf.ru/,kytmanovsky--alt.sudrf.ru,да,22RS0031
Алтайский край,Мамонтово,Мамонтовский,Мамонтовский районный суд Алтайского края,RS,"Районный, городской, межрайонный суд","658560, Алтайский край, с Мамонтово, ул Партизанская, влд 163",https://mamontovsky--alt.sudrf.ru/,mamontovsky--alt.sudrf.ru,да,22RS0033
Алтайский край,Михайловское,Михайловский,Михайловский районный суд Алтайского края,RS,"Районный, городской, межрайонный суд","658960, Алтайский край, с Михайловское, ул Центральная, д 9",https://mihalovsky--alt.sudrf.ru/,mihalovsky--alt.sudrf.ru,да,22RS0034
Алтайский край,Новоалтайск,,Новоалтайский городской суд Алтайского края,RS,"Районный, городской, межрайонный суд","658087, Алтайский край, г Новоалтайск, ул Красноармейская, д 20",https://novaltaisky--alt.sudrf.ru/,novaltaisky--alt.sudrf.ru,да,22RS0015
Алтайский край,Новоегорьевское,Егорьевский,Егорьевский районный суд Алтайского края,RS,"Районный, городской, межрайонный суд","658280, Алтайский край, с Новоегорьевское, ул Машинцева, влд 21",https://egorevsky--alt.sudrf.ru/,egorevsky--alt.sudrf.ru,да,22RS0017
Алтайский край,Павловск,Павловский,Павловский районный суд Алтайского края,RS,"Районный, городской, межрайонный суд","659000, Алтайский край, с Павловск, ул Мелиораторов, влд 19",https://pavlovsky--alt.sudrf.ru/,pavlovsky--alt.sudrf.ru,да,22RS0037
Алтайский край,Панкрушиха,Панкрушихинский,Панкрушихинский районный суд Алтайского края,RS,"Районный, городской, межрайонный суд","658760, Алтайский край, с Панкрушиха, ул Советская, влд 18",https://pankrushihinsky--alt.sudrf.ru/,pankrushihinsky--alt.sudrf.ru,да,22RS0038
Алтайский край,Петропавловское,Петропавловский,Петропавловский районный суд Алтайского края,RS,"Районный, городской, межрайонный суд","659660, Алтайский край, с Петропавловское, ул Ленина, влд 95",https://petropavlovsky--alt.sudrf.ru/,petropavlovsky--alt.sudrf.ru,да,22RS0039
Алтайский край,Поспелиха,Поспелихинский,Поспелихинский районный суд Алтайского края,RS,"Районный, городской, межрайонный суд","659700, Алтайский край, с Поспелиха, ул Ленинская, д 76",https://pospelihinsky--alt.sudrf.ru/,pospelihinsky--alt.sudrf.ru,да,22RS0040
Алтайский край,Ребриха,Ребрихинский,Ребрихинский районный суд Алтайского края,RS,"Районный, городской, межрайонный суд","658540, Алтайский край, с Ребриха, ул Ленина, зд 136",https://rebrihinsky--alt.sudrf.ru/,rebrihinsky--alt.sudrf.ru,да,22RS0041
Алтайский край,Родино,Родинский,Родинский районный суд Алтайского края,RS,"Районный, городской, межрайонный суд","659780, Алтайский край, с Родино, ул Ворошилова, д 4",https://rodinsky--alt.sudrf.ru/,rodinsky--alt.sudrf.ru,да,22RS0042
Алтайский край,Романово,Романовский,Романовский районный суд Алтайского края,RS,"Районный, городской, межрайонный суд","658640, Алтайский край, с. Романово, ул. Советская, д. 91 А",https://romanovsky--alt.sudrf.ru/,romanovsky--alt.sudrf.ru,да,22RS0043
Алтайский край,Рубцовск,,Рубцовский городской суд Алтайского края,RS,"Районный, городской, межрайонный суд","658201, Алтайский край, г Рубцовск, пр-кт Ленина, д 1",https://rubtcovsky--alt.sudrf.ru/,rubtcovsky--alt.sudrf.ru,да,22RS0011
Алтайский край,Рубцовск,Рубцовский,Рубцовский районный суд Алтайского края,RS,"Районный, городской, межрайонный суд","658200, Алтайский край, г Рубцовск, пер Бульварный, д 13",https://rubcovsky--alt.sudrf.ru/,rubcovsky--alt.sudrf.ru,да,22RS0044
Алтайский край,Славгород,,Славгородский городской суд Алтайского края,RS,"Районный, городской, межрайонный суд","658820, Алтайский край, г Славгород, ул Урицкого, д 143",https://slavgorodsky--alt.sudrf.ru/,slavgorodsky--alt.sudrf.ru,да,22RS0012
Алтайский край,Смоленское,Смоленский,Смоленский районный суд Алтайского края,RS,"Районный, городской, межрайонный суд","659600, Алтайский край, с Смоленское, ул Титова, д 3",https://smolensky--alt.sudrf.ru/,smolensky--alt.sudrf.ru,да,22RS0045
Алтайский край,Советское,Советский,Советский районный суд Алтайского края,RS,"Районный, городской, межрайонный суд","659540, Алтайский край, с Советское, ул Ленина, влд 86",https://sovetsky--alt.sudrf.ru/,sovetsky--alt.sudrf.ru,да,22RS0046
Алтайский край,Солонешное,Солонешенский,Солонешенский районный суд Алтайского края,RS,"Районный, городской, межрайонный суд","659690, Алтайский край, с Солонешное, ул Советская, д 6",https://soloneshensky--alt.sudrf.ru/,soloneshensky--alt.sudrf.ru,да,22RS0047
Алтайский край,Солтон,Солтонский,Солтонский районный суд Алтайского края,RS,"Районный, городской, межрайонный суд","659520, Алтайский край, с Солтон, ул Ленина, влд 15",https://soltonsky--alt.sudrf.ru/,soltonsky--alt.sudrf.ru,да,22RS0048
Алтайский край,Староалейское,Третьяковский,Третьяковский районный суд Алтайского края,RS,"Районный, городской, межрайонный суд","658450, Алтайский край, с Староалейское, ул Октябрьская, д 38А",https://tretiakovsky--alt.sudrf.ru/,tretiakovsky--alt.sudrf.ru,да,22RS0054
Алтайский край,Табуны,Табунский,Табунский районный суд Алтайского края,RS,"Районный, городской, межрайонный суд","658860, Алтайский край, с Табуны, пер Центральный, д 6",https://tabunsky--alt.sudrf.ru/,tabunsky--alt.sudrf.ru,да,22RS0050
Алтайский край,Тальменка,Тальменский,Тальменский районный суд Алтайского края,RS,"Районный, городской, межрайонный суд","658030, Алтайский край, рп Тальменка, ул Кирова, д 82",https://talmensky--alt.sudrf.ru/,talmensky--alt.sudrf.ru,да,22RS0051
Алтайский край,Тогул,Тогульский,Тогульский районный суд Алтайского края,RS,"Районный, городской, межрайонный суд","659450, Алтайский край, с Тогул, ул Октябрьская, зд 6А",https://togulsky--alt.sudrf.ru/,togulsky--alt.sudrf.ru,да,22RS0052
Алтайский край,Топчиха,Топчихинский,Топчихинский районный суд Алтайского края,RS,"Районный, городской, межрайонный суд","659070, Алтайский край, с Топчиха, ул Куйбышева, д 35",https://topchihinsky--alt.sudrf.ru/,topchihinsky--alt.sudrf.ru,да,22RS0053
Алтайский край,Троицкое,Троицкий,Троицкий районный суд Алтайского края,RS,"Районный, городской, межрайонный суд","659840, Алтайский край, с Троицкое, ул Пушкина, д 12",https://troicky--alt.sudrf.ru/,troicky--alt.sudrf.ru,да,22RS0055
Алтайский край,Тюменцево,Тюменцевский,Тюменцевский районный суд Алтайского края,RS,"Районный, городской, межрайонный суд","658580, Алтайский край, с Тюменцево, ул Ленина, д 7А",https://tumencevsky--alt.sudrf.ru/,tumencevsky--alt.sudrf.ru,да,22RS0056
Алтайский край,Угловское,Угловский,Угловский районный суд Алтайского края,RS,"Районный, городской, межрайонный суд","658270, Алтайский край, с Угловское, ул Ленина, влд 36",https://uglovsky--alt.sudrf.ru/,uglovsky--alt.sudrf.ru,да,22RS0057
Алтайский край,Усть-Калманка,Усть-Калманский,Усть-Калманский районный суд Алтайского края,RS,"Районный, городской, межрайонный суд","658150, Алтайский край, с Усть-Калманка, ул Ленина, д 19",https://ukalmansky--alt.sudrf.ru/,ukalmansky--alt.sudrf.ru,да,22RS0058
Алтайский край,Усть-Чарышская Пристань,Усть-Пристанский,Усть-Пристанский районный суд Алтайского края,RS,"Районный, городской, межрайонный суд","659580, Алтайский край, с Усть-Чарышская Пристань, ул 1 Мая, зд 9",https://upristansky--alt.sudrf.ru/,upristansky--alt.sudrf.ru,да,22RS0059
Алтайский край,Хабары,Хабарский,Хабарский районный суд Алтайского края,RS,"Районный, городской, межрайонный суд","658780, Алтайский край, с Хабары, ул Ленина, д 67",https://habarsky--alt.sudrf.ru/,habarsky--alt.sudrf.ru,да,22RS0060
Алтайский край,Целинное,Целинный,Целинный районный суд Алтайского края,RS,"Районный, городской, межрайонный суд","659430, Алтайский край, с Целинное, ул Победы, влд 25",https://celinniy--alt.sudrf.ru/,celinniy--alt.sudrf.ru,да,22RS0061
Алтайский край,Чарышское,Чарышский,Чарышский районный суд Алтайского края,RS,"Районный, городской, межрайонный суд","658170, Алтайский край, с Чарышское, пер Строительный, зд 11",https://charishsky--alt.sudrf.ru/,charishsky--alt.sudrf.ru,да,22RS0062
Алтайский край,Шелаболиха,Шелаболихинский,Шелаболихинский районный суд Алтайского края,RS,"Районный, городской, межрайонный суд","659050, Алтайский край, с Шелаболиха, ул 50 лет Алтая, зд 6",https://shelabolihinsky--alt.sudrf.ru/,shelabolihinsky--alt.sudrf.ru,да,22RS0063
Алтайский край,Шипуново,Шипуновский,Шипуновский районный суд Алтайского края,RS,"Районный, городской, межрайонный суд","658390, Алтайский край, с Шипуново, ул Луначарского, влд 72",https://shipunovsky--alt.sudrf.ru/,shipunovsky--alt.sudrf.ru,да,22RS0064
Алтайский край,Яровое,Яровской,Яровской районный суд Алтайского края,RS,"Районный, городской, межрайонный суд","658837, Алтайский край, г Яровое, ул Ленина, д 16",https://yarovsky--alt.sudrf.ru/,yarovsky--alt.sudrf.ru,да,22RS0071
Красноярский край,,Балахтинский,Балахтинский районный суд Красноярского края,RS,"Районный, городской, межрайонный суд","662340, Красноярский край, гп Балахта, ул Комсомольская, зд 28",https://balahta--krk.sudrf.ru/,balahta--krk.sudrf.ru,да,24RS0003
Красноярский край,,Большемуртинский,Большемуртинский районный суд Красноярского края,RS,"Районный, городской, межрайонный суд","663060, Красноярский край, гп Большая Мурта, ул Партизанская, д 96",https://murta--krk.sudrf.ru/,murta--krk.sudrf.ru,да,24RS0008
Красноярский край,,Диксонский,Диксонский районный суд Красноярского края,RS,"Районный, городской, межрайонный суд","647340, Красноярский край, Таймырский Долгано-Ненецкий р-н, гп Диксон, ул Воронина, д 2А",https://dikson--dud.sudrf.ru/,dikson--dud.sudrf.ru,да,84RS0004
Красноярский край,,Емельяновский,Емельяновский районный суд Красноярского края,RS,"Районный, городской, межрайонный суд","663012, Красноярский край, гп Емельяново, ул Московская, зд 170",https://emel--krk.sudrf.ru/,emel--krk.sudrf.ru,да,24RS0013
Красноярский край,,Козульский,Козульский районный суд Красноярского края,RS,"Районный, городской, межрайонный суд","662050, Красноярский край, гп Козулька, ул Пролетарская, д 34, помещ 4",https://kozul--krk.sudrf.ru/,kozul--krk.sudrf.ru,да,24RS0029
Красноярский край,,Курагинский,Курагинский районный суд Красноярского края,RS,"Районный, городской, межрайонный суд","662910, Красноярский край, гп Курагино, ул Советская, д 8",https://kuragino--krk.sudrf.ru/,kuragino--krk.sudrf.ru,да,24RS0031
Красноярский край,,Мотыгинский,Мотыгинский районный суд Красноярского края,RS,"Районный, городской, межрайонный суд","663400, Красноярский край, гп Мотыгино, ул Дачная, д 14А",https://motig--krk.sudrf.ru/,motig--krk.sudrf.ru,да,24RS0036
Красноярский край,,Нижнеингашский,Нижнеингашский районный суд Красноярского края,RS,"Районный, городской, межрайонный суд","663850, Красноярский край, гп Нижний Ингаш, ул Ленина, д 218",https://ingash--krk.sudrf.ru/,ingash--krk.sudrf.ru,да,24RS0038
Красноярский край,,Северо-Енисейский,Северо-Енисейский районный суд Красноярского края,RS,"Районный, городской, межрайонный суд","663282, Красноярский край, гп Северо-Енисейский, ул Маяковского, зд 14",https://sev-enis--krk.sudrf.ru/,sev-enis--krk.sudrf.ru,да,24RS0047
Красноярский край,,Хатангский,Хатангский районный суд Красноярского края,RS,"Районный, городской, межрайонный суд","647460, Красноярский край, сп. Хатанга, ул. Советская, д. 23",https://hatanga--dud.sudrf.ru/,hatanga--dud.sudrf.ru,да,84RS0003
Красноярский край,,Шушенский,Шушенский районный суд Красноярского края,RS,"Районный, городской, межрайонный суд","662710, Красноярский край, гп Шушенское, ул Вокзальная, зд 1",https://shush--krk.sudrf.ru/,shush--krk.sudrf.ru,да,24RS0059
Красноярский край,Абан,Абанский,Абанский районный суд Красноярского края,RS,"Районный, городской, межрайонный суд","663740, Красноярский край, п Абан, ул Советская, д 60",https://aban--krk.sudrf.ru/,aban--krk.sudrf.ru,да,24RS0001
Красноярский край,Агинское,Саянский,Саянский районный суд Красноярского края,RS,"Районный, городской, межрайонный суд","663580, Красноярский край, с Агинское, ул Советская, зд 106",https://sayansk--krk.sudrf.ru/,sayansk--krk.sudrf.ru,да,24RS0045
Красноярский край,Ачинск,,Ачинский городской суд Красноярского края,RS,"Районный, городской, межрайонный суд","662150, Красноярский край, Ачинский р-н, г Ачинск, ул Назарова, зд 28Б",https://achinsk--krk.sudrf.ru/,achinsk--krk.sudrf.ru,да,24RS0002
Красноярский край,Байкит,Байкитский,Байкитский районный суд Красноярского края,RS,"Районный, городской, межрайонный суд","648360, Красноярский край, Эвенкийский р-н, с Байкит, ул Бояки, зд 36",https://baykitsky--tur.sudrf.ru/,baykitsky--tur.sudrf.ru,да,88RS0002
Красноярский край,Боготол,Боготольский,Боготольский районный суд Красноярского края,RS,"Районный, городской, межрайонный суд","662060, Красноярский край, Боготольский р-н, г Боготол, ул Шикунова, д 1",https://bogotol--krk.sudrf.ru/,bogotol--krk.sudrf.ru,да,24RS0006
Красноярский край,Богучаны,Богучанский,Богучанский районный суд Красноярского края,RS,"Районный, городской, межрайонный суд","663431, Красноярский край, с Богучаны, ул Партизанская, д 113",https://boguchan--krk.sudrf.ru/,boguchan--krk.sudrf.ru,да,24RS0007
Красноярский край,Большой Улуй,Большеулуйский,Большеулуйский районный суд Красноярского края,RS,"Районный, городской, межрайонный суд","662110, Красноярский край, с Большой Улуй, ул Революции, д 11",https://uluy--krk.sudrf.ru/,uluy--krk.sudrf.ru,да,24RS0009
Красноярский край,Бородино,,Бородинский городской суд Красноярского края,RS,"Районный, городской, межрайонный суд","663981, Красноярский край, Рыбинский р-н, г Бородино, ул Ленина, д 6",https://borodino--krk.sudrf.ru/,borodino--krk.sudrf.ru,да,24RS0060
Красноярский край,Ванавара,Тунгусско-Чунский,Тунгусско-Чунский районный суд Красноярского края,RS,"Районный, городской, межрайонный суд","648490, Красноярский край, Эвенкийский р-н, с Ванавара, ул Советская, д 49",https://tungusso-chunsky--tur.sudrf.ru/,tungusso-chunsky--tur.sudrf.ru,да,88RS0003
Красноярский край,Дзержинское,Дзержинский,Дзержинский районный суд Красноярского края,RS,"Районный, городской, межрайонный суд","663700, Красноярский край, с Дзержинское, ул Кирова, зд 3А",https://dzerjinsk--krk.sudrf.ru/,dzerjinsk--krk.sudrf.ru,да,24RS0011
Красноярский край,Дивногорск,,Дивногорский городской суд Красноярского края,RS,"Районный, городской, межрайонный суд","663090, Красноярский край, г Дивногорск, ул Комсомольская, зд 2",https://divnogorsk--krk.sudrf.ru/,divnogorsk--krk.sudrf.ru,да,24RS0012
Красноярский край,Дудинка,Дудинский,Дудинский районный суд Красноярского края,RS,"Районный, городской, межрайонный суд","647000, Красноярский край, г Дудинка, ул Матросова, зд 7Б",https://dudinsky--dud.sudrf.ru/,dudinsky--dud.sudrf.ru,да,84RS0001
Красноярский край,Енисейск,Енисейский,Енисейский районный суд Красноярского края,RS,"Районный, городской, межрайонный суд","663180, Красноярский край, Енисейский р-н, г Енисейск, ул Худзинского, д 10",https://eniseysk--krk.sudrf.ru/,eniseysk--krk.sudrf.ru,да,24RS0014
Красноярский край,Ермаковское,Ермаковский,Ермаковский районный суд Красноярского края,RS,"Районный, городской, межрайонный суд","662820, Красноярский край, с Ермаковское, ул Карла Маркса, д 120",https://ermak--krk.sudrf.ru/,ermak--krk.sudrf.ru,да,24RS0015
Красноярский край,Железногорск,,Железногорский городской суд Красноярского края,RS,"Районный, городской, межрайонный суд","662971, Красноярский край, г Железногорск, ул Свердлова, зд 9, помещ 1",https://gelgor--krk.sudrf.ru/,gelgor--krk.sudrf.ru,да,24RS0016
Красноярский край,Заозерный,Рыбинский,Рыбинский районный суд Красноярского края,RS,"Районный, городской, межрайонный суд","663960, Красноярский край, Рыбинский р-н, г Заозерный, ул 40 лет Октября, д 44",https://ribinsk--krk.sudrf.ru/,ribinsk--krk.sudrf.ru,да,24RS0044
Красноярский край,Зеленогорск,,Зеленогорский городской суд Красноярского края,RS,"Районный, городской, межрайонный суд","663690, Красноярский край, г Зеленогорск, ул Бортникова, д 24",https://zelen--krk.sudrf.ru/,zelen--krk.sudrf.ru,да,24RS0018
Красноярский край,Игарка,,Игарский городской суд Красноярского края,RS,"Районный, городской, межрайонный суд","663200, Красноярский край, Туруханский р-н, г Игарка, мкр 2-й, д 3А",https://igarka--krk.sudrf.ru/,igarka--krk.sudrf.ru,да,24RS0019
Красноярский край,Идринское,Идринский,Идринский районный суд Красноярского края,RS,"Районный, городской, межрайонный суд","662680, Красноярский край, с Идринское, ул Мира, д 14",https://idra--krk.sudrf.ru/,idra--krk.sudrf.ru,да,24RS0020
Красноярский край,Иланский,Иланский,Иланский районный суд Красноярского края,RS,"Районный, городской, межрайонный суд","663800, Красноярский край, г Иланский, ул Красная, д 25",https://ilansk--krk.sudrf.ru/,ilansk--krk.sudrf.ru,да,24RS0021
Красноярский край,Ирбейское,Ирбейский,Ирбейский районный суд Красноярского края,RS,"Районный, городской, межрайонный суд","663650, Красноярский край, с Ирбейское, ул Ленина, д 73",https://irbey--krk.sudrf.ru/,irbey--krk.sudrf.ru,да,24RS0022
Красноярский край,Казачинское,Казачинский,Казачинский районный суд Красноярского края,RS,"Районный, городской, межрайонный суд","663100, Красноярский край, с Казачинское, ул Советская, зд 97",https://kazach--krk.sudrf.ru/,kazach--krk.sudrf.ru,да,24RS0023
Красноярский край,Канск,,Канский городской суд Красноярского края,RS,"Районный, городской, межрайонный суд","663600, Красноярский край, Канский р-н, г Канск, ул 30 лет ВЛКСМ, д 11",https://kanskgor--krk.sudrf.ru/,kanskgor--krk.sudrf.ru,да,24RS0024
Красноярский край,Канск,Канский,Канский районный суд Красноярского края,RS,"Районный, городской, межрайонный суд","663600, Красноярский край, Канский р-н, г Канск, ул Коростелева, д 36",https://kanskray--krk.sudrf.ru/,kanskray--krk.sudrf.ru,да,24RS0025
Красноярский край,Каратузское,Каратузский,Каратузский районный суд Красноярского края,RS,"Районный, городской, межрайонный суд","662850, Красноярский край, с Каратузское, ул Ленина, зд 11",https://karatuz--krk.sudrf.ru/,karatuz--krk.sudrf.ru,да,24RS0026
Красноярский край,Караул,Усть-Енисейский,Усть-Енисейский районный суд Красноярского края,RS,"Районный, городской, межрайонный суд","647220, Красноярский край, Таймырский Долгано-Ненецкий р-н, с Караул, ул Советская, стр 12",https://karaul--dud.sudrf.ru/,karaul--dud.sudrf.ru,да,84RS0002
Красноярский край,Кодинск,Кежемский,Кежемский районный суд Красноярского края,RS,"Районный, городской, межрайонный суд","663491, Красноярский край, г Кодинск, ул Михайлова, д 1",https://kegma--krk.sudrf.ru/,kegma--krk.sudrf.ru,да,24RS0027
Красноярский край,Краснотуранск,Краснотуранский,Краснотуранский районный суд Красноярского края,RS,"Районный, городской, межрайонный суд","662660, Красноярский край, Краснотуранский р-н, с Краснотуранск, ул Ленина, д 57",https://krastur--krk.sudrf.ru/,krastur--krk.sudrf.ru,да,24RS0030
Красноярский край,Красноярск,Березовский,Березовский районный суд Красноярского края,RS,"Районный, городской, межрайонный суд","662520, Красноярский край, г Красноярск, гп Березовка, ул Центральная, д 60",https://berez--krk.sudrf.ru/,berez--krk.sudrf.ru,да,24RS0004
Красноярский край,Красноярск,Железнодорожный,Железнодорожный районный суд г. Красноярска,RS,"Районный, городской, межрайонный суд","660021, г Красноярск, ул Ленина, д 158",https://geldor--krk.sudrf.ru/,geldor--krk.sudrf.ru,да,24RS0017
Красноярский край,Красноярск,Кировский,Кировский районный суд г. Красноярска,RS,"Районный, городской, межрайонный суд","660025, г Красноярск, ул Академика Вавилова, д 43Б",https://kirovsk--krk.sudrf.ru/,kirovsk--krk.sudrf.ru,да,24RS0028
Красноярский край,Красноярск,,Красноярский краевой суд,OS,Областной и равный ему суд,"660049, г Красноярск, пр-кт Мира, д 17",https://kraevoy--krk.sudrf.ru/,kraevoy--krk.sudrf.ru,да,24OS0000
Красноярский край,Красноярск,Ленинский,Ленинский районный суд г. Красноярска,RS,"Районный, городской, межрайонный суд","660037, г Красноярск, ул Коломенская, зд 4А",https://lenins--krk.sudrf.ru/,lenins--krk.sudrf.ru,да,24RS0032
Красноярский край,Красноярск,Октябрьский,Октябрьский районный суд г. Красноярска,RS,"Районный, городской, межрайонный суд","660062, г Красноярск, ул Высотная, зд 2Г",https://oktyabr--krk.sudrf.ru/,oktyabr--krk.sudrf.ru,да,24RS0041
Красноярский край,Красноярск,Свердловский,Свердловский районный суд г. Красноярска,RS,"Районный, городской, межрайонный суд","660064, г Красноярск, пр-кт им.газеты ""Красноярский рабочий"", д 183Б",https://sverdl--krk.sudrf.ru/,sverdl--krk.sudrf.ru,да,24RS0046
Красноярский край,Красноярск,Советский,Советский районный суд г. Красноярска,RS,"Районный, городской, межрайонный суд","660111, г Красноярск, пр-кт Ульяновский, д 4И",https://sovet--krk.sudrf.ru/,sovet--krk.sudrf.ru,да,24RS0048
Красноярский край,Красноярск,Центральный,Центральный районный суд г. Красноярска,RS,"Районный, городской, межрайонный суд","660049, г Красноярск, ул Коммунистическая, зд 1",https://centr--krk.sudrf.ru/,centr--krk.sudrf.ru,да,24RS0056
Красноярский край,Лесосибирск,,Лесосибирский городской суд Красноярского края,RS,"Районный, городской, межрайонный суд","662547, Красноярский край, Енисейский р-н, г Лесосибирск, ул Горького, д 114",https://lesosib--krk.sudrf.ru/,lesosib--krk.sudrf.ru,да,24RS0033
Красноярский край,Минусинск,,Минусинский городской суд Красноярского края,RS,"Районный, городской, межрайонный суд","662608, Красноярский край, Минусинский р-н, г Минусинск, ул Гоголя, д 66А",https://minusa--krk.sudrf.ru/,minusa--krk.sudrf.ru,да,24RS0035
Красноярский край,Назарово,,Назаровский городской суд Красноярского края,RS,"Районный, городской, межрайонный суд","662200, Красноярский край, Назаровский р-н, г Назарово, ул Арбузова, д 112",https://nazarovo--krk.sudrf.ru/,nazarovo--krk.sudrf.ru,да,24RS0037
Красноярский край,Новобирилюссы,Бирилюсский,Бирилюсский районный суд Красноярского края,RS,"Районный, городской, межрайонный суд","662120, Красноярский край, с Новобирилюссы, ул Советская, стр 149",https://birilus--krk.sudrf.ru/,birilus--krk.sudrf.ru,да,24RS0005
Красноярский край,Новоселово,Новоселовский,Новоселовский районный суд Красноярского края,RS,"Районный, городской, межрайонный суд","662430, Красноярский край, с Новоселово, ул Ленина, зд 19",https://novosel--krk.sudrf.ru/,novosel--krk.sudrf.ru,да,24RS0039
Красноярский край,Норильск,,Норильский городской суд Красноярского края,RS,"Районный, городской, межрайонный суд","663302, Красноярский край, г Норильск, ул Комсомольская, д 21А",https://norilsk--krk.sudrf.ru/,norilsk--krk.sudrf.ru,да,24RS0040
Красноярский край,Партизанское,Партизанский,Партизанский районный суд Красноярского края,RS,"Районный, городской, межрайонный суд","663540, Красноярский край, с Партизанское, ул Гагарина, д 29",https://partiz--krk.sudrf.ru/,partiz--krk.sudrf.ru,да,24RS0042
Красноярский край,Пировское,Пировский,Пировский районный суд Красноярского края,RS,"Районный, городской, межрайонный суд","663120, Красноярский край, с Пировское, ул Ленина, стр 27",https://pirovsk--krk.sudrf.ru/,pirovsk--krk.sudrf.ru,да,24RS0043
Красноярский край,Сосновоборск,,Сосновоборский городской суд Красноярского края,RS,"Районный, городской, межрайонный суд","662500, Красноярский край, г Сосновоборск, ул Энтузиастов, д 28",https://sosnov--krk.sudrf.ru/,sosnov--krk.sudrf.ru,да,24RS0049
Красноярский край,Сухобузимское,Сухобузимский,Сухобузимский районный суд Красноярского края,RS,"Районный, городской, межрайонный суд","663040, Красноярский край, с Сухобузимское, ул Комсомольская, д 42",https://suhbuz--krk.sudrf.ru/,suhbuz--krk.sudrf.ru,да,24RS0050
Красноярский край,Тасеево,Тасеевский,Тасеевский районный суд Красноярского края,RS,"Районный, городской, межрайонный суд","663770, Красноярский край, с Тасеево, ул Луначарского, зд 35",https://taseevo--krk.sudrf.ru/,taseevo--krk.sudrf.ru,да,24RS0051
Красноярский край,Тура,Илимпийский,Илимпийский районный суд Красноярского края,RS,"Районный, городской, межрайонный суд","648000, Красноярский край, п Тура, ул Смидовича, д 19",https://ilimpiysky--tur.sudrf.ru/,ilimpiysky--tur.sudrf.ru,да,88RS0001
Красноярский край,Туруханск,Туруханский,Туруханский районный суд Красноярского края,RS,"Районный, городской, межрайонный суд","663230, Красноярский край, с Туруханск, ул Спандаряна, зд 32",https://turuh--krk.sudrf.ru/,turuh--krk.sudrf.ru,да,24RS0052
Красноярский край,Тюхтет,Тюхтетский,Тюхтетский районный суд Красноярского края,RS,"Районный, городской, межрайонный суд","662010, Красноярский край, с Тюхтет, ул Кирова, д 53",https://tuhtet--krk.sudrf.ru/,tuhtet--krk.sudrf.ru,да,24RS0053
Красноярский край,Ужур,Ужурский,Ужурский районный суд Красноярского края,RS,"Районный, городской, межрайонный суд","662252, Красноярский край, г Ужур, ул Гоголя, д 1",https://ujur--krk.sudrf.ru/,ujur--krk.sudrf.ru,да,24RS0054
Красноярский край,Уяр,Уярский,Уярский районный суд Красноярского края,RS,"Районный, городской, межрайонный суд","663920, Красноярский край, г Уяр, ул Советская, д 82",https://uyar--krk.sudrf.ru/,uyar--krk.sudrf.ru,да,24RS0055
Красноярский край,Шалинское,Манский,Манский районный суд Красноярского края,RS,"Районный, городской, межрайонный суд","663510, Красноярский край, с Шалинское, ул Манская, зд 23",https://mansk--krk.sudrf.ru/,mansk--krk.sudrf.ru,да,24RS0034
Красноярский край,Шарыпово,,Шарыповский городской суд Красноярского края,RS,"Районный, городской, межрайонный суд","662311, Красноярский край, Шарыповский р-н, г Шарыпово, мкр Пионерный, д 11",https://shargor--krk.sudrf.ru/,shargor--krk.sudrf.ru,да,24RS0057
Красноярский край,Шарыпово,Шарыповский,Шарыповский районный суд Красноярского края,RS,"Районный, городской, межрайонный суд","662311, Красноярский край, Шарыповский р-н, г Шарыпово, мкр Пионерный, д 11",https://sharray--krk.sudrf.ru/,sharray--krk.sudrf.ru,да,24RS0058
Иркутская область,,Казачинско-Ленский,Казачинско-Ленский районный суд Иркутской области,RS,"Районный, городской, межрайонный суд","666504, Иркутская обл, Казачинско-Ленский р-н, мкр 2-й (рп Магистральный), зд 5",https://kazachinsko-lenynsky--irk.sudrf.ru/,kazachinsko-lenynsky--irk.sudrf.ru,да,38RS0014
Иркутская область,Ангарск,,Ангарский городской суд Иркутской области,RS,"Районный, городской, межрайонный суд","665830, Иркутская обл, г Ангарск, ул Ворошилова, д 1",https://angarsky--irk.sudrf.ru/,angarsky--irk.sudrf.ru,да,38RS0001
Иркутская область,Балаганск,Балаганский,Балаганский районный суд Иркутской области,RS,"Районный, городской, межрайонный суд","666391, Иркутская обл, п Балаганск, ул Кольцевая, д 18",https://balagansky--irk.sudrf.ru/,balagansky--irk.sudrf.ru,да,38RS0002
Иркутская область,Баяндай,Баяндаевский,Баяндаевский районный суд Иркутской области,RS,"Районный, городской, межрайонный суд","669120, Иркутская обл, с Баяндай, ул 60 лет Октября, д 1",https://bayandaevsky--uso.sudrf.ru/,bayandaevsky--uso.sudrf.ru,да,85RS0001
Иркутская область,Бодайбо,,Бодайбинский городской суд Иркутской области,RS,"Районный, городской, межрайонный суд","666904, Иркутская обл, г Бодайбо, ул Розы Люксембург, зд 10",https://bodaybinsky--irk.sudrf.ru/,bodaybinsky--irk.sudrf.ru,да,38RS0005
Иркутская область,Бохан,Боханский,Боханский районный суд Иркутской области,RS,"Районный, городской, межрайонный суд","669311, Иркутская обл, п Бохан, ул Советская, д 7",https://bohalinsky--uso.sudrf.ru/,bohalinsky--uso.sudrf.ru,да,85RS0002
Иркутская область,Братск,,Братский городской суд Иркутской области,RS,"Районный, городской, межрайонный суд","665708, Иркутская обл, г Братск, жилрайон Центральный, ул Кирова, д 5А",https://bratsky--irk.sudrf.ru/,bratsky--irk.sudrf.ru,да,38RS0003
Иркутская область,Братск,Братский,Братский районный суд Иркутской области,RS,"Районный, городской, межрайонный суд","665708, Иркутская обл, г Братск, жилрайон Центральный, ул Комсомольская, д 28",https://bratski--irk.sudrf.ru/,bratski--irk.sudrf.ru,да,38RS0004
Иркутская область,Братск,Падунский,Падунский районный суд г. Братска Иркутской области,RS,"Районный, городской, межрайонный суд","665702, Иркутская обл, г Братск, жилрайон Энергетик, проезд Стройиндустрии, д 16",https://padunsky--irk.sudrf.ru/,padunsky--irk.sudrf.ru,да,38RS0019
Иркутская область,Еланцы,Ольхонский,Ольхонский районный суд Иркутской области,RS,"Районный, городской, межрайонный суд","666130, Иркутская обл, с Еланцы, ул Дзержинского, д 5",https://olhonsky--irk.sudrf.ru/,olhonsky--irk.sudrf.ru,да,38RS0018
Иркутская область,Ербогачен,Катангский,Катангский районный суд Иркутской области,RS,"Районный, городской, межрайонный суд","666611, Иркутская обл, с Ербогачен, ул Строителей, д 21",https://katangsky--irk.sudrf.ru/,katangsky--irk.sudrf.ru,да,38RS0011
Иркутская область,Железногорск-Илимский,Нижнеилимский,Нижнеилимский районный суд Иркутской области,RS,"Районный, городской, межрайонный суд","665651, Иркутская обл, г Железногорск-Илимский, кв-л 3, д 15",https://nizhneilimsky--irk.sudrf.ru/,nizhneilimsky--irk.sudrf.ru,да,38RS0016
Иркутская область,Жигалово,Жигаловский,Жигаловский районный суд Иркутской области,RS,"Районный, городской, межрайонный суд","666402, Иркутская обл, рп Жигалово, ул Советская, д 28",https://zhigalovsky--irk.sudrf.ru/,zhigalovsky--irk.sudrf.ru,да,38RS0007
Иркутская область,Залари,Заларинский,Заларинский районный суд Иркутской области,RS,"Районный, городской, межрайонный суд","666322, Иркутская обл, рп Залари, ул Чкалова, зд 2",https://zalarinsky--irk.sudrf.ru/,zalarinsky--irk.sudrf.ru,да,38RS0008
Иркутская область,Зима,,Зиминский городской суд Иркутской области,RS,"Районный, городской, межрайонный суд","665390, Иркутская обл, г Зима, ул Ленина, д 7",https://ziminsky--irk.sudrf.ru/,ziminsky--irk.sudrf.ru,да,38RS0009
Иркутская область,Иркутск,,Иркутский областной суд,OS,Областной и равный ему суд,"664046, г Иркутск, ул Байкальская, стр 119",https://oblsud--irk.sudrf.ru/,oblsud--irk.sudrf.ru,да,38OS0000
Иркутская область,Иркутск,Иркутский,Иркутский районный суд Иркутской области,RS,"Районный, городской, межрайонный суд","664047, г Иркутск, ул Байкальская, д 30",https://irkutsky--irk.sudrf.ru/,irkutsky--irk.sudrf.ru,да,38RS0031
Иркутская область,Иркутск,Кировский,Кировский районный суд г. Иркутска,RS,"Районный, городской, межрайонный суд","664011, г Иркутск, ул Желябова, д 6",https://kirovsky--irk.sudrf.ru/,kirovsky--irk.sudrf.ru,да,38RS0032
Иркутская область,Иркутск,Куйбышевский,Куйбышевский районный суд г. Иркутска,RS,"Районный, городской, межрайонный суд","664050, г Иркутск, ул Байкальская, д 291",https://kuibyshevsky--irk.sudrf.ru/,kuibyshevsky--irk.sudrf.ru,да,38RS0033
Иркутская область,Иркутск,Ленинский,Ленинский районный суд г. Иркутска,RS,"Районный, городской, межрайонный суд","664050, г Иркутск, ул Байкальская, д 291",https://leninsky--irk.sudrf.ru/,leninsky--irk.sudrf.ru,да,38RS0034
Иркутская область,Иркутск,Октябрьский,Октябрьский районный суд г. Иркутска,RS,"Районный, городской, межрайонный суд","664050, г Иркутск, ул Байкальская, д 287",https://oktiabrsky--irk.sudrf.ru/,oktiabrsky--irk.sudrf.ru,да,38RS0035
Иркутская область,Иркутск,Свердловский,Свердловский районный суд г. Иркутска,RS,"Районный, городской, межрайонный суд","664039, г Иркутск, ул 4-я Железнодорожная, д 34А",https://sverdlovsky--irk.sudrf.ru/,sverdlovsky--irk.sudrf.ru,да,38RS0036
Иркутская область,Качуг,Качугский,Качугский районный суд Иркутской области,RS,"Районный, городской, межрайонный суд","666201, Иркутская обл, рп Качуг, ул Каландарашвили, д 33",https://kachugsky--irk.sudrf.ru/,kachugsky--irk.sudrf.ru,да,38RS0010
Иркутская область,Киренск,Киренский,Киренский районный суд Иркутской области,RS,"Районный, городской, межрайонный суд","666701, Иркутская обл, г Киренск, мкр Балахня, ул Шукшина, стр 1",https://kirensky--irk.sudrf.ru/,kirensky--irk.sudrf.ru,да,38RS0012
Иркутская область,Куйтун,Куйтунский,Куйтунский районный суд Иркутской области,RS,"Районный, городской, межрайонный суд","665302, Иркутская обл, рп Куйтун, ул Карла Маркса, д 7",https://kuytunsky--irk.sudrf.ru/,kuytunsky--irk.sudrf.ru,да,38RS0013
Иркутская область,Кутулик,Аларский,Аларский районный суд Иркутской области,RS,"Районный, городской, межрайонный суд","669452, Иркутская обл, п Кутулик, ул Советская, зд 105",https://alarsky--uso.sudrf.ru/,alarsky--uso.sudrf.ru,да,85RS0005
Иркутская область,Мама,Мамско-Чуйский,Мамско-Чуйский районный суд Иркутской области,RS,"Районный, городской, межрайонный суд","666811, Иркутская обл, рп Мама, ул Советская, стр 40",https://mamsko-chuysky--irk.sudrf.ru/,mamsko-chuysky--irk.sudrf.ru,да,38RS0015
Иркутская область,Нижнеудинск,,Нижнеудинский городской суд Иркутской области,RS,"Районный, городской, межрайонный суд","665104, Иркутская обл, г Нижнеудинск, ул Профсоюзная, д 140",https://nizhneudinsky--irk.sudrf.ru/,nizhneudinsky--irk.sudrf.ru,да,38RS0017
Иркутская область,Новонукутский,Нукутский,Нукутский районный суд Иркутской области,RS,"Районный, городской, межрайонный суд","669401, Иркутская обл, п Новонукутский, ул Ленина, зд 34",https://nukutinsky--uso.sudrf.ru/,nukutinsky--uso.sudrf.ru,да,85RS0003
Иркутская область,Оса,Осинский,Осинский районный суд Иркутской области,RS,"Районный, городской, межрайонный суд","669200, Иркутская обл, с Оса, ул Свердлова, зд 61",https://osinsky--uso.sudrf.ru/,osinsky--uso.sudrf.ru,да,85RS0004
Иркутская область,Саянск,,Саянский городской суд Иркутской области,RS,"Районный, городской, межрайонный суд","666302, Иркутская обл, г Саянск, мкр Центральный, д 20",https://sayansky--irk.sudrf.ru/,sayansky--irk.sudrf.ru,да,38RS0020
Иркутская область,Слюдянка,Слюдянский,Слюдянский районный суд Иркутской области,RS,"Районный, городской, межрайонный суд","665904, Иркутская обл, г Слюдянка, ул имени майора Кутелева, д 53",https://sludiansky--irk.sudrf.ru/,sludiansky--irk.sudrf.ru,да,38RS0021
Иркутская область,Тайшет,,Тайшетский городской суд Иркутской области,RS,"Районный, городской, межрайонный суд","665009, Иркутская обл, г Тайшет, ул Суворова, д 13",https://taishetsky--irk.sudrf.ru/,taishetsky--irk.sudrf.ru,да,38RS0022
Иркутская область,Тулун,,Тулунский городской суд Иркутской области,RS,"Районный, городской, межрайонный суд","665267, Иркутская обл, г Тулун, ул Песочная, д 2А",https://tulunsky--irk.sudrf.ru/,tulunsky--irk.sudrf.ru,да,38RS0023
Иркутская область,Усолье-Сибирское,,Усольский городской суд Иркутской области,RS,"Районный, городской, межрайонный суд","665451, Иркутская обл, г Усолье-Сибирское, ул Толбухина, зд 60",https://usolsky--irk.sudrf.ru/,usolsky--irk.sudrf.ru,да,38RS0024
Иркутская область,Усть-Илимск,,Усть-Илимский городской суд Иркутской области,RS,"Районный, городской, межрайонный суд","666685, Иркутская обл, г Усть-Илимск, ул Декабристов, д 3",https://ust-ilimsky--irk.sudrf.ru/,ust-ilimsky--irk.sudrf.ru,да,38RS0030
Иркутская область,Усть-Кут,,Усть-Кутский городской суд Иркутской области,RS,"Районный, городской, межрайонный суд","666793, Иркутская обл, г Усть-Кут, ул Володарского, стр 67",https://ust-kutsky--irk.sudrf.ru/,ust-kutsky--irk.sudrf.ru,да,38RS0025
Иркутская область,Усть-Ордынский,Эхирит-Булагатский,Эхирит-Булагатский районный суд Иркутской области,RS,"Районный, городской, межрайонный суд","669001, Иркутская обл, п Усть-Ордынский, ул Ленина, зд 18А",https://ehirit--uso.sudrf.ru/,ehirit--uso.sudrf.ru,да,85RS0006
Иркутская область,Усть-Уда,Усть-Удинский,Усть-Удинский районный суд Иркутской области,RS,"Районный, городской, межрайонный суд","666352, Иркутская обл, п Усть-Уда, ул Ленина, д 3",https://ust-udinsky--irk.sudrf.ru/,ust-udinsky--irk.sudrf.ru,да,38RS0026
Иркутская область,Черемхово,,Черемховский городской суд Иркутской области,RS,"Районный, городской, межрайонный суд","665413, Иркутская обл, г Черемхово, ул Некрасова, д 5",https://cheremhovsky--irk.sudrf.ru/,cheremhovsky--irk.sudrf.ru,да,38RS0028
Иркутская область,Черемхово,Черемховский,Черемховский районный суд Иркутской области,RS,"Районный, городской, межрайонный суд","665413, Иркутская обл, г Черемхово, ул Некрасова, д 5",https://cheremhovski--irk.sudrf.ru/,cheremhovski--irk.sudrf.ru,да,38RS0006
Иркутская область,Чунский,Чунский,Чунский районный суд Иркутской области,RS,"Районный, городской, межрайонный суд","665514, Иркутская обл, рп Чунский, ул Ленина, зд 49",https://chunsky--irk.sudrf.ru/,chunsky--irk.sudrf.ru,да,38RS0027
Иркутская область,Шелехов,,Шелеховский городской суд Иркутской области,RS,"Районный, городской, межрайонный суд","666032, Иркутская обл, г Шелехов, кв-л 18-й, д 4",https://shelehovsky--irk.sudrf.ru/,shelehovsky--irk.sudrf.ru,да,38RS0029
Кемеровская область,Анжеро-Судженск,,Анжеро-Судженский городской суд Кемеровской области,RS,"Районный, городской, межрайонный суд","652470, Кемеровская область - Кузбасс, г Анжеро-Судженск, ул Ленина, д 9",https://anzhero-sudzhensky--kmr.sudrf.ru/,anzhero-sudzhensky--kmr.sudrf.ru,да,42RS0001
Кемеровская область,Белово,,Беловский городской суд Кемеровской области,RS,"Районный, городской, межрайонный суд","652600, Кемеровская область - Кузбасс, г Белово, ул Ленина, д 12",https://belovskygor--kmr.sudrf.ru/,belovskygor--kmr.sudrf.ru,да,42RS0002
Кемеровская область,Белово,Беловский,Беловский районный суд Кемеровской области,RS,"Районный, городской, межрайонный суд","652600, Кемеровская область - Кузбасс, г Белово, ул Ленина, д 37А",https://belovsky--kmr.sudrf.ru/,belovsky--kmr.sudrf.ru,да,42RS0038
Кемеровская область,Березовский,,Березовский городской суд Кемеровской области,RS,"Районный, городской, межрайонный суд","652421, Кемеровская область - Кузбасс, г Березовский, ул Черняховского, д 14",https://berezovsky--kmr.sudrf.ru/,berezovsky--kmr.sudrf.ru,да,42RS0003
Кемеровская область,Верх-Чебула,Чебулинский,Чебулинский районный суд Кемеровской области,RS,"Районный, городской, межрайонный суд","652270, Кемеровская область - Кузбасс, Чебулинский р-н, пгт Верх-Чебула, ул Октябрьская, д 22",https://chebulinsky--kmr.sudrf.ru/,chebulinsky--kmr.sudrf.ru,да,42RS0028
Кемеровская область,Гурьевск,,Гурьевский городской суд Кемеровской области,RS,"Районный, городской, межрайонный суд","652780, Кемеровская область - Кузбасс, г Гурьевск, ул К.Маркса, д 12",https://guryevsky--kmr.sudrf.ru/,guryevsky--kmr.sudrf.ru,да,42RS0004
Кемеровская область,Ижморский,Ижморский,Ижморский районный суд Кемеровской области,RS,"Районный, городской, межрайонный суд","652120, Кемеровская область - Кузбасс, пгт Ижморский, ул Ленинская, д 65",https://izhmorsky--kmr.sudrf.ru/,izhmorsky--kmr.sudrf.ru,да,42RS0039
Кемеровская область,Калтан,Калтанский,Калтанский районный суд Кемеровской области,RS,"Районный, городской, межрайонный суд","652740, Кемеровская область - Кузбасс, г Калтан, ул Комсомольская, зд 77А",https://kaltansky--kmr.sudrf.ru/,kaltansky--kmr.sudrf.ru,да,42RS0041
Кемеровская область,Кемерово,,Восьмой кассационный суд общей юрисдикции,KJ,Кассационный суд общей юрисдикции,"650035, г Кемерово, пр-кт Притомский, зд 2",https://8kas.sudrf.ru/,8kas.sudrf.ru,да,42KJ0008
Кемеровская область,Кемерово,Заводский,Заводский районный суд г. Кемерово,RS,"Районный, городской, межрайонный суд","650055, г Кемерово, ул Федоровского, стр 5В",https://zavodskiy--kmr.sudrf.ru/,zavodskiy--kmr.sudrf.ru,да,42RS0005
Кемеровская область,Кемерово,,Кемеровский областной суд,OS,Областной и равный ему суд,"650056, г Кемерово, пр-кт Химиков, зд 9",https://oblsud--kmr.sudrf.ru/,oblsud--kmr.sudrf.ru,да,42OS0000
Кемеровская область,Кемерово,Кемеровский,Кемеровский районный суд Кемеровской области,RS,"Районный, городской, межрайонный суд","650000, г Кемерово, ул Кузбасская, д 28А",https://kemerovsky--kmr.sudrf.ru/,kemerovsky--kmr.sudrf.ru,да,42RS0040
Кемеровская область,Кемерово,Кировский,Кировский районный суд г. Кемерово,RS,"Районный, городской, межрайонный суд","650001, г Кемерово, ул Ушакова, д 4",https://kirovsky--kmr.sudrf.ru/,kirovsky--kmr.sudrf.ru,да,42RS0006
Кемеровская область,Кемерово,Ленинский,Ленинский районный суд г. Кемерово,RS,"Районный, городской, межрайонный суд","650003, г Кемерово, пр-кт Химиков, зд 20",https://leninsky--kmr.sudrf.ru/,leninsky--kmr.sudrf.ru,да,42RS0007
Кемеровская область,Кемерово,Рудничный,Рудничный районный суд г. Кемерово,RS,"Районный, городской, межрайонный суд","650002, г Кемерово, пр-кт Шахтеров, д 33",https://rudnichny--kmr.sudrf.ru/,rudnichny--kmr.sudrf.ru,да,42RS0008
Кемеровская область,Кемерово,Центральный,Центральный районный суд г. Кемерово,RS,"Районный, городской, межрайонный суд","650000, г Кемерово, ул Николая Островского, стр 12",https://centralniy--kmr.sudrf.ru/,centralniy--kmr.sudrf.ru,да,42RS0009
Кемеровская область,Киселевск,,Киселевский городской суд Кемеровской области,RS,"Районный, городской, межрайонный суд","652723, Кемеровская область - Кузбасс, г Киселевск, ул Мира, зд 1",https://kiselevsky--kmr.sudrf.ru/,kiselevsky--kmr.sudrf.ru,да,42RS0010
Кемеровская область,Крапивинский,Крапивинский,Крапивинский районный суд Кемеровской области,RS,"Районный, городской, межрайонный суд","652440, Кемеровская область - Кузбасс, пгт Крапивинский, ул Юбилейная, д 13",https://krapivinsky--kmr.sudrf.ru/,krapivinsky--kmr.sudrf.ru,да,42RS0021
Кемеровская область,Ленинск-Кузнецкий,,Ленинск-Кузнецкий городской суд Кемеровской области,RS,"Районный, городской, межрайонный суд","652500, Кемеровская область - Кузбасс, Ленинск-Кузнецкий р-н, г Ленинск-Кузнецкий, пр-кт Кирова, д 22",https://leninsk-kuznecky--kmr.sudrf.ru/,leninsk-kuznecky--kmr.sudrf.ru,да,42RS0011
Кемеровская область,Мариинск,,Мариинский городской суд Кемеровской области,RS,"Районный, городской, межрайонный суд","652150, Кемеровская область - Кузбасс, г Мариинск, ул Ленина, д 44",https://mariinsky--kmr.sudrf.ru/,mariinsky--kmr.sudrf.ru,да,42RS0012
Кемеровская область,Междуреченск,,Междуреченский городской суд Кемеровской области,RS,"Районный, городской, межрайонный суд","652870, Кемеровская область - Кузбасс, г Междуреченск, ул Чехова, д 11А",https://mezhdurechensky--kmr.sudrf.ru/,mezhdurechensky--kmr.sudrf.ru,да,42RS0013
Кемеровская область,Мыски,,Мысковский городской суд Кемеровской области,RS,"Районный, городской, межрайонный суд","652840, Кемеровская область - Кузбасс, г Мыски, ул Первомайская, д 10",https://myskovsky--kmr.sudrf.ru/,myskovsky--kmr.sudrf.ru,да,42RS0014
Кемеровская область,Новокузнецк,Заводской,Заводской районный суд г. Новокузнецка Кемеровской области,RS,"Районный, городской, межрайонный суд","654038, Кемеровская область - Кузбасс, г Новокузнецк, р-н Заводской, ул Тореза, д 22А",https://zavodskoy--kmr.sudrf.ru/,zavodskoy--kmr.sudrf.ru,да,42RS0015
Кемеровская область,Новокузнецк,Кузнецкий,Кузнецкий районный суд г. Новокузнецка Кемеровской области,RS,"Районный, городской, межрайонный суд","654032, Кемеровская область - Кузбасс, г Новокузнецк, р-н Кузнецкий, ул Смирнова, д 10",https://kuznecky--kmr.sudrf.ru/,kuznecky--kmr.sudrf.ru,да,42RS0017
Кемеровская область,Новокузнецк,Куйбышевский,Куйбышевский районный суд г. Новокузнецка Кемеровской области,RS,"Районный, городской, межрайонный суд","654027, Кемеровская область - Кузбасс, г. Новокузнецк, просп. Курако, д. 37 Б",https://kuybyshevsky--kmr.sudrf.ru/,kuybyshevsky--kmr.sudrf.ru,да,42RS0016
Кемеровская область,Новокузнецк,Новоильинский,Новоильинский районный суд г. Новокузнецка Кемеровской области,RS,"Районный, городской, межрайонный суд","654044, Кемеровская область - Кузбасс, г Новокузнецк, р-н Новоильинский, пр-кт Архитекторов, д 28",https://novoilinsky--kmr.sudrf.ru/,novoilinsky--kmr.sudrf.ru,да,42RS0042
Кемеровская область,Новокузнецк,Новокузнецкий,Новокузнецкий районный суд Кемеровской области,RS,"Районный, городской, межрайонный суд","654007, Кемеровская область - Кузбасс, г Новокузнецк, р-н Центральный, пр-кт Пионерский, д 23",https://novokuznecky--kmr.sudrf.ru/,novokuznecky--kmr.sudrf.ru,да,42RS0023
Кемеровская область,Новокузнецк,Орджоникидзевский,Орджоникидзевский районный суд г. Новокузнецка Кемеровской области,RS,"Районный, городской, межрайонный суд","654025, Кемеровская область - Кузбасс, г Новокузнецк, р-н Орджоникидзевский, ул Дузенко, д 16А",https://ordzhonikidzevsky--kmr.sudrf.ru/,ordzhonikidzevsky--kmr.sudrf.ru,да,42RS0018
Кемеровская область,Новокузнецк,Центральный,Центральный районный суд г. Новокузнецка Кемеровской области,RS,"Районный, городской, межрайонный суд","654005, Кемеровская область - Кузбасс, г Новокузнецк, р-н Центральный, ул Орджоникидзе, д 32",https://centralny--kmr.sudrf.ru/,centralny--kmr.sudrf.ru,да,42RS0019
Кемеровская область,Осинники,,Осинниковский городской суд Кемеровской области,RS,"Районный, городской, межрайонный суд","652800, Кемеровская область - Кузбасс, г Осинники, ул Кирова, д 46",https://osinnikovsky--kmr.sudrf.ru/,osinnikovsky--kmr.sudrf.ru,да,42RS0020
Кемеровская область,Прокопьевск,Зенковский,Зенковский районный суд г. Прокопьевска Кемеровской области,RS,"Районный, городской, межрайонный суд","653000, Кемеровская область - Кузбасс, г Прокопьевск, ул Карла Либкнехта, д 9",https://zenkovsky--kmr.sudrf.ru/,zenkovsky--kmr.sudrf.ru,да,42RS0031
Кемеровская область,Прокопьевск,Прокопьевский,Прокопьевский районный суд Кемеровской области,RS,"Районный, городской, межрайонный суд","653039, Кемеровская область - Кузбасс, г Прокопьевск, пр-кт Гагарина, д 1В",https://prokopyevsky--kmr.sudrf.ru/,prokopyevsky--kmr.sudrf.ru,да,42RS0024
Кемеровская область,Прокопьевск,Рудничный,Рудничный районный суд г. Прокопьевска Кемеровской области,RS,"Районный, городской, межрайонный суд","653045, Кемеровская область - Кузбасс, г Прокопьевск, ул Шишкина, д 23",https://rudnichniy--kmr.sudrf.ru/,rudnichniy--kmr.sudrf.ru,да,42RS0032
Кемеровская область,Прокопьевск,Центральный,Центральный районный суд г. Прокопьевска Кемеровской области,RS,"Районный, городской, межрайонный суд","653000, Кемеровская область - Кузбасс, г Прокопьевск, ул Карла Либкнехта, д 9",https://centr--kmr.sudrf.ru/,centr--kmr.sudrf.ru,да,42RS0033
Кемеровская область,Промышленная,Промышленновский,Промышленновский районный суд Кемеровской области,RS,"Районный, городской, межрайонный суд","652380, Кемеровская область - Кузбасс, пгт Промышленная, ул Коммунистическая, д 27",https://promyshlenovsky--kmr.sudrf.ru/,promyshlenovsky--kmr.sudrf.ru,да,42RS0025
Кемеровская область,Тайга,,Тайгинский городской суд Кемеровской области,RS,"Районный, городской, межрайонный суд","652401, Кемеровская область - Кузбасс, г Тайга, пр-кт Кирова, д 23",https://taiginsky--kmr.sudrf.ru/,taiginsky--kmr.sudrf.ru,да,42RS0034
Кемеровская область,Таштагол,,Таштагольский городской суд Кемеровской области,RS,"Районный, городской, межрайонный суд","652992, Кемеровская область - Кузбасс, г Таштагол, ул Поспелова, зд 14",https://tashtagolsky--kmr.sudrf.ru/,tashtagolsky--kmr.sudrf.ru,да,42RS0035
Кемеровская область,Тисуль,Тисульский,Тисульский районный суд Кемеровской области,RS,"Районный, городской, межрайонный суд","652210, Кемеровская область - Кузбасс, Тисульский р-н, пгт Тисуль, ул Пролетарская, д 37",https://tisulsky--kmr.sudrf.ru/,tisulsky--kmr.sudrf.ru,да,42RS0026
Кемеровская область,Топки,,Топкинский городской суд Кемеровской области,RS,"Районный, городской, межрайонный суд","652300, Кемеровская область - Кузбасс, г Топки, ул Революции, д 18",https://topkinsky--kmr.sudrf.ru/,topkinsky--kmr.sudrf.ru,да,42RS0036
Кемеровская область,Тяжинский,Тяжинский,Тяжинский районный суд Кемеровской области,RS,"Районный, городской, межрайонный суд","652240, Кемеровская область - Кузбасс, пгт Тяжинский, ул Ленина, д 7",https://tiazhinsky--kmr.sudrf.ru/,tiazhinsky--kmr.sudrf.ru,да,42RS0027
Кемеровская область,Юрга,,Юргинский городской суд Кемеровской области,RS,"Районный, городской, межрайонный суд","652057, Кемеровская область - Кузбасс, г Юрга, ул Максименко, д 10А",https://yurginsky--kmr.sudrf.ru/,yurginsky--kmr.sudrf.ru,да,42RS0037
Кемеровская область,Яшкино,Яшкинский,Яшкинский районный суд Кемеровской области,RS,"Районный, городской, межрайонный суд","652010, Кемеровская область - Кузбасс, пгт Яшкино, ул Суворова, д 16",https://yashkinsky--kmr.sudrf.ru/,yashkinsky--kmr.sudrf.ru,да,42RS0030
Кемеровская область,Яя,Яйский,Яйский районный суд Кемеровской области,RS,"Районный, городской, межрайонный суд","652100, Кемеровская область - Кузбасс, Яйский р-н, пгт Яя, ул Советская, зд 19",https://yaisky--kmr.sudrf.ru/,yaisky--kmr.sudrf.ru,да,42RS0029
Омская область,Азово,Азовский,Азовский районный суд Омской области,RS,"Районный, городской, межрайонный суд","646880, Омская обл, с Азово, ул 40 лет ВЛКСМ, д 39",https://azovocourt--oms.sudrf.ru/,azovocourt--oms.sudrf.ru,да,55RS0008
Омская область,Большеречье,Большереченский,Большереченский районный суд Омской области,RS,"Районный, городской, межрайонный суд","646670, Омская обл, рп Большеречье, ул Советов, д 65",https://bolsherechencourt--oms.sudrf.ru/,bolsherechencourt--oms.sudrf.ru,да,55RS0009
Омская область,Большие Уки,Большеуковский,Большеуковский районный суд Омской области,RS,"Районный, городской, межрайонный суд","646380, Омская обл, с Большие Уки, ул Ленина, д 25",https://bolsheukovcourt--oms.sudrf.ru/,bolsheukovcourt--oms.sudrf.ru,да,55RS0010
Омская область,Горьковское,Горьковский,Горьковский районный суд Омской области,RS,"Районный, городской, межрайонный суд","646600, Омская обл, рп Горьковское, ул Коммунаров, д 20",https://gorkovskcourt--oms.sudrf.ru/,gorkovskcourt--oms.sudrf.ru,да,55RS0011
Омская область,Знаменское,Знаменский,Знаменский районный суд Омской области,RS,"Районный, городской, межрайонный суд","646550, Омская обл, с Знаменское, ул Октябрьская, д 3",https://znamenskcourt--oms.sudrf.ru/,znamenskcourt--oms.sudrf.ru,да,55RS0012
Омская область,Исилькуль,,Исилькульский городской суд Омской области,RS,"Районный, городской, межрайонный суд","646024, Омская обл, г Исилькуль, ул Ленина, д 71",https://isilkulcourt--oms.sudrf.ru/,isilkulcourt--oms.sudrf.ru,да,55RS0013
Омская область,Калачинск,,Калачинский городской суд Омской области,RS,"Районный, городской, межрайонный суд","646900, Омская обл, г Калачинск, ул Пролетарская, д 58",https://kalachinskcourt--oms.sudrf.ru/,kalachinskcourt--oms.sudrf.ru,да,55RS0014
Омская область,Колосовка,Колосовский,Колосовский районный суд Омской области,RS,"Районный, городской, межрайонный суд","646350, Омская обл, с Колосовка, ул Калинина, д 21",https://kolosovcourt--oms.sudrf.ru/,kolosovcourt--oms.sudrf.ru,да,55RS0015
Омская область,Кормиловка,Кормиловский,Кормиловский районный суд Омской области,RS,"Районный, городской, межрайонный суд","646970, Омская обл, рп Кормиловка, ул Ленина, д 1",https://kormilovcourt--oms.sudrf.ru/,kormilovcourt--oms.sudrf.ru,да,55RS0016
Омская область,Крутинка,Крутинский,Крутинский районный суд Омской области,RS,"Районный, городской, межрайонный суд","646130, Омская обл, рп Крутинка, ул Ленина, д 36",https://krutinkacourt--oms.sudrf.ru/,krutinkacourt--oms.sudrf.ru,да,55RS0017
Омская область,Любинский,Любинский,Любинский районный суд Омской области,RS,"Районный, городской, межрайонный суд","646160, Омская обл, рп Любинский, ул Октябрьская, д 85",https://lubinskcourt--oms.sudrf.ru/,lubinskcourt--oms.sudrf.ru,да,55RS0019
Омская область,Марьяновка,Марьяновский,Марьяновский районный суд Омской области,RS,"Районный, городской, межрайонный суд","646040, Омская обл, рп Марьяновка, ул Ленина, д 22",https://marianovcourt--oms.sudrf.ru/,marianovcourt--oms.sudrf.ru,да,55RS0018
Омская область,Москаленки,Москаленский,Москаленский районный суд Омской области,RS,"Районный, городской, межрайонный суд","646070, Омская обл, рп Москаленки, ул Ленина, д 5",https://moskalenkicourt--oms.sudrf.ru/,moskalenkicourt--oms.sudrf.ru,да,55RS0020
Омская область,Муромцево,Муромцевский,Муромцевский районный суд Омской области,RS,"Районный, городской, межрайонный суд","646430, Омская обл, рп Муромцево, ул Красноармейская, д 6",https://muromzevocourt--oms.sudrf.ru/,muromzevocourt--oms.sudrf.ru,да,55RS0021
Омская область,Называевск,,Называевский городской суд Омской области,RS,"Районный, городской, межрайонный суд","646104, Омская обл, г Называевск, ул Красная, д 56",https://nazivaevskcourt--oms.sudrf.ru/,nazivaevskcourt--oms.sudrf.ru,да,55RS0022
Омская область,Нижняя Омка,Нижнеомский,Нижнеомский районный суд Омской области,RS,"Районный, городской, межрайонный суд","646620, Омская обл, с Нижняя Омка, ул Ленина, д 60",https://nizneomskcourt--oms.sudrf.ru/,nizneomskcourt--oms.sudrf.ru,да,55RS0023
Омская область,Нововаршавка,Нововаршавский,Нововаршавский районный суд Омской области,RS,"Районный, городской, межрайонный суд","646830, Омская обл, рп Нововаршавка, ул Кооперативная, д 1",https://novovorshcourt--oms.sudrf.ru/,novovorshcourt--oms.sudrf.ru,да,55RS0024
Омская область,Одесское,Одесский,Одесский районный суд Омской области,RS,"Районный, городской, межрайонный суд","646860, Омская обл, с Одесское, ул Ленина, д 43",https://odesskcourt--oms.sudrf.ru/,odesskcourt--oms.sudrf.ru,да,55RS0025
Омская область,Оконешниково,Оконешниковский,Оконешниковский районный суд Омской области,RS,"Районный, городской, межрайонный суд","646940, Омская обл, рп Оконешниково, ул Пролетарская, д 68",https://okoneshcourt--oms.sudrf.ru/,okoneshcourt--oms.sudrf.ru,да,55RS0027
Омская область,Омск,Кировский,Кировский районный суд г. Омска,RS,"Районный, городской, межрайонный суд","644015, г Омск, ул Суворова, д 99",https://kirovcourt--oms.sudrf.ru/,kirovcourt--oms.sudrf.ru,да,55RS0001
Омская область,Омск,Куйбышевский,Куйбышевский районный суд г. Омска,RS,"Районный, городской, межрайонный суд","644070, г Омск, ул Лермонтова, д 61",https://kuybcourt--oms.sudrf.ru/,kuybcourt--oms.sudrf.ru,да,55RS0002
Омская область,Омск,Ленинский,Ленинский районный суд г. Омска,RS,"Районный, городской, межрайонный суд","644121, г Омск, ул Труда, д 29А",https://lenincourt--oms.sudrf.ru/,lenincourt--oms.sudrf.ru,да,55RS0003
Омская область,Омск,Октябрьский,Октябрьский районный суд г. Омска,RS,"Районный, городской, межрайонный суд","644021, г Омск, ул 9-я Линия, д 232",https://octobercourt--oms.sudrf.ru/,octobercourt--oms.sudrf.ru,да,55RS0004
Омская область,Омск,,Омский областной суд,OS,Областной и равный ему суд,"644112, г Омск, ул Туполева, д 12",https://oblsud--oms.sudrf.ru/,oblsud--oms.sudrf.ru,да,55OS0000
Омская область,Омск,Омский,Омский районный суд Омской области,RS,"Районный, городской, межрайонный суд","644031, г Омск, ул Омская, д 194А",https://omskiycourt--oms.sudrf.ru/,omskiycourt--oms.sudrf.ru,да,55RS0026
Омская область,Омск,Первомайский,Первомайский районный суд г. Омска,RS,"Районный, городской, межрайонный суд","644033, г Омск, ул 9-я Северная, д 99",https://pervomaycourt--oms.sudrf.ru/,pervomaycourt--oms.sudrf.ru,да,55RS0005
Омская область,Омск,Советский,Советский районный суд г. Омска,RS,"Районный, городской, межрайонный суд","644065, г Омск, ул Нефтезаводская, д 32В",https://sovetsky--oms.sudrf.ru/,sovetsky--oms.sudrf.ru,да,55RS0006
Омская область,Омск,Центральный,Центральный районный суд г. Омска,RS,"Районный, городской, межрайонный суд","644099, г Омск, ул Тарская, д 28",https://centralcourt--oms.sudrf.ru/,centralcourt--oms.sudrf.ru,да,55RS0007
Омская область,Павлоградка,Павлоградский,Павлоградский районный суд Омской области,RS,"Районный, городской, межрайонный суд","646760, Омская обл, рп Павлоградка, ул Пролетарская, д 2",https://pavlogrcourt--oms.sudrf.ru/,pavlogrcourt--oms.sudrf.ru,да,55RS0028
Омская область,Полтавка,Полтавский,Полтавский районный суд Омской области,RS,"Районный, городской, межрайонный суд","646740, Омская обл, рп Полтавка, ул Комсомольская, д 11",https://poltavcourt--oms.sudrf.ru/,poltavcourt--oms.sudrf.ru,да,55RS0029
Омская область,Русская Поляна,Русско-Полянский,Русско-Полянский районный суд Омской области,RS,"Районный, городской, межрайонный суд","646780, Омская обл, рп Русская Поляна, ул Кирова, д 62",https://rus-polcourt--oms.sudrf.ru/,rus-polcourt--oms.sudrf.ru,да,55RS0030
Омская область,Саргатское,Саргатский,Саргатский районный суд Омской области,RS,"Районный, городской, межрайонный суд","646400, Омская обл, рп Саргатское, ул Октябрьская, д 26",https://sargatcourt--oms.sudrf.ru/,sargatcourt--oms.sudrf.ru,да,55RS0031
Омская область,Седельниково,Седельниковский,Седельниковский районный суд Омской области,RS,"Районный, городской, межрайонный суд","646480, Омская обл, с Седельниково, ул Тимирязева, д 20",https://sedelncourt--oms.sudrf.ru/,sedelncourt--oms.sudrf.ru,да,55RS0032
Омская область,Таврическое,Таврический,Таврический районный суд Омской области,RS,"Районный, городской, межрайонный суд","646800, Омская обл, рп Таврическое, ул Ленина, д 81",https://tavrichcourt--oms.sudrf.ru/,tavrichcourt--oms.sudrf.ru,да,55RS0033
Омская область,Тара,,Тарский городской суд Омской области,RS,"Районный, городской, межрайонный суд","646530, Омская обл, г Тара, пл Ленина, д 16",https://taracourt--oms.sudrf.ru/,taracourt--oms.sudrf.ru,да,55RS0034
Омская область,Тевриз,Тевризский,Тевризский районный суд Омской области,RS,"Районный, городской, межрайонный суд","646560, Омская обл, рп Тевриз, ул Кирова, д 2",https://tevrizcourt--oms.sudrf.ru/,tevrizcourt--oms.sudrf.ru,да,55RS0035
Омская область,Тюкалинск,,Тюкалинский городской суд Омской области,RS,"Районный, городской, межрайонный суд","646330, Омская обл, г Тюкалинск, ул Ленина, д 44",https://tukalacourt--oms.sudrf.ru/,tukalacourt--oms.sudrf.ru,да,55RS0036
Омская область,Усть-Ишим,Усть-Ишимский,Усть-Ишимский районный суд Омской области,RS,"Районный, городской, межрайонный суд","646580, Омская обл, с Усть-Ишим, ул Школьная, д 6",https://ust-ishimcourt--oms.sudrf.ru/,ust-ishimcourt--oms.sudrf.ru,да,55RS0037
Омская область,Черлак,Черлакский,Черлакский районный суд Омской области,RS,"Районный, городской, межрайонный суд","646250, Омская обл, рп Черлак, ул Ленина, д 120",https://cherlakcourt--oms.sudrf.ru/,cherlakcourt--oms.sudrf.ru,да,55RS0038
Омская область,Шербакуль,Шербакульский,Шербакульский районный суд Омской области,RS,"Районный, городской, межрайонный суд","646700, Омская обл, рп Шербакуль, ул Ленина, д 116",https://sherbcourt--oms.sudrf.ru/,sherbcourt--oms.sudrf.ru,да,55RS0039
Забайкальский край,,Оловяннинский,Оловяннинский районный суд Забайкальского края,RS,"Районный, городской, межрайонный суд","674520, Забайкальский край, Оловяннинский р-н, мкр Степной (пгт Ясногорск), д 5",https://olov--cht.sudrf.ru/,olov--cht.sudrf.ru,да,75RS0031
Забайкальский край,Агинское,Агинский,Агинский районный суд Забайкальского края,RS,"Районный, городской, межрайонный суд","687000, Забайкальский край, Агинский р-н, пгт Агинское, ул Базара Ринчино, д 84А",https://aginsky--abao.sudrf.ru/,aginsky--abao.sudrf.ru,да,80RS0001
Забайкальский край,Акша,Акшинский,Акшинский районный суд Забайкальского края,RS,"Районный, городской, межрайонный суд","674230, Забайкальский край, с Акша, ул Партизанская, д 16",https://aksha--cht.sudrf.ru/,aksha--cht.sudrf.ru,да,75RS0006
Забайкальский край,Александровский Завод,Александрово-Заводский,Александрово-Заводский районный суд Забайкальского края,RS,"Районный, городской, межрайонный суд","674640, Забайкальский край, с Александровский Завод, ул Чернышевского, стр 34А",https://alekzav--cht.sudrf.ru/,alekzav--cht.sudrf.ru,да,75RS0007
Забайкальский край,Балей,,Балейский городской суд Забайкальского края,RS,"Районный, городской, межрайонный суд","673450, Забайкальский край, г Балей, ул Ленина, зд 17",https://baley--cht.sudrf.ru/,baley--cht.sudrf.ru,да,75RS0004
Забайкальский край,Борзя,,Борзинский городской суд Забайкальского края,RS,"Районный, городской, межрайонный суд","674600, Забайкальский край, г Борзя, ул Лазо, зд 26",https://borzya--cht.sudrf.ru/,borzya--cht.sudrf.ru,да,75RS0008
Забайкальский край,Верх-Усугли,Тунгокоченский,Тунгокоченский районный суд Забайкальского края,RS,"Районный, городской, межрайонный суд","674100, Забайкальский край, с Верх-Усугли, ул Первомайская, д 1А",https://tungokocha--cht.sudrf.ru/,tungokocha--cht.sudrf.ru,да,75RS0020
Забайкальский край,Газимурский Завод,Газимуро-Заводский,Газимуро-Заводский районный суд Забайкальского края,RS,"Районный, городской, межрайонный суд","673630, Забайкальский край, с Газимурский Завод, ул Журавлева, д 32В",https://gazzav--cht.sudrf.ru/,gazzav--cht.sudrf.ru,да,75RS0009
Забайкальский край,Дульдурга,Дульдургинский,Дульдургинский районный суд Забайкальского края,RS,"Районный, городской, межрайонный суд","687200, Забайкальский край, с Дульдурга, ул 8 Марта, зд 22",https://duldurginsky--abao.sudrf.ru/,duldurginsky--abao.sudrf.ru,да,80RS0003
Забайкальский край,Забайкальск,Забайкальский,Забайкальский районный суд Забайкальского края,RS,"Районный, городской, межрайонный суд","674650, Забайкальский край, пгт Забайкальск, ул Комсомольская, зд 24А",https://zabaykalsk--cht.sudrf.ru/,zabaykalsk--cht.sudrf.ru,да,75RS0010
Забайкальский край,Калга,Калганский,Калганский районный суд Забайкальского края,RS,"Районный, городской, межрайонный суд","674340, Забайкальский край, с Калга, ул 60 лет Октября, д 9",https://kalga--cht.sudrf.ru/,kalga--cht.sudrf.ru,да,75RS0012
Забайкальский край,Карымское,Карымский,Карымский районный суд Забайкальского края,RS,"Районный, городской, межрайонный суд","673300, Забайкальский край, пгт Карымское, ул Ленинградская, зд 77",https://karymsk--cht.sudrf.ru/,karymsk--cht.sudrf.ru,да,75RS0013
Забайкальский край,Краснокаменск,,Краснокаменский городской суд Забайкальского края,RS,"Районный, городской, межрайонный суд","674674, Забайкальский край, г Краснокаменск, мкр 5-й, стр 507",https://krasnokam--cht.sudrf.ru/,krasnokam--cht.sudrf.ru,да,75RS0015
Забайкальский край,Красный Чикой,Красночикойский,Красночикойский районный суд Забайкальского края,RS,"Районный, городской, межрайонный суд","673060, Забайкальский край, с Красный Чикой, ул Партизанская, зд 25",https://chikoy--cht.sudrf.ru/,chikoy--cht.sudrf.ru,да,75RS0014
Забайкальский край,Кыра,Кыринский,Кыринский районный суд Забайкальского края,RS,"Районный, городской, межрайонный суд","674250, Забайкальский край, с Кыра, ул Ленина, д 32",https://kira--cht.sudrf.ru/,kira--cht.sudrf.ru,да,75RS0032
Забайкальский край,Могойтуй,Могойтуйский,Могойтуйский районный суд Забайкальского края,RS,"Районный, городской, межрайонный суд","687420, Забайкальский край, пгт Могойтуй, ул Первомайская, д 33Б",https://mogoytuysky--abao.sudrf.ru/,mogoytuysky--abao.sudrf.ru,да,80RS0002
Забайкальский край,Могоча,Могочинский,Могочинский районный суд Забайкальского края,RS,"Районный, городской, межрайонный суд","673732, Забайкальский край, г Могоча, ул Комсомольская, д 34",https://mogocha--cht.sudrf.ru/,mogocha--cht.sudrf.ru,да,75RS0016
Забайкальский край,Нерчинск,Нерчинский,Нерчинский районный суд Забайкальского края,RS,"Районный, городской, межрайонный суд","673400, Забайкальский край, г Нерчинск, ул Советская, зд 46",https://nerchinsk--cht.sudrf.ru/,nerchinsk--cht.sudrf.ru,да,75RS0029
Забайкальский край,Нерчинский Завод,Нерчинско-Заводский,Нерчинско-Заводский районный суд Забайкальского края,RS,"Районный, городской, межрайонный суд","674370, Забайкальский край, с Нерчинский Завод, ул Красноармейская, зд 104",https://nerzav--cht.sudrf.ru/,nerzav--cht.sudrf.ru,да,75RS0030
Забайкальский край,Нижний Цасучей,Ононский,Ононский районный суд Забайкальского края,RS,"Районный, городской, межрайонный суд","674480, Забайкальский край, с Нижний Цасучей, ул Комсомольская, д 33",https://onon--cht.sudrf.ru/,onon--cht.sudrf.ru,да,75RS0017
Забайкальский край,Петровск-Забайкальский,,Петровск-Забайкальский городской суд Забайкальского края,RS,"Районный, городской, межрайонный суд","673005, Забайкальский край, г Петровск-Забайкальский, ул Мысовая, д 59",https://petrovskzab--cht.sudrf.ru/,petrovskzab--cht.sudrf.ru,да,75RS0005
Забайкальский край,Приаргунск,Приаргунский,Приаргунский районный суд Забайкальского края,RS,"Районный, городской, межрайонный суд","674310, Забайкальский край, пгт Приаргунск, ул Первомайская, д 3",https://priarginsk--cht.sudrf.ru/,priarginsk--cht.sudrf.ru,да,75RS0018
Забайкальский край,Сретенск,Сретенский,Сретенский районный суд Забайкальского края,RS,"Районный, городской, межрайонный суд","673500, Забайкальский край, г Сретенск, ул Энергетиков, зд 7",https://sretensk--cht.sudrf.ru/,sretensk--cht.sudrf.ru,да,75RS0019
Забайкальский край,Улёты,Улетовский,Улетовский районный суд Забайкальского края,RS,"Районный, городской, межрайонный суд","674050, Забайкальский край, с Улёты, ул Кирова, д 66",https://ulet--cht.sudrf.ru/,ulet--cht.sudrf.ru,да,75RS0021
Забайкальский край,Хилок,Хилокский,Хилокский районный суд Забайкальского края,RS,"Районный, городской, межрайонный суд","673200, Забайкальский край, г Хилок, ул Советская, зд 17",https://hilok--cht.sudrf.ru/,hilok--cht.sudrf.ru,да,75RS0022
Забайкальский край,Чара,Каларский,Каларский районный суд Забайкальского края,RS,"Районный, городской, межрайонный суд","674150, Забайкальский край, с Чара, ул Геологическая, д 12",https://chara--cht.sudrf.ru/,chara--cht.sudrf.ru,да,75RS0011
Забайкальский край,Чернышевск,Чернышевский,Чернышевский районный суд Забайкальского края,RS,"Районный, городской, межрайонный суд","673460, Забайкальский край, пгт Чернышевск, ул Центральная, д 2",https://chernishevsk--cht.sudrf.ru/,chernishevsk--cht.sudrf.ru,да,75RS0024
Забайкальский край,Чита,Железнодорожный,Железнодорожный районный суд г. Читы Забайкальского края,RS,"Районный, городской, межрайонный суд","672038, г Чита, туп Экспедиционный, д 4",https://gd--cht.sudrf.ru/,gd--cht.sudrf.ru,да,75RS0003
Забайкальский край,Чита,,Забайкальский краевой суд,OS,Областной и равный ему суд,"672039, г Чита, ул Амурская, д 33А",https://oblsud--cht.sudrf.ru/,oblsud--cht.sudrf.ru,да,75OS0000
Забайкальский край,Чита,Ингодинский,Ингодинский районный суд г. Читы Забайкальского края,RS,"Районный, городской, межрайонный суд","672000, г Чита, ул Анохина, д 48",https://ingoda--cht.sudrf.ru/,ingoda--cht.sudrf.ru,да,75RS0002
Забайкальский край,Чита,Центральный,Центральный районный суд г. Читы Забайкальского края,RS,"Районный, городской, межрайонный суд","672000, Забайкальский край, г. Чита, ул. Бутина, д. 41 (уг.), 672000, г. Чита, ул. Костюшко-Григоровича, д.4",,,нет,75RS0001
Забайкальский край,Чита,Черновский,Черновский районный суд г. Читы Забайкальского края,RS,"Районный, городской, межрайонный суд","672030, г Чита, пр-кт Фадеева, д 10А",https://chernovski--cht.sudrf.ru/,chernovski--cht.sudrf.ru,да,75RS0023
Забайкальский край,Чита,Читинский,Читинский районный суд Забайкальского края,RS,"Районный, городской, межрайонный суд","672007, г Чита, ул Ленина, д 159",https://chitinski--cht.sudrf.ru/,chitinski--cht.sudrf.ru,да,75RS0025
Забайкальский край,Шелопугино,Шелопугинский,Шелопугинский районный суд Забайкальского края,RS,"Районный, городской, межрайонный суд","673610, Забайкальский край, с Шелопугино, ул Юбилейная, д 8",https://shelopugino--cht.sudrf.ru/,shelopugino--cht.sudrf.ru,да,75RS0028
Забайкальский край,Шилка,Шилкинский,Шилкинский районный суд Забайкальского края,RS,"Районный, городской, межрайонный суд","673370, Забайкальский край, г Шилка, ул Балябина, д 145",https://shilka--cht.sudrf.ru/,shilka--cht.sudrf.ru,да,75RS0027
Новосибирская область,Барабинск,Барабинский,Барабинский районный суд Новосибирской области,RS,"Районный, городской, межрайонный суд","632334, Новосибирская обл, Барабинский р-н, г Барабинск, пер Индустриальный, д 7",https://barabinsky--nsk.sudrf.ru/,barabinsky--nsk.sudrf.ru,да,54RS0012
Новосибирская область,Бердск,,Бердский городской суд Новосибирской области,RS,"Районный, городской, межрайонный суд","633010, Новосибирская обл, г Бердск, ул Ленина, д 45",https://berdsky--nsk.sudrf.ru/,berdsky--nsk.sudrf.ru,да,54RS0013
Новосибирская область,Болотное,Болотнинский,Болотнинский районный суд Новосибирской области,RS,"Районный, городской, межрайонный суд","633340, Новосибирская обл, г Болотное, ул Калинина, д 13",https://bolotninsky--nsk.sudrf.ru/,bolotninsky--nsk.sudrf.ru,да,54RS0014
Новосибирская область,Венгерово,Венгеровский,Венгеровский районный суд Новосибирской области,RS,"Районный, городской, межрайонный суд","632241, Новосибирская обл, Венгеровский р-н, с Венгерово, ул Ленина, зд 70",https://vengerovsky--nsk.sudrf.ru/,vengerovsky--nsk.sudrf.ru,да,54RS0015
Новосибирская область,Довольное,Доволенский,Доволенский районный суд Новосибирской области,RS,"Районный, городской, межрайонный суд","632450, Новосибирская обл, Доволенский р-н, с Довольное, ул Мичурина, д 12",https://dovolensky--nsk.sudrf.ru/,dovolensky--nsk.sudrf.ru,да,54RS0016
Новосибирская область,Искитим,Искитимский,Искитимский районный суд Новосибирской области,RS,"Районный, городской, межрайонный суд","633209, Новосибирская обл, г Искитим, ул Советская, д 234",https://iskitimsky--nsk.sudrf.ru/,iskitimsky--nsk.sudrf.ru,да,54RS0018
Новосибирская область,Карасук,Карасукский,Карасукский районный суд Новосибирской области,RS,"Районный, городской, межрайонный суд","632868, Новосибирская обл, г Карасук, ул Октябрьская, зд 12",https://karasuksky--nsk.sudrf.ru/,karasuksky--nsk.sudrf.ru,да,54RS0019
Новосибирская область,Колывань,Колыванский,Колыванский районный суд Новосибирской области,RS,"Районный, городской, межрайонный суд","633162, Новосибирская обл, рп Колывань, ул Московская, д 46",https://kolyvansky--nsk.sudrf.ru/,kolyvansky--nsk.sudrf.ru,да,54RS0021
Новосибирская область,Коченево,Коченевский,Коченевский районный суд Новосибирской области,RS,"Районный, городской, межрайонный суд","632640, Новосибирская обл, рп Коченево, ул Плахотного, зд 38",https://kochenevsky--nsk.sudrf.ru/,kochenevsky--nsk.sudrf.ru,да,54RS0023
Новосибирская область,Краснозерское,Краснозерский,Краснозерский районный суд Новосибирской области,RS,"Районный, городской, межрайонный суд","632902, Новосибирская обл, рп Краснозерское, ул Советская, д 22",https://krasnozersky--nsk.sudrf.ru/,krasnozersky--nsk.sudrf.ru,да,54RS0024
Новосибирская область,Куйбышев,Куйбышевский,Куйбышевский районный суд Новосибирской области,RS,"Районный, городской, межрайонный суд","632387, Новосибирская обл, Куйбышевский р-н, г Куйбышев, ул Куйбышева, д 20",https://kuibyshevsky--nsk.sudrf.ru/,kuibyshevsky--nsk.sudrf.ru,да,54RS0025
Новосибирская область,Купино,Купинский,Купинский районный суд Новосибирской области,RS,"Районный, городской, межрайонный суд","632735, Новосибирская обл, г Купино, ул Советов, д 106",https://kupinsky--nsk.sudrf.ru/,kupinsky--nsk.sudrf.ru,да,54RS0026
Новосибирская область,Мошково,Мошковский,Мошковский районный суд Новосибирской области,RS,"Районный, городской, межрайонный суд","633131, Новосибирская обл, рп Мошково, ул Советская, д 10",https://moshkovsky--nsk.sudrf.ru/,moshkovsky--nsk.sudrf.ru,да,54RS0029
Новосибирская область,Новосибирск,Дзержинский,Дзержинский районный суд г. Новосибирска,RS,"Районный, городской, межрайонный суд","630015, г Новосибирск, ул Промышленная, д 1",https://dzerzhinsky--nsk.sudrf.ru/,dzerzhinsky--nsk.sudrf.ru,да,54RS0001
Новосибирская область,Новосибирск,Железнодорожный,Железнодорожный районный суд г. Новосибирска,RS,"Районный, городской, межрайонный суд","630132, г Новосибирск, ул Железнодорожная, д 4/1",https://zheleznodorozhny--nsk.sudrf.ru/,zheleznodorozhny--nsk.sudrf.ru,да,54RS0002
Новосибирская область,Новосибирск,Заельцовский,Заельцовский районный суд г. Новосибирска,RS,"Районный, городской, межрайонный суд","630082, г Новосибирск, ул Дачная, д 35А",https://zaelcovsky--nsk.sudrf.ru/,zaelcovsky--nsk.sudrf.ru,да,54RS0003
Новосибирская область,Новосибирск,Калининский,Калининский районный суд г. Новосибирска,RS,"Районный, городской, межрайонный суд","630110, г Новосибирск, ул Учительская, д 40А",https://kalininsky--nsk.sudrf.ru/,kalininsky--nsk.sudrf.ru,да,54RS0004
Новосибирская область,Новосибирск,Кировский,Кировский районный суд г. Новосибирска,RS,"Районный, городской, межрайонный суд","630088, г Новосибирск, ул Сибиряков-Гвардейцев, д 56",https://kirovsky--nsk.sudrf.ru/,kirovsky--nsk.sudrf.ru,да,54RS0005
Новосибирская область,Новосибирск,Ленинский,Ленинский районный суд г. Новосибирска,RS,"Районный, городской, межрайонный суд","630107, г Новосибирск, ул Связистов, д 159",https://leninsky--nsk.sudrf.ru/,leninsky--nsk.sudrf.ru,да,54RS0006
Новосибирская область,Новосибирск,,Новосибирский областной суд,OS,Областной и равный ему суд,"630091, г Новосибирск, ул Писарева, д 35",https://oblsud--nsk.sudrf.ru/,oblsud--nsk.sudrf.ru,да,54OS0000
Новосибирская область,Новосибирск,Новосибирский,Новосибирский районный суд Новосибирской области,RS,"Районный, городской, межрайонный суд","630120, г Новосибирск, ул Титова, д 184",https://novosibirsky--nsk.sudrf.ru/,novosibirsky--nsk.sudrf.ru,да,54RS0030
Новосибирская область,Новосибирск,Октябрьский,Октябрьский районный суд г. Новосибирска,RS,"Районный, городской, межрайонный суд","630063, г Новосибирск, ул Тургенева, д 221",https://oktiabrsky--nsk.sudrf.ru/,oktiabrsky--nsk.sudrf.ru,да,54RS0007
Новосибирская область,Новосибирск,Первомайский,Первомайский районный суд г. Новосибирска,RS,"Районный, городской, межрайонный суд","630046, г Новосибирск, ул Маяковского, зд 24/2",https://pervomaisky--nsk.sudrf.ru/,pervomaisky--nsk.sudrf.ru,да,54RS0008
Новосибирская область,Новосибирск,,Пятый апелляционный суд общей юрисдикции,AJ,Апелляционный суд общей юрисдикции,"630005, г Новосибирск, ул Ломоносова, д 57А",https://5ap.sudrf.ru/,5ap.sudrf.ru,да,54AJ0005
Новосибирская область,Новосибирск,Советский,Советский районный суд г. Новосибирска,RS,"Районный, городской, межрайонный суд","630090, г Новосибирск, ул Кутателадзе, д 16А",https://sovetsky--nsk.sudrf.ru/,sovetsky--nsk.sudrf.ru,да,54RS0009
Новосибирская область,Новосибирск,Центральный,Центральный районный суд г. Новосибирска,RS,"Районный, городской, межрайонный суд","630099, г Новосибирск, ул Максима Горького, д 89",https://centralny--nsk.sudrf.ru/,centralny--nsk.sudrf.ru,да,54RS0010
Новосибирская область,Обь,,Обской городской суд Новосибирской области,RS,"Районный, городской, межрайонный суд","633102, Новосибирская обл, г Обь, ул Геодезическая, д 66А",https://obskoy--nsk.sudrf.ru/,obskoy--nsk.sudrf.ru,да,54RS0031
Новосибирская область,Ордынское,Ордынский,Ордынский районный суд Новосибирской области,RS,"Районный, городской, межрайонный суд","633261, Новосибирская обл, рп Ордынское, пр-кт Революции, д 18",https://ordynsky--nsk.sudrf.ru/,ordynsky--nsk.sudrf.ru,да,54RS0032
Новосибирская область,Сузун,Сузунский,Сузунский районный суд Новосибирской области,RS,"Районный, городской, межрайонный суд","633621, Новосибирская обл, рп Сузун, ул Остальцова, д 25",https://suzunsky--nsk.sudrf.ru/,suzunsky--nsk.sudrf.ru,да,54RS0034
Новосибирская область,Татарск,Татарский,Татарский районный суд Новосибирской области,RS,"Районный, городской, межрайонный суд","632122, Новосибирская обл, Татарский р-н, г Татарск, ул Ленина, д 82",https://tatarsky--nsk.sudrf.ru/,tatarsky--nsk.sudrf.ru,да,54RS0035
Новосибирская область,Тогучин,Тогучинский,Тогучинский районный суд Новосибирской области,RS,"Районный, городской, межрайонный суд","633456, Новосибирская обл, г Тогучин, ул Садовая, д 2",https://toguchinsky--nsk.sudrf.ru/,toguchinsky--nsk.sudrf.ru,да,54RS0036
Новосибирская область,Чаны,Чановский,Чановский районный суд Новосибирской области,RS,"Районный, городской, межрайонный суд","632201, Новосибирская обл, рп Чаны, ул Комсомольская, д 4",https://chanovsky--nsk.sudrf.ru/,chanovsky--nsk.sudrf.ru,да,54RS0039
Новосибирская область,Черепаново,Черепановский,Черепановский районный суд Новосибирской области,RS,"Районный, городской, межрайонный суд","633520, Новосибирская обл, г Черепаново, ул Республиканская, зд 49",https://cherepanovsky--nsk.sudrf.ru/,cherepanovsky--nsk.sudrf.ru,да,54RS0041
Новосибирская область,Чулым,Чулымский,Чулымский районный суд Новосибирской области,RS,"Районный, городской, межрайонный суд","632551, Новосибирская обл, г Чулым, ул Чулымская, д 25",https://chulymsky--nsk.sudrf.ru/,chulymsky--nsk.sudrf.ru,да,54RS0042
Приморский край,Арсеньев,,Арсеньевский городской суд Приморского края,RS,"Районный, городской, межрайонный суд","692337, Приморский край, г Арсеньев, ул Ленинская, д 10",https://arsenievsky--prm.sudrf.ru/,arsenievsky--prm.sudrf.ru,да,25RS0006
Приморский край,Артем,,Артемовский городской суд Приморского края,RS,"Районный, городской, межрайонный суд","692760, Приморский край, г Артем, ул Кирова, д 191",https://artemovsky--prm.sudrf.ru/,artemovsky--prm.sudrf.ru,да,25RS0007
Приморский край,Большой Камень,Шкотовский,Шкотовский районный суд Приморского края,RS,"Районный, городской, межрайонный суд","692801, Приморский край, г Большой Камень, ул Горького, д 27",https://shkotovsky--prm.sudrf.ru/,shkotovsky--prm.sudrf.ru,да,25RS0035
Приморский край,Владивосток,,Девятый кассационный суд общей юрисдикции,KJ,Кассационный суд общей юрисдикции,"690091, г Владивосток, ул Светланская, д 54",https://9kas.sudrf.ru/,9kas.sudrf.ru,да,25KJ0009
Приморский край,Владивосток,Ленинский,Ленинский районный суд г. Владивостока Приморского края,RS,"Районный, городской, межрайонный суд","690001, г Владивосток, ул Пушкинская, д 63",https://leninsky--prm.sudrf.ru/,leninsky--prm.sudrf.ru,да,25RS0001
Приморский край,Владивосток,Первомайский,Первомайский районный суд г. Владивостока Приморского края,RS,"Районный, городской, межрайонный суд","690021, г Владивосток, ул Черемуховая, д 6",https://pervomaysky--prm.sudrf.ru/,pervomaysky--prm.sudrf.ru,да,25RS0005
Приморский край,Владивосток,Первореченский,Первореченский районный суд г. Владивостока Приморского края,RS,"Районный, городской, межрайонный суд","690048, г Владивосток, ул Южно-Уральская, д 4",https://pervorechensky--prm.sudrf.ru/,pervorechensky--prm.sudrf.ru,да,25RS0003
Приморский край,Владивосток,,Приморский краевой суд,OS,Областной и равный ему суд,"690091, г Владивосток, ул Фонтанная, д 53",https://kraevoy--prm.sudrf.ru/,kraevoy--prm.sudrf.ru,да,25OS0000
Приморский край,Владивосток,Советский,Советский районный суд г. Владивостока Приморского края,RS,"Районный, городской, межрайонный суд","690069, г Владивосток, пр-кт 100-летия Владивостока, д 92",https://sovetsky--prm.sudrf.ru/,sovetsky--prm.sudrf.ru,да,25RS0004
Приморский край,Владивосток,Фрунзенский,Фрунзенский районный суд г. Владивостока Приморского края,RS,"Районный, городской, межрайонный суд","690091, Приморский край, г. Владивосток, ул. Адм. Фокина, д. 23 А (уг.), ул. Пограничная, д. 6",https://frunzensky--prm.sudrf.ru/,frunzensky--prm.sudrf.ru,да,25RS0002
Приморский край,Владимиро-Александровское,Партизанский,Партизанский районный суд Приморского края,RS,"Районный, городской, межрайонный суд","692962, Приморский край, с Владимиро-Александровское, ул Комсомольская, д 22А",https://partyzansky--prm.sudrf.ru/,partyzansky--prm.sudrf.ru,да,25RS0024
Приморский край,Вольно-Надеждинское,Надеждинский,Надеждинский районный суд Приморского края,RS,"Районный, городской, межрайонный суд","692481, Приморский край, с Вольно-Надеждинское, ул Соснина, зд 2",https://nadezhdinsky--prm.sudrf.ru/,nadezhdinsky--prm.sudrf.ru,да,25RS0039
Приморский край,Дальнегорск,Дальнегорский,Дальнегорский районный суд Приморского края,RS,"Районный, городской, межрайонный суд","692446, Приморский край, г Дальнегорск, пр-кт 50 лет Октября, д 89",https://dalnegorsky--prm.sudrf.ru/,dalnegorsky--prm.sudrf.ru,да,25RS0015
Приморский край,Дальнереченск,Дальнереченский,Дальнереченский районный суд Приморского края,RS,"Районный, городской, межрайонный суд","692132, Приморский край, г Дальнереченск, ул Героев Даманского, зд 30",https://dalnerechensky--prm.sudrf.ru/,dalnerechensky--prm.sudrf.ru,да,25RS0008
Приморский край,Кавалерово,Кавалеровский,Кавалеровский районный суд Приморского края,RS,"Районный, городской, межрайонный суд","692413, Приморский край, пгт Кавалерово, ул Арсеньева, д 100",https://kavalerovsky--prm.sudrf.ru/,kavalerovsky--prm.sudrf.ru,да,25RS0017
Приморский край,Камень-Рыболов,Ханкайский,Ханкайский районный суд Приморского края,RS,"Районный, городской, межрайонный суд","692684, Приморский край, с Камень-Рыболов, ул Октябрьская, д 4",https://hankaisky--prm.sudrf.ru/,hankaisky--prm.sudrf.ru,да,25RS0031
Приморский край,Кировский,Кировский,Кировский районный суд Приморского края,RS,"Районный, городской, межрайонный суд","692091, Приморский край, пгт Кировский, ул Колхозная, д 57",https://kirovsky--prm.sudrf.ru/,kirovsky--prm.sudrf.ru,да,25RS0018
Приморский край,Лесозаводск,Лесозаводский,Лесозаводский районный суд Приморского края,RS,"Районный, городской, межрайонный суд","692042, Приморский край, г Лесозаводск, ул Пушкинская, зд 38А",https://lesozavodsky--prm.sudrf.ru/,lesozavodsky--prm.sudrf.ru,да,25RS0009
Приморский край,Лучегорск,Пожарский,Пожарский районный суд Приморского края,RS,"Районный, городской, межрайонный суд","692001, Приморский край, пгт Лучегорск, мкр 4-й, зд 2",https://pozharsky--prm.sudrf.ru/,pozharsky--prm.sudrf.ru,да,25RS0026
Приморский край,Михайловка,Михайловский,Михайловский районный суд Приморского края,RS,"Районный, городской, межрайонный суд","692651, Приморский край, с Михайловка, ул Новая, зд 1",https://mihaylovsky--prm.sudrf.ru/,mihaylovsky--prm.sudrf.ru,да,25RS0021
Приморский край,Находка,,Находкинский городской суд Приморского края,RS,"Районный, городской, межрайонный суд","692904, Приморский край, г Находка, ул Школьная, д 22",https://nahodkinsky--prm.sudrf.ru/,nahodkinsky--prm.sudrf.ru,да,25RS0010
Приморский край,Новопокровка,Красноармейский,Красноармейский районный суд Приморского края,RS,"Районный, городской, межрайонный суд","692171, Приморский край, с Новопокровка, ул Калинина, д 5 литера а",https://krasnoarmeysky--prm.sudrf.ru/,krasnoarmeysky--prm.sudrf.ru,да,25RS0019
Приморский край,Ольга,Ольгинский,Ольгинский районный суд Приморского края,RS,"Районный, городской, межрайонный суд","692460, Приморский край, пгт Ольга, ул Партизанская, стр 3",https://olginsky--prm.sudrf.ru/,olginsky--prm.sudrf.ru,да,25RS0023
Приморский край,Партизанск,,Партизанский городской суд Приморского края,RS,"Районный, городской, межрайонный суд","692864, Приморский край, г Партизанск, ул Ленинская, зд 26А",https://partizansky--prm.sudrf.ru/,partizansky--prm.sudrf.ru,да,25RS0013
Приморский край,Пограничный,Пограничный,Пограничный районный суд Приморского края,RS,"Районный, городской, межрайонный суд","692582, Приморский край, пгт Пограничный, ул Карла Маркса, зд 19",https://pogranichny--prm.sudrf.ru/,pogranichny--prm.sudrf.ru,да,25RS0025
Приморский край,Покровка,Октябрьский,Октябрьский районный суд Приморского края,RS,"Районный, городской, межрайонный суд","692561, Приморский край, с Покровка, ул Октябрьская, д 26",https://oktiabrsky--prm.sudrf.ru/,oktiabrsky--prm.sudrf.ru,да,25RS0022
Приморский край,Славянка,Хасанский,Хасанский районный суд Приморского края,RS,"Районный, городской, межрайонный суд","692701, Приморский край, пгт Славянка, ул Чкалова, зд 8",https://hasansky--prm.sudrf.ru/,hasansky--prm.sudrf.ru,да,25RS0030
Приморский край,Спасск-Дальний,Спасский,Спасский районный суд Приморского края,RS,"Районный, городской, межрайонный суд","692245, Приморский край, г Спасск-Дальний, ул Советская, д 75",https://spassky--prm.sudrf.ru/,spassky--prm.sudrf.ru,да,25RS0011
Приморский край,Уссурийск,Уссурийский,Уссурийский районный суд Приморского края,RS,"Районный, городской, межрайонный суд","692519, Приморский край, г Уссурийск, ул Фрунзе, зд 95",https://ussuriysky--prm.sudrf.ru/,ussuriysky--prm.sudrf.ru,да,25RS0029
Приморский край,Фокино,,Фокинский городской суд Приморского края,RS,"Районный, городской, межрайонный суд","692880, Приморский край, г Фокино, ул Центральная, д 4",https://fokinsky--prm.sudrf.ru/,fokinsky--prm.sudrf.ru,да,25RS0038
Приморский край,Хороль,Хорольский,Хорольский районный суд Приморского края,RS,"Районный, городской, межрайонный суд","692254, Приморский край, с Хороль, ул Ленинская, д 90",https://horolsky--prm.sudrf.ru/,horolsky--prm.sudrf.ru,да,25RS0032
Приморский край,Черниговка,Черниговский,Черниговский районный суд Приморского края,RS,"Районный, городской, межрайонный суд","692372, Приморский край, с Черниговка, ул Буденного, д 16",https://chernigovsky--prm.sudrf.ru/,chernigovsky--prm.sudrf.ru,да,25RS0033
Приморский край,Чугуевка,Чугуевский,Чугуевский районный суд Приморского края,RS,"Районный, городской, межрайонный суд","692623, Приморский край, с Чугуевка, ул Комсомольская, д 31",https://chuguevsky--prm.sudrf.ru/,chuguevsky--prm.sudrf.ru,да,25RS0034
Томская область,Александровское,Александровский,Александровский районный суд Томской области,RS,"Районный, городской, межрайонный суд","636760, Томская обл, с Александровское, ул Мира, д 2В",https://aleksandrovsky--tms.sudrf.ru/,aleksandrovsky--tms.sudrf.ru,да,70RS0011
Томская область,Асино,,Асиновский городской суд Томской области,RS,"Районный, городской, межрайонный суд","636840, Томская обл, г Асино, ул Советская, д 54",https://asinovsky--tms.sudrf.ru/,asinovsky--tms.sudrf.ru,да,70RS0006
Томская область,Бакчар,Бакчарский,Бакчарский районный суд Томской области,RS,"Районный, городской, межрайонный суд","636200, Томская обл, с Бакчар, ул Ленина, д 52",https://bakcharsky--tms.sudrf.ru/,bakcharsky--tms.sudrf.ru,да,70RS0012
Томская область,Белый Яр,Верхнекетский,Верхнекетский районный суд Томской области,RS,"Районный, городской, межрайонный суд","636500, Томская обл, рп Белый Яр, ул Гагарина, д 51",https://verhneketsky--tms.sudrf.ru/,verhneketsky--tms.sudrf.ru,да,70RS0013
Томская область,Зырянское,Зырянский,Зырянский районный суд Томской области,RS,"Районный, городской, межрайонный суд","636850, Томская обл, с Зырянское, ул Советская, д 9",https://zyriansky--tms.sudrf.ru/,zyriansky--tms.sudrf.ru,да,70RS0014
Томская область,Каргасок,Каргасокский,Каргасокский районный суд Томской области,RS,"Районный, городской, межрайонный суд","636700, Томская обл, с Каргасок, ул Голещихина, зд 32",https://kargosoksky--tms.sudrf.ru/,kargosoksky--tms.sudrf.ru,да,70RS0016
Томская область,Кедровый,,Кедровский городской суд Томской области,RS,"Районный, городской, межрайонный суд","636615, Томская обл, г Кедровый, мкр 1-й, д 29",https://kedrovsky--tms.sudrf.ru/,kedrovsky--tms.sudrf.ru,да,70RS0007
Томская область,Кожевниково,Кожевниковский,Кожевниковский районный суд Томской области,RS,"Районный, городской, межрайонный суд","636160, Томская обл, с Кожевниково, пер Северный, зд 1",https://kozhevnikovsky--tms.sudrf.ru/,kozhevnikovsky--tms.sudrf.ru,да,70RS0015
Томская область,Колпашево,,Колпашевский городской суд Томской области,RS,"Районный, городской, межрайонный суд","636460, Томская обл, г Колпашево, ул Коммунистическая, д 5",https://kolpashevsky--tms.sudrf.ru/,kolpashevsky--tms.sudrf.ru,да,70RS0008
Томская область,Кривошеино,Кривошеинский,Кривошеинский районный суд Томской области,RS,"Районный, городской, межрайонный суд","636300, Томская обл, с Кривошеино, пер Кооперативный, д 12",https://krivosheinsky--tms.sudrf.ru/,krivosheinsky--tms.sudrf.ru,да,70RS0017
Томская область,Мельниково,Шегарский,Шегарский районный суд Томской области,RS,"Районный, городской, межрайонный суд","636130, Томская обл, с Мельниково, ул Коммунистическая, д 6",https://shegarsky--tms.sudrf.ru/,shegarsky--tms.sudrf.ru,да,70RS0023
Томская область,Молчаново,Молчановский,Молчановский районный суд Томской области,RS,"Районный, городской, межрайонный суд","636330, Томская обл, с Молчаново, ул Димитрова, д 55",https://molchanovsky--tms.sudrf.ru/,molchanovsky--tms.sudrf.ru,да,70RS0018
Томская область,Парабель,Парабельский,Парабельский районный суд Томской области,RS,"Районный, городской, межрайонный суд","636600, Томская обл, с Парабель, ул Советская, д 26",https://parabelsky--tms.sudrf.ru/,parabelsky--tms.sudrf.ru,да,70RS0019
Томская область,Первомайское,Первомайский,Первомайский районный суд Томской области,RS,"Районный, городской, межрайонный суд","636930, Томская обл, с Первомайское, пер Молодежный, д 9",https://pervomaysky--tms.sudrf.ru/,pervomaysky--tms.sudrf.ru,да,70RS0020
Томская область,Подгорное,Чаинский,Чаинский районный суд Томской области,RS,"Районный, городской, межрайонный суд","636400, Томская обл, с Подгорное, ул Трактовая, д 4",https://chainsky--tms.sudrf.ru/,chainsky--tms.sudrf.ru,да,70RS0022
Томская область,Северск,,Северский городской суд Томской области,RS,"Районный, городской, межрайонный суд","636000, Томская обл, г Северск, ул Комсомольская, д 2",https://seversky--tms.sudrf.ru/,seversky--tms.sudrf.ru,да,70RS0009
Томская область,Стрежевой,,Стрежевской городской суд Томской области,RS,"Районный, городской, межрайонный суд","636785, Томская обл, г Стрежевой, мкр 4-й, д 430",https://strezhevskoy--tms.sudrf.ru/,strezhevskoy--tms.sudrf.ru,да,70RS0010
Томская область,Тегульдет,Тегульдетский,Тегульдетский районный суд Томской области,RS,"Районный, городской, межрайонный суд","636900, Томская обл, с Тегульдет, ул Парковая, д 11",https://teguldetsky--tms.sudrf.ru/,teguldetsky--tms.sudrf.ru,да,70RS0021
Томская область,Томск,Кировский,Кировский районный суд г. Томска,RS,"Районный, городской, межрайонный суд","634041, г Томск, ул Дзержинского, д 58",https://kirovsky--tms.sudrf.ru/,kirovsky--tms.sudrf.ru,да,70RS0001
Томская область,Томск,Ленинский,Ленинский районный суд г. Томска,RS,"Районный, городской, межрайонный суд","634050, г Томск, пер Батенькова, д 6",https://leninsky--tms.sudrf.ru/,leninsky--tms.sudrf.ru,да,70RS0002
Томская область,Томск,Октябрьский,Октябрьский районный суд г. Томска,RS,"Районный, городской, межрайонный суд","634034, г Томск, пр-кт Ленина, д 21",https://oktiabrsky--tms.sudrf.ru/,oktiabrsky--tms.sudrf.ru,да,70RS0003
Томская область,Томск,Советский,Советский районный суд г. Томска,RS,"Районный, городской, межрайонный суд","634050, г Томск, ул Карташова, д 45",https://sovetsky--tms.sudrf.ru/,sovetsky--tms.sudrf.ru,да,70RS0004
Томская область,Томск,,Томский областной суд,OS,Областной и равный ему суд,"634003, г Томск, пер Макушина, д 8",https://oblsud--tms.sudrf.ru/,oblsud--tms.sudrf.ru,да,70OS0000
Томская область,Томск,Томский,Томский районный суд Томской области,RS,"Районный, городской, межрайонный суд","634050, г Томск, ул Обруб, д 8",https://tomsky--tms.sudrf.ru/,tomsky--tms.sudrf.ru,да,70RS0005
Амурская область,Архара,Архаринский,Архаринский районный суд Амурской области,RS,"Районный, городской, межрайонный суд","676740, Амурская обл, пгт Архара, ул Калинина, зд 11",https://arharinskiy--amr.sudrf.ru/,arharinskiy--amr.sudrf.ru,да,28RS0001
Амурская область,Белогорск,,Белогорский городской суд Амурской области,RS,"Районный, городской, межрайонный суд","676805, Амурская обл, г Белогорск, ул Партизанская, д 33А",https://belogorskiygs--amr.sudrf.ru/,belogorskiygs--amr.sudrf.ru,да,28RS0002
Амурская область,Благовещенск,,Амурский областной суд,OS,Областной и равный ему суд,"675004, г Благовещенск, ул Шевченко, д 6",https://oblsud--amr.sudrf.ru/,oblsud--amr.sudrf.ru,да,28OS0000
Амурская область,Благовещенск,,Благовещенский городской суд Амурской области,RS,"Районный, городской, межрайонный суд","675004, г Благовещенск, ул Пионерская, д 35",https://blag-gs--amr.sudrf.ru/,blag-gs--amr.sudrf.ru,да,28RS0004
Амурская область,Благовещенск,Благовещенский,Благовещенский районный суд Амурской области,RS,"Районный, городской, межрайонный суд","675005, г Благовещенск, ул Октябрьская, д 88",https://blag-rs--amr.sudrf.ru/,blag-rs--amr.sudrf.ru,да,28RS0005
Амурская область,Екатеринославка,Октябрьский,Октябрьский районный суд Амурской области,RS,"Районный, городской, межрайонный суд","676630, Амурская обл, с Екатеринославка, ул Комсомольская, д 56",https://oktyabrsiy--amr.sudrf.ru/,oktyabrsiy--amr.sudrf.ru,да,28RS0014
Амурская область,Завитинск,Завитинский,Завитинский районный суд Амурской области,RS,"Районный, городской, межрайонный суд","676870, Амурская обл, г Завитинск, ул Куйбышева, д 53",https://zavitnskiy--amr.sudrf.ru/,zavitnskiy--amr.sudrf.ru,да,28RS0007
Амурская область,Зея,Зейский,Зейский районный суд Амурской области,RS,"Районный, городской, межрайонный суд","676246, Амурская обл, г Зея, ул Мухина, д 213",https://zeiskiy--amr.sudrf.ru/,zeiskiy--amr.sudrf.ru,да,28RS0008
Амурская область,Ивановка,Ивановский,Ивановский районный суд Амурской области,RS,"Районный, городской, межрайонный суд","676930, Амурская обл, с Ивановка, ул Ленина, д 150",https://ivanovskiy--amr.sudrf.ru/,ivanovskiy--amr.sudrf.ru,да,28RS0009
Амурская область,Константиновка,Константиновский,Константиновский районный суд Амурской области,RS,"Районный, городской, межрайонный суд","676980, Амурская обл, с Константиновка, ул Ленина, зд 83",https://konstantin--amr.sudrf.ru/,konstantin--amr.sudrf.ru,да,28RS0010
Амурская область,Магдагачи,Магдагачинский,Магдагачинский районный суд Амурской области,RS,"Районный, городской, межрайонный суд","676124, Амурская обл, пгт Магдагачи, ул К.Маркса, д 24А",https://magdagachinskiy--amr.sudrf.ru/,magdagachinskiy--amr.sudrf.ru,да,28RS0012
Амурская область,Новобурейский,Бурейский,Бурейский районный суд Амурской области,RS,"Районный, городской, межрайонный суд","676722, Амурская обл, пгт Новобурейский, ул Советская, д 35",https://bureiskiy--amr.sudrf.ru/,bureiskiy--amr.sudrf.ru,да,28RS0006
Амурская область,Новокиевский Увал,Мазановский,Мазановский районный суд Амурской области,RS,"Районный, городской, межрайонный суд","676530, Амурская обл, с Новокиевский Увал, ул Школьная, д 9",https://mazanovskiy--amr.sudrf.ru/,mazanovskiy--amr.sudrf.ru,да,28RS0011
Амурская область,Поярково,Михайловский,Михайловский районный суд Амурской области,RS,"Районный, городской, межрайонный суд","676680, Амурская обл, с Поярково, ул Черемисина, д 14",https://mihailovskiy--amr.sudrf.ru/,mihailovskiy--amr.sudrf.ru,да,28RS0013
Амурская область,Райчихинск,,Райчихинский городской суд Амурской области,RS,"Районный, городской, межрайонный суд","676770, Амурская обл, г Райчихинск, ул Пионерская, д 18",https://raichihinskiy--amr.sudrf.ru/,raichihinskiy--amr.sudrf.ru,да,28RS0015
Амурская область,Ромны,Ромненский,Ромненский районный суд Амурской области,RS,"Районный, городской, межрайонный суд","676620, Амурская обл, с Ромны, ул Советская, д 105",https://romnenskiy--amr.sudrf.ru/,romnenskiy--amr.sudrf.ru,да,28RS0016
Амурская область,Свободный,,Свободненский городской суд Амурской области,RS,"Районный, городской, межрайонный суд","676454, Амурская обл, г Свободный, ул Почтамтская, д 64",https://svobodnenskgs--amr.sudrf.ru/,svobodnenskgs--amr.sudrf.ru,да,28RS0017
Амурская область,Серышево,Серышевский,Серышевский районный суд Амурской области,RS,"Районный, городской, межрайонный суд","676355, Амурская обл, пгт Серышево, ул Ленина, д 18",https://serishevskiy--amr.sudrf.ru/,serishevskiy--amr.sudrf.ru,да,28RS0019
Амурская область,Сковородино,Сковородинский,Сковородинский районный суд Амурской области,RS,"Районный, городской, межрайонный суд","676014, Амурская обл, г Сковородино, ул Победы, д 29",https://skovorodinskiy--amr.sudrf.ru/,skovorodinskiy--amr.sudrf.ru,да,28RS0021
Амурская область,Тамбовка,Тамбовский,Тамбовский районный суд Амурской области,RS,"Районный, городской, межрайонный суд","676950, Амурская обл, с Тамбовка, ул Ленинская, зд 97",https://tambovskiy--amr.sudrf.ru/,tambovskiy--amr.sudrf.ru,да,28RS0022
Амурская область,Тында,Тындинский,Тындинский районный суд Амурской области,RS,"Районный, городской, межрайонный суд","676282, Амурская обл, г Тында, ул Красная Пресня, д 70",https://tindinskiy--amr.sudrf.ru/,tindinskiy--amr.sudrf.ru,да,28RS0023
Амурская область,Шимановск,Шимановский,Шимановский районный суд Амурской области,RS,"Районный, городской, межрайонный суд","676306, Амурская обл, г Шимановск, ул Крупской, зд 2",https://shimanovskiy--amr.sudrf.ru/,shimanovskiy--amr.sudrf.ru,да,28RS0024
Амурская область,Экимчан,Селемджинский,Селемджинский районный суд Амурской области,RS,"Районный, городской, межрайонный суд","676560, Амурская обл, пгт Экимчан, пер Пионерский, д 10",https://selemdginskiy--amr.sudrf.ru/,selemdginskiy--amr.sudrf.ru,да,28RS0020
Республика Саха (Якутия),,Усть-Янский,Усть-Янский районный суд Республики Саха (Якутия),RS,"Районный, городской, межрайонный суд","678540, Респ Саха (Якутия), мкр Арктика (пгт Депутатский), д 32",https://dep--jak.sudrf.ru/,dep--jak.sudrf.ru,да,14RS0031
Республика Саха (Якутия),Алдан,Алданский,Алданский районный суд Республики Саха (Якутия),RS,"Районный, городской, межрайонный суд","678901, Респ Саха (Якутия), г Алдан, ул Пролетарская, д 15",https://aldan--jak.sudrf.ru/,aldan--jak.sudrf.ru,да,14RS0002
Республика Саха (Якутия),Борогонцы,Усть-Алданский,Усть-Алданский районный суд Республики Саха (Якутия),RS,"Районный, городской, межрайонный суд","678350, Респ Саха (Якутия), с Борогонцы, ул Ленина, зд 65",https://bor--jak.sudrf.ru/,bor--jak.sudrf.ru,да,14RS0029
Республика Саха (Якутия),Верхневилюйск,Верхневилюйский,Верхневилюйский районный суд Республики Саха (Якутия),RS,"Районный, городской, межрайонный суд","678230, Респ Саха (Якутия), с Верхневилюйск, ул И.Н.Барахова, зд 9",https://vvilyui--jak.sudrf.ru/,vvilyui--jak.sudrf.ru,да,14RS0007
Республика Саха (Якутия),Вилюйск,Вилюйский,Вилюйский районный суд Республики Саха (Якутия),RS,"Районный, городской, межрайонный суд","678200, Респ Саха (Якутия), г Вилюйск, ул Чиряева, д 19",https://vilyui--jak.sudrf.ru/,vilyui--jak.sudrf.ru,да,14RS0010
Республика Саха (Якутия),Зырянка,Верхнеколымский,Верхнеколымский районный суд Республики Саха (Якутия),RS,"Районный, городской, межрайонный суд","678770, Респ Саха (Якутия), п Зырянка, ул Асямова, д 13",https://vkoliyma--jak.sudrf.ru/,vkoliyma--jak.sudrf.ru,да,14RS0008
Республика Саха (Якутия),Ленск,Ленский,Ленский районный суд Республики Саха (Якутия),RS,"Районный, городской, межрайонный суд","678144, Респ Саха (Якутия), г Ленск, ул Ленина, д 51",https://lensk--jak.sudrf.ru/,lensk--jak.sudrf.ru,да,14RS0014
Республика Саха (Якутия),Майя,Мегино-Кангаласский,Мегино-Кангаласский районный суд Республики Саха (Якутия),RS,"Районный, городской, межрайонный суд","678070, Респ Саха (Якутия), с Майя, ул Алданская, д 7",https://mkang--jak.sudrf.ru/,mkang--jak.sudrf.ru,да,14RS0015
Республика Саха (Якутия),Мирный,Мирнинский,Мирнинский районный суд Республики Саха (Якутия),RS,"Районный, городской, межрайонный суд","678174, Респ Саха (Якутия), г Мирный, ул Тихонова, д 29",https://mirny--jak.sudrf.ru/,mirny--jak.sudrf.ru,да,14RS0016
Республика Саха (Якутия),Намцы,Намский,Намский районный суд Республики Саха (Якутия),RS,"Районный, городской, межрайонный суд","678380, Респ Саха (Якутия), с Намцы, ул С.Платонова, д 4",https://nam--jak.sudrf.ru/,nam--jak.sudrf.ru,да,14RS0018
Республика Саха (Якутия),Нерюнгри,,Нерюнгринский городской суд Республики Саха (Якутия),RS,"Районный, городской, межрайонный суд","678960, Респ Саха (Якутия), Нерюнгринский р-н, г Нерюнгри, пр-кт Ленина, д 23",https://nerungry--jak.sudrf.ru/,nerungry--jak.sudrf.ru,да,14RS0019
Республика Саха (Якутия),Нюрба,Нюрбинский,Нюрбинский районный суд Республики Саха (Якутия),RS,"Районный, городской, межрайонный суд","678450, Респ Саха (Якутия), г Нюрба, ул Ленина, зд 30",https://nyurba--jak.sudrf.ru/,nyurba--jak.sudrf.ru,да,14RS0021
Республика Саха (Якутия),Олекминск,Олёкминский,Олёкминский районный суд Республики Саха (Якутия),RS,"Районный, городской, межрайонный суд","678100, Респ Саха (Якутия), г Олекминск, ул Пионерская, д 2",https://olekma--jak.sudrf.ru/,olekma--jak.sudrf.ru,да,14RS0023
Республика Саха (Якутия),Покровск,Хангаласский,Хангаласский районный суд Республики Саха (Якутия),RS,"Районный, городской, межрайонный суд","678000, Респ Саха (Якутия), г Покровск, ул Орджоникидзе, д 24",https://pokrovsk--jak.sudrf.ru/,pokrovsk--jak.sudrf.ru,да,14RS0032
Республика Саха (Якутия),Сангар,Кобяйский,Кобяйский районный суд Республики Саха (Якутия),RS,"Районный, городской, межрайонный суд","678300, Респ Саха (Якутия), пгт Сангар, ул Ленина, зд 23",https://kob--jak.sudrf.ru/,kob--jak.sudrf.ru,да,14RS0013
Республика Саха (Якутия),Сунтар,Сунтарский,Сунтарский районный суд Республики Саха (Якутия),RS,"Районный, городской, межрайонный суд","678290, Респ Саха (Якутия), с Сунтар, ул Октябрьская, д 90",https://suntar--jak.sudrf.ru/,suntar--jak.sudrf.ru,да,14RS0026
Республика Саха (Якутия),Тикси,Булунский,Булунский районный суд Республики Саха (Якутия),RS,"Районный, городской, межрайонный суд","678400, Респ Саха (Якутия), п Тикси, ул Трусова, д 7",https://bulun--jak.sudrf.ru/,bulun--jak.sudrf.ru,да,14RS0006
Республика Саха (Якутия),Усть-Мая,Усть-Майский,Усть-Майский районный суд Республики Саха (Якутия),RS,"Районный, городской, межрайонный суд","678620, Респ Саха (Якутия), п Усть-Мая, ул Советская, д 6",https://uma--jak.sudrf.ru/,uma--jak.sudrf.ru,да,14RS0030
Республика Саха (Якутия),Усть-Нера,Оймяконский,Оймяконский районный суд Республики Саха (Якутия),RS,"Районный, городской, межрайонный суд","678730, Респ Саха (Якутия), пгт Усть-Нера, ул Мацкепладзе, д 8",https://nera--jak.sudrf.ru/,nera--jak.sudrf.ru,да,14RS0022
Республика Саха (Якутия),Хандыга,Томпонский,Томпонский районный суд Республики Саха (Якутия),RS,"Районный, городской, межрайонный суд","678720, Респ Саха (Якутия), п Хандыга, ул Молодежная, стр 10",https://tompo--jak.sudrf.ru/,tompo--jak.sudrf.ru,да,14RS0028
Республика Саха (Якутия),Чурапча,Чурапчинский,Чурапчинский районный суд Республики Саха (Якутия),RS,"Районный, городской, межрайонный суд","678670, Респ Саха (Якутия), с Чурапча, ул Дзержинского, д 4",https://chur--jak.sudrf.ru/,chur--jak.sudrf.ru,да,14RS0033
Республика Саха (Якутия),Якутск,,Верховный Суд Республики Саха (Якутия),OS,Областной и равный ему суд,"677000, г Якутск, ул Курашова, д 25",https://vs--jak.sudrf.ru/,vs--jak.sudrf.ru,да,14OS0000
Республика Саха (Якутия),Якутск,,Якутский городской суд Республики Саха (Якутия),RS,"Районный, городской, межрайонный суд","677000, г Якутск, ул Ярославского, д 18",https://jakutsky--jak.sudrf.ru/,jakutsky--jak.sudrf.ru,да,14RS0035
Республика Бурятия,Багдарин,Баунтовский,Баунтовский районный суд Республики Бурятия,RS,"Районный, городской, межрайонный суд","671510, Респ Бурятия, с Багдарин, ул Ленина, зд 14",https://bautovsky--bur.sudrf.ru/,bautovsky--bur.sudrf.ru,да,04RS0002
Республика Бурятия,Баргузин,Баргузинский,Баргузинский районный суд Республики Бурятия,RS,"Районный, городской, межрайонный суд","671610, Респ Бурятия, с Баргузин, ул Ленина, зд 24",https://barguzinsky--bur.sudrf.ru/,barguzinsky--bur.sudrf.ru,да,04RS0001
Республика Бурятия,Бичура,Бичурский,Бичурский районный суд Республики Бурятия,RS,"Районный, городской, межрайонный суд","671360, Респ Бурятия, с Бичура, ул Советская, зд 1Б",https://bichursky--bur.sudrf.ru/,bichursky--bur.sudrf.ru,да,04RS0003
Республика Бурятия,Гусиноозерск,,Гусиноозерский городской суд Республики Бурятия,RS,"Районный, городской, межрайонный суд","671160, Респ Бурятия, г Гусиноозерск, мкр 6-й, д 23",https://gusinoozersky--bur.sudrf.ru/,gusinoozersky--bur.sudrf.ru,да,04RS0004
Республика Бурятия,Заиграево,Заиграевский,Заиграевский районный суд Республики Бурятия,RS,"Районный, городской, межрайонный суд","671310, Респ Бурятия, пгт Заиграево, ул Серова, д 11",https://zaigraevsky--bur.sudrf.ru/,zaigraevsky--bur.sudrf.ru,да,04RS0008
Республика Бурятия,Закаменск,Закаменский,Закаменский районный суд Республики Бурятия,RS,"Районный, городской, межрайонный суд","671950, Респ Бурятия, г Закаменск, ул Клубная, д 1",https://zakamensky--bur.sudrf.ru/,zakamensky--bur.sudrf.ru,да,04RS0009
Республика Бурятия,Иволгинск,Иволгинский,Иволгинский районный суд Республики Бурятия,RS,"Районный, городской, межрайонный суд","671050, Респ Бурятия, с Иволгинск, ул Куйбышева, д 2А",https://ivolginsky--bur.sudrf.ru/,ivolginsky--bur.sudrf.ru,да,04RS0010
Республика Бурятия,Кабанск,Кабанский,Кабанский районный суд Республики Бурятия,RS,"Районный, городской, межрайонный суд","671200, Респ Бурятия, с Кабанск, ул Кирова, зд 2",https://kabansky--bur.sudrf.ru/,kabansky--bur.sudrf.ru,да,04RS0011
Республика Бурятия,Кырен,Тункинский,Тункинский районный суд Республики Бурятия,RS,"Районный, городской, межрайонный суд","671010, Респ Бурятия, с Кырен, ул Ленина, д 73",https://tunkinsky--bur.sudrf.ru/,tunkinsky--bur.sudrf.ru,да,04RS0023
Республика Бурятия,Кяхта,Кяхтинский,Кяхтинский районный суд Республики Бурятия,RS,"Районный, городской, межрайонный суд","671840, Респ Бурятия, г Кяхта, ул Рабочая, д 59",https://kyahtinsky--bur.sudrf.ru/,kyahtinsky--bur.sudrf.ru,да,04RS0014
Республика Бурятия,Мухоршибирь,Мухоршибирский,Мухоршибирский районный суд Республики Бурятия,RS,"Районный, городской, межрайонный суд","671340, Респ Бурятия, с Мухоршибирь, ул 30 лет Победы, зд 17",https://muhorshibirsky--bur.sudrf.ru/,muhorshibirsky--bur.sudrf.ru,да,04RS0016
Республика Бурятия,Петропавловка,Джидинский,Джидинский районный суд Республики Бурятия,RS,"Районный, городской, межрайонный суд","671920, Респ Бурятия, с Петропавловка, ул Кирова, д 8",https://dzhidinsky--bur.sudrf.ru/,dzhidinsky--bur.sudrf.ru,да,04RS0005
Республика Бурятия,Северобайкальск,,Северобайкальский городской суд Республики Бурятия,RS,"Районный, городской, межрайонный суд","671700, Респ Бурятия, г Северобайкальск, пер Пролетарский, д 3",https://severobaikalsky--bur.sudrf.ru/,severobaikalsky--bur.sudrf.ru,да,04RS0020
Республика Бурятия,Сосново-Озерское,Еравнинский,Еравнинский районный суд Республики Бурятия,RS,"Районный, городской, межрайонный суд","671430, Респ Бурятия, с Сосново-Озерское, ул Бадеева, д 52",https://eravninsky--bur.sudrf.ru/,eravninsky--bur.sudrf.ru,да,04RS0006
Республика Бурятия,Таксимо,Муйский,Муйский районный суд Республики Бурятия,RS,"Районный, городской, межрайонный суд","671560, Респ Бурятия, п Таксимо, ул 70 лет Октября, д 16",https://muisky--bur.sudrf.ru/,muisky--bur.sudrf.ru,да,04RS0015
Республика Бурятия,Тарбагатай,Тарбагатайский,Тарбагатайский районный суд Республики Бурятия,RS,"Районный, городской, межрайонный суд","671110, Респ Бурятия, с Тарбагатай, ул Ленина, д 8",https://tarbagataisky--bur.sudrf.ru/,tarbagataisky--bur.sudrf.ru,да,04RS0022
Республика Бурятия,Турунтаево,Прибайкальский,Прибайкальский районный суд Республики Бурятия,RS,"Районный, городской, межрайонный суд","671260, Респ Бурятия, Прибайкальский р-н, с Турунтаево, ул Молодежная, д 15",https://pribaikalsky--bur.sudrf.ru/,pribaikalsky--bur.sudrf.ru,да,04RS0019
Республика Бурятия,Улан-Удэ,,Верховный Суд Республики Бурятия,OS,Областной и равный ему суд,"670042, г Улан-Удэ, ул Жердева, зд 91",https://vs--bur.sudrf.ru/,vs--bur.sudrf.ru,да,04OS0000
Республика Бурятия,Улан-Удэ,Железнодорожный,Железнодорожный районный суд г. Улан-Удэ Республики Бурятия,RS,"Районный, городской, межрайонный суд","670045, г Улан-Удэ, ул Ботаническая, д 3Б",https://zheleznodorozhniy--bur.sudrf.ru/,zheleznodorozhniy--bur.sudrf.ru,да,04RS0007
Республика Бурятия,Улан-Удэ,Октябрьский,Октябрьский районный суд г. Улан-Удэ Республики Бурятия,RS,"Районный, городской, межрайонный суд","670031, г Улан-Удэ, ул Геологическая, д 9А",https://oktiabrsky--bur.sudrf.ru/,oktiabrsky--bur.sudrf.ru,да,04RS0018
Республика Бурятия,Улан-Удэ,Советский,Советский районный суд г. Улан-Удэ Республики Бурятия,RS,"Районный, городской, межрайонный суд","670000, г Улан-Удэ, ул Ленина, д 16",https://sovetsky--bur.sudrf.ru/,sovetsky--bur.sudrf.ru,да,04RS0021
Республика Бурятия,Хоринск,Хоринский,Хоринский районный суд Республики Бурятия,RS,"Районный, городской, межрайонный суд","671410, Респ Бурятия, с Хоринск, ул Первомайская, д 36",https://horinsky--bur.sudrf.ru/,horinsky--bur.sudrf.ru,да,04RS0024
Хабаровский край,Амурск,,Амурский городской суд Хабаровского края,RS,"Районный, городской, межрайонный суд","682645, Хабаровский край, г Амурск, пр-кт Комсомольский, д 61",https://amursky--hbr.sudrf.ru/,amursky--hbr.sudrf.ru,да,27RS0013
Хабаровский край,Бикин,,Бикинский городской суд Хабаровского края,RS,"Районный, городской, межрайонный суд","682970, Хабаровский край, г Бикин, ул Бонивура, д 136",https://bikinsky--hbr.sudrf.ru/,bikinsky--hbr.sudrf.ru,да,27RS0011
Хабаровский край,Богородское,Ульчский,Ульчский районный суд Хабаровского края,RS,"Районный, городской, межрайонный суд","682400, Хабаровский край, с Богородское, ул Ленина, д 56",https://ulchsky--hbr.sudrf.ru/,ulchsky--hbr.sudrf.ru,да,27RS0022
Хабаровский край,Ванино,Ванинский,Ванинский районный суд Хабаровского края,RS,"Районный, городской, межрайонный суд","682860, Хабаровский край, рп Ванино, ул Железнодорожная, д 41",https://vaninsky--hbr.sudrf.ru/,vaninsky--hbr.sudrf.ru,да,27RS0015
Хабаровский край,Вяземский,Вяземский,Вяземский районный суд Хабаровского края,RS,"Районный, городской, межрайонный суд","682950, Хабаровский край, г Вяземский, ул Козюкова, д 4",https://vyazemsky--hbr.sudrf.ru/,vyazemsky--hbr.sudrf.ru,да,27RS0016
Хабаровский край,Комсомольск-на-Амуре,Комсомольский,Комсомольский районный суд Хабаровского края,RS,"Районный, городской, межрайонный суд","681032, Хабаровский край, г Комсомольск-на-Амуре, пр-кт Ленина, д 1",https://komsomolsky--hbr.sudrf.ru/,komsomolsky--hbr.sudrf.ru,да,27RS0009
Хабаровский край,Комсомольск-на-Амуре,Ленинский,Ленинский районный суд г. Комсомольска-на-Амуре Хабаровского края,RS,"Районный, городской, межрайонный суд","681029, Хабаровский край, г Комсомольск-на-Амуре, ул Советская, д 29 к 2",https://leninsky--hbr.sudrf.ru/,leninsky--hbr.sudrf.ru,да,27RS0008
Хабаровский край,Комсомольск-на-Амуре,Центральный,Центральный районный суд г. Комсомольска-на-Амуре Хабаровского края,RS,"Районный, городской, межрайонный суд","681032, Хабаровский край, г Комсомольск-на-Амуре, пр-кт Ленина, д 1",https://centralny--hbr.sudrf.ru/,centralny--hbr.sudrf.ru,да,27RS0007
Хабаровский край,Николаевск-на-Амуре,,Николаевский-на-Амуре городской суд Хабаровского края,RS,"Районный, городской, межрайонный суд","682469, Хабаровский край, г Николаевск-на-Амуре, ул М.Горького, д 99",https://nikolaevsky--hbr.sudrf.ru/,nikolaevsky--hbr.sudrf.ru,да,27RS0020
Хабаровский край,Переяславка,,Суд района имени Лазо Хабаровского края,RS,"Районный, городской, межрайонный суд","682910, Хабаровский край, рп Переяславка, ул Ленина, д 30",https://lazo--hbr.sudrf.ru/,lazo--hbr.sudrf.ru,да,27RS0021
Хабаровский край,Советская Гавань,,Советско-Гаванский городской суд Хабаровского края,RS,"Районный, городской, межрайонный суд","682800, Хабаровский край, г Советская Гавань, ул Советская, д 21",https://s-gavansky--hbr.sudrf.ru/,s-gavansky--hbr.sudrf.ru,да,27RS0014
Хабаровский край,Солнечный,Солнечный,Солнечный районный суд Хабаровского края,RS,"Районный, городской, межрайонный суд","682711, Хабаровский край, рп Солнечный, ул Ленина, д 29",https://solnechniy--hbr.sudrf.ru/,solnechniy--hbr.sudrf.ru,да,27RS0010
Хабаровский край,Троицкое,Нанайский,Нанайский районный суд Хабаровского края,RS,"Районный, городской, межрайонный суд","682350, Хабаровский край, с Троицкое, ул 40 лет Победы, д 11",https://nanaysky--hbr.sudrf.ru/,nanaysky--hbr.sudrf.ru,да,27RS0017
Хабаровский край,Хабаровск,Железнодорожный,Железнодорожный районный суд г. Хабаровска,RS,"Районный, городской, межрайонный суд","680015, г Хабаровск, ул Суворова, д 73",https://zheleznodorozhny--hbr.sudrf.ru/,zheleznodorozhny--hbr.sudrf.ru,да,27RS0003
Хабаровский край,Хабаровск,Индустриальный,Индустриальный районный суд г. Хабаровска,RS,"Районный, городской, межрайонный суд","680003, г Хабаровск, ул Союзная, д 23",https://industrialny--hbr.sudrf.ru/,industrialny--hbr.sudrf.ru,да,27RS0004
Хабаровский край,Хабаровск,Кировский,Кировский районный суд г. Хабаровска,RS,"Районный, городской, межрайонный суд","680011, г Хабаровск, ул Орджоникидзе, д 1",https://kirovsky--hbr.sudrf.ru/,kirovsky--hbr.sudrf.ru,да,27RS0002
Хабаровский край,Хабаровск,Краснофлотский,Краснофлотский районный суд г. Хабаровска,RS,"Районный, городской, межрайонный суд","680022, г Хабаровск, ул Воронежская, д 47",https://krasnoflotsky--hbr.sudrf.ru/,krasnoflotsky--hbr.sudrf.ru,да,27RS0005
Хабаровский край,Хабаровск,,Хабаровский краевой суд,OS,Областной и равный ему суд,"680042, г Хабаровск, ул Тихоокеанская, д 155",https://kraevoy--hbr.sudrf.ru/,kraevoy--hbr.sudrf.ru,да,27OS0000
Хабаровский край,Хабаровск,Хабаровский,Хабаровский районный суд Хабаровского края,RS,"Районный, городской, межрайонный суд","680011, г Хабаровск, ул Знаменщикова, д 17",https://habarovskyr--hbr.sudrf.ru/,habarovskyr--hbr.sudrf.ru,да,27RS0006
Хабаровский край,Хабаровск,Центральный,Центральный районный суд г. Хабаровска,RS,"Районный, городской, межрайонный суд","680038, г Хабаровск, ул Серышева, д 60",https://centralnyr--hbr.sudrf.ru/,centralnyr--hbr.sudrf.ru,да,27RS0001
Хабаровский край,Чегдомын,Верхнебуреинский,Верхнебуреинский районный суд Хабаровского края,RS,"Районный, городской, межрайонный суд","682030, Хабаровский край, рп Чегдомын, ул Центральная, д 21",https://vbureinsky--hbr.sudrf.ru/,vbureinsky--hbr.sudrf.ru,да,27RS0012
Сахалинская область,Александровск-Сахалинский,,Александровск-Сахалинский городской суд Сахалинской области,RS,"Районный, городской, межрайонный суд","694420, Сахалинская обл, г Александровск-Сахалинский, ул Советская, д 7А",https://aleksandrovsk--sah.sudrf.ru/,aleksandrovsk--sah.sudrf.ru,да,65RS0002
Сахалинская область,Анива,Анивский,Анивский районный суд Сахалинской области,RS,"Районный, городской, межрайонный суд","694030, Сахалинская обл, г Анива, ул Ленина, д 39",https://anivskiy--sah.sudrf.ru/,anivskiy--sah.sudrf.ru,да,65RS0003
Сахалинская область,Долинск,,Долинский городской суд Сахалинской области,RS,"Районный, городской, межрайонный суд","694051, Сахалинская обл, г Долинск, ул Сахалинская, влд 8",https://dolinskiy--sah.sudrf.ru/,dolinskiy--sah.sudrf.ru,да,65RS0004
Сахалинская область,Корсаков,,Корсаковский городской суд Сахалинской области,RS,"Районный, городской, межрайонный суд","694020, Сахалинская обл., г. Корсаков, ул. Флотская, д. 62 Б, (гражд.), 694020, г. Корсаков, ул. Флотская, д. 19",https://korsakovskiy--sah.sudrf.ru/,korsakovskiy--sah.sudrf.ru,да,65RS0005
Сахалинская область,Курильск,Курильский,Курильский районный суд Сахалинской области,RS,"Районный, городской, межрайонный суд","694530, Сахалинская обл, г Курильск, ул Сахалинская, д 1 к а",https://kurilskiy--sah.sudrf.ru/,kurilskiy--sah.sudrf.ru,да,65RS0006
Сахалинская область,Невельск,,Невельский городской суд Сахалинской области,RS,"Районный, городской, межрайонный суд","694740, Сахалинская обл, г Невельск, ул Ленина, д 9",https://nevelskiy--sah.sudrf.ru/,nevelskiy--sah.sudrf.ru,да,65RS0008
Сахалинская область,Ноглики,Ногликский,Ногликский районный суд Сахалинской области,RS,"Районный, городской, межрайонный суд","694450, Сахалинская обл, пгт Ноглики, ул Пограничная, зд 6",https://noglikskiy--sah.sudrf.ru/,noglikskiy--sah.sudrf.ru,да,65RS0009
Сахалинская область,Оха,,Охинский городской суд Сахалинской области,RS,"Районный, городской, межрайонный суд","694496, Сахалинская обл, г Оха, ул Ленина, д 8",https://ohinskiy--sah.sudrf.ru/,ohinskiy--sah.sudrf.ru,да,65RS0010
Сахалинская область,Поронайск,,Поронайский городской суд Сахалинской области,RS,"Районный, городской, межрайонный суд","694240, Сахалинская обл, г Поронайск, ул Октябрьская, д 66",https://poronaiskiy--sah.sudrf.ru/,poronaiskiy--sah.sudrf.ru,да,65RS0011
Сахалинская область,Северо-Курильск,Северо-Курильский,Северо-Курильский районный суд Сахалинской области,RS,"Районный, городской, межрайонный суд","694550, Сахалинская обл, г Северо-Курильск, ул Вилкова, д 4",https://s-kurilskiy--sah.sudrf.ru/,s-kurilskiy--sah.sudrf.ru,да,65RS0012
Сахалинская область,Смирных,Смирныховский,Смирныховский районный суд Сахалинской области,RS,"Районный, городской, межрайонный суд","694350, Сахалинская обл, пгт Смирных, ул Пирогова, зд 6А",https://smirnihovskiy--sah.sudrf.ru/,smirnihovskiy--sah.sudrf.ru,да,65RS0013
Сахалинская область,Тымовское,Тымовский,Тымовский районный суд Сахалинской области,RS,"Районный, городской, межрайонный суд","694400, Сахалинская обл, пгт Тымовское, ул Кировская, д 88А",https://timovskiy--sah.sudrf.ru/,timovskiy--sah.sudrf.ru,да,65RS0015
Сахалинская область,Углегорск,,Углегорский городской суд Сахалинской области,RS,"Районный, городской, межрайонный суд","694920, Сахалинская обл, г Углегорск, ул Бумажная, д 1",https://uglegorskiy--sah.sudrf.ru/,uglegorskiy--sah.sudrf.ru,да,65RS0016
Сахалинская область,Холмск,,Холмский городской суд Сахалинской области,RS,"Районный, городской, межрайонный суд","694620, Сахалинская обл, г Холмск, ул Советская, д 13",https://holmskiy--sah.sudrf.ru/,holmskiy--sah.sudrf.ru,да,65RS0017
Сахалинская область,Южно-Курильск,Южно-Курильский,Южно-Курильский районный суд Сахалинской области,RS,"Районный, городской, межрайонный суд","694500, Сахалинская обл, пгт Южно-Курильск, кв-л Ильичева, д 7",https://u-kurilskiy--sah.sudrf.ru/,u-kurilskiy--sah.sudrf.ru,да,65RS0018
Сахалинская область,Южно-Сахалинск,,Сахалинский областной суд,OS,Областной и равный ему суд,"693010, г Южно-Сахалинск, пр-кт Коммунистический, д 24",https://oblsud--sah.sudrf.ru/,oblsud--sah.sudrf.ru,да,65OS0000
Сахалинская область,Южно-Сахалинск,,Южно-Сахалинский городской суд Сахалинской области,RS,"Районный, городской, межрайонный суд","693020, г Южно-Сахалинск, ул Бумажная, д 34",https://u-sahalinsky--sah.sudrf.ru/,u-sahalinsky--sah.sudrf.ru,да,65RS0001
Республика Тыва,Бай-Хаак,Тандинский,Тандинский районный суд Республики Тыва,RS,"Районный, городской, межрайонный суд","668311, Респ Тыва, с Бай-Хаак, ул Советская, д 85",https://tandinskiy--tva.sudrf.ru/,tandinskiy--tva.sudrf.ru,да,17RS0010
Республика Тыва,Каа-Хем,Кызылский,Кызылский районный суд Республики Тыва,RS,"Районный, городской, межрайонный суд","667901, Респ Тыва, пгт Каа-Хем, ул Кирова, зд 1А",https://kizilskiy-r--tva.sudrf.ru/,kizilskiy-r--tva.sudrf.ru,да,17RS0005
Республика Тыва,Кызыл,,Верховный Суд Республики Тыва,OS,Областной и равный ему суд,"667000, г Кызыл, ул Бай-Хаакская, д 1",https://vs--tva.sudrf.ru/,vs--tva.sudrf.ru,да,17OS0000
Республика Тыва,Кызыл,,Кызылский городской суд Республики Тыва,RS,"Районный, городской, межрайонный суд","667000, г Кызыл, ул Бай-Хаакская, зд 5",https://kizilskiy-g--tva.sudrf.ru/,kizilskiy-g--tva.sudrf.ru,да,17RS0017
Республика Тыва,Кызыл-Мажалык,Барун-Хемчикский,Барун-Хемчикский районный суд Республики Тыва,RS,"Районный, городской, межрайонный суд","668040, Респ Тыва, с Кызыл-Мажалык, ул Буян-Бадыргы ноян, зд 67",https://barun-hemchikskiy--tva.sudrf.ru/,barun-hemchikskiy--tva.sudrf.ru,да,17RS0002
Республика Тыва,Самагалтай,Тес-Хемский,Тес-Хемский районный суд Республики Тыва,RS,"Районный, городской, межрайонный суд","668360, Респ Тыва, с Самагалтай, ул Шумовых, д 32",https://tes-hemskiy--tva.sudrf.ru/,tes-hemskiy--tva.sudrf.ru,да,17RS0011
Республика Тыва,Сарыг-Сеп,Каа-Хемский,Каа-Хемский районный суд Республики Тыва,RS,"Районный, городской, межрайонный суд","668400, Респ Тыва, с Сарыг-Сеп, ул Енисейская, д 153",https://kaa-hemskiy--tva.sudrf.ru/,kaa-hemskiy--tva.sudrf.ru,да,17RS0004
Республика Тыва,Суг-Аксы,Сут-Хольский,Сут-Хольский районный суд Республики Тыва,RS,"Районный, городской, межрайонный суд","668150, Респ Тыва, с Суг-Аксы, ул Алдан-Маадырская, д 36",https://sut-holskiy--tva.sudrf.ru/,sut-holskiy--tva.sudrf.ru,да,17RS0009
Республика Тыва,Туран,Пий-Хемский,Пий-Хемский районный суд Республики Тыва,RS,"Районный, городской, межрайонный суд","668510, Респ Тыва, г Туран, ул Щетинкина, д 47",https://piy-hemskiy--tva.sudrf.ru/,piy-hemskiy--tva.sudrf.ru,да,17RS0008
Республика Тыва,Тээли,Бай-Тайгинский,Бай-Тайгинский районный суд Республики Тыва,RS,"Районный, городской, межрайонный суд","668010, Респ Тыва, с Тээли, ул Комсомольская, д 20",https://bai-taiginskiy--tva.sudrf.ru/,bai-taiginskiy--tva.sudrf.ru,да,17RS0001
Республика Тыва,Хандагайты,Овюрский,Овюрский районный суд Республики Тыва,RS,"Районный, городской, межрайонный суд","668130, Респ Тыва, с Хандагайты, ул Почтовая, д 19",https://ovjurskiy--tva.sudrf.ru/,ovjurskiy--tva.sudrf.ru,да,17RS0007
Республика Тыва,Хову-Аксы,Чеди-Хольский,Чеди-Хольский районный суд Республики Тыва,RS,"Районный, городской, межрайонный суд","668330, Респ Тыва, с Хову-Аксы, ул Гагарина, д 15",https://chedi-holskiy--tva.sudrf.ru/,chedi-holskiy--tva.sudrf.ru,да,17RS0015
Республика Тыва,Чаа-Холь,Чаа-Хольский,Чаа-Хольский районный суд Республики Тыва,RS,"Районный, городской, межрайонный суд","668221, Респ Тыва, с Чаа-Холь, ул Сундуй Андрей, д 2",https://chaa-holskiy--tva.sudrf.ru/,chaa-holskiy--tva.sudrf.ru,да,17RS0014
Республика Тыва,Чадан,Дзун-Хемчикский,Дзун-Хемчикский районный суд Республики Тыва,RS,"Районный, городской, межрайонный суд","668111, Респ Тыва, г Чадан, ул Чурмет-Дажы, д 152",https://dzun-hemchikskiy--tva.sudrf.ru/,dzun-hemchikskiy--tva.sudrf.ru,да,17RS0003
Республика Тыва,Шагонар,Улуг-Хемский,Улуг-Хемский районный суд Республики Тыва,RS,"Районный, городской, межрайонный суд","668210, Респ Тыва, г Шагонар, ул Октябрьская, д 3",https://ulug-hemskiy--tva.sudrf.ru/,ulug-hemskiy--tva.sudrf.ru,да,17RS0013
Республика Тыва,Эрзин,Эрзинский,Эрзинский районный суд Республики Тыва,RS,"Районный, городской, межрайонный суд","668380, Респ Тыва, с Эрзин, ул Комсомольская, д 15",https://erzinskiy--tva.sudrf.ru/,erzinskiy--tva.sudrf.ru,да,17RS0016
Республика Хакасия,Абаза,Абазинский,Абазинский районный суд Республики Хакасия,RS,"Районный, городской, межрайонный суд","655750, Респ Хакасия, г Абаза, ул Больничная, д 9А",https://abazinsky--hak.sudrf.ru/,abazinsky--hak.sudrf.ru,да,19RS0012
Республика Хакасия,Абакан,,Абаканский городской суд Республики Хакасия,RS,"Районный, городской, межрайонный суд","655017, г Абакан, ул Чертыгашева, д 80",https://abakansky--hak.sudrf.ru/,abakansky--hak.sudrf.ru,да,19RS0001
Республика Хакасия,Абакан,,Верховный Суд Республики Хакасия,OS,Областной и равный ему суд,"655017, г Абакан, ул Крылова, д 66А",https://vs--hak.sudrf.ru/,vs--hak.sudrf.ru,да,19OS0000
Республика Хакасия,Аскиз,Аскизский,Аскизский районный суд Республики Хакасия,RS,"Районный, городской, межрайонный суд","655700, Респ Хакасия, с Аскиз, ул Советская, зд 11",https://akzisky--hak.sudrf.ru/,akzisky--hak.sudrf.ru,да,19RS0004
Республика Хакасия,Белый Яр,Алтайский,Алтайский районный суд Республики Хакасия,RS,"Районный, городской, межрайонный суд","655650, Респ Хакасия, с Белый Яр, ул Советская, зд 15",https://altaysky--hak.sudrf.ru/,altaysky--hak.sudrf.ru,да,19RS0005
Республика Хакасия,Бея,Бейский,Бейский районный суд Республики Хакасия,RS,"Районный, городской, межрайонный суд","655770, Респ Хакасия, с Бея, ул Лесная, д 3А",https://beysky--hak.sudrf.ru/,beysky--hak.sudrf.ru,да,19RS0006
Республика Хакасия,Боград,Боградский,Боградский районный суд Республики Хакасия,RS,"Районный, городской, межрайонный суд","655340, Респ Хакасия, с Боград, ул Горная, д 2",https://bogradsky--hak.sudrf.ru/,bogradsky--hak.sudrf.ru,да,19RS0007
Республика Хакасия,Копьево,Орджоникидзевский,Орджоникидзевский районный суд Республики Хакасия,RS,"Районный, городской, межрайонный суд","655250, Респ Хакасия, п Копьево, ул Чкалова, д 36",https://ordzhonikidzevsky--hak.sudrf.ru/,ordzhonikidzevsky--hak.sudrf.ru,да,19RS0008
Республика Хакасия,Саяногорск,,Саяногорский городской суд Республики Хакасия,RS,"Районный, городской, межрайонный суд","655603, Респ Хакасия, г Саяногорск, ул Дорожная, стр 7",https://saianogorsky--hak.sudrf.ru/,saianogorsky--hak.sudrf.ru,да,19RS0003
Республика Хакасия,Сорск,Сорский,Сорский районный суд Республики Хакасия,RS,"Районный, городской, межрайонный суд","655111, Респ Хакасия, г Сорск, ул Больничная, д 2",https://sorsky--hak.sudrf.ru/,sorsky--hak.sudrf.ru,да,19RS0013
Республика Хакасия,Таштып,Таштыпский,Таштыпский районный суд Республики Хакасия,RS,"Районный, городской, межрайонный суд","655740, Респ Хакасия, с Таштып, ул Ленина, д 34",https://tashtipsky--hak.sudrf.ru/,tashtipsky--hak.sudrf.ru,да,19RS0009
Республика Хакасия,Усть-Абакан,Усть-Абаканский,Усть-Абаканский районный суд Республики Хакасия,RS,"Районный, городской, межрайонный суд","655100, Респ Хакасия, рп Усть-Абакан, ул Октябрьская, д 16",https://ust-abakansky--hak.sudrf.ru/,ust-abakansky--hak.sudrf.ru,да,19RS0011
Республика Хакасия,Черногорск,,Черногорский городской суд Республики Хакасия,RS,"Районный, городской, межрайонный суд","655154, Респ Хакасия, г Черногорск, ул Советская, д 83А",https://chernogorsky--hak.sudrf.ru/,chernogorsky--hak.sudrf.ru,да,19RS0002
Республика Хакасия,Шира,Ширинский,Ширинский районный суд Республики Хакасия,RS,"Районный, городской, межрайонный суд","655200, Респ Хакасия, с Шира, ул Октябрьская, д 75",https://sharinsky--hak.sudrf.ru/,sharinsky--hak.sudrf.ru,да,19RS0010
Республика Алтай,Горно-Алтайск,,Верховный Суд Республики Алтай,OS,Областной и равный ему суд,"649000, г Горно-Алтайск, пер Центральный, д 3",https://vs--ralt.sudrf.ru/,vs--ralt.sudrf.ru,да,02OS0000
Республика Алтай,Горно-Алтайск,,Горно-Алтайский городской суд Республики Алтай,RS,"Районный, городской, межрайонный суд","649000, г Горно-Алтайск, ул Эркемена Палкина, д 3",https://gorno-altaisky--ralt.sudrf.ru/,gorno-altaisky--ralt.sudrf.ru,да,02RS0001
Республика Алтай,Кош-Агач,Кош-Агачский,Кош-Агачский районный суд Республики Алтай,RS,"Районный, городской, межрайонный суд","649780, Респ Алтай, с Кош-Агач, ул Пограничная, зд 24",https://kosh-agachsky--ralt.sudrf.ru/,kosh-agachsky--ralt.sudrf.ru,да,02RS0002
Республика Алтай,Майма,Майминский,Майминский районный суд Республики Алтай,RS,"Районный, городской, межрайонный суд","649100, Респ Алтай, с Майма, ул Ленина, д 26",https://maiminsky--ralt.sudrf.ru/,maiminsky--ralt.sudrf.ru,да,02RS0003
Республика Алтай,Онгудай,Онгудайский,Онгудайский районный суд Республики Алтай,RS,"Районный, городской, межрайонный суд","649440, Респ Алтай, с Онгудай, ул Советская, д 115",https://ongudaisky--ralt.sudrf.ru/,ongudaisky--ralt.sudrf.ru,да,02RS0004
Республика Алтай,Турочак,Турочакский,Турочакский районный суд Республики Алтай,RS,"Районный, городской, межрайонный суд","649140, Респ Алтай, с Турочак, ул Советская, д 56",https://turachaksky--ralt.sudrf.ru/,turachaksky--ralt.sudrf.ru,да,02RS0005
Республика Алтай,Улаган,Улаганский,Улаганский районный суд Республики Алтай,RS,"Районный, городской, межрайонный суд","649750, Респ Алтай, с Улаган, ул А.В.Санаа, д 13",https://ulagansky--ralt.sudrf.ru/,ulagansky--ralt.sudrf.ru,да,02RS0006
Республика Алтай,Усть-Кан,Усть-Канский,Усть-Канский районный суд Республики Алтай,RS,"Районный, городской, межрайонный суд","649450, Респ Алтай, с Усть-Кан, ул Кирпичная, д 2",https://ust-kansky--ralt.sudrf.ru/,ust-kansky--ralt.sudrf.ru,да,02RS0007
Республика Алтай,Усть-Кокса,Усть-Коксинский,Усть-Коксинский районный суд Республики Алтай,RS,"Районный, городской, межрайонный суд","649490, Респ Алтай, с Усть-Кокса, ул Набережная, д 57",https://ust-koksinsky--ralt.sudrf.ru/,ust-koksinsky--ralt.sudrf.ru,да,02RS0008
Республика Алтай,Чемал,Чемальский,Чемальский районный суд Республики Алтай,RS,"Районный, городской, межрайонный суд","649240, Респ Алтай, с Чемал, ул Пчелкина, д 97",https://chemalsky--ralt.sudrf.ru/,chemalsky--ralt.sudrf.ru,да,02RS0009
Республика Алтай,Чоя,Чойский,Чойский районный суд Республики Алтай,RS,"Районный, городской, межрайонный суд","649180, Респ Алтай, с Чоя, ул Калинина, зд 16",https://choisky--ralt.sudrf.ru/,choisky--ralt.sudrf.ru,да,02RS0010
Республика Алтай,Шебалино,Шебалинский,Шебалинский районный суд Республики Алтай,RS,"Районный, городской, межрайонный суд","649220, Респ Алтай, с Шебалино, ул Советская, д 57",https://shebalinsky--ralt.sudrf.ru/,shebalinsky--ralt.sudrf.ru,да,02RS0011
Камчатский край,Вилючинск,,Вилючинский городской суд Камчатского края,RS,"Районный, городской, межрайонный суд","684090, Камчатский край, г Вилючинск, ул Спортивная, д 5А",https://viluchinsky--kam.sudrf.ru/,viluchinsky--kam.sudrf.ru,да,41RS0003
Камчатский край,Елизово,Елизовский,Елизовский районный суд Камчатского края,RS,"Районный, городской, межрайонный суд","684000, Камчатский край, г Елизово, ул 40 лет Октября, д 7А",https://elizovsky--kam.sudrf.ru/,elizovsky--kam.sudrf.ru,да,41RS0002
Камчатский край,Мильково,Мильковский,Мильковский районный суд Камчатского края,RS,"Районный, городской, межрайонный суд","684300, Камчатский край, с Мильково, ул Октябрьская, д 14",https://milkovsky--kam.sudrf.ru/,milkovsky--kam.sudrf.ru,да,41RS0006
Камчатский край,Петропавловск-Камчатский,,Камчатский краевой суд,OS,Областной и равный ему суд,"683001, г Петропавловск-Камчатский, ул Ленинская, д 52",https://oblsud--kam.sudrf.ru/,oblsud--kam.sudrf.ru,да,41OS0000
Камчатский край,Петропавловск-Камчатский,,Петропавловск-Камчатский городской суд Камчатского края,RS,"Районный, городской, межрайонный суд","683009, г Петропавловск-Камчатский, ул Академика Курчатова, д 6",https://p-kamchatsky--kam.sudrf.ru/,p-kamchatsky--kam.sudrf.ru,да,41RS0001
Камчатский край,Тигиль,Тигильский,Тигильский районный суд Камчатского края,RS,"Районный, городской, межрайонный суд","688600, Камчатский край, с Тигиль, ул Юшина, зд 2",https://tigilsky--kor.sudrf.ru/,tigilsky--kor.sudrf.ru,да,82RS0002
Камчатский край,Тиличики,Олюторский,Олюторский районный суд Камчатского края,RS,"Районный, городской, межрайонный суд","688800, Камчатский край, с Тиличики, пер Печатный, зд 2",https://olyutorsky--kor.sudrf.ru/,olyutorsky--kor.sudrf.ru,да,82RS0001
Камчатский край,Усть-Большерецк,Усть-Большерецкий,Усть-Большерецкий районный суд Камчатского края,RS,"Районный, городской, межрайонный суд","684100, Камчатский край, с Усть-Большерецк, ул Калининская, д 19",https://ust-bolsherecky--kam.sudrf.ru/,ust-bolsherecky--kam.sudrf.ru,да,41RS0008
Камчатский край,Усть-Камчатск,Усть-Камчатский,Усть-Камчатский районный суд Камчатского края,RS,"Районный, городской, межрайонный суд","684414, Камчатский край, п Усть-Камчатск, ул Кооперативная, д 4",https://ust-kamchatsky--kam.sudrf.ru/,ust-kamchatsky--kam.sudrf.ru,да,41RS0009
Магаданская область,Магадан,,Магаданский городской суд Магаданской области,RS,"Районный, городской, межрайонный суд","685000, г Магадан, ул Набережная реки Магаданки, д 11",https://magadansky--mag.sudrf.ru/,magadansky--mag.sudrf.ru,да,49RS0001
Магаданская область,Магадан,,Магаданский областной суд,OS,Областной и равный ему суд,"685000, г Магадан, ул Якутская, д 49",https://oblsud--mag.sudrf.ru/,oblsud--mag.sudrf.ru,да,49OS0000
Магаданская область,Ола,Ольский,Ольский районный суд Магаданской области,RS,"Районный, городской, межрайонный суд","685910, Магаданская обл, пгт Ола, ул Советская, влд 32",https://olskiy--mag.sudrf.ru/,olskiy--mag.sudrf.ru,да,49RS0002
Магаданская область,Омсукчан,Омсукчанский,Омсукчанский районный суд Магаданской области,RS,"Районный, городской, межрайонный суд","686410, Магаданская обл, пгт Омсукчан, ул Омсукчанская, д 3",https://omsukchansky--mag.sudrf.ru/,omsukchansky--mag.sudrf.ru,да,49RS0003
Магаданская область,Палатка,Хасынский,Хасынский районный суд Магаданской области,RS,"Районный, городской, межрайонный суд","686110, Магаданская обл, пгт Палатка, ул Школьная, зд 5",https://hasinsky--mag.sudrf.ru/,hasinsky--mag.sudrf.ru,да,49RS0008
Магаданская область,Сеймчан,Среднеканский,Среднеканский районный суд Магаданской области,RS,"Районный, городской, межрайонный суд","686160, Магаданская обл, пгт Сеймчан, ул Николаева, д 2",https://srednekansky--mag.sudrf.ru/,srednekansky--mag.sudrf.ru,да,49RS0005
Магаданская область,Сусуман,Сусуманский,Сусуманский районный суд Магаданской области,RS,"Районный, городской, межрайонный суд","686314, Магаданская обл, г Сусуман, ул Набережная, д 3",https://susumansky--mag.sudrf.ru/,susumansky--mag.sudrf.ru,да,49RS0006
Магаданская область,Эвенск,Северо-Эвенский,Северо-Эвенский районный суд Магаданской области,RS,"Районный, городской, межрайонный суд","686430, Магаданская обл, пгт Эвенск, ул Победы, д 19",https://severoevensky--mag.sudrf.ru/,severoevensky--mag.sudrf.ru,да,49RS0004
Магаданская область,Ягодное,Ягоднинский,Ягоднинский районный суд Магаданской области,RS,"Районный, городской, межрайонный суд","686230, Магаданская обл, пгт Ягодное, ул Строителей, влд 8",https://yagodinsky--mag.sudrf.ru/,yagodinsky--mag.sudrf.ru,да,49RS0009
Чукотский АО,Анадырь,,Анадырский городской суд Чукотского автономного округа,RS,"Районный, городской, межрайонный суд","689000, г Анадырь, ул Отке, д 32А",https://anadyrgor--chao.sudrf.ru/,anadyrgor--chao.sudrf.ru,да,87RS0001
Чукотский АО,Анадырь,,Суд Чукотского автономного округа,OS,Областной и равный ему суд,"689000, г Анадырь, ул Мира, д 4",https://oblsud--chao.sudrf.ru/,oblsud--chao.sudrf.ru,да,87OS0000
Чукотский АО,Билибино,Билибинский,Билибинский районный суд Чукотского автономного округа,RS,"Районный, городской, межрайонный суд","689450, Чукотский АО, г Билибино, ул Ленина, д 24А",https://bilibinsky--chao.sudrf.ru/,bilibinsky--chao.sudrf.ru,да,87RS0004
Чукотский АО,Лаврентия,Чукотский,Чукотский районный суд Чукотского автономного округа,RS,"Районный, городской, межрайонный суд","689300, Чукотский АО, с Лаврентия, ул Дежнева, д 44А",https://chukotsky--chao.sudrf.ru/,chukotsky--chao.sudrf.ru,да,87RS0008
Чукотский АО,Певек,Чаунский,Чаунский районный суд Чукотского автономного округа,RS,"Районный, городской, межрайонный суд","689400, Чукотский АО, г Певек, ул Обручева, д 16/2",https://chaunsky--chao.sudrf.ru/,chaunsky--chao.sudrf.ru,да,87RS0007
Чукотский АО,Провидения,Провиденский,Провиденский районный суд Чукотского автономного округа,RS,"Районный, городской, межрайонный суд","689251, Чукотский АО, пгт Провидения, ул Набережная Дежнева, д 49",https://providensky--chao.sudrf.ru/,providensky--chao.sudrf.ru,да,87RS0006
Чукотский АО,Угольные Копи,Анадырский,Анадырский районный суд Чукотского автономного округа,RS,"Районный, городской, межрайонный суд","689500, Чукотский АО, пгт Угольные Копи, ул Школьная, д 13",https://anadyr--chao.sudrf.ru/,anadyr--chao.sudrf.ru,да,87RS0002
Чукотский АО,Эгвекинот,Иультинский,Иультинский районный суд Чукотского автономного округа,RS,"Районный, городской, межрайонный суд","689202, Чукотский АО, пгт Эгвекинот, ул Комсомольская, стр 4",https://iultinsky--chao.sudrf.ru/,iultinsky--chao.sudrf.ru,да,87RS0005
Еврейская автономная область,Биробиджан,Биробиджанский,Биробиджанский районный суд Еврейской автономной области,RS,"Районный, городской, межрайонный суд","679016, г Биробиджан, ул Пионерская, д 32",https://birobidzhansky--brb.sudrf.ru/,birobidzhansky--brb.sudrf.ru,да,79RS0002
Еврейская автономная область,Биробиджан,,Суд Еврейской автономной области,OS,Областной и равный ему суд,"679016, г Биробиджан, пер Театральный, д 10",https://os--brb.sudrf.ru/,os--brb.sudrf.ru,да,79OS0000
Еврейская автономная область,Ленинское,Ленинский,Ленинский районный суд Еврейской автономной области,RS,"Районный, городской, межрайонный суд","679370, Еврейская Аобл, с Ленинское, ул Ленина, стр 18",https://leninsky--brb.sudrf.ru/,leninsky--brb.sudrf.ru,да,79RS0003
Еврейская автономная область,Облучье,Облученский,Облученский районный суд Еврейской автономной области,RS,"Районный, городской, межрайонный суд","679100, Еврейская Аобл, г Облучье, ул 60 лет Октября, д 14",https://obluchensky--brb.sudrf.ru/,obluchensky--brb.sudrf.ru,да,79RS0004
Еврейская автономная область,Смидович,Смидовичский,Смидовичский районный суд Еврейской автономной области,RS,"Районный, городской, межрайонный суд","679150, Еврейская Аобл, п Смидович, ул Советская, д 45",https://smidovichsky--brb.sudrf.ru/,smidovichsky--brb.sudrf.ru,да,79RS0006
