РЕГИОН,ГОРОД,РАЙОН,НАЗВАНИЕ,ТИП,ТИП_НАЗВАНИЕ,АДРЕС,САЙТ,ДОМЕН_SUDRF,ПАРСЕР,КОД
Московская область,Балашиха,,Балашихинский городской суд Московской области,RS,"Районный, городской, межрайонный суд","143907, Московская обл, г Балашиха, ш Энтузиастов, д 39А",https://balashihinsky--mo.sudrf.ru/,balashihinsky--mo.sudrf.ru,да,50RS0001
Московская область,Балашиха,,Железнодорожный городской суд Московской области,RS,"Районный, городской, межрайонный суд","143980, Московская обл, г Балашиха, мкр Железнодорожный, ул Октябрьская, д 31",https://zheleznodorojniy--mo.sudrf.ru/,zheleznodorojniy--mo.sudrf.ru,да,50RS0010
Московская область,Видное,,Видновский городской суд Московской области,RS,"Районный, городской, межрайонный суд","142700, Московская обл, г Видное, ул Центральная, д 2",https://vidnoe--mo.sudrf.ru/,vidnoe--mo.sudrf.ru,да,50RS0002
Московская область,Волоколамск,,Волоколамский городской суд Московской области,RS,"Районный, городской, межрайонный суд","143600, Московская обл, г Волоколамск, ул Пролетарская, д 10А",https://volokolamsk--mo.sudrf.ru/,volokolamsk--mo.sudrf.ru,да,50RS0004
Московская область,Воскресенск,,Воскресенский городской суд Московской области,RS,"Районный, городской, межрайонный суд","140200, Московская обл, г Воскресенск, ул Советская, д 3А",https://voskresensk--mo.sudrf.ru/,voskresensk--mo.sudrf.ru,да,50RS0003
Московская область,Дмитров,,Дмитровский городской суд Московской области,RS,"Районный, городской, межрайонный суд","141800, Московская обл, г Дмитров, ул Загорская, д 18",https://dmitrov--mo.sudrf.ru/,dmitrov--mo.sudrf.ru,да,50RS0005
Московская область,Долгопрудный,,Долгопрудненский городской суд Московской области,RS,"Районный, городской, межрайонный суд","141701, Московская обл, г Долгопрудный, ул Первомайская, д 13/3",https://dolgoprudniy--mo.sudrf.ru/,dolgoprudniy--mo.sudrf.ru,да,50RS0006
Московская область,Домодедово,,Домодедовский городской суд Московской области,RS,"Районный, городской, межрайонный суд","142000, Московская обл., г. Домодедово, ул. Советская, д. 26",https://domodedovo--mo.sudrf.ru/,domodedovo--mo.sudrf.ru,да,50RS0007
Московская область,Дубна,,Дубненский городской суд Московской области,RS,"Районный, городской, межрайонный суд","141980, Московская обл, г Дубна, ул Курчатова И.В., д 28",https://dubna--mo.sudrf.ru/,dubna--mo.sudrf.ru,да,50RS0008
Московская область,Егорьевск,,Егорьевский городской суд Московской области,RS,"Районный, городской, межрайонный суд","140301, Московская обл, г Егорьевск, пр-кт Ленина, д 12",https://egorievsk--mo.sudrf.ru/,egorievsk--mo.sudrf.ru,да,50RS0009
Московская область,Жуковский,,Жуковский городской суд Московской области,RS,"Районный, городской, межрайонный суд","140185, Московская обл., г. Жуковский, ул. Ф.Калугина, д. 9",https://zhukovsk--mo.sudrf.ru/,zhukovsk--mo.sudrf.ru,да,50RS0011
Московская область,Зарайск,,Зарайский городской суд Московской области,RS,"Районный, городской, межрайонный суд","140600, Московская обл, г Зарайск, ул Советская, д 23",https://zaraisk--mo.sudrf.ru/,zaraisk--mo.sudrf.ru,да,50RS0012
Московская область,Истра,,Истринский городской суд Московской области,RS,"Районный, городской, межрайонный суд","143500, Московская обл, г Истра, ул Советская, д 11",https://istra--mo.sudrf.ru/,istra--mo.sudrf.ru,да,50RS0015
Московская область,Кашира,,Каширский городской суд Московской области,RS,"Районный, городской, межрайонный суд","142900, Московская обл, г Кашира, ул Советская, д 13",https://kashira--mo.sudrf.ru/,kashira--mo.sudrf.ru,да,50RS0017
Московская область,Клин,,Клинский городской суд Московской области,RS,"Районный, городской, межрайонный суд","141601, Московская обл, г Клин, ул Ленина, д 17",https://klin--mo.sudrf.ru/,klin--mo.sudrf.ru,да,50RS0019
Московская область,Коломна,,Коломенский городской суд Московской области,RS,"Районный, городской, межрайонный суд","140400, Московская обл, г Коломна, ул Гражданская, д 5",https://kolomna--mo.sudrf.ru/,kolomna--mo.sudrf.ru,да,50RS0020
Московская область,Коломна,,Озерский городской суд Московской области,RS,"Районный, городской, межрайонный суд","140560, Московская обл, г Коломна, г Озёры, пл Коммунистическая, д 15",https://ozery--mo.sudrf.ru/,ozery--mo.sudrf.ru,да,50RS0032
Московская область,Королёв,,Королёвский городской суд Московской области,RS,"Районный, городской, межрайонный суд","141070, Московская обл, г Королёв, ул Коминтерна, д 2",https://korolev--mo.sudrf.ru/,korolev--mo.sudrf.ru,да,50RS0016
Московская область,Красногорск,,Красногорский городской суд Московской области,RS,"Районный, городской, межрайонный суд","143403, Московская обл, г Красногорск, ул Первомайская, влд 6",https://krasnogorsk--mo.sudrf.ru/,krasnogorsk--mo.sudrf.ru,да,50RS0021
Московская область,Красногорск,,Московский областной суд,OS,Областной и равный ему суд,"143401, Московская обл, г Красногорск, б-р Строителей, д 4 к 3",https://oblsud--mo.sudrf.ru/,oblsud--mo.sudrf.ru,да,50OS0000
Московская область,Лобня,,Лобненский городской суд Московской области,RS,"Районный, городской, межрайонный суд","141732, Московская обл, г Лобня, ул Мирная, д 15",https://lobnia--mo.sudrf.ru/,lobnia--mo.sudrf.ru,да,50RS0022
Московская область,Луховицы,Луховицкий,Луховицкий районный суд Московской области,RS,"Районный, городской, межрайонный суд","140501, Московская обл, г Луховицы, ул Гагарина, д 10",https://luhovitsy--mo.sudrf.ru/,luhovitsy--mo.sudrf.ru,да,50RS0024
Московская область,Люберцы,,Люберецкий городской суд Московской области,RS,"Районный, городской, межрайонный суд","140005, Московская обл, г Люберцы, ул Калараш, д 19",https://luberetzy--mo.sudrf.ru/,luberetzy--mo.sudrf.ru,да,50RS0026
Московская область,Можайск,,Можайский городской суд Московской области,RS,"Районный, городской, межрайонный суд","143200, Московская обл, г Можайск, ул Герцена, д 9",https://mojaisk--mo.sudrf.ru/,mojaisk--mo.sudrf.ru,да,50RS0027
Московская область,Мытищи,,Мытищинский городской суд Московской области,RS,"Районный, городской, межрайонный суд","141009, Московская обл, г Мытищи, ул Колонцова, д 15",https://mitishy--mo.sudrf.ru/,mitishy--mo.sudrf.ru,да,50RS0028
Московская область,Наро-Фоминск,,Наро-Фоминский городской суд Московской области,RS,"Районный, городской, межрайонный суд","143300, Московская обл., г. Наро-Фоминск, ул. Полубоярова, стр. 8, этажи 4, 5",https://naro-fominsk--mo.sudrf.ru/,naro-fominsk--mo.sudrf.ru,да,50RS0029
Московская область,Ногинск,,Ногинский городской суд Московской области,RS,"Районный, городской, межрайонный суд","142412, Московская обл, г Ногинск, ул Климова, д 53",https://noginsk--mo.sudrf.ru/,noginsk--mo.sudrf.ru,да,50RS0030
Московская область,Одинцово,,Одинцовский городской суд Московской области,RS,"Районный, городской, межрайонный суд","143007, Московская обл, г Одинцово, ул Советская, д 7",https://odintsovo--mo.sudrf.ru/,odintsovo--mo.sudrf.ru,да,50RS0031
Московская область,Орехово-Зуево,,Орехово-Зуевский городской суд Московской области,RS,"Районный, городской, межрайонный суд","142600, Московская обл, г Орехово-Зуево, пл Октябрьская, д 2",https://orehovo-zuevo--mo.sudrf.ru/,orehovo-zuevo--mo.sudrf.ru,да,50RS0033
Московская область,Павловский Посад,,Павлово-Посадский городской суд Московской области,RS,"Районный, городской, межрайонный суд","142500, Московская обл, г Павловский Посад, ул Павловская, д 52",https://pavlov-posad--mo.sudrf.ru/,pavlov-posad--mo.sudrf.ru,да,50RS0034
Московская область,Подольск,,Подольский городской суд Московской области,RS,"Районный, городской, межрайонный суд","142100, Московская обл, г Подольск, пр-кт Революционный, д 57/22",https://podolsky--mo.sudrf.ru/,podolsky--mo.sudrf.ru,да,50RS0035
Московская область,Пушкино,,Ивантеевский городской суд Московской области,RS,"Районный, городской, межрайонный суд","141281, Московская обл, г Пушкино, г Ивантеевка, ул Хлебозаводская, д 22",https://ivanteevka--mo.sudrf.ru/,ivanteevka--mo.sudrf.ru,да,50RS0014
Московская область,Пушкино,,Пушкинский городской суд Московской области,RS,"Районный, городской, межрайонный суд","141240, Московская обл, г Пушкино, мкр Мамонтовка, ул Ленточка, д 20А",https://pushkino--mo.sudrf.ru/,pushkino--mo.sudrf.ru,да,50RS0036
Московская область,Раменское,,Раменский городской суд Московской области,RS,"Районный, городской, межрайонный суд","140100, Московская обл, г Раменское, ул Вокзальная, д 2",https://ramenskoe--mo.sudrf.ru/,ramenskoe--mo.sudrf.ru,да,50RS0039
Московская область,Реутов,,Реутовский городской суд Московской области,RS,"Районный, городской, межрайонный суд","143962, Московская обл, г Реутов, пр-кт Юбилейный, д 56",https://reutov--mo.sudrf.ru/,reutov--mo.sudrf.ru,да,50RS0040
Московская область,Руза,Рузский,Рузский районный суд Московской области,RS,"Районный, городской, межрайонный суд","143103, Московская обл, г Руза, ул Социалистическая, д 25",https://ruza--mo.sudrf.ru/,ruza--mo.sudrf.ru,да,50RS0041
Московская область,Сергиев Посад,,Сергиево-Посадский городской суд Московской области,RS,"Районный, городской, межрайонный суд","141300, Московская обл, г Сергиев Посад, пр-кт Красной Армии, д 205Б",https://sergiev-posad--mo.sudrf.ru/,sergiev-posad--mo.sudrf.ru,да,50RS0042
Московская область,Серпухов,,Серпуховский городской суд Московской области,RS,"Районный, городской, межрайонный суд","142214, Московская обл, г Серпухов, ул Ворошилова, д 186",https://serpuhov--mo.sudrf.ru/,serpuhov--mo.sudrf.ru,да,50RS0044
Московская область,Солнечногорск,,Солнечногорский городской суд Московской области,RS,"Районный, городской, межрайонный суд","141504, Московская обл, г Солнечногорск, ул Маяковского, д 17",https://solnechnogorsk--mo.sudrf.ru/,solnechnogorsk--mo.sudrf.ru,да,50RS0045
Московская область,Ступино,,Ступинский городской суд Московской области,RS,"Районный, городской, межрайонный суд","142802, Московская обл, г Ступино, ул Куйбышева, д 53",https://stupino--mo.sudrf.ru/,stupino--mo.sudrf.ru,да,50RS0046
Московская область,Талдом,Талдомский,Талдомский районный суд Московской области,RS,"Районный, городской, межрайонный суд","141900, Московская обл, г Талдом, ул Красноармейская, д 3",https://taldom--mo.sudrf.ru/,taldom--mo.sudrf.ru,да,50RS0047
Московская область,Химки,,Химкинский городской суд Московской области,RS,"Районный, городской, межрайонный суд","141402, Московская обл, г Химки, ул Ленинградская, д 13Б",https://himki--mo.sudrf.ru/,himki--mo.sudrf.ru,да,50RS0048
Московская область,Чехов,,Чеховский городской суд Московской области,RS,"Районный, городской, межрайонный суд","142306, Московская обл, г Чехов, ул Чехова, д 24",https://chehov--mo.sudrf.ru/,chehov--mo.sudrf.ru,да,50RS0049
Московская область,Шатура,,Шатурский городской суд Московской области,RS,"Районный, городской, межрайонный суд","140700, Московская обл, г Шатура, пл Ленина, д 3",https://shatura--mo.sudrf.ru/,shatura--mo.sudrf.ru,да,50RS0050
Московская область,Щёлково,,Щелковский городской суд Московской области,RS,"Районный, городской, межрайонный суд","141100, Московская обл, г Щёлково, пл Ленина, д 5",https://shelkovo--mo.sudrf.ru/,shelkovo--mo.sudrf.ru,да,50RS0052
Московская область,Электросталь,,Электростальский городской суд Московской области,RS,"Районный, городской, межрайонный суд","144010, Московская обл, г Электросталь, ул Журавлева, д 11 к 4",https://elektrostal--mo.sudrf.ru/,elektrostal--mo.sudrf.ru,да,50RS0053
Москва,Москва,Бабушкинский,Бабушкинский районный суд города Москвы,RS,"Районный, городской, межрайонный суд","129281, г Москва, ул Лётчика Бабушкина, д 39А",https://mos-gorsud.ru/,mos-gorsud.ru,нет,77RS0001
Москва,Москва,Басманный,Басманный районный суд города Москвы,RS,"Районный, городской, межрайонный суд","107078, г Москва, ул Каланчевская, д 11",https://mos-gorsud.ru/,mos-gorsud.ru,нет,77RS0002
Москва,Москва,Бутырский,Бутырский районный суд города Москвы,RS,"Районный, городской, межрайонный суд","127018, г Москва, ул Образцова, д 26",https://mos-gorsud.ru/,mos-gorsud.ru,нет,77RS0003
Москва,Москва,,Верховный Суд Российской Федерации,VS,Верховный Суд Российской Федерации,"121069, г Москва, ул Поварская, д 13",https://vsrf.ru/,vsrf.ru,нет,00VS0000
Москва,Москва,,Второй кассационный суд общей юрисдикции,KJ,Кассационный суд общей юрисдикции,"121357, г Москва, ул Верейская, д 29 стр 34",https://2kas.sudrf.ru/,2kas.sudrf.ru,да,77KJ0002
Москва,Москва,Гагаринский,Гагаринский районный суд города Москвы,RS,"Районный, городской, межрайонный суд","119049, г Москва, ул Донская, д 11 стр 1",https://mos-gorsud.ru/,mos-gorsud.ru,нет,77RS0004
Москва,Москва,Головинский,Головинский районный суд города Москвы,RS,"Районный, городской, межрайонный суд","125130, г Москва, ул Зои и Александра Космодемьянских, д 31 к 2",https://mos-gorsud.ru/,mos-gorsud.ru,нет,77RS0005
Москва,Москва,Дорогомиловский,Дорогомиловский районный суд города Москвы,RS,"Районный, городской, межрайонный суд","121165, г Москва, ул Студенческая, д 36",https://mos-gorsud.ru/,mos-gorsud.ru,нет,77RS0006
Москва,Москва,Замоскворецкий,Замоскворецкий районный суд города Москвы,RS,"Районный, городской, межрайонный суд","115184, г Москва, ул Татарская, д 1",https://mos-gorsud.ru/,mos-gorsud.ru,нет,77RS0007
Москва,Москва,Зеленоградский,Зеленоградский районный суд города Москвы,RS,"Районный, городской, межрайонный суд","124365, г Москва, г Зеленоград, к 2001",https://mos-gorsud.ru/,mos-gorsud.ru,нет,77RS0008
Москва,Москва,Зюзинский,Зюзинский районный суд города Москвы,RS,"Районный, городской, межрайонный суд","117218, г Москва, ул Кржижановского, д 20/30 к 4",https://mos-gorsud.ru/,mos-gorsud.ru,нет,77RS0009
Москва,Москва,Измайловский,Измайловский районный суд города Москвы,RS,"Районный, городской, межрайонный суд","105037, г Москва, ул Первомайская, д 12",https://mos-gorsud.ru/,mos-gorsud.ru,нет,77RS0010
Москва,Москва,Коптевский,Коптевский районный суд города Москвы,RS,"Районный, городской, межрайонный суд","125130, г Москва, ул Зои и Александра Космодемьянских, д 31 к 2",https://mos-gorsud.ru/,mos-gorsud.ru,нет,77RS0011
Москва,Москва,Кузьминский,Кузьминский районный суд города Москвы,RS,"Районный, городской, межрайонный суд","109377, г Москва, ул Зеленодольская, д 8/13",https://mos-gorsud.ru/,mos-gorsud.ru,нет,77RS0012
Москва,Москва,Кунцевский,Кунцевский районный суд города Москвы,RS,"Районный, городской, межрайонный суд","121351, г Москва, ул Ярцевская, д 12 стр 1",https://mos-gorsud.ru/,mos-gorsud.ru,нет,77RS0013
Москва,Москва,Лефортовский,Лефортовский районный суд города Москвы,RS,"Районный, городской, межрайонный суд","105120, г Москва, пл Андроньевская, д 5/9",https://mos-gorsud.ru/,mos-gorsud.ru,нет,77RS0014
Москва,Москва,Люблинский,Люблинский районный суд города Москвы,RS,"Районный, городской, межрайонный суд","109559, г Москва, ул Марьинский Парк, д 29",https://lublinsky--msk.sudrf.ru/,lublinsky--msk.sudrf.ru,да,77RS0015
Москва,Москва,Мещанский,Мещанский районный суд города Москвы,RS,"Районный, городской, межрайонный суд","129090, г Москва, ул Каланчевская, д 43А",https://mos-gorsud.ru/,mos-gorsud.ru,нет,77RS0016
Москва,Москва,,Московский городской суд,OS,Областной и равный ему суд,"107076, г Москва, ул Богородский Вал, д 8",https://mos-gorsud.ru/,mos-gorsud.ru,нет,77OS0000
Москва,Москва,Нагатинский,Нагатинский районный суд города Москвы,RS,"Районный, городской, межрайонный суд","115201, г Москва, проезд Каширский, д 3",https://mos-gorsud.ru/,mos-gorsud.ru,нет,77RS0017
Москва,Москва,Никулинский,Никулинский районный суд города Москвы,RS,"Районный, городской, межрайонный суд","119192, г Москва, пр-кт Мичуринский, д 17 к 1",https://mos-gorsud.ru/,mos-gorsud.ru,нет,77RS0018
Москва,Москва,Останкинский,Останкинский районный суд города Москвы,RS,"Районный, городской, межрайонный суд","129515, г Москва, ул 1-я Останкинская, д 35",https://mos-gorsud.ru/,mos-gorsud.ru,нет,77RS0019
Москва,Москва,,Первый апелляционный суд общей юрисдикции,AJ,Апелляционный суд общей юрисдикции,"121471, г Москва, пр-кт Генерала Дорохова, д 80",https://1ap.sudrf.ru/,1ap.sudrf.ru,да,77AJ0001
Москва,Москва,Перовский,Перовский районный суд города Москвы,RS,"Районный, городской, межрайонный суд","111398, г Москва, ул Кусковская, д 8 стр 1",https://mos-gorsud.ru/,mos-gorsud.ru,нет,77RS0020
Москва,Москва,Преображенский,Преображенский районный суд города Москвы,RS,"Районный, городской, межрайонный суд","107076, г Москва, ул 2-я Бухвостова, д 4",https://mos-gorsud.ru/,mos-gorsud.ru,нет,77RS0022
Москва,Москва,Пресненский,Пресненский районный суд города Москвы,RS,"Районный, городской, межрайонный суд","123242, г Москва, ул Зоологическая, д 20",https://mos-gorsud.ru/,mos-gorsud.ru,нет,77RS0021
Москва,Москва,Савеловский,Савеловский районный суд города Москвы,RS,"Районный, городской, межрайонный суд","125196, г Москва, ул Бутырский Вал, д 7 стр 1",https://mos-gorsud.ru/,mos-gorsud.ru,нет,77RS0023
Москва,Москва,Симоновский,Симоновский районный суд города Москвы,RS,"Районный, городской, межрайонный суд","115068, г Москва, ул Восточная, д 2 стр 6",https://mos-gorsud.ru/,mos-gorsud.ru,нет,77RS0024
Москва,Москва,Солнцевский,Солнцевский районный суд города Москвы,RS,"Районный, городской, межрайонный суд","119618, г Москва, ул 50 лет Октября, д 6 к 1",https://mos-gorsud.ru/,mos-gorsud.ru,нет,77RS0025
Москва,Москва,Таганский,Таганский районный суд города Москвы,RS,"Районный, городской, межрайонный суд","109147, г Москва, пер Марксистский, д 1/32",https://mos-gorsud.ru/,mos-gorsud.ru,нет,77RS0026
Москва,Москва,Тверской,Тверской районный суд города Москвы,RS,"Районный, городской, межрайонный суд","129090, г Москва, ул Каланчевская, д 43А",https://mos-gorsud.ru/,mos-gorsud.ru,нет,77RS0027
Москва,Москва,Тимирязевский,Тимирязевский районный суд города Москвы,RS,"Районный, городской, межрайонный суд","127238, г Москва, ш Дмитровское, д 65",https://mos-gorsud.ru/,mos-gorsud.ru,нет,77RS0028
Москва,Москва,Троицкий,Троицкий районный суд города Москвы,RS,"Районный, городской, межрайонный суд","108818, г Москва, Троицк р-н, ул Дмитрия Кабалевского, д 6",https://mos-gorsud.ru/,mos-gorsud.ru,нет,77RS0035
Москва,Москва,Тушинский,Тушинский районный суд города Москвы,RS,"Районный, городской, межрайонный суд","125373, г Москва, ул Героев Панфиловцев, д 26 к 1",https://mos-gorsud.ru/,mos-gorsud.ru,нет,77RS0029
Москва,Москва,Хамовнический,Хамовнический районный суд города Москвы,RS,"Районный, городской, межрайонный суд","119121, г Москва, пер 7-й Ростовский, д 21",https://mos-gorsud.ru/,mos-gorsud.ru,нет,77RS0030
Москва,Москва,Хорошевский,Хорошевский районный суд города Москвы,RS,"Районный, городской, межрайонный суд","123154, г Москва, ул Маршала Тухачевского, д 25 стр 1",https://mos-gorsud.ru/,mos-gorsud.ru,нет,77RS0031
Москва,Москва,Черемушкинский,Черемушкинский районный суд города Москвы,RS,"Районный, городской, межрайонный суд","117218, г Москва, ул Кржижановского, д 20/30 к 3",https://mos-gorsud.ru/,mos-gorsud.ru,нет,77RS0032
Москва,Москва,Чертановский,Чертановский районный суд города Москвы,RS,"Районный, городской, межрайонный суд","117556, г Москва, ул Артековская, д 3А",https://mos-gorsud.ru/,mos-gorsud.ru,нет,77RS0033
Москва,Москва,Щербинский,Щербинский районный суд города Москвы,RS,"Районный, городской, межрайонный суд","117148, г Москва, ул Маршала Савицкого, д 2",https://mos-gorsud.ru/,mos-gorsud.ru,нет,77RS0034
Брянская область,Брянск,Бежицкий,Бежицкий районный суд г. Брянска,RS,"Районный, городской, межрайонный суд","241035, г Брянск, ул Майской Стачки, д 9",https://bezhitsky--brj.sudrf.ru/,bezhitsky--brj.sudrf.ru,да,32RS0001
Брянская область,Брянск,,Брянский областной суд,OS,Областной и равный ему суд,"241050, г Брянск, ул Крахмалева, д 59",https://oblsud--brj.sudrf.ru/,oblsud--brj.sudrf.ru,да,32OS0000
Брянская область,Брянск,Брянский,Брянский районный суд Брянской области,RS,"Районный, городской, межрайонный суд","241037, г Брянск, проезд 2-й Станке Димитрова, д 11",https://briansky--brj.sudrf.ru/,briansky--brj.sudrf.ru,да,32RS0003
Брянская область,Брянск,Володарский,Володарский районный суд г. Брянска,RS,"Районный, городской, межрайонный суд","241022, г Брянск, ул Володарского, стр 72А",https://volodarsky--brj.sudrf.ru/,volodarsky--brj.sudrf.ru,да,32RS0004
Брянская область,Брянск,Советский,Советский районный суд г. Брянска,RS,"Районный, городской, межрайонный суд","241050, г Брянск, ул Фокина, д 45",https://sovetsky--brj.sudrf.ru/,sovetsky--brj.sudrf.ru,да,32RS0027
Брянская область,Брянск,Фокинский,Фокинский районный суд г. Брянска,RS,"Районный, городской, межрайонный суд","241020, г Брянск, пр-кт Московский, д 62",https://fokinsky--brj.sudrf.ru/,fokinsky--brj.sudrf.ru,да,32RS0033
Брянская область,Выгоничи,Выгоничский,Выгоничский районный суд Брянской области,RS,"Районный, городской, межрайонный суд","243361, Брянская обл, п Выгоничи, ул Ленина, д 51",https://vigonichsky--brj.sudrf.ru/,vigonichsky--brj.sudrf.ru,да,32RS0005
Брянская область,Дубровка,Дубровский,Дубровский районный суд Брянской области,RS,"Районный, городской, межрайонный суд","242750, Брянская обл, рп Дубровка, ул Ленина, д 144",https://dubrovsky--brj.sudrf.ru/,dubrovsky--brj.sudrf.ru,да,32RS0007
Брянская область,Дятьково,,Дятьковский городской суд Брянской области,RS,"Районный, городской, межрайонный суд","242600, Брянская обл, г Дятьково, ул Ленина, д 115",https://diatkovsky--brj.sudrf.ru/,diatkovsky--brj.sudrf.ru,да,32RS0008
Брянская область,Жуковка,Жуковский,Жуковский районный суд Брянской области,RS,"Районный, городской, межрайонный суд","242700, Брянская обл, г Жуковка, ул Калинина, д 24",https://zhukovsky--brj.sudrf.ru/,zhukovsky--brj.sudrf.ru,да,32RS0010
Брянская область,Злынка,Злынковский,Злынковский районный суд Брянской области,RS,"Районный, городской, межрайонный суд","243600, Брянская обл, г Злынка, ул Коммунальная, д 19",https://zlinkovsky--brj.sudrf.ru/,zlinkovsky--brj.sudrf.ru,да,32RS0011
Брянская область,Карачев,Карачевский,Карачевский районный суд Брянской области,RS,"Районный, городской, межрайонный суд","242500, Брянская обл, г Карачев, ул Ленина, д 30",https://karachevsky--brj.sudrf.ru/,karachevsky--brj.sudrf.ru,да,32RS0012
Брянская область,Клетня,Клетнянский,Клетнянский районный суд Брянской области,RS,"Районный, городской, межрайонный суд","242820, Брянская обл, п Клетня, ул Ленина, д 85А",https://kletniansky--brj.sudrf.ru/,kletniansky--brj.sudrf.ru,да,32RS0013
Брянская область,Климово,Климовский,Климовский районный суд Брянской области,RS,"Районный, городской, межрайонный суд","243040, Брянская обл, рп Климово, ул Калинина, д 2",https://klimovsky--brj.sudrf.ru/,klimovsky--brj.sudrf.ru,да,32RS0014
Брянская область,Клинцы,,Клинцовский городской суд Брянской области,RS,"Районный, городской, межрайонный суд","243140, Брянская обл, г Клинцы, ул Гагарина, д 55",https://klyncovsky--brj.sudrf.ru/,klyncovsky--brj.sudrf.ru,да,32RS0015
Брянская область,Клинцы,Клинцовский,Клинцовский районный суд Брянской области,RS,"Районный, городской, межрайонный суд","243140, Брянская обл, г Клинцы, ул Дзержинского, д 7",https://klincovsky--brj.sudrf.ru/,klincovsky--brj.sudrf.ru,да,32RS0016
Брянская область,Комаричи,Комаричский,Комаричский районный суд Брянской области,RS,"Районный, городской, межрайонный суд","242400, Брянская обл, рп Комаричи, ул Ленина, д 20",https://komarichsky--brj.sudrf.ru/,komarichsky--brj.sudrf.ru,да,32RS0017
Брянская область,Красная Гора,Красногорский,Красногорский районный суд Брянской области,RS,"Районный, городской, межрайонный суд","243160, Брянская обл, пгт Красная Гора, ул Советская, д 3",https://krasnogorsky--brj.sudrf.ru/,krasnogorsky--brj.sudrf.ru,да,32RS0018
Брянская область,Локоть,Брасовский,Брасовский районный суд Брянской области,RS,"Районный, городской, межрайонный суд","242300, Брянская обл, рп Локоть, пр-кт Ленина, д 9",https://brasovsky--brj.sudrf.ru/,brasovsky--brj.sudrf.ru,да,32RS0002
Брянская область,Мглин,Мглинский,Мглинский районный суд Брянской области,RS,"Районный, городской, межрайонный суд","243220, Брянская обл, г Мглин, пл Советская, стр 15",https://mglinsky--brj.sudrf.ru/,mglinsky--brj.sudrf.ru,да,32RS0019
Брянская область,Навля,Навлинский,Навлинский районный суд Брянской области,RS,"Районный, городской, межрайонный суд","242130, Брянская обл, рп Навля, ул Розы Люксембург, д 6",https://navlinsky--brj.sudrf.ru/,navlinsky--brj.sudrf.ru,да,32RS0020
Брянская область,Новозыбков,,Новозыбковский городской суд Брянской области,RS,"Районный, городской, межрайонный суд","243020, Брянская обл, г Новозыбков, ул Советская, д 2А",https://novozibkovsky--brj.sudrf.ru/,novozibkovsky--brj.sudrf.ru,да,32RS0021
Брянская область,Погар,Погарский,Погарский районный суд Брянской области,RS,"Районный, городской, межрайонный суд","243550, Брянская обл, пгт Погар, пл Советская, д 2",https://pogarsky--brj.sudrf.ru/,pogarsky--brj.sudrf.ru,да,32RS0022
Брянская область,Почеп,Почепский,Почепский районный суд Брянской области,RS,"Районный, городской, межрайонный суд","243400, Брянская обл, г Почеп, ул Ново-Затинская, д 4",https://pochepsky--brj.sudrf.ru/,pochepsky--brj.sudrf.ru,да,32RS0023
Брянская область,Севск,Севский,Севский районный суд Брянской области,RS,"Районный, городской, межрайонный суд","242440, Брянская обл, г Севск, ул Советская, д 3",https://sevsky--brj.sudrf.ru/,sevsky--brj.sudrf.ru,да,32RS0025
Брянская область,Сельцо,,Сельцовский городской суд Брянской области,RS,"Районный, городской, межрайонный суд","241550, Брянская обл, г Сельцо, ул Лягина, д 1",https://selcovsky--brj.sudrf.ru/,selcovsky--brj.sudrf.ru,да,32RS0026
Брянская область,Стародуб,Стародубский,Стародубский районный суд Брянской области,RS,"Районный, городской, межрайонный суд","243240, Брянская обл, г Стародуб, пл Советская, д 4",https://starodubsky--brj.sudrf.ru/,starodubsky--brj.sudrf.ru,да,32RS0028
Брянская область,Суземка,Суземский,Суземский районный суд Брянской области,RS,"Районный, городской, межрайонный суд","242190, Брянская обл, п Суземка, ул Ленина, д 32",https://suzemsky--brj.sudrf.ru/,suzemsky--brj.sudrf.ru,да,32RS0029
Брянская область,Сураж,Суражский,Суражский районный суд Брянской области,RS,"Районный, городской, межрайонный суд","243500, Брянская обл, г Сураж, ул Ленина, д 45",https://surazhsky--brj.sudrf.ru/,surazhsky--brj.sudrf.ru,да,32RS0030
Брянская область,Трубчевск,Трубчевский,Трубчевский районный суд Брянской области,RS,"Районный, городской, межрайонный суд","242220, Брянская обл, г Трубчевск, ул Брянская, д 56",https://trubchevsky--brj.sudrf.ru/,trubchevsky--brj.sudrf.ru,да,32RS0031
Брянская область,Унеча,Унечский,Унечский районный суд Брянской области,RS,"Районный, городской, межрайонный суд","243300, Брянская обл, г Унеча, ул Иванова, д 9",https://unechsky--brj.sudrf.ru/,unechsky--brj.sudrf.ru,да,32RS0032
Курская область,Горшечное,Горшеченский,Горшеченский районный суд Курской области,RS,"Районный, городской, межрайонный суд","306710, Курская обл, рп Горшечное, ул Кирова, д 38",https://gorshechensky--krs.sudrf.ru/,gorshechensky--krs.sudrf.ru,да,46RS0004
Курская область,Дмитриев,Дмитриевский,Дмитриевский районный суд Курской области,RS,"Районный, городской, межрайонный суд","307500, Курская обл, Дмитриевский р-н, г Дмитриев, ул Ленина, д 54",https://dmitrievsky--krs.sudrf.ru/,dmitrievsky--krs.sudrf.ru,да,46RS0005
Курская область,Железногорск,,Железногорский городской суд Курской области,RS,"Районный, городской, межрайонный суд","307170, Курская обл, г Железногорск, ул Ленина, д 52",https://zheleznogorsky--krs.sudrf.ru/,zheleznogorsky--krs.sudrf.ru,да,46RS0006
Курская область,Золотухино,Золотухинский,Золотухинский районный суд Курской области,RS,"Районный, городской, межрайонный суд","306020, Курская обл, рп Золотухино, ул Железнодорожная, д 84",https://zolotuhinsky--krs.sudrf.ru/,zolotuhinsky--krs.sudrf.ru,да,46RS0007
Курская область,Касторное,Касторенский,Касторенский районный суд Курской области,RS,"Районный, городской, межрайонный суд","306700, Курская обл, рп Касторное, ул 50 лет Октября, д 15",https://kastorensky--krs.sudrf.ru/,kastorensky--krs.sudrf.ru,да,46RS0008
Курская область,Конышевка,Конышевский,Конышевский районный суд Курской области,RS,"Районный, городской, межрайонный суд","307620, Курская обл, рп Конышевка, ул 50 лет Советской Власти, д 4",https://konyshevsky--krs.sudrf.ru/,konyshevsky--krs.sudrf.ru,да,46RS0009
Курская область,Курск,Беловский,Беловский районный суд Курской области,RS,"Районный, городской, межрайонный суд","305022, г Курск, ул 2-я Агрегатная, д 3А",https://belovsky--krs.sudrf.ru/,belovsky--krs.sudrf.ru,да,46RS0001
Курская область,Курск,Большесолдатский,Большесолдатский районный суд Курской области,RS,"Районный, городской, межрайонный суд","305000, г Курск, ул Горького, зд 55А",https://bolshesoldatsky--krs.sudrf.ru/,bolshesoldatsky--krs.sudrf.ru,да,46RS0002
Курская область,Курск,Глушковский,Глушковский районный суд Курской области,RS,"Районный, городской, межрайонный суд","305022, г Курск, ул 2-я Агрегатная, д 3А",https://glushkovsky--krs.sudrf.ru/,glushkovsky--krs.sudrf.ru,да,46RS0003
Курская область,Курск,Кореневский,Кореневский районный суд Курской области,RS,"Районный, городской, межрайонный суд","305018, г Курск, ул Энергетиков 2, д 19",https://korenevsky--krs.sudrf.ru/,korenevsky--krs.sudrf.ru,да,46RS0010
Курская область,Курск,,Курский областной суд,OS,Областной и равный ему суд,"305000, г Курск, ул Марата, зд 27",https://oblsud--krs.sudrf.ru/,oblsud--krs.sudrf.ru,да,46OS0000
Курская область,Курск,Курский,Курский районный суд Курской области,RS,"Районный, городской, межрайонный суд","305000, г Курск, ул Горького, зд 55А",https://kursky--krs.sudrf.ru/,kursky--krs.sudrf.ru,да,46RS0011
Курская область,Курск,Ленинский,Ленинский районный суд г. Курска,RS,"Районный, городской, межрайонный суд","305001, г Курск, ул Александра Невского, зд 7А",https://lensud--krs.sudrf.ru/,lensud--krs.sudrf.ru,да,46RS0030
Курская область,Курск,Промышленный,Промышленный районный суд г. Курска,RS,"Районный, городской, межрайонный суд","305018, г Курск, ул Энергетиков 2, д 19",https://promyshleny--krs.sudrf.ru/,promyshleny--krs.sudrf.ru,да,46RS0031
Курская область,Курск,Рыльский,Рыльский районный суд Курской области,RS,"Районный, городской, межрайонный суд","305022, г Курск, ул 2-я Агрегатная, д 3А",https://rylsky--krs.sudrf.ru/,rylsky--krs.sudrf.ru,да,46RS0020
Курская область,Курск,Суджанский,Суджанский районный суд Курской области,RS,"Районный, городской, межрайонный суд","305022, г Курск, ул 2-я Агрегатная, д 3А",https://sudzhansky--krs.sudrf.ru/,sudzhansky--krs.sudrf.ru,да,46RS0023
Курская область,Курск,Хомутовский,Хомутовский районный суд Курской области,RS,"Районный, городской, межрайонный суд","305018, г Курск, ул Энергетиков 2, д 19",https://homutovsky--krs.sudrf.ru/,homutovsky--krs.sudrf.ru,да,46RS0026
Курская область,Курчатов,,Курчатовский городской суд Курской области,RS,"Районный, городской, межрайонный суд","307251, Курская обл, г Курчатов, ул Космонавтов, зд 1",https://kurchatovsky--krs.sudrf.ru/,kurchatovsky--krs.sudrf.ru,да,46RS0012
Курская область,Кшенский,Советский,Советский районный суд Курской области,RS,"Районный, городской, межрайонный суд","306600, Курская обл, рп Кшенский, ул Чапаева, д 5",https://sovetsky--krs.sudrf.ru/,sovetsky--krs.sudrf.ru,да,46RS0021
Курская область,Льгов,Льговский,Льговский районный суд Курской области,RS,"Районный, городской, межрайонный суд","307750, Курская обл, г Льгов, ул Кирова, д 48",https://lgovsky--krs.sudrf.ru/,lgovsky--krs.sudrf.ru,да,46RS0013
Курская область,Мантурово,Мантуровский,Мантуровский районный суд Курской области,RS,"Районный, городской, межрайонный суд","307000, Курская обл, с Мантурово, ул Ленина, д 23",https://manturovsky--krs.sudrf.ru/,manturovsky--krs.sudrf.ru,да,46RS0014
Курская область,Медвенка,Медвенский,Медвенский районный суд Курской области,RS,"Районный, городской, межрайонный суд","307030, Курская обл, пгт Медвенка, ул Советская, д 36",https://medvensky--krs.sudrf.ru/,medvensky--krs.sudrf.ru,да,46RS0015
Курская область,Обоянь,Обоянский,Обоянский районный суд Курской области,RS,"Районный, городской, межрайонный суд","306230, Курская обл, г Обоянь, ул Шмидта, д 23",https://oboyansky--krs.sudrf.ru/,oboyansky--krs.sudrf.ru,да,46RS0016
Курская область,Поныри,Поныровский,Поныровский районный суд Курской области,RS,"Районный, городской, межрайонный суд","306000, Курская обл, рп Поныри, ул Веселая, влд 1",https://ponyrovsky--krs.sudrf.ru/,ponyrovsky--krs.sudrf.ru,да,46RS0018
Курская область,Пристень,Пристенский,Пристенский районный суд Курской области,RS,"Районный, городской, межрайонный суд","306200, Курская обл, рп Пристень, ул Советская, зд 61А",https://pristensky--krs.sudrf.ru/,pristensky--krs.sudrf.ru,да,46RS0019
Курская область,Прямицыно,Октябрьский,Октябрьский районный суд Курской области,RS,"Районный, городской, межрайонный суд","307200, Курская обл, пгт Прямицыно, ул Сеймская, влд 56",https://oktiabrsky--krs.sudrf.ru/,oktiabrsky--krs.sudrf.ru,да,46RS0017
Курская область,Солнцево,Солнцевский,Солнцевский районный суд Курской области,RS,"Районный, городской, межрайонный суд","306120, Курская обл, рп Солнцево, ул Ленина, д 25",https://solncevsky--krs.sudrf.ru/,solncevsky--krs.sudrf.ru,да,46RS0022
Курская область,Тим,Тимский,Тимский районный суд Курской области,RS,"Районный, городской, межрайонный суд","307060, Курская обл, рп Тим, ул Кирова, д 55",https://timsky--krs.sudrf.ru/,timsky--krs.sudrf.ru,да,46RS0024
Курская область,Фатеж,Фатежский,Фатежский районный суд Курской области,RS,"Районный, городской, межрайонный суд","307100, Курская обл, г Фатеж, ул Веселая, влд 22",https://fatezhsky--krs.sudrf.ru/,fatezhsky--krs.sudrf.ru,да,46RS0025
Курская область,Черемисиново,Черемисиновский,Черемисиновский районный суд Курской области,RS,"Районный, городской, межрайонный суд","306440, Курская обл, пгт Черемисиново, ул Вокзальная, д 27",https://cheremisinovsky--krs.sudrf.ru/,cheremisinovsky--krs.sudrf.ru,да,46RS0027
Курская область,Щигры,Щигровский,Щигровский районный суд Курской области,RS,"Районный, городской, межрайонный суд","306530, Курская обл, г Щигры, ул Черняховского, д 3",https://shigrovsky--krs.sudrf.ru/,shigrovsky--krs.sudrf.ru,да,46RS0028
Воронежская область,Анна,Аннинский,Аннинский районный суд Воронежской области,RS,"Районный, городской, межрайонный суд","396250, Воронежская обл, пгт Анна, ул Ленина, д 19",https://anninsky--vrn.sudrf.ru/,anninsky--vrn.sudrf.ru,да,36RS0007
Воронежская область,Бобров,Бобровский,Бобровский районный суд Воронежской области,RS,"Районный, городской, межрайонный суд","397700, Воронежская обл, г Бобров, ул 3 Интернационала, д 35",https://bobrovsky--vrn.sudrf.ru/,bobrovsky--vrn.sudrf.ru,да,36RS0008
Воронежская область,Богучар,Богучарский,Богучарский районный суд Воронежской области,RS,"Районный, городской, межрайонный суд","396790, Воронежская обл, г Богучар, пл Ленина, д 1А",https://bogucharsky--vrn.sudrf.ru/,bogucharsky--vrn.sudrf.ru,да,36RS0009
Воронежская область,Борисоглебск,,Борисоглебский городской суд Воронежской области,RS,"Районный, городской, межрайонный суд","397160, Воронежская обл, г Борисоглебск, ул Советская, зд 77А",https://borisoglebsky--vrn.sudrf.ru/,borisoglebsky--vrn.sudrf.ru,да,36RS0010
Воронежская область,Бутурлиновка,Бутурлиновский,Бутурлиновский районный суд Воронежской области,RS,"Районный, городской, межрайонный суд","397500, Воронежская обл, г Бутурлиновка, ул 9 Января, д 2",https://buturlinovsky--vrn.sudrf.ru/,buturlinovsky--vrn.sudrf.ru,да,36RS0011
Воронежская область,Воронеж,,Воронежский областной суд,OS,Областной и равный ему суд,"394036, г Воронеж, пр-кт Революции, д 14А",https://oblsud--vrn.sudrf.ru/,oblsud--vrn.sudrf.ru,да,36OS0000
Воронежская область,Воронеж,Железнодорожный,Железнодорожный районный суд г. Воронежа,RS,"Районный, городской, межрайонный суд","394063, г Воронеж, пр-кт Ленинский, д 157",https://zheleznodorozhny--vrn.sudrf.ru/,zheleznodorozhny--vrn.sudrf.ru,да,36RS0001
Воронежская область,Воронеж,Коминтерновский,Коминтерновский районный суд г. Воронежа,RS,"Районный, городской, межрайонный суд","394026, г Воронеж, пр-кт Труда, д 46",https://kominternovsky--vrn.sudrf.ru/,kominternovsky--vrn.sudrf.ru,да,36RS0002
Воронежская область,Воронеж,Левобережный,Левобережный районный суд г. Воронежа,RS,"Районный, городской, межрайонный суд","394029, г Воронеж, наб Авиастроителей, д 18А",https://levoberezhny--vrn.sudrf.ru/,levoberezhny--vrn.sudrf.ru,да,36RS0003
Воронежская область,Воронеж,Ленинский,Ленинский районный суд г. Воронежа,RS,"Районный, городской, межрайонный суд","394006, г Воронеж, ул Краснознаменная, д 2",https://lensud--vrn.sudrf.ru/,lensud--vrn.sudrf.ru,да,36RS0004
Воронежская область,Воронеж,Советский,Советский районный суд г. Воронежа,RS,"Районный, городской, межрайонный суд","394051, г Воронеж, ул Домостроителей, д 26",https://sovetsky--vrn.sudrf.ru/,sovetsky--vrn.sudrf.ru,да,36RS0005
Воронежская область,Воронеж,Центральный,Центральный районный суд г. Воронежа,RS,"Районный, городской, межрайонный суд","394036, г Воронеж, ул Комиссаржевской, д 18А",https://centralny--vrn.sudrf.ru/,centralny--vrn.sudrf.ru,да,36RS0006
Воронежская область,Грибановский,Грибановский,Грибановский районный суд Воронежской области,RS,"Районный, городской, межрайонный суд","397240, Воронежская обл, пгт Грибановский, ул Центральная, д 12",https://gribanovsky--vrn.sudrf.ru/,gribanovsky--vrn.sudrf.ru,да,36RS0015
Воронежская область,Калач,Калачеевский,Калачеевский районный суд Воронежской области,RS,"Районный, городской, межрайонный суд","397601, Воронежская обл, г Калач, ул 21 Февраля, д 21",https://kalacheevsky--vrn.sudrf.ru/,kalacheevsky--vrn.sudrf.ru,да,36RS0016
Воронежская область,Кантемировка,Кантемировский,Кантемировский районный суд Воронежской области,RS,"Районный, городской, межрайонный суд","396730, Воронежская обл, рп Кантемировка, ул Победы, д 8",https://kantemirovsky--vrn.sudrf.ru/,kantemirovsky--vrn.sudrf.ru,да,36RS0019
Воронежская область,Каширское,Каширский,Каширский районный суд Воронежской области,RS,"Районный, городской, межрайонный суд","396350, Воронежская обл, с Каширское, ул Олимпийская, стр 1",https://kashirsky--vrn.sudrf.ru/,kashirsky--vrn.sudrf.ru,да,36RS0018
Воронежская область,Лиски,Лискинский,Лискинский районный суд Воронежской области,RS,"Районный, городской, межрайонный суд","397901, Воронежская обл, г Лиски, ул Ленина, зд 6",https://liskinsky--vrn.sudrf.ru/,liskinsky--vrn.sudrf.ru,да,36RS0020
Воронежская область,Нижнедевицк,Нижнедевицкий,Нижнедевицкий районный суд Воронежской области,RS,"Районный, городской, межрайонный суд","396870, Воронежская обл, с Нижнедевицк, ул Почтовая, д 62",https://nizhnedevicky--vrn.sudrf.ru/,nizhnedevicky--vrn.sudrf.ru,да,36RS0021
Воронежская область,Новая Усмань,Новоусманский,Новоусманский районный суд Воронежской области,RS,"Районный, городской, межрайонный суд","396310, Воронежская обл, с Новая Усмань, ул Авдеева, д 9",https://novousmansky--vrn.sudrf.ru/,novousmansky--vrn.sudrf.ru,да,36RS0022
Воронежская область,Нововоронеж,,Нововоронежский городской суд Воронежской области,RS,"Районный, городской, межрайонный суд","396073, Воронежская обл, г Нововоронеж, ул Парковый проезд, д 10",https://novovoronezhsky--vrn.sudrf.ru/,novovoronezhsky--vrn.sudrf.ru,да,36RS0024
Воронежская область,Новохопёрск,Новохоперский,Новохоперский районный суд Воронежской области,RS,"Районный, городской, межрайонный суд","397400, Воронежская обл, г Новохопёрск, ул Советская, д 28",https://novohopersky--vrn.sudrf.ru/,novohopersky--vrn.sudrf.ru,да,36RS0023
Воронежская область,Острогожск,Острогожский,Острогожский районный суд Воронежской области,RS,"Районный, городской, межрайонный суд","397855, Воронежская обл, г Острогожск, ул Прохоренко, зд 117А",https://otstrogozhsky--vrn.sudrf.ru/,otstrogozhsky--vrn.sudrf.ru,да,36RS0026
Воронежская область,Павловск,Павловский,Павловский районный суд Воронежской области,RS,"Районный, городской, межрайонный суд","396422, Воронежская обл, г Павловск, ул 1 Мая, д 29",https://pavlovsky--vrn.sudrf.ru/,pavlovsky--vrn.sudrf.ru,да,36RS0027
Воронежская область,Панино,Панинский,Панинский районный суд Воронежской области,RS,"Районный, городской, межрайонный суд","396140, Воронежская обл, рп Панино, ул Советская, д 37",https://paninsky--vrn.sudrf.ru/,paninsky--vrn.sudrf.ru,да,36RS0028
Воронежская область,Поворино,Поворинский,Поворинский районный суд Воронежской области,RS,"Районный, городской, межрайонный суд","397350, Воронежская обл, г Поворино, ул Советская, зд 32",https://povorinsky--vrn.sudrf.ru/,povorinsky--vrn.sudrf.ru,да,36RS0029
Воронежская область,Рамонь,Рамонский,Рамонский районный суд Воронежской области,RS,"Районный, городской, межрайонный суд","396020, Воронежская обл, рп Рамонь, ул Советская, зд 5",https://ramonsky--vrn.sudrf.ru/,ramonsky--vrn.sudrf.ru,да,36RS0032
Воронежская область,Россошь,Россошанский,Россошанский районный суд Воронежской области,RS,"Районный, городской, межрайонный суд","396650, Воронежская обл, г Россошь, ул Алексеева, зд 2Б",https://rossoshansky--vrn.sudrf.ru/,rossoshansky--vrn.sudrf.ru,да,36RS0034
Воронежская область,Семилуки,Семилукский,Семилукский районный суд Воронежской области,RS,"Районный, городской, межрайонный суд","396900, Воронежская обл, г Семилуки, ул 25 лет Октября, зд 116",https://semiluksky--vrn.sudrf.ru/,semiluksky--vrn.sudrf.ru,да,36RS0035
Воронежская область,Таловая,Таловский,Таловский районный суд Воронежской области,RS,"Районный, городской, межрайонный суд","397480, Воронежская обл, рп Таловая, ул Советская, д 107Б",https://talovsky--vrn.sudrf.ru/,talovsky--vrn.sudrf.ru,да,36RS0036
Воронежская область,Хохольский,Хохольский,Хохольский районный суд Воронежской области,RS,"Районный, городской, межрайонный суд","396840, Воронежская обл, рп Хохольский, ул Школьная, д 2",https://hoholsky--vrn.sudrf.ru/,hoholsky--vrn.sudrf.ru,да,36RS0038
Тамбовская область,Бондари,Бондарский,Бондарский районный суд Тамбовской области,RS,"Районный, городской, межрайонный суд","393230, Тамбовская обл, с Бондари, ул Советская, д 21",https://bondarsky--tmb.sudrf.ru/,bondarsky--tmb.sudrf.ru,да,68RS0005
Тамбовская область,Гавриловка 2-я,Гавриловский,Гавриловский районный суд Тамбовской области,RS,"Районный, городской, межрайонный суд","393160, Тамбовская обл, с Гавриловка 2-я, ул Мира, д 35",https://gavrilovsky--tmb.sudrf.ru/,gavrilovsky--tmb.sudrf.ru,да,68RS0006
Тамбовская область,Дмитриевка,Никифоровский,Никифоровский районный суд Тамбовской области,RS,"Районный, городской, межрайонный суд","393000, Тамбовская обл, рп Дмитриевка, ул 1-я Дачная, д 24",https://nikiforovsky--tmb.sudrf.ru/,nikiforovsky--tmb.sudrf.ru,да,68RS0017
Тамбовская область,Жердевка,Жердевский,Жердевский районный суд Тамбовской области,RS,"Районный, городской, межрайонный суд","393670, Тамбовская обл, г Жердевка, ул Советская, д 48",https://zherdevsky--tmb.sudrf.ru/,zherdevsky--tmb.sudrf.ru,да,68RS0007
Тамбовская область,Знаменка,Знаменский,Знаменский районный суд Тамбовской области,RS,"Районный, городской, межрайонный суд","393400, Тамбовская обл, рп Знаменка, ул Красная площадь, д 4",https://sud4--tmb.sudrf.ru/,sud4--tmb.sudrf.ru,да,68RS0008
Тамбовская область,Инжавино,Инжавинский,Инжавинский районный суд Тамбовской области,RS,"Районный, городской, межрайонный суд","393310, Тамбовская обл, рп Инжавино, ул Советская, д 44",https://inzhavinsky--tmb.sudrf.ru/,inzhavinsky--tmb.sudrf.ru,да,68RS0009
Тамбовская область,Кирсанов,Кирсановский,Кирсановский районный суд Тамбовской области,RS,"Районный, городской, межрайонный суд","393364, Тамбовская обл, г Кирсанов, ул Интернациональная, д 14",https://kirsanovsky--tmb.sudrf.ru/,kirsanovsky--tmb.sudrf.ru,да,68RS0010
Тамбовская область,Котовск,,Котовский городской суд Тамбовской области,RS,"Районный, городской, межрайонный суд","393190, Тамбовская обл, г Котовск, ул Кирова, д 3",https://kotovsky--tmb.sudrf.ru/,kotovsky--tmb.sudrf.ru,да,68RS0011
Тамбовская область,Мичуринск,,Мичуринский городской суд Тамбовской области,RS,"Районный, городской, межрайонный суд","393761, Тамбовская обл, г Мичуринск, ш Липецкое, д 55",https://michurinskygs--tmb.sudrf.ru/,michurinskygs--tmb.sudrf.ru,да,68RS0013
Тамбовская область,Мичуринск,Мичуринский,Мичуринский районный суд Тамбовской области,RS,"Районный, городской, межрайонный суд","393761, Тамбовская обл, г Мичуринск, ул Красная, д 75",https://michurinskyrs--tmb.sudrf.ru/,michurinskyrs--tmb.sudrf.ru,да,68RS0012
Тамбовская область,Мордово,Мордовский,Мордовский районный суд Тамбовской области,RS,"Районный, городской, межрайонный суд","393600, Тамбовская обл, рп Мордово, ул Коммунальная, д 37",https://mordovsky--tmb.sudrf.ru/,mordovsky--tmb.sudrf.ru,да,68RS0014
Тамбовская область,Моршанск,Моршанский,Моршанский районный суд Тамбовской области,RS,"Районный, городской, межрайонный суд","393950, Тамбовская обл, г Моршанск, ул Ленина, д 44",https://morshansky--tmb.sudrf.ru/,morshansky--tmb.sudrf.ru,да,68RS0015
Тамбовская область,Мучкапский,Мучкапский,Мучкапский районный суд Тамбовской области,RS,"Районный, городской, межрайонный суд","393570, Тамбовская обл, рп Мучкапский, ул Советская, д 6",https://muchkapsky--tmb.sudrf.ru/,muchkapsky--tmb.sudrf.ru,да,68RS0016
Тамбовская область,Первомайский,Первомайский,Первомайский районный суд Тамбовской области,RS,"Районный, городской, межрайонный суд","393700, Тамбовская обл, рп Первомайский, пл Ленина, д 9",https://pervomaisky--tmb.sudrf.ru/,pervomaisky--tmb.sudrf.ru,да,68RS0018
Тамбовская область,Петровское,Петровский,Петровский районный суд Тамбовской области,RS,"Районный, городской, межрайонный суд","393070, Тамбовская обл, с Петровское, ул Интернациональная, д 29",https://petrovsky--tmb.sudrf.ru/,petrovsky--tmb.sudrf.ru,да,68RS0019
Тамбовская область,Пичаево,Пичаевский,Пичаевский районный суд Тамбовской области,RS,"Районный, городской, межрайонный суд","393970, Тамбовская обл, с Пичаево, ул Пролетарская, д 22",https://pichaevsky--tmb.sudrf.ru/,pichaevsky--tmb.sudrf.ru,да,68RS0020
Тамбовская область,Рассказово,Рассказовский,Рассказовский районный суд Тамбовской области,RS,"Районный, городской, межрайонный суд","393250, Тамбовская обл, г Рассказово, ул Куйбышева, д 51",https://sud2468--tmb.sudrf.ru/,sud2468--tmb.sudrf.ru,да,68RS0021
Тамбовская область,Ржакса,Ржаксинский,Ржаксинский районный суд Тамбовской области,RS,"Районный, городской, межрайонный суд","393520, Тамбовская обл, рп Ржакса, ул Коммунальная, д 11",https://rzhaksinsky--tmb.sudrf.ru/,rzhaksinsky--tmb.sudrf.ru,да,68RS0022
Тамбовская область,Сатинка,Сампурский,Сампурский районный суд Тамбовской области,RS,"Районный, городской, межрайонный суд","393430, Тамбовская обл, п Сатинка, ул Советская, д 35",https://sampursky--tmb.sudrf.ru/,sampursky--tmb.sudrf.ru,да,68RS0023
Тамбовская область,Сосновка,Сосновский,Сосновский районный суд Тамбовской области,RS,"Районный, городской, межрайонный суд","393840, Тамбовская обл, рп Сосновка, ул Вокзальная, д 13",https://sud20--tmb.sudrf.ru/,sud20--tmb.sudrf.ru,да,68RS0024
Тамбовская область,Староюрьево,Староюрьевский,Староюрьевский районный суд Тамбовской области,RS,"Районный, городской, межрайонный суд","393800, Тамбовская обл, с Староюрьево, ул Космонавтов, д 5А",https://starourievsky--tmb.sudrf.ru/,starourievsky--tmb.sudrf.ru,да,68RS0025
Тамбовская область,Тамбов,Ленинский,Ленинский районный суд г. Тамбова,RS,"Районный, городской, межрайонный суд","392036, г Тамбов, ул Интернациональная, д 63",https://sud24--tmb.sudrf.ru/,sud24--tmb.sudrf.ru,да,68RS0002
Тамбовская область,Тамбов,Октябрьский,Октябрьский районный суд г. Тамбова,RS,"Районный, городской, межрайонный суд","392000, г Тамбов, ул Карла Маркса, д 406",https://sud23--tmb.sudrf.ru/,sud23--tmb.sudrf.ru,да,68RS0001
Тамбовская область,Тамбов,Советский,Советский районный суд г. Тамбова,RS,"Районный, городской, межрайонный суд","392036, г Тамбов, ул Интернациональная, д 63",https://sud25--tmb.sudrf.ru/,sud25--tmb.sudrf.ru,да,68RS0003
Тамбовская область,Тамбов,,Тамбовский областной суд,OS,Областной и равный ему суд,"392000, г Тамбов, ул Коммунальная, д 8",https://oblsud--tmb.sudrf.ru/,oblsud--tmb.sudrf.ru,да,68OS0000
Тамбовская область,Тамбов,Тамбовский,Тамбовский районный суд Тамбовской области,RS,"Районный, городской, межрайонный суд","392028, г Тамбов, ул Полынковская, д 64А",https://sud22--tmb.sudrf.ru/,sud22--tmb.sudrf.ru,да,68RS0004
Тамбовская область,Токарёвка,Токаревский,Токаревский районный суд Тамбовской области,RS,"Районный, городской, межрайонный суд","393550, Тамбовская обл, рп Токарёвка, ул Маяковского, д 1",https://tokarevsky--tmb.sudrf.ru/,tokarevsky--tmb.sudrf.ru,да,68RS0026
Тамбовская область,Уварово,Уваровский,Уваровский районный суд Тамбовской области,RS,"Районный, городской, межрайонный суд","393460, Тамбовская обл, г Уварово, ул Гагарина, д 3",https://uvarovsky--tmb.sudrf.ru/,uvarovsky--tmb.sudrf.ru,да,68RS0027
Тамбовская область,Умет,Уметский,Уметский районный суд Тамбовской области,RS,"Районный, городской, межрайонный суд","393130, Тамбовская обл, рп Умет, ул Советская, д 76",https://umetsky--tmb.sudrf.ru/,umetsky--tmb.sudrf.ru,да,68RS0028
Тверская область,Бежецк,Бежецкий,Бежецкий межрайонный суд Тверской области,RS,"Районный, городской, межрайонный суд","171980, Тверская обл, г Бежецк, ул Красноармейская, д 12",https://bezhecky--twr.sudrf.ru/,bezhecky--twr.sudrf.ru,да,69RS0002
Тверская область,Бологое,,Бологовский городской суд Тверской области,RS,"Районный, городской, межрайонный суд","171080, Тверская обл, г Бологое, ул Кирова, д 9",https://bologovsky--twr.sudrf.ru/,bologovsky--twr.sudrf.ru,да,69RS0004
Тверская область,Вышний Волочек,Вышневолоцкий,Вышневолоцкий межрайонный суд Тверской области,RS,"Районный, городской, межрайонный суд","171163, Тверская обл, г Вышний Волочек, пр-кт Казанский, д 18",https://vyshnevolocky--twr.sudrf.ru/,vyshnevolocky--twr.sudrf.ru,да,69RS0006
Тверская область,Западная Двина,Западнодвинский,Западнодвинский межрайонный суд Тверской области,RS,"Районный, городской, межрайонный суд","172610, Тверская обл, г Западная Двина, ул Фадеева, зд 16",https://zapadnodvinsky--twr.sudrf.ru/,zapadnodvinsky--twr.sudrf.ru,да,69RS0008
Тверская область,Зубцов,Зубцовский,Зубцовский районный суд Тверской области,RS,"Районный, городской, межрайонный суд","172332, Тверская обл, г Зубцов, ул Победы, д 12А",https://zubcovsky--twr.sudrf.ru/,zubcovsky--twr.sudrf.ru,да,69RS0009
Тверская область,Калязин,Калязинский,Калязинский районный суд Тверской области,RS,"Районный, городской, межрайонный суд","171573, Тверская обл, г Калязин, ул Красноармейская, зд 1/23",https://kaliazinsky--twr.sudrf.ru/,kaliazinsky--twr.sudrf.ru,да,69RS0010
Тверская область,Кашин,Кашинский,Кашинский межрайонный суд Тверской области,RS,"Районный, городской, межрайонный суд","171640, Тверская обл, г Кашин, наб Судейская, д 1/2",https://kashinsky--twr.sudrf.ru/,kashinsky--twr.sudrf.ru,да,69RS0011
Тверская область,Кимры,,Кимрский городской суд Тверской области,RS,"Районный, городской, межрайонный суд","171501, Тверская обл, г Кимры, ул Володарского, д 102А",https://kimrsky--twr.sudrf.ru/,kimrsky--twr.sudrf.ru,да,69RS0013
Тверская область,Конаково,,Конаковский городской суд Тверской области,RS,"Районный, городской, межрайонный суд","171255, Тверская обл, г Конаково, ул Васильковского, д 13",https://konakovsky--twr.sudrf.ru/,konakovsky--twr.sudrf.ru,да,69RS0014
Тверская область,Лихославль,Лихославльский,Лихославльский районный суд Тверской области,RS,"Районный, городской, межрайонный суд","171210, Тверская обл, г Лихославль, ул Гагарина, д 51",https://lihoslavlsky--twr.sudrf.ru/,lihoslavlsky--twr.sudrf.ru,да,69RS0018
Тверская область,Максатиха,Максатихинский,Максатихинский межрайонный суд Тверской области,RS,"Районный, городской, межрайонный суд","171900, Тверская обл, пгт Максатиха, ул имени Василенкова, д 20",https://maksatihinsky--twr.sudrf.ru/,maksatihinsky--twr.sudrf.ru,да,69RS0019
Тверская область,Нелидово,Нелидовский,Нелидовский межрайонный суд Тверской области,RS,"Районный, городской, межрайонный суд","172521, Тверская обл, г Нелидово, ул Советская, д 21",https://nelidovsky--twr.sudrf.ru/,nelidovsky--twr.sudrf.ru,да,69RS0021
Тверская область,Осташков,Осташковский,Осташковский межрайонный суд Тверской области,RS,"Районный, городской, межрайонный суд","172735, Тверская обл, г Осташков, ул Тимофеевская, д 58",https://ostashkovsky--twr.sudrf.ru/,ostashkovsky--twr.sudrf.ru,да,69RS0023
Тверская область,Рамешки,Рамешковский,Рамешковский районный суд Тверской области,RS,"Районный, городской, межрайонный суд","171400, Тверская обл, пгт Рамешки, ул Советская, д 22",https://rameshkovsky--twr.sudrf.ru/,rameshkovsky--twr.sudrf.ru,да,69RS0025
Тверская область,Ржев,,Ржевский городской суд Тверской области,RS,"Районный, городской, межрайонный суд","172390, Тверская обл, г Ржев, ул Кирова, д 2",https://rzhevsky--twr.sudrf.ru/,rzhevsky--twr.sudrf.ru,да,69RS0026
Тверская область,Старица,Старицкий,Старицкий районный суд Тверской области,RS,"Районный, городской, межрайонный суд","171360, Тверская обл, г Старица, ул Советская, д 4",https://staricky--twr.sudrf.ru/,staricky--twr.sudrf.ru,да,69RS0031
Тверская область,Тверь,Заволжский,Заволжский районный суд г. Твери,RS,"Районный, городской, межрайонный суд","170100, г Тверь, ул Московская, д 115",https://zavolzhsky--twr.sudrf.ru/,zavolzhsky--twr.sudrf.ru,да,69RS0036
Тверская область,Тверь,Калининский,Калининский районный суд Тверской области,RS,"Районный, городской, межрайонный суд","170100, г Тверь, наб Реки Лазури, д 5",https://kalininsky--twr.sudrf.ru/,kalininsky--twr.sudrf.ru,да,69RS0037
Тверская область,Тверь,Московский,Московский районный суд г. Твери,RS,"Районный, городской, межрайонный суд","170100, г Тверь, ул Московская, д 115",https://moskovsky--twr.sudrf.ru/,moskovsky--twr.sudrf.ru,да,69RS0038
Тверская область,Тверь,Пролетарский,Пролетарский районный суд г. Твери,RS,"Районный, городской, межрайонный суд","170001, г Тверь, пр-кт Калинина, д 16",https://proletarsky--twr.sudrf.ru/,proletarsky--twr.sudrf.ru,да,69RS0039
Тверская область,Тверь,,Тверской областной суд,OS,Областной и равный ему суд,"170006, г Тверь, ул Брагина, д 1",https://oblsud--twr.sudrf.ru/,oblsud--twr.sudrf.ru,да,69OS0000
Тверская область,Тверь,Центральный,Центральный районный суд г. Твери,RS,"Районный, городской, межрайонный суд","170033, г Тверь, пр-кт Волоколамский, д 31",https://centralny--twr.sudrf.ru/,centralny--twr.sudrf.ru,да,69RS0040
Тверская область,Торжок,Торжокский,Торжокский межрайонный суд Тверской области,RS,"Районный, городской, межрайонный суд","172008, Тверская обл, г Торжок, ул Дзержинского, д 42",https://torzhoksky--twr.sudrf.ru/,torzhoksky--twr.sudrf.ru,да,69RS0032
Тверская область,Торопец,Торопецкий,Торопецкий районный суд Тверской области,RS,"Районный, городской, межрайонный суд","172840, Тверская обл, г Торопец, ул Советская, д 33",https://toropecky--twr.sudrf.ru/,toropecky--twr.sudrf.ru,да,69RS0033
Тверская область,Удомля,,Удомельский городской суд Тверской области,RS,"Районный, городской, межрайонный суд","171841, Тверская обл, г Удомля, пр-кт Курчатова, д 20",https://udomelsky--twr.sudrf.ru/,udomelsky--twr.sudrf.ru,да,69RS0034
Ярославская область,Большое Село,Большесельский,Большесельский районный суд Ярославской области,RS,"Районный, городской, межрайонный суд","152360, Ярославская обл, с Большое Село, ул Челюскинцев, д 10",https://bolsheselsky--jrs.sudrf.ru/,bolsheselsky--jrs.sudrf.ru,да,76RS0018
Ярославская область,Брейтово,Брейтовский,Брейтовский районный суд Ярославской области,RS,"Районный, городской, межрайонный суд","152760, Ярославская обл, с Брейтово, ул Советская, д 1",https://breytovsky--jrs.sudrf.ru/,breytovsky--jrs.sudrf.ru,да,76RS0002
Ярославская область,Гаврилов-Ям,Гаврилов-Ямский,Гаврилов-Ямский районный суд Ярославской области,RS,"Районный, городской, межрайонный суд","152241, Ярославская обл, г Гаврилов-Ям, ул Менжинского, д 66",https://gavrilov-yamsky--jrs.sudrf.ru/,gavrilov-yamsky--jrs.sudrf.ru,да,76RS0003
Ярославская область,Данилов,Даниловский,Даниловский районный суд Ярославской области,RS,"Районный, городской, межрайонный суд","152072, Ярославская обл, г Данилов, ул Ленина, д 28",https://danilovsky--jrs.sudrf.ru/,danilovsky--jrs.sudrf.ru,да,76RS0004
Ярославская область,Любим,Любимский,Любимский районный суд Ярославской области,RS,"Районный, городской, межрайонный суд","152470, Ярославская обл, г Любим, ул Карла Маркса, д 59",https://lubimsky--jrs.sudrf.ru/,lubimsky--jrs.sudrf.ru,да,76RS0001
Ярославская область,Мышкин,Мышкинский,Мышкинский районный суд Ярославской области,RS,"Районный, городской, межрайонный суд","152830, Ярославская обл, г Мышкин, ул Никольская, д 10",https://myshkinsky--jrs.sudrf.ru/,myshkinsky--jrs.sudrf.ru,да,76RS0020
Ярославская область,Некрасовское,Некрасовский,Некрасовский районный суд Ярославской области,RS,"Районный, городской, межрайонный суд","152260, Ярославская обл, Некрасовский р-н, рп Некрасовское, ул Некрасова, д 30",https://nekrasovsky--jrs.sudrf.ru/,nekrasovsky--jrs.sudrf.ru,да,76RS0005
Ярославская область,Новый Некоуз,Некоузский,Некоузский районный суд Ярославской области,RS,"Районный, городской, межрайонный суд","152730, Ярославская обл, с Новый Некоуз, ул Советская, д 17",https://nekouzsky--jrs.sudrf.ru/,nekouzsky--jrs.sudrf.ru,да,76RS0006
Ярославская область,Переславль-Залесский,Переславский,Переславский районный суд Ярославской области,RS,"Районный, городской, межрайонный суд","152020, Ярославская обл, г Переславль-Залесский, ул Конная, д 6",https://pereslavsky--jrs.sudrf.ru/,pereslavsky--jrs.sudrf.ru,да,76RS0008
Ярославская область,Пошехонье,Пошехонский,Пошехонский районный суд Ярославской области,RS,"Районный, городской, межрайонный суд","152850, Ярославская обл, г Пошехонье, ул Любимская, д 9",https://poshehonsky--jrs.sudrf.ru/,poshehonsky--jrs.sudrf.ru,да,76RS0007
Ярославская область,Пречистое,Первомайский,Первомайский районный суд Ярославской области,RS,"Районный, городской, межрайонный суд","152430, Ярославская обл, рп Пречистое, ул Вологодская, д 39",https://pervomaysky--jrs.sudrf.ru/,pervomaysky--jrs.sudrf.ru,да,76RS0009
Ярославская область,Ростов Великий,Ростовский,Ростовский районный суд Ярославской области,RS,"Районный, городской, межрайонный суд","152151, Ярославская обл, г Ростов Великий, ул Луначарского, д 58",https://rostovsky--jrs.sudrf.ru/,rostovsky--jrs.sudrf.ru,да,76RS0010
Ярославская область,Рыбинск,,Рыбинский городской суд Ярославской области,RS,"Районный, городской, межрайонный суд","152934, Ярославская обл, г Рыбинск, ул Пушкина, д 11",https://rybinskygor--jrs.sudrf.ru/,rybinskygor--jrs.sudrf.ru,да,76RS0013
Ярославская область,Тутаев,,Тутаевский городской суд Ярославской области,RS,"Районный, городской, межрайонный суд","152303, Ярославская обл, г Тутаев, ул Советская, д 7",https://tutaevsky--jrs.sudrf.ru/,tutaevsky--jrs.sudrf.ru,да,76RS0021
Ярославская область,Углич,Угличский,Угличский районный суд Ярославской области,RS,"Районный, городской, межрайонный суд","152615, Ярославская обл, г Углич, ул Ленина, д 16",https://uglichsky--jrs.sudrf.ru/,uglichsky--jrs.sudrf.ru,да,76RS0011
Ярославская область,Ярославль,Дзержинский,Дзержинский районный суд г. Ярославля,RS,"Районный, городской, межрайонный суд","150060, г Ярославль, ул Труфанова, д 26",https://dzerzhinsky--jrs.sudrf.ru/,dzerzhinsky--jrs.sudrf.ru,да,76RS0016
Ярославская область,Ярославль,Заволжский,Заволжский районный суд г. Ярославля,RS,"Районный, городской, межрайонный суд","150055, г Ярославль, ул Красноборская, д 5 к 1",https://zavolzhsky--jrs.sudrf.ru/,zavolzhsky--jrs.sudrf.ru,да,76RS0022
Ярославская область,Ярославль,Кировский,Кировский районный суд г. Ярославля,RS,"Районный, городской, межрайонный суд","150000, г Ярославль, ул Собинова, д 39",https://kirovsky--jrs.sudrf.ru/,kirovsky--jrs.sudrf.ru,да,76RS0014
Ярославская область,Ярославль,Красноперекопский,Красноперекопский районный суд г. Ярославля,RS,"Районный, городской, межрайонный суд","150001, г Ярославль, ул Малая Пролетарская, д 31Б",https://krasnoperekopsky--jrs.sudrf.ru/,krasnoperekopsky--jrs.sudrf.ru,да,76RS0023
Ярославская область,Ярославль,Ленинский,Ленинский районный суд г. Ярославля,RS,"Районный, городской, межрайонный суд","150040, г Ярославль, ул Некрасова, д 71",https://leninsky--jrs.sudrf.ru/,leninsky--jrs.sudrf.ru,да,76RS0015
Ярославская область,Ярославль,Фрунзенский,Фрунзенский районный суд г. Ярославля,RS,"Районный, городской, межрайонный суд","150030, г Ярославль, пр-кт Фрунзе, д 2 к 2",https://frunzensky--jrs.sudrf.ru/,frunzensky--jrs.sudrf.ru,да,76RS0024
Ярославская область,Ярославль,,Ярославский областной суд,OS,Областной и равный ему суд,"150003, г Ярославль, ул Советская, д 18",https://oblsud--jrs.sudrf.ru/,oblsud--jrs.sudrf.ru,да,76OS0000
Ярославская область,Ярославль,Ярославский,Ярославский районный суд Ярославской области,RS,"Районный, городской, межрайонный суд","150014, г Ярославль, ул Победы, д 47",https://yaroslavsky--jrs.sudrf.ru/,yaroslavsky--jrs.sudrf.ru,да,76RS0017
Орловская область,Болхов,Болховский,Болховский районный суд Орловcкой области,RS,"Районный, городской, межрайонный суд","303140, Орловская обл, г Болхов, ул Ленина, влд 55",https://bolhovsky--orl.sudrf.ru/,bolhovsky--orl.sudrf.ru,да,57RS0001
Орловская область,Верховье,Верховский,Верховский районный суд Орловcкой области,RS,"Районный, городской, межрайонный суд","303720, Орловская обл, пгт Верховье, ул 7 Ноября, д 10",https://verhovsky--orl.sudrf.ru/,verhovsky--orl.sudrf.ru,да,57RS0002
Орловская область,Глазуновка,Глазуновский,Глазуновский районный суд Орловcкой области,RS,"Районный, городской, межрайонный суд","303340, Орловская обл, пгт Глазуновка, ул Ленина, д 116",https://glazunovsky--orl.sudrf.ru/,glazunovsky--orl.sudrf.ru,да,57RS0003
Орловская область,Дмитровск,Дмитровский,Дмитровский районный суд Орловcкой области,RS,"Районный, городской, межрайонный суд","303240, Орловская обл, г Дмитровск, ул Советская, влд 61",https://dmitrovsky--orl.sudrf.ru/,dmitrovsky--orl.sudrf.ru,да,57RS0004
Орловская область,Залегощь,Залегощенский,Залегощенский районный суд Орловcкой области,RS,"Районный, городской, межрайонный суд","303560, Орловская обл, пгт Залегощь, ул М.Горького, д 18А",https://zalegoshensky--orl.sudrf.ru/,zalegoshensky--orl.sudrf.ru,да,57RS0006
Орловская область,Змиёвка,Свердловский,Свердловский районный суд Орловcкой области,RS,"Районный, городской, межрайонный суд","303320, Орловская обл, пгт Змиёвка, ул Ленина, д 41",https://sverdlovsky--orl.sudrf.ru/,sverdlovsky--orl.sudrf.ru,да,57RS0017
Орловская область,Колпна,Колпнянский,Колпнянский районный суд Орловcкой области,RS,"Районный, городской, межрайонный суд","303410, Орловская обл, пгт Колпна, ул Луговая, д 3",https://kolpniansky--orl.sudrf.ru/,kolpniansky--orl.sudrf.ru,да,57RS0009
Орловская область,Кромы,Кромской,Кромской районный суд Орловcкой области,RS,"Районный, городской, межрайонный суд","303200, Орловская обл, пгт Кромы, пер Ленинский, влд 10",https://kromskoy--orl.sudrf.ru/,kromskoy--orl.sudrf.ru,да,57RS0010
Орловская область,Ливны,Ливенский,Ливенский районный суд Орловcкой области,RS,"Районный, городской, межрайонный суд","303852, Орловская обл, г Ливны, ул Октябрьская, д 5А",https://livensky--orl.sudrf.ru/,livensky--orl.sudrf.ru,да,57RS0012
Орловская область,Малоархангельск,Малоархангельский,Малоархангельский районный суд Орловcкой области,RS,"Районный, городской, межрайонный суд","303370, Орловская обл, г Малоархангельск, ул Карла Маркса, д 73",https://maloarhangelsky--orl.sudrf.ru/,maloarhangelsky--orl.sudrf.ru,да,57RS0013
Орловская область,Мценск,Мценский,Мценский районный суд Орловcкой области,RS,"Районный, городской, межрайонный суд","303030, Орловская обл, г Мценск, ул Мира, д 21",https://mcensky--orl.sudrf.ru/,mcensky--orl.sudrf.ru,да,57RS0014
Орловская область,Нарышкино,Урицкий,Урицкий районный суд Орловcкой области,RS,"Районный, городской, межрайонный суд","303900, Орловская обл, пгт Нарышкино, ул Ленина, д 98",https://uricky--orl.sudrf.ru/,uricky--orl.sudrf.ru,да,57RS0019
Орловская область,Новосиль,Новосильский,Новосильский районный суд Орловcкой области,RS,"Районный, городской, межрайонный суд","303500, Орловская обл, г Новосиль, ул Карла Маркса, д 26",https://novosilsky--orl.sudrf.ru/,novosilsky--orl.sudrf.ru,да,57RS0025
Орловская область,Орёл,Железнодорожный,Железнодорожный районный суд г. Орла,RS,"Районный, городской, межрайонный суд","302030, г Орёл, ул Пушкина, д 54А",https://zheleznodorozhny--orl.sudrf.ru/,zheleznodorozhny--orl.sudrf.ru,да,57RS0024
Орловская область,Орёл,Заводской,Заводской районный суд г. Орла,RS,"Районный, городской, межрайонный суд","302001, г Орёл, ул Карачевская, д 42",https://zavodskoy--orl.sudrf.ru/,zavodskoy--orl.sudrf.ru,да,57RS0022
Орловская область,Орёл,,Орловский областной суд,OS,Областной и равный ему суд,"302040, г Орёл, ул Красноармейская, д 6",https://oblsud--orl.sudrf.ru/,oblsud--orl.sudrf.ru,да,57OS0000
Орловская область,Орёл,Орловский,Орловский районный суд Орловcкой области,RS,"Районный, городской, межрайонный суд","302040, г Орёл, ул Полярная, д 9",https://orlovsky--orl.sudrf.ru/,orlovsky--orl.sudrf.ru,да,57RS0026
Орловская область,Орёл,Северный,Северный районный суд г. Орла,RS,"Районный, городской, межрайонный суд","302031, г Орёл, ш Новосильское, д 11",https://severny--orl.sudrf.ru/,severny--orl.sudrf.ru,да,57RS0027
Орловская область,Орёл,Советский,Советский районный суд г. Орла,RS,"Районный, городской, межрайонный суд","302040, г Орёл, ул Максима Горького, зд 45А",https://sovetsky--orl.sudrf.ru/,sovetsky--orl.sudrf.ru,да,57RS0023
Орловская область,Покровское,Покровский,Покровский районный суд Орловcкой области,RS,"Районный, городской, межрайонный суд","303170, Орловская обл, пгт Покровское, ул 50 лет Октября, д 4",https://pokrovsky--orl.sudrf.ru/,pokrovsky--orl.sudrf.ru,да,57RS0016
Орловская область,Хомутово,Новодеревеньковский,Новодеревеньковский районный суд Орловcкой области,RS,"Районный, городской, межрайонный суд","303620, Орловская обл, пгт Хомутово, пл Ленина, д 2",https://novoderevenkovsky--orl.sudrf.ru/,novoderevenkovsky--orl.sudrf.ru,да,57RS0015
Орловская область,Хотынец,Хотынецкий,Хотынецкий районный суд Орловcкой области,RS,"Районный, городской, межрайонный суд","303930, Орловская обл, пгт Хотынец, ул Комсомольская, д 6А",https://hotynecky--orl.sudrf.ru/,hotynecky--orl.sudrf.ru,да,57RS0020
Смоленская область,Велиж,Велижский,Велижский районный суд Смоленской области,RS,"Районный, городской, межрайонный суд","216290, Смоленская обл, г Велиж, ул Энгельса, д 32",https://velizh--sml.sudrf.ru/,velizh--sml.sudrf.ru,да,67RS0009
Смоленская область,Вязьма,Вяземский,Вяземский районный суд Смоленской области,RS,"Районный, городской, межрайонный суд","215110, Смоленская обл, г Вязьма, ул 1 Мая, д 2",https://vyazma--sml.sudrf.ru/,vyazma--sml.sudrf.ru,да,67RS0004
Смоленская область,Гагарин,Гагаринский,Гагаринский районный суд Смоленской области,RS,"Районный, городской, межрайонный суд","215010, Смоленская обл, г Гагарин, ул Солнцева, д 3",https://gagarin--sml.sudrf.ru/,gagarin--sml.sudrf.ru,да,67RS0005
Смоленская область,Демидов,Демидовский,Демидовский районный суд Смоленской области,RS,"Районный, городской, межрайонный суд","216240, Смоленская обл, г Демидов, ул Коммунистическая, д 15",https://demidov--sml.sudrf.ru/,demidov--sml.sudrf.ru,да,67RS0010
Смоленская область,Десногорск,,Десногорский городской суд Смоленской области,RS,"Районный, городской, межрайонный суд","216400, Смоленская обл, г Десногорск, мкр 3, д 14 общ",https://desnogorsk--sml.sudrf.ru/,desnogorsk--sml.sudrf.ru,да,67RS0029
Смоленская область,Дорогобуж,Дорогобужский,Дорогобужский районный суд Смоленской области,RS,"Районный, городской, межрайонный суд","215710, Смоленская обл, г Дорогобуж, ул Пушкина, д 11",https://dorogobuzh--sml.sudrf.ru/,dorogobuzh--sml.sudrf.ru,да,67RS0011
Смоленская область,Духовщина,Духовщинский,Духовщинский районный суд Смоленской области,RS,"Районный, городской, межрайонный суд","216200, Смоленская обл, г Духовщина, ул Луначарского, д 32",https://duhovschina--sml.sudrf.ru/,duhovschina--sml.sudrf.ru,да,67RS0012
Смоленская область,Ельня,Ельнинский,Ельнинский районный суд Смоленской области,RS,"Районный, городской, межрайонный суд","216330, Смоленская обл, г Ельня, ул Советская, д 48А",https://elnya--sml.sudrf.ru/,elnya--sml.sudrf.ru,да,67RS0013
Смоленская область,Красный,Краснинский,Краснинский районный суд Смоленской области,RS,"Районный, городской, межрайонный суд","216100, Смоленская обл, пгт Красный, ул Карла Маркса, д 27",https://krasny--sml.sudrf.ru/,krasny--sml.sudrf.ru,да,67RS0015
Смоленская область,Монастырщина,Монастырщинский,Монастырщинский районный суд Смоленской области,RS,"Районный, городской, межрайонный суд","216130, Смоленская обл, пгт Монастырщина, пл Комсомольская, д 3",https://monastyrschina--sml.sudrf.ru/,monastyrschina--sml.sudrf.ru,да,67RS0017
Смоленская область,Починок,Починковский,Починковский районный суд Смоленской области,RS,"Районный, городской, межрайонный суд","216450, Смоленская обл, г Починок, ул Советская, д 25",https://pochinok--sml.sudrf.ru/,pochinok--sml.sudrf.ru,да,67RS0019
Смоленская область,Рославль,,Рославльский городской суд Смоленской области,RS,"Районный, городской, межрайонный суд","216500, Смоленская обл, г Рославль, ул Урицкого, д 18",https://roslavl--sml.sudrf.ru/,roslavl--sml.sudrf.ru,да,67RS0006
Смоленская область,Рудня,Руднянский,Руднянский районный суд Смоленской области,RS,"Районный, городской, межрайонный суд","216790, Смоленская обл, г Рудня, ул Киреева, д 81",https://rudnya--sml.sudrf.ru/,rudnya--sml.sudrf.ru,да,67RS0020
Смоленская область,Сафоново,Сафоновский,Сафоновский районный суд Смоленской области,RS,"Районный, городской, межрайонный суд","215500, Смоленская обл, г Сафоново, ул Красногвардейская, д 41",https://safonovo--sml.sudrf.ru/,safonovo--sml.sudrf.ru,да,67RS0007
Смоленская область,Смоленск,Заднепровский,Заднепровский районный суд г. Смоленска,RS,"Районный, городской, межрайонный суд","214018, г Смоленск, пр-кт Гагарина, д 15",https://zadnepr--sml.sudrf.ru/,zadnepr--sml.sudrf.ru,да,67RS0001
Смоленская область,Смоленск,Ленинский,Ленинский районный суд г. Смоленска,RS,"Районный, городской, межрайонный суд","214001, г Смоленск, пр-кт Гагарина, д 46",https://leninsky--sml.sudrf.ru/,leninsky--sml.sudrf.ru,да,67RS0002
Смоленская область,Смоленск,Промышленный,Промышленный районный суд г. Смоленска,RS,"Районный, городской, межрайонный суд","214001, г Смоленск, пр-кт Гагарина, д 46",https://prom--sml.sudrf.ru/,prom--sml.sudrf.ru,да,67RS0003
Смоленская область,Смоленск,,Смоленский областной суд,OS,Областной и равный ему суд,"214001, г Смоленск, пр-кт Гагарина, д 23А",https://oblsud--sml.sudrf.ru/,oblsud--sml.sudrf.ru,да,67OS0000
Смоленская область,Смоленск,Смоленский,Смоленский районный суд Смоленской области,RS,"Районный, городской, межрайонный суд","214001, г Смоленск, пр-кт Гагарина, д 46",https://smol--sml.sudrf.ru/,smol--sml.sudrf.ru,да,67RS0021
Смоленская область,Сычевка,Сычевский,Сычевский районный суд Смоленской области,RS,"Районный, городской, межрайонный суд","215280, Смоленская обл, г Сычевка, ул Карла Маркса, д 7",https://sychevka--sml.sudrf.ru/,sychevka--sml.sudrf.ru,да,67RS0022
Смоленская область,Шумячи,Шумячский,Шумячский районный суд Смоленской области,RS,"Районный, городской, межрайонный суд","216410, Смоленская обл, пгт Шумячи, ул Советская, д 94",https://shumyachi--sml.sudrf.ru/,shumyachi--sml.sudrf.ru,да,67RS0027
Смоленская область,Ярцево,,Ярцевский городской суд Смоленской области,RS,"Районный, городской, межрайонный суд","215800, Смоленская обл, г Ярцево, ул Советская, д 28",https://yarcevo--sml.sudrf.ru/,yarcevo--sml.sudrf.ru,да,67RS0008
Рязанская область,Кадом,Кадомский,Кадомский районный суд Рязанской области,RS,"Районный, городской, межрайонный суд","391670, Рязанская обл, рп Кадом, ул Советская, зд 19",https://kadomsky--riz.sudrf.ru/,kadomsky--riz.sudrf.ru,да,62RS0008
Рязанская область,Касимов,Касимовский,Касимовский районный суд Рязанской области,RS,"Районный, городской, межрайонный суд","391300, Рязанская обл, г Касимов, ул Спортивная, зд 2",https://kasymovsky--riz.sudrf.ru/,kasymovsky--riz.sudrf.ru,да,62RS0010
Рязанская область,Кораблино,Кораблинский,Кораблинский районный суд Рязанской области,RS,"Районный, городской, межрайонный суд","391200, Рязанская обл, г Кораблино, ул Садовая, д 4",https://korablinsky--riz.sudrf.ru/,korablinsky--riz.sudrf.ru,да,62RS0012
Рязанская область,Михайлов,Михайловский,Михайловский районный суд Рязанской области,RS,"Районный, городской, межрайонный суд","391710, Рязанская обл, г Михайлов, ул Рязанская, зд 18А",https://mihailovsky--riz.sudrf.ru/,mihailovsky--riz.sudrf.ru,да,62RS0014
Рязанская область,Новомичуринск,Пронский,Пронский районный суд Рязанской области,RS,"Районный, городской, межрайонный суд","391160, Рязанская обл, Пронский р-н, г Новомичуринск, ул Комсомольская, д 2",https://pronsky--riz.sudrf.ru/,pronsky--riz.sudrf.ru,да,62RS0017
Рязанская область,Рыбное,Рыбновский,Рыбновский районный суд Рязанской области,RS,"Районный, городской, межрайонный суд","391110, Рязанская обл, г Рыбное, ул Электротяговая, д 14А",https://rybnovsky--riz.sudrf.ru/,rybnovsky--riz.sudrf.ru,да,62RS0019
Рязанская область,Ряжск,Ряжский,Ряжский районный суд Рязанской области,RS,"Районный, городской, межрайонный суд","391964, Рязанская обл, г Ряжск, ул Пушкина, д 4",https://riazhsky--riz.sudrf.ru/,riazhsky--riz.sudrf.ru,да,62RS0020
Рязанская область,Рязань,Железнодорожный,Железнодорожный районный суд г. Рязани,RS,"Районный, городской, межрайонный суд","390013, г Рязань, проезд Завражнова, д 3",https://zheleznodorozhny--riz.sudrf.ru/,zheleznodorozhny--riz.sudrf.ru,да,62RS0001
Рязанская область,Рязань,Московский,Московский районный суд г. Рязани,RS,"Районный, городской, межрайонный суд","390044, г Рязань, ш Московское, д 14",https://moskovsky--riz.sudrf.ru/,moskovsky--riz.sudrf.ru,да,62RS0002
Рязанская область,Рязань,Октябрьский,Октябрьский районный суд г. Рязани,RS,"Районный, городской, межрайонный суд","390000, г Рязань, ул Ленина, д 61",https://oktiabrsky--riz.sudrf.ru/,oktiabrsky--riz.sudrf.ru,да,62RS0003
Рязанская область,Рязань,,Рязанский областной суд,OS,Областной и равный ему суд,"390005, г Рязань, ул Спортивная, стр 25",https://oblsud--riz.sudrf.ru/,oblsud--riz.sudrf.ru,да,62OS0000
Рязанская область,Рязань,Рязанский,Рязанский районный суд Рязанской области,RS,"Районный, городской, межрайонный суд","390047, Рязанская обл., г. Рязань, п. Соколовка, ул. 2-я Прудная, д. 8",https://riazansky--riz.sudrf.ru/,riazansky--riz.sudrf.ru,да,62RS0005
Рязанская область,Рязань,Советский,Советский районный суд г. Рязани,RS,"Районный, городской, межрайонный суд","390000, г Рязань, ул Ленина, д 37",https://sovetsky--riz.sudrf.ru/,sovetsky--riz.sudrf.ru,да,62RS0004
Рязанская область,Сапожок,Сапожковский,Сапожковский районный суд Рязанской области,RS,"Районный, городской, межрайонный суд","391940, Рязанская обл, рп Сапожок, ул Садовая, д 4",https://sapozhkovsky--riz.sudrf.ru/,sapozhkovsky--riz.sudrf.ru,да,62RS0021
Рязанская область,Сараи,Сараевский,Сараевский районный суд Рязанской области,RS,"Районный, городской, межрайонный суд","391870, Рязанская обл, рп Сараи, ул Ленина, зд 109А",https://saraevsky--riz.sudrf.ru/,saraevsky--riz.sudrf.ru,да,62RS0022
Рязанская область,Сасово,Сасовский,Сасовский районный суд Рязанской области,RS,"Районный, городской, межрайонный суд","391434, Рязанская обл, г Сасово, пр-кт Свободы, д 19",https://sasovsky--riz.sudrf.ru/,sasovsky--riz.sudrf.ru,да,62RS0023
Рязанская область,Скопин,Скопинский,Скопинский районный суд Рязанской области,RS,"Районный, городской, межрайонный суд","391800, Рязанская обл, г Скопин, ул К.Маркса, д 87",https://skopinski--riz.sudrf.ru/,skopinski--riz.sudrf.ru,да,62RS0025
Рязанская область,Спас-Клепики,Клепиковский,Клепиковский районный суд Рязанской области,RS,"Районный, городской, межрайонный суд","391030, Рязанская обл, г Спас-Клепики, пл Ленина, зд 59А",https://klepikovsky--riz.sudrf.ru/,klepikovsky--riz.sudrf.ru,да,62RS0011
Рязанская область,Спасск-Рязанский,Спасский,Спасский районный суд Рязанской области,RS,"Районный, городской, межрайонный суд","391050, Рязанская обл, г Спасск-Рязанский, ул Рязанское шоссе, зд 23А",https://spassky--riz.sudrf.ru/,spassky--riz.sudrf.ru,да,62RS0026
Рязанская область,Шацк,Шацкий,Шацкий районный суд Рязанской области,RS,"Районный, городской, межрайонный суд","391550, Рязанская обл, г Шацк, ул Красная площадь, зд 4",https://shacky--riz.sudrf.ru/,shacky--riz.sudrf.ru,да,62RS0030
Рязанская область,Шилово,Шиловский,Шиловский районный суд Рязанской области,RS,"Районный, городской, межрайонный суд","391500, Рязанская обл, рп Шилово, ул Советская, зд 7",https://shilovsky--riz.sudrf.ru/,shilovsky--riz.sudrf.ru,да,62RS0031
Тульская область,,Ленинский,Ленинский районный суд Тульской области,RS,"Районный, городской, межрайонный суд","301130, Тульская обл, сп Ленинский, ул Ленина, зд 9А",https://leninsky--tula.sudrf.ru/,leninsky--tula.sudrf.ru,да,71RS0015
Тульская область,Алексин,Алексинский,Алексинский межрайонный суд Тульской области,RS,"Районный, городской, межрайонный суд","301360, Тульская обл, г Алексин, ул В.Смирнова, д 35В",https://aleksinsky--tula.sudrf.ru/,aleksinsky--tula.sudrf.ru,да,71RS0001
Тульская область,Богородицк,Богородицкий,Богородицкий межрайонный суд Тульской области,RS,"Районный, городской, межрайонный суд","301835, Тульская обл, г Богородицк, ул Володарского, д 10",https://bogorodicky--tula.sudrf.ru/,bogorodicky--tula.sudrf.ru,да,71RS0004
Тульская область,Венев,Веневский,Веневский районный суд Тульской области,RS,"Районный, городской, межрайонный суд","301320, Тульская обл, г Венев, пл Ильича, д 4А",https://venevsky--tula.sudrf.ru/,venevsky--tula.sudrf.ru,да,71RS0005
Тульская область,Донской,,Донской городской суд Тульской области,RS,"Районный, городской, межрайонный суд","301760, Тульская обл, г Донской, мкр Центральный, ул Октябрьская, д 15",https://donskoy--tula.sudrf.ru/,donskoy--tula.sudrf.ru,да,71RS0007
Тульская область,Ефремов,Ефремовский,Ефремовский межрайонный суд Тульской области,RS,"Районный, городской, межрайонный суд","301840, Тульская обл, г Ефремов, ул Свердлова, д 99",https://efremovsky--tula.sudrf.ru/,efremovsky--tula.sudrf.ru,да,71RS0009
Тульская область,Кимовск,Кимовский,Кимовский районный суд Тульской области,RS,"Районный, городской, межрайонный суд","301720, Тульская обл, г Кимовск, ул Бессолова, д 8",https://kimovsky--tula.sudrf.ru/,kimovsky--tula.sudrf.ru,да,71RS0012
Тульская область,Киреевск,Киреевский,Киреевский районный суд Тульской области,RS,"Районный, городской, межрайонный суд","301260, Тульская обл, г Киреевск, ул Школьная, д 10",https://kireevsky--tula.sudrf.ru/,kireevsky--tula.sudrf.ru,да,71RS0013
Тульская область,Новомосковск,Новомосковский,Новомосковский районный суд Тульской области,RS,"Районный, городской, межрайонный суд","301650, Тульская обл, г Новомосковск, ул Трудовые Резервы, д 40",https://novomoskovsky--tula.sudrf.ru/,novomoskovsky--tula.sudrf.ru,да,71RS0016
Тульская область,Одоев,Одоевский,Одоевский межрайонный суд Тульской области,RS,"Районный, городской, межрайонный суд","301440, Тульская обл, рп Одоев, ул Льва Толстого, д 26А",https://odoevsky--tula.sudrf.ru/,odoevsky--tula.sudrf.ru,да,71RS0017
Тульская область,Плавск,Плавский,Плавский межрайонный суд Тульской области,RS,"Районный, городской, межрайонный суд","301470, Тульская обл, г Плавск, пл Свободы, д 14/1",https://plavsky--tula.sudrf.ru/,plavsky--tula.sudrf.ru,да,71RS0018
Тульская область,Суворов,Суворовский,Суворовский межрайонный суд Тульской области,RS,"Районный, городской, межрайонный суд","301430, Тульская обл, г Суворов, ул Энергетиков, д 1А",https://suvorovsky--tula.sudrf.ru/,suvorovsky--tula.sudrf.ru,да,71RS0019
Тульская область,Тула,Зареченский,Зареченский районный суд г.Тулы,RS,"Районный, городской, межрайонный суд","300002, г Тула, ул Литейная, д 8",https://zarechensky--tula.sudrf.ru/,zarechensky--tula.sudrf.ru,да,71RS0025
Тульская область,Тула,Привокзальный,Привокзальный районный суд г.Тулы,RS,"Районный, городской, межрайонный суд","300013, г Тула, ул Болдина, д 50",https://privokzalny--tula.sudrf.ru/,privokzalny--tula.sudrf.ru,да,71RS0026
Тульская область,Тула,Пролетарский,Пролетарский районный суд г.Тулы,RS,"Районный, городской, межрайонный суд","300004, г Тула, ул Марата, д 162А",https://proletarsky--tula.sudrf.ru/,proletarsky--tula.sudrf.ru,да,71RS0027
Тульская область,Тула,Советский,Советский районный суд г. Тулы,RS,"Районный, городской, межрайонный суд","300034, г Тула, ул Демонстрации, д 25",https://sovetsky--tula.sudrf.ru/,sovetsky--tula.sudrf.ru,да,71RS0028
Тульская область,Тула,,Тульский областной суд,OS,Областной и равный ему суд,"300041, г Тула, пр-кт Ленина, д 45",https://oblsud--tula.sudrf.ru/,oblsud--tula.sudrf.ru,да,71OS0000
Тульская область,Тула,Центральный,Центральный районный суд г.Тулы,RS,"Районный, городской, межрайонный суд","300002, г Тула, ул Луначарского, д 76",https://centralny--tula.sudrf.ru/,centralny--tula.sudrf.ru,да,71RS0029
Тульская область,Узловая,Узловский,Узловский районный суд Тульской области,RS,"Районный, городской, межрайонный суд","301600, Тульская обл, г Узловая, ул Гагарина, д 26",https://uzlovsky--tula.sudrf.ru/,uzlovsky--tula.sudrf.ru,да,71RS0021
Тульская область,Щекино,Щекинский,Щекинский межрайонный суд Тульской области,RS,"Районный, городской, межрайонный суд","301241, Тульская обл, г Щекино, ул Южная, д 6",https://schekinsky--tula.sudrf.ru/,schekinsky--tula.sudrf.ru,да,71RS0023
Тульская область,Ясногорск,Ясногорский,Ясногорский районный суд Тульской области,RS,"Районный, городской, межрайонный суд","301030, Тульская обл, г Ясногорск, ул Комсомольская, зд 5",https://yazsnogorsky--tula.sudrf.ru/,yazsnogorsky--tula.sudrf.ru,да,71RS0024
Белгородская область,Алексеевка,Алексеевский,Алексеевский районный суд Белгородской области,RS,"Районный, городской, межрайонный суд","309850, Белгородская обл, г Алексеевка, ул Мостовая, д 126",https://alekseevsky--blg.sudrf.ru/,alekseevsky--blg.sudrf.ru,да,31RS0001
Белгородская область,Белгород,,Белгородский областной суд,OS,Областной и равный ему суд,"308009, г Белгород, пр-кт Гражданский, д 49",https://oblsud--blg.sudrf.ru/,oblsud--blg.sudrf.ru,да,31OS0000
Белгородская область,Белгород,Белгородский,Белгородский районный суд Белгородской области,RS,"Районный, городской, межрайонный суд","308009, г Белгород, ул Князя Трубецкого, д 35Б",https://belgorodsky--blg.sudrf.ru/,belgorodsky--blg.sudrf.ru,да,31RS0002
Белгородская область,Белгород,Октябрьский,Октябрьский районный суд г. Белгорода,RS,"Районный, городской, межрайонный суд","308015, г Белгород, ул Сумская, д 76А",https://oktiabrsky--blg.sudrf.ru/,oktiabrsky--blg.sudrf.ru,да,31RS0016
Белгородская область,Белгород,Свердловский,Свердловский районный суд г. Белгорода,RS,"Районный, городской, межрайонный суд","308014, г Белгород, ул Мичурина, д 26",https://sverdlovsky--blg.sudrf.ru/,sverdlovsky--blg.sudrf.ru,да,31RS0022
Белгородская область,Бирюч,Красногвардейский,Красногвардейский районный суд Белгородской области,RS,"Районный, городской, межрайонный суд","309920, Белгородская обл, г Бирюч, ул Мира, д 20",https://krasnogvardeisky--blg.sudrf.ru/,krasnogvardeisky--blg.sudrf.ru,да,31RS0012
Белгородская область,Борисовка,Борисовский,Борисовский районный суд Белгородской области,RS,"Районный, городской, межрайонный суд","309340, Белгородская обл, п Борисовка, ул Первомайская, д 2А",https://borisovsky--blg.sudrf.ru/,borisovsky--blg.sudrf.ru,да,31RS0003
Белгородская область,Валуйки,Валуйский,Валуйский районный суд Белгородской области,RS,"Районный, городской, межрайонный суд","309996, Белгородская обл, г Валуйки, ул Пролетарская, д 14",https://valuisky--blg.sudrf.ru/,valuisky--blg.sudrf.ru,да,31RS0004
Белгородская область,Вейделевка,Вейделевский,Вейделевский районный суд Белгородской области,RS,"Районный, городской, межрайонный суд","309720, Белгородская обл, п Вейделевка, ул Центральная, д 17",https://veidelevsky--blg.sudrf.ru/,veidelevsky--blg.sudrf.ru,да,31RS0005
Белгородская область,Волоконовка,Волоконовский,Волоконовский районный суд Белгородской области,RS,"Районный, городской, межрайонный суд","309650, Белгородская обл, п Волоконовка, ул Нестерова, зд 6",https://volokonovsky--blg.sudrf.ru/,volokonovsky--blg.sudrf.ru,да,31RS0006
Белгородская область,Грайворон,Грайворонский,Грайворонский районный суд Белгородской области,RS,"Районный, городской, межрайонный суд","309370, Белгородская обл, г Грайворон, ул Народная, зд 3А",https://graivoronsky--blg.sudrf.ru/,graivoronsky--blg.sudrf.ru,да,31RS0009
Белгородская область,Губкин,,Губкинский городской суд Белгородской области,RS,"Районный, городской, межрайонный суд","309181, Белгородская обл, г Губкин, ул Дзержинского, д 51",https://gubkinskygor--blg.sudrf.ru/,gubkinskygor--blg.sudrf.ru,да,31RS0007
Белгородская область,Короча,Корочанский,Корочанский районный суд Белгородской области,RS,"Районный, городской, межрайонный суд","309210, Белгородская обл, г Короча, пл Васильева, д 26",https://korochansky--blg.sudrf.ru/,korochansky--blg.sudrf.ru,да,31RS0011
Белгородская область,Новый Оскол,Новооскольский,Новооскольский районный суд Белгородской области,RS,"Районный, городской, межрайонный суд","309640, Белгородская обл, г Новый Оскол, ул Гражданская, д 19",https://novooskolsky--blg.sudrf.ru/,novooskolsky--blg.sudrf.ru,да,31RS0015
Белгородская область,Прохоровка,Прохоровский,Прохоровский районный суд Белгородской области,RS,"Районный, городской, межрайонный суд","309000, Белгородская обл, пгт Прохоровка, ул Советская, д 150",https://prohorovsky--blg.sudrf.ru/,prohorovsky--blg.sudrf.ru,да,31RS0017
Белгородская область,Ракитное,Ракитянский,Ракитянский районный суд Белгородской области,RS,"Районный, городской, межрайонный суд","309310, Белгородская обл, п Ракитное, ул Пролетарская, д 49",https://rakitiansky--blg.sudrf.ru/,rakitiansky--blg.sudrf.ru,да,31RS0018
Белгородская область,Старый Оскол,,Старооскольский городской суд Белгородской области,RS,"Районный, городской, межрайонный суд","309514, Белгородская обл, г Старый Оскол, ул Комсомольская, д 48А",https://starooskolskygor--blg.sudrf.ru/,starooskolskygor--blg.sudrf.ru,да,31RS0020
Белгородская область,Строитель,Яковлевский,Яковлевский районный суд Белгородской области,RS,"Районный, городской, межрайонный суд","309070, Белгородская обл, г Строитель, ул 5 Августа, д 9А",https://yakovlensky--blg.sudrf.ru/,yakovlensky--blg.sudrf.ru,да,31RS0025
Белгородская область,Чернянка,Чернянский,Чернянский районный суд Белгородской области,RS,"Районный, городской, межрайонный суд","309560, Белгородская обл, п Чернянка, пл Октябрьская, зд 1",https://cherniansky--blg.sudrf.ru/,cherniansky--blg.sudrf.ru,да,31RS0023
Белгородская область,Шебекино,Шебекинский,Шебекинский районный суд Белгородской области,RS,"Районный, городской, межрайонный суд","309296, Белгородская обл, г Шебекино, ул Свободы, д 39",https://shebekinsky--blg.sudrf.ru/,shebekinsky--blg.sudrf.ru,да,31RS0024
Владимирская область,Александров,,Александровский городской суд Владимирской области,RS,"Районный, городской, межрайонный суд","601650, Владимирская обл, г Александров, пл Советская, д 2",https://aleksandrovsky--wld.sudrf.ru/,aleksandrovsky--wld.sudrf.ru,да,33RS0005
Владимирская область,Владимир,,Владимирский областной суд,OS,Областной и равный ему суд,"600015, г Владимир, ул Разина, д 22Б",https://oblsud--wld.sudrf.ru/,oblsud--wld.sudrf.ru,да,33OS0000
Владимирская область,Владимир,Ленинский,Ленинский районный суд г. Владимира,RS,"Районный, городской, межрайонный суд","600021, г Владимир, ул Стрелецкая, д 55",https://leninsky--wld.sudrf.ru/,leninsky--wld.sudrf.ru,да,33RS0001
Владимирская область,Владимир,Октябрьский,Октябрьский районный суд г. Владимира,RS,"Районный, городской, межрайонный суд","600005, г Владимир, пр-кт Октябрьский, д 40",https://oktiabrsky--wld.sudrf.ru/,oktiabrsky--wld.sudrf.ru,да,33RS0002
Владимирская область,Владимир,Фрунзенский,Фрунзенский районный суд г. Владимира,RS,"Районный, городской, межрайонный суд","600020, г Владимир, ул Большая Нижегородская, д 67А",https://frunzensky--wld.sudrf.ru/,frunzensky--wld.sudrf.ru,да,33RS0003
Владимирская область,Вязники,,Вязниковский городской суд Владимирской области,RS,"Районный, городской, межрайонный суд","601445, Владимирская обл, г Вязники, ул Мельничная, д 2",https://viaznikovsky--wld.sudrf.ru/,viaznikovsky--wld.sudrf.ru,да,33RS0006
Владимирская область,Гороховец,Гороховецкий,Гороховецкий районный суд Владимирской области,RS,"Районный, городской, межрайонный суд","601480, Владимирская обл, г Гороховец, ул Гоголя, д 17",https://gorohovecky--wld.sudrf.ru/,gorohovecky--wld.sudrf.ru,да,33RS0007
Владимирская область,Гусь-Хрустальный,,Гусь-Хрустальный городской суд Владимирской области,RS,"Районный, городской, межрайонный суд","601501, Владимирская обл, г Гусь-Хрустальный, ул Калинина, д 36",https://gus-hrustalsky--wld.sudrf.ru/,gus-hrustalsky--wld.sudrf.ru,да,33RS0008
Владимирская область,Камешково,Камешковский,Камешковский районный суд Владимирской области,RS,"Районный, городской, межрайонный суд","601300, Владимирская обл, г Камешково, ул Карла Либкнехта, д 3",https://kameshkovsky--wld.sudrf.ru/,kameshkovsky--wld.sudrf.ru,да,33RS0009
Владимирская область,Киржач,Киржачский,Киржачский районный суд Владимирской области,RS,"Районный, городской, межрайонный суд","601010, Владимирская обл, г Киржач, ул Серегина, д 12",https://kirzhachsky--wld.sudrf.ru/,kirzhachsky--wld.sudrf.ru,да,33RS0010
Владимирская область,Ковров,,Ковровский городской суд Владимирской области,RS,"Районный, городской, межрайонный суд","601900, Владимирская обл, г Ковров, ул Щорса, д 21",https://kovrovsky--wld.sudrf.ru/,kovrovsky--wld.sudrf.ru,да,33RS0011
Владимирская область,Кольчугино,,Кольчугинский городской суд Владимирской области,RS,"Районный, городской, межрайонный суд","601785, Владимирская обл, г Кольчугино, ул 50 лет Октября, д 1",https://kolchuginsky--wld.sudrf.ru/,kolchuginsky--wld.sudrf.ru,да,33RS0012
Владимирская область,Красная Горбатка,Селивановский,Селивановский районный суд Владимирской области,RS,"Районный, городской, межрайонный суд","602332, Владимирская обл, п Красная Горбатка, ул Красноармейская, д 10",https://selivanovsky--wld.sudrf.ru/,selivanovsky--wld.sudrf.ru,да,33RS0016
Владимирская область,Меленки,Меленковский,Меленковский районный суд Владимирской области,RS,"Районный, городской, межрайонный суд","602101, Владимирская обл, г Меленки, ул Советская, д 23А",https://melenkovsky--wld.sudrf.ru/,melenkovsky--wld.sudrf.ru,да,33RS0013
Владимирская область,Муром,,Муромский городской суд Владимирской области,RS,"Районный, городской, межрайонный суд","602267, Владимирская обл, г Муром, ул Московская, д 15",https://muromsky--wld.sudrf.ru/,muromsky--wld.sudrf.ru,да,33RS0014
Владимирская область,Петушки,Петушинский,Петушинский районный суд Владимирской области,RS,"Районный, городской, межрайонный суд","601144, Владимирская обл, г Петушки, ул Ленина, д 17",https://petushinsky--wld.sudrf.ru/,petushinsky--wld.sudrf.ru,да,33RS0015
Владимирская область,Собинка,,Собинский городской суд Владимирской области,RS,"Районный, городской, межрайонный суд","601204, Владимирская обл, г Собинка, пр-кт Рабочий, д 6",https://sobinsky--wld.sudrf.ru/,sobinsky--wld.sudrf.ru,да,33RS0017
Владимирская область,Судогда,Судогодский,Судогодский районный суд Владимирской области,RS,"Районный, городской, межрайонный суд","601352, Владимирская обл, г Судогда, ул Ленина, д 72",https://sudogodsky--wld.sudrf.ru/,sudogodsky--wld.sudrf.ru,да,33RS0018
Владимирская область,Суздаль,Суздальский,Суздальский районный суд Владимирской области,RS,"Районный, городской, межрайонный суд","601293, Владимирская обл, г Суздаль, ул Энгельса, д 7",https://suzdalsky--wld.sudrf.ru/,suzdalsky--wld.sudrf.ru,да,33RS0019
Владимирская область,Юрьев-Польский,Юрьев-Польский,Юрьев-Польский районный суд Владимирской области,RS,"Районный, городской, межрайонный суд","601800, Владимирская обл, г Юрьев-Польский, пл Советская, д 14",https://iuriev-polsky--wld.sudrf.ru/,iuriev-polsky--wld.sudrf.ru,да,33RS0020
Костромская область,Буй,Буйский,Буйский районный суд Костромской области,RS,"Районный, городской, межрайонный суд","157000, Костромская обл, г Буй, пл Революции, д 13",https://buisky--kst.sudrf.ru/,buisky--kst.sudrf.ru,да,44RS0005
Костромская область,Вохма,Вохомский,Вохомский районный суд Костромской области,RS,"Районный, городской, межрайонный суд","157760, Костромская обл, п Вохма, ул Советская, д 39А",https://vohomsky--kst.sudrf.ru/,vohomsky--kst.sudrf.ru,да,44RS0015
Костромская область,Галич,Галичский,Галичский районный суд Костромской области,RS,"Районный, городской, межрайонный суд","157201, Костромская обл, г Галич, пл Революции, д 27А",https://galichsky--kst.sudrf.ru/,galichsky--kst.sudrf.ru,да,44RS0006
Костромская область,Кологрив,Кологривский,Кологривский районный суд Костромской области,RS,"Районный, городской, межрайонный суд","157440, Костромская обл, г Кологрив, ул Кирова, д 28",https://kologrivsky--kst.sudrf.ru/,kologrivsky--kst.sudrf.ru,да,44RS0024
Костромская область,Кострома,Димитровский,Димитровский районный суд г. Костромы,RS,"Районный, городской, межрайонный суд","156001, г Кострома, пер Инженерный, д 1А",https://dimitrovsky--kst.sudrf.ru/,dimitrovsky--kst.sudrf.ru,да,44RS0026
Костромская область,Кострома,,Костромской областной суд,OS,Областной и равный ему суд,"156029, г Кострома, ул Скворцова, д 3",https://oblsud--kst.sudrf.ru/,oblsud--kst.sudrf.ru,да,44OS0000
Костромская область,Кострома,Костромской,Костромской районный суд Костромской области,RS,"Районный, городской, межрайонный суд","156000, г Кострома, ул Шагова, д 1",https://kostromskoy--kst.sudrf.ru/,kostromskoy--kst.sudrf.ru,да,44RS0028
Костромская область,Кострома,Ленинский,Ленинский районный суд г. Костромы,RS,"Районный, городской, межрайонный суд","156013, г Кострома, пр-кт Мира, д 51",https://leninsky--kst.sudrf.ru/,leninsky--kst.sudrf.ru,да,44RS0002
Костромская область,Кострома,Свердловский,Свердловский районный суд г. Костромы,RS,"Районный, городской, межрайонный суд","156000, г Кострома, ул Долматова, д 14",https://sverdlovsky--kst.sudrf.ru/,sverdlovsky--kst.sudrf.ru,да,44RS0001
Костромская область,Красное-на-Волге,Красносельский,Красносельский районный суд Костромской области,RS,"Районный, городской, межрайонный суд","157940, Костромская обл, пгт Красное-на-Волге, ул Луначарского, д 12",https://krasnoselsky--kst.sudrf.ru/,krasnoselsky--kst.sudrf.ru,да,44RS0013
Костромская область,Макарьев,Макарьевский,Макарьевский районный суд Костромской области,RS,"Районный, городской, межрайонный суд","157460, Костромская обл, г Макарьев, пл Революции, д 3",https://makarievsky--kst.sudrf.ru/,makarievsky--kst.sudrf.ru,да,44RS0023
Костромская область,Мантурово,Мантуровский,Мантуровский районный суд Костромской области,RS,"Районный, городской, межрайонный суд","157300, Костромская обл, г Мантурово, ул Советская, д 27А",https://manturovsky--kst.sudrf.ru/,manturovsky--kst.sudrf.ru,да,44RS0004
Костромская область,Нерехта,Нерехтский,Нерехтский районный суд Костромской области,RS,"Районный, городской, межрайонный суд","157800, Костромская обл, г Нерехта, ул Красноармейская, д 6",https://nerehtsky--kst.sudrf.ru/,nerehtsky--kst.sudrf.ru,да,44RS0027
Костромская область,Нея,Нейский,Нейский районный суд Костромской области,RS,"Районный, городской, межрайонный суд","157330, Костромская обл, г Нея, ул Советская, д 22",https://neisky--kst.sudrf.ru/,neisky--kst.sudrf.ru,да,44RS0011
Костромская область,Островское,Островский,Островский районный суд Костромской области,RS,"Районный, городской, межрайонный суд","157900, Костромская обл, п Островское, ул Советская, д 41",https://ostrovsky--kst.sudrf.ru/,ostrovsky--kst.sudrf.ru,да,44RS0014
Костромская область,Чухлома,Чухломский,Чухломский районный суд Костромской области,RS,"Районный, городской, межрайонный суд","157130, Костромская обл, г Чухлома, ул Ленина, д 1А",https://chuhlomsky--kst.sudrf.ru/,chuhlomsky--kst.sudrf.ru,да,44RS0019
Костромская область,Шарья,Шарьинский,Шарьинский районный суд Костромской области,RS,"Районный, городской, межрайонный суд","157500, Костромская обл, г Шарья, ул Ольги Степановой, д 66",https://sharinsky--kst.sudrf.ru/,sharinsky--kst.sudrf.ru,да,44RS0003
Липецкая область,Грязи,,Грязинский городской суд Липецкой области,RS,"Районный, городской, межрайонный суд","399058, Липецкая обл, г Грязи, ул Красная Площадь, д 36",https://grjazsud--lpk.sudrf.ru/,grjazsud--lpk.sudrf.ru,да,48RS0010
Липецкая область,Данков,,Данковский городской суд Липецкой области,RS,"Районный, городской, межрайонный суд","399850, Липецкая обл, г Данков, ул Семеновского, д 12",https://dankovsud--lpk.sudrf.ru/,dankovsud--lpk.sudrf.ru,да,48RS0009
Липецкая область,Добринка,Добринский,Добринский районный суд Липецкой области,RS,"Районный, городской, межрайонный суд","399430, Липецкая обл, п Добринка, ул Октябрьская, д 29",https://dobrinsud--lpk.sudrf.ru/,dobrinsud--lpk.sudrf.ru,да,48RS0008
Липецкая область,Елец,,Елецкий городской суд Липецкой области,RS,"Районный, городской, межрайонный суд","399770, Липецкая обл, г Елец, ул Коммунаров, зд 38А",https://eletsgorsud--lpk.sudrf.ru/,eletsgorsud--lpk.sudrf.ru,да,48RS0021
Липецкая область,Елец,Елецкий,Елецкий районный суд Липецкой области,RS,"Районный, городской, межрайонный суд","399770, Липецкая обл, г Елец, ул 9 Декабря, д 52",https://eletsraisud--lpk.sudrf.ru/,eletsraisud--lpk.sudrf.ru,да,48RS0022
Липецкая область,Задонск,Задонский,Задонский районный суд Липецкой области,RS,"Районный, городской, межрайонный суд","399200, Липецкая обл, г Задонск, ул Советская, д 51",https://zadonsksud--lpk.sudrf.ru/,zadonsksud--lpk.sudrf.ru,да,48RS0023
Липецкая область,Лебедянь,Лебедянский,Лебедянский районный суд Липецкой области,RS,"Районный, городской, межрайонный суд","399610, Липецкая обл, г Лебедянь, ул Победы, д 7А",https://lebedsud--lpk.sudrf.ru/,lebedsud--lpk.sudrf.ru,да,48RS0015
Липецкая область,Липецк,Левобережный,Левобережный районный суд г. Липецка,RS,"Районный, городской, межрайонный суд","398024, г Липецк, ул Механизаторов, д 15",https://levsud--lpk.sudrf.ru/,levsud--lpk.sudrf.ru,да,48RS0004
Липецкая область,Липецк,,Липецкий областной суд,OS,Областной и равный ему суд,"398008, г Липецк, пл Петра Великого, д 5",https://oblsud--lpk.sudrf.ru/,oblsud--lpk.sudrf.ru,да,48OS0000
Липецкая область,Липецк,Липецкий,Липецкий районный суд Липецкой области,RS,"Районный, городской, межрайонный суд","398037, г Липецк, проезд Боевой, д 28А",https://lipraisud--lpk.sudrf.ru/,lipraisud--lpk.sudrf.ru,да,48RS0005
Липецкая область,Липецк,Октябрьский,Октябрьский районный суд г. Липецка,RS,"Районный, городской, межрайонный суд","398032, г Липецк, ул Космонавтов, д 54",https://octsud--lpk.sudrf.ru/,octsud--lpk.sudrf.ru,да,48RS0002
Липецкая область,Липецк,Правобережный,Правобережный районный суд г. Липецка,RS,"Районный, городской, межрайонный суд","398050, г Липецк, ул Плеханова, д 72",https://pravsud--lpk.sudrf.ru/,pravsud--lpk.sudrf.ru,да,48RS0003
Липецкая область,Липецк,Советский,Советский районный суд г. Липецка,RS,"Районный, городской, межрайонный суд","398001, г Липецк, ул Крайняя, стр 6",https://sovetsud--lpk.sudrf.ru/,sovetsud--lpk.sudrf.ru,да,48RS0001
Липецкая область,Становое,Становлянский,Становлянский районный суд Липецкой области,RS,"Районный, городской, межрайонный суд","399710, Липецкая обл, с Становое, ул Советская, д 32",https://stanovlsud--lpk.sudrf.ru/,stanovlsud--lpk.sudrf.ru,да,48RS0016
Липецкая область,Тербуны,Тербунский,Тербунский районный суд Липецкой области,RS,"Районный, городской, межрайонный суд","399540, Липецкая обл, с Тербуны, ул Ленина, д 75",https://terbunsud--lpk.sudrf.ru/,terbunsud--lpk.sudrf.ru,да,48RS0017
Липецкая область,Усмань,Усманский,Усманский районный суд Липецкой области,RS,"Районный, городской, межрайонный суд","399370, Липецкая обл, г Усмань, ул Чернышевского, д 125А",https://usmansud--lpk.sudrf.ru/,usmansud--lpk.sudrf.ru,да,48RS0018
Липецкая область,Чаплыгин,Чаплыгинский,Чаплыгинский районный суд Липецкой области,RS,"Районный, городской, межрайонный суд","399900, Липецкая обл, г Чаплыгин, ул Советская, д 66",https://chapligsud--lpk.sudrf.ru/,chapligsud--lpk.sudrf.ru,да,48RS0012
Ивановская область,Вичуга,,Вичугский городской суд Ивановской области,RS,"Районный, городской, межрайонный суд","155331, Ивановская обл, г Вичуга, ул 50 лет Октября, зд 18",https://vichugsky--iwn.sudrf.ru/,vichugsky--iwn.sudrf.ru,да,37RS0002
Ивановская область,Иваново,,Ивановский областной суд,OS,Областной и равный ему суд,"153005, г Иваново, пр-кт Шереметевский, д 100",https://oblsud--iwn.sudrf.ru/,oblsud--iwn.sudrf.ru,да,37OS0000
Ивановская область,Иваново,Ивановский,Ивановский районный суд Ивановской области,RS,"Районный, городской, межрайонный суд","153008, г Иваново, ул Постышева, д 52",https://ivanovsky--iwn.sudrf.ru/,ivanovsky--iwn.sudrf.ru,да,37RS0005
Ивановская область,Иваново,Ленинский,Ленинский районный суд г. Иваново,RS,"Районный, городской, межрайонный суд","153000, г Иваново, ул Станко, д 7",https://leninsky--iwn.sudrf.ru/,leninsky--iwn.sudrf.ru,да,37RS0010
Ивановская область,Иваново,Октябрьский,Октябрьский районный суд г. Иваново,RS,"Районный, городской, межрайонный суд","153002, г Иваново, ул 9 Января, д 13",https://oktyabrsky--iwn.sudrf.ru/,oktyabrsky--iwn.sudrf.ru,да,37RS0012
Ивановская область,Иваново,Советский,Советский районный суд г. Иваново,RS,"Районный, городской, межрайонный суд","153006, г Иваново, проезд 10-й, д 22",https://sovetsky--iwn.sudrf.ru/,sovetsky--iwn.sudrf.ru,да,37RS0019
Ивановская область,Иваново,Фрунзенский,Фрунзенский районный суд г. Иваново,RS,"Районный, городской, межрайонный суд","153003, г Иваново, ул Мархлевского, д 33",https://frunzensky--iwn.sudrf.ru/,frunzensky--iwn.sudrf.ru,да,37RS0022
Ивановская область,Кинешма,,Кинешемский городской суд Ивановской области,RS,"Районный, городской, межрайонный суд","155800, Ивановская обл, г Кинешма, ул им Ленина, д 44",https://kineshemsky--iwn.sudrf.ru/,kineshemsky--iwn.sudrf.ru,да,37RS0007
Ивановская область,Комсомольск,Комсомольский,Комсомольский районный суд Ивановской области,RS,"Районный, городской, межрайонный суд","155150, Ивановская обл, г Комсомольск, ул Пионерская, д 9",https://komsomolsky--iwn.sudrf.ru/,komsomolsky--iwn.sudrf.ru,да,37RS0008
Ивановская область,Палех,Палехский,Палехский районный суд Ивановской области,RS,"Районный, городской, межрайонный суд","155620, Ивановская обл, п Палех, ул Горького, зд 4",https://palehsky--iwn.sudrf.ru/,palehsky--iwn.sudrf.ru,да,37RS0013
Ивановская область,Приволжск,Приволжский,Приволжский районный суд Ивановской области,RS,"Районный, городской, межрайонный суд","155550, Ивановская обл, г Приволжск, ул Революционная, д 118Г",https://privolzhsky--iwn.sudrf.ru/,privolzhsky--iwn.sudrf.ru,да,37RS0015
Ивановская область,Пучеж,Пучежский,Пучежский районный суд Ивановской области,RS,"Районный, городской, межрайонный суд","155362, Ивановская обл, г Пучеж, ул 2-я Производственная, д 9А",https://puchezhsky--iwn.sudrf.ru/,puchezhsky--iwn.sudrf.ru,да,37RS0016
Ивановская область,Родники,Родниковский,Родниковский районный суд Ивановской области,RS,"Районный, городской, межрайонный суд","155250, Ивановская обл, г Родники, ул Невская, д 69",https://rodnikovsky--iwn.sudrf.ru/,rodnikovsky--iwn.sudrf.ru,да,37RS0017
Ивановская область,Тейково,Тейковский,Тейковский районный суд Ивановской области,RS,"Районный, городской, межрайонный суд","155048, Ивановская обл, г Тейково, ул Шибаевская, д 15",https://teikovsky--iwn.sudrf.ru/,teikovsky--iwn.sudrf.ru,да,37RS0020
Ивановская область,Фурманов,,Фурмановский городской суд Ивановской области,RS,"Районный, городской, межрайонный суд","155526, Ивановская обл, г Фурманов, ул Хлебникова, д 6",https://furmanovsky--iwn.sudrf.ru/,furmanovsky--iwn.sudrf.ru,да,37RS0021
Ивановская область,Шуя,,Шуйский городской суд Ивановской области,RS,"Районный, городской, межрайонный суд","155900, Ивановская обл, г Шуя, пл Комсомольская, д 19",https://shuisky--iwn.sudrf.ru/,shuisky--iwn.sudrf.ru,да,37RS0023
Калужская область,Боровск,Боровский,Боровский районный суд Калужской области,RS,"Районный, городской, межрайонный суд","249010, Калужская обл, г Боровск, ул Советская, д 8",https://borovsky--klg.sudrf.ru/,borovsky--klg.sudrf.ru,да,40RS0004
Калужская область,Жуков,Жуковский,Жуковский районный суд Калужской области,RS,"Районный, городской, межрайонный суд","249191, Калужская обл, г Жуков, ул Советская, д 23",https://zhukovsky--klg.sudrf.ru/,zhukovsky--klg.sudrf.ru,да,40RS0008
Калужская область,Калуга,,Калужский областной суд,OS,Областной и равный ему суд,"248000, г Калуга, ул Баумана, д 19",https://oblsud--klg.sudrf.ru/,oblsud--klg.sudrf.ru,да,40OS0000
Калужская область,Калуга,Калужский,Калужский районный суд Калужской области,RS,"Районный, городской, межрайонный суд","248000, г Калуга, ул Кутузова, д 4",https://kaluga--klg.sudrf.ru/,kaluga--klg.sudrf.ru,да,40RS0001
Калужская область,Киров,Кировский,Кировский районный суд Калужской области,RS,"Районный, городской, межрайонный суд","249440, Калужская обл, г Киров, ул Ленина, д 12Б",https://kirovsky--klg.sudrf.ru/,kirovsky--klg.sudrf.ru,да,40RS0010
Калужская область,Козельск,Козельский,Козельский районный суд Калужской области,RS,"Районный, городской, межрайонный суд","249722, Калужская обл, г Козельск, ул Советская Б., д 49",https://kozelsky--klg.sudrf.ru/,kozelsky--klg.sudrf.ru,да,40RS0011
Калужская область,Кондрово,Дзержинский,Дзержинский районный суд Калужской области,RS,"Районный, городской, межрайонный суд","249832, Калужская обл, г Кондрово, ул Советская, д 22",https://dzerzhinsky--klg.sudrf.ru/,dzerzhinsky--klg.sudrf.ru,да,40RS0005
Калужская область,Людиново,Людиновский,Людиновский районный суд Калужской области,RS,"Районный, городской, межрайонный суд","249406, Калужская обл, г Людиново, пл Победы, д 5",https://ludinovsky--klg.sudrf.ru/,ludinovsky--klg.sudrf.ru,да,40RS0013
Калужская область,Малоярославец,Малоярославецкий,Малоярославецкий районный суд Калужской области,RS,"Районный, городской, межрайонный суд","249096, Калужская обл, г Малоярославец, ул Почтовая, д 9",https://maloyaroslavecky--klg.sudrf.ru/,maloyaroslavecky--klg.sudrf.ru,да,40RS0017
Калужская область,Обнинск,,Обнинский городской суд Калужской области,RS,"Районный, городской, межрайонный суд","249031, Калужская обл, г Обнинск, ул Курчатова, д 20А",https://obninsky--klg.sudrf.ru/,obninsky--klg.sudrf.ru,да,40RS0026
Калужская область,Сухиничи,Сухиничский,Сухиничский районный суд Калужской области,RS,"Районный, городской, межрайонный суд","249275, Калужская обл, г Сухиничи, ул Лобачева, д 3",https://suxinichsky--klg.sudrf.ru/,suxinichsky--klg.sudrf.ru,да,40RS0020
