РЕГИОН,ГОРОД,РАЙОН,НАЗВАНИЕ,ТИП,ТИП_НАЗВАНИЕ,АДРЕС,САЙТ,ДОМЕН_SUDRF,ПАРСЕР,КОД
Республика Татарстан,,Высокогорский,Высокогорский районный суд Республики Татарстан,RS,"Районный, городской, межрайонный суд","422700, Респ Татарстан, п ж/д станции Высокая Гора, ул Советская, д 11",https://vysogorsky--tat.sudrf.ru/,vysogorsky--tat.sudrf.ru,да,16RS0013
Республика Татарстан,Агрыз,Агрызский,Агрызский районный суд Республики Татарстан,RS,"Районный, городской, межрайонный суд","422233, Респ Татарстан, г Агрыз, ул Казанская, д 67",https://agryzsky--tat.sudrf.ru/,agryzsky--tat.sudrf.ru,да,16RS0001
Республика Татарстан,Азнакаево,,Азнакаевский городской суд Республики Татарстан,RS,"Районный, городской, межрайонный суд","423330, Респ Татарстан, г Азнакаево, ул Булгар, д 15",https://aznakaevsky--tat.sudrf.ru/,aznakaevsky--tat.sudrf.ru,да,16RS0035
Республика Татарстан,Аксубаево,Аксубаевский,Аксубаевский районный суд Республики Татарстан,RS,"Районный, городской, межрайонный суд","423060, Респ Татарстан, пгт Аксубаево, ул Ленина, зд 10",https://aksubaevsky--tat.sudrf.ru/,aksubaevsky--tat.sudrf.ru,да,16RS0002
Республика Татарстан,Актаныш,Актанышский,Актанышский районный суд Республики Татарстан,RS,"Районный, городской, межрайонный суд","423740, Респ Татарстан, с Актаныш, пр-кт Ленина, д 13",https://aktanyshsky--tat.sudrf.ru/,aktanyshsky--tat.sudrf.ru,да,16RS0003
Республика Татарстан,Алексеевское,Алексеевский,Алексеевский районный суд Республики Татарстан,RS,"Районный, городской, межрайонный суд","422900, Респ Татарстан, пгт Алексеевское, пл Советская, зд 11Б",https://alekseevsky--tat.sudrf.ru/,alekseevsky--tat.sudrf.ru,да,16RS0004
Республика Татарстан,Альметьевск,,Альметьевский городской суд Республики Татарстан,RS,"Районный, городской, межрайонный суд","423455, Респ Татарстан, г Альметьевск, ул Ленина, д 121",https://almetevsky--tat.sudrf.ru/,almetevsky--tat.sudrf.ru,да,16RS0036
Республика Татарстан,Апастово,Апастовский,Апастовский районный суд Республики Татарстан,RS,"Районный, городской, межрайонный суд","422350, Респ Татарстан, пгт Апастово, ул Шоссейная, зд 7",https://apastovsky--tat.sudrf.ru/,apastovsky--tat.sudrf.ru,да,16RS0006
Республика Татарстан,Арск,Арский,Арский районный суд Республики Татарстан,RS,"Районный, городской, межрайонный суд","422000, Респ Татарстан, г Арск, пл Советская, д 9",https://arsky--tat.sudrf.ru/,arsky--tat.sudrf.ru,да,16RS0007
Республика Татарстан,Бавлы,,Бавлинский городской суд Республики Татарстан,RS,"Районный, городской, межрайонный суд","423930, Респ Татарстан, г Бавлы, ул Х.Такташа, д 28",https://bavlinsky--tat.sudrf.ru/,bavlinsky--tat.sudrf.ru,да,16RS0009
Республика Татарстан,Базарные Матаки,Алькеевский,Алькеевский районный суд Республики Татарстан,RS,"Районный, городской, межрайонный суд","422870, Респ Татарстан, с Базарные Матаки, ул Мусы Джалиля, д 21",https://alkeevsky--tat.sudrf.ru/,alkeevsky--tat.sudrf.ru,да,16RS0005
Республика Татарстан,Балтаси,Балтасинский,Балтасинский районный суд Республики Татарстан,RS,"Районный, городской, межрайонный суд","422250, Респ Татарстан, пгт Балтаси, ул В.Булатова, зд 24/4",https://baltasinsky--tat.sudrf.ru/,baltasinsky--tat.sudrf.ru,да,16RS0010
Республика Татарстан,Богатые Сабы,Сабинский,Сабинский районный суд Республики Татарстан,RS,"Районный, городской, межрайонный суд","422060, Респ Татарстан, пгт Богатые Сабы, ул Тукая, зд 12А",https://sabinsky--tat.sudrf.ru/,sabinsky--tat.sudrf.ru,да,16RS0027
Республика Татарстан,Болгар,Спасский,Спасский районный суд Республики Татарстан,RS,"Районный, городской, межрайонный суд","422840, Респ Татарстан, г Болгар, ул Горького, зд 16А",https://spassky--tat.sudrf.ru/,spassky--tat.sudrf.ru,да,16RS0029
Республика Татарстан,Большая Атня,Атнинский,Атнинский районный суд Республики Татарстан,RS,"Районный, городской, межрайонный суд","422750, Респ Татарстан, с Большая Атня, ул Б.Зиганшина, д 10",https://atninsky--tat.sudrf.ru/,atninsky--tat.sudrf.ru,да,16RS0008
Республика Татарстан,Большие Кайбицы,Кайбицкий,Кайбицкий районный суд Республики Татарстан,RS,"Районный, городской, межрайонный суд","422330, Респ Татарстан, с Большие Кайбицы, ул Солнечный бульвар, д 14",https://kaibicky--tat.sudrf.ru/,kaibicky--tat.sudrf.ru,да,16RS0015
Республика Татарстан,Бугульма,,Бугульминский городской суд Республики Татарстан,RS,"Районный, городской, межрайонный суд","423230, Респ Татарстан, г Бугульма, ул Владимира Ленина, д 18",https://bugulminsky--tat.sudrf.ru/,bugulminsky--tat.sudrf.ru,да,16RS0037
Республика Татарстан,Буинск,,Буинский городской суд Республики Татарстан,RS,"Районный, городской, межрайонный суд","422433, Респ Татарстан, г Буинск, ул Ленина, д 45",https://buinsky--tat.sudrf.ru/,buinsky--tat.sudrf.ru,да,16RS0011
Республика Татарстан,Верхний Услон,Верхнеуслонский,Верхнеуслонский районный суд Республики Татарстан,RS,"Районный, городской, межрайонный суд","422570, Респ Татарстан, с Верхний Услон, ул Советская, д 55",https://verhne-uslonsky--tat.sudrf.ru/,verhne-uslonsky--tat.sudrf.ru,да,16RS0012
Республика Татарстан,Елабуга,,Елабужский городской суд Республики Татарстан,RS,"Районный, городской, межрайонный суд","423603, Респ Татарстан, г Елабуга, ул Молодежная, д 18",https://elabuzhsky--tat.sudrf.ru/,elabuzhsky--tat.sudrf.ru,да,16RS0038
Республика Татарстан,Заинск,,Заинский городской суд Республики Татарстан,RS,"Районный, городской, межрайонный суд","423520, Респ Татарстан, г Заинск, пр-кт Нефтяников, д 27А",https://zainsky--tat.sudrf.ru/,zainsky--tat.sudrf.ru,да,16RS0039
Республика Татарстан,Зеленодольск,,Зеленодольский городской суд Республики Татарстан,RS,"Районный, городской, межрайонный суд","422545, Респ Татарстан, г Зеленодольск, ул Сайдашева, д 4",https://zelenodolsky--tat.sudrf.ru/,zelenodolsky--tat.sudrf.ru,да,16RS0040
Республика Татарстан,Казань,Авиастроительный,Авиастроительный районный суд г. Казани Республики Татарстан,RS,"Районный, городской, межрайонный суд","420127, г Казань, ул Чайковского, д 19",https://aviastroitelny--tat.sudrf.ru/,aviastroitelny--tat.sudrf.ru,да,16RS0045
Республика Татарстан,Казань,Вахитовский,Вахитовский районный суд г. Казани Республики Татарстан,RS,"Районный, городской, межрайонный суд","420043, г Казань, ул Лесгафта, д 33",https://vahitovsky--tat.sudrf.ru/,vahitovsky--tat.sudrf.ru,да,16RS0046
Республика Татарстан,Казань,,Верховный Суд Республики Татарстан,OS,Областной и равный ему суд,"420015, г Казань, ул Пушкина, д 72/2",https://vs--tat.sudrf.ru/,vs--tat.sudrf.ru,да,16OS0000
Республика Татарстан,Казань,Кировский,Кировский районный суд г. Казани Республики Татарстан,RS,"Районный, городской, межрайонный суд","420066, г Казань, ул Правосудия, д 4",https://kirovsky--tat.sudrf.ru/,kirovsky--tat.sudrf.ru,да,16RS0047
Республика Татарстан,Казань,Московский,Московский районный суд г. Казани Республики Татарстан,RS,"Районный, городской, межрайонный суд","420034, г Казань, ул Правосудия, д 2",https://moskovsky--tat.sudrf.ru/,moskovsky--tat.sudrf.ru,да,16RS0048
Республика Татарстан,Казань,Ново-Савиновский,Ново-Савиновский районный суд г. Казани Республики Татарстан,RS,"Районный, городской, межрайонный суд","420094, г Казань, ул Короленко, д 58А",https://novo-savinsky--tat.sudrf.ru/,novo-savinsky--tat.sudrf.ru,да,16RS0049
Республика Татарстан,Казань,Приволжский,Приволжский районный суд г. Казани Республики Татарстан,RS,"Районный, городской, межрайонный суд","420101, г Казань, ул Хусаина Мавлютова, д 50",https://privolzhsky--tat.sudrf.ru/,privolzhsky--tat.sudrf.ru,да,16RS0050
Республика Татарстан,Казань,Советский,Советский районный суд г. Казани Республики Татарстан,RS,"Районный, городской, межрайонный суд","420081, г Казань, ул Патриса Лумумбы, зд 48",https://sovetsky--tat.sudrf.ru/,sovetsky--tat.sudrf.ru,да,16RS0051
Республика Татарстан,Камское Устье,Камско-Устьинский,Камско-Устьинский районный суд Республики Татарстан,RS,"Районный, городской, межрайонный суд","422820, Респ Татарстан, пгт Камское Устье, ул Советская, зд 9",https://kamsko-ustinsky--tat.sudrf.ru/,kamsko-ustinsky--tat.sudrf.ru,да,16RS0016
Республика Татарстан,Кукмор,Кукморский,Кукморский районный суд Республики Татарстан,RS,"Районный, городской, межрайонный суд","422110, Респ Татарстан, г Кукмор, ул Октябрьская, д 2",https://kukmorsky--tat.sudrf.ru/,kukmorsky--tat.sudrf.ru,да,16RS0017
Республика Татарстан,Лаишево,Лаишевский,Лаишевский районный суд Республики Татарстан,RS,"Районный, городской, межрайонный суд","422610, Респ Татарстан, г Лаишево, ул Космонавтов, д 5",https://laishevsky--tat.sudrf.ru/,laishevsky--tat.sudrf.ru,да,16RS0018
Республика Татарстан,Лениногорск,,Лениногорский городской суд Республики Татарстан,RS,"Районный, городской, межрайонный суд","423251, Респ Татарстан, г Лениногорск, ул Агадуллина, д 12",https://leninogorsky--tat.sudrf.ru/,leninogorsky--tat.sudrf.ru,да,16RS0041
Республика Татарстан,Мамадыш,Мамадышский,Мамадышский районный суд Республики Татарстан,RS,"Районный, городской, межрайонный суд","422191, Респ Татарстан, г Мамадыш, ул Давыдова, д 38А",https://mamadyshsky--tat.sudrf.ru/,mamadyshsky--tat.sudrf.ru,да,16RS0019
Республика Татарстан,Менделеевск,Менделеевский,Менделеевский районный суд Республики Татарстан,RS,"Районный, городской, межрайонный суд","423650, Респ Татарстан, г Менделеевск, ул Пионерская, д 7",https://mendeleevsky--tat.sudrf.ru/,mendeleevsky--tat.sudrf.ru,да,16RS0020
Республика Татарстан,Мензелинск,Мензелинский,Мензелинский районный суд Республики Татарстан,RS,"Районный, городской, межрайонный суд","423702, Респ Татарстан, г Мензелинск, ул Изыскателей, зд 1/39",https://menzelinsky--tat.sudrf.ru/,menzelinsky--tat.sudrf.ru,да,16RS0021
Республика Татарстан,Муслюмово,Муслюмовский,Муслюмовский районный суд Республики Татарстан,RS,"Районный, городской, межрайонный суд","423970, Респ Татарстан, с Муслюмово, ул Пушкина, зд 28",https://musliumovsky--tat.sudrf.ru/,musliumovsky--tat.sudrf.ru,да,16RS0022
Республика Татарстан,Набережные Челны,,Набережночелнинский городской суд Республики Татарстан,RS,"Районный, городской, межрайонный суд","423827, Респ Татарстан, г Набережные Челны, ул 40 лет Победы, зд 102",https://naberezhno-chelninsky--tat.sudrf.ru/,naberezhno-chelninsky--tat.sudrf.ru,да,16RS0042
Республика Татарстан,Набережные Челны,Тукаевский,Тукаевский районный суд Республики Татарстан,RS,"Районный, городской, межрайонный суд","423800, Респ Татарстан, г Набережные Челны, наб им Габдуллы Тукая, зд 31А",https://tukaevsky--tat.sudrf.ru/,tukaevsky--tat.sudrf.ru,да,16RS0031
Республика Татарстан,Нижнекамск,,Нижнекамский городской суд Республики Татарстан,RS,"Районный, городской, межрайонный суд","423582, Респ Татарстан, г Нижнекамск, пр-кт Вахитова, зд 24",https://nizhnekamsky--tat.sudrf.ru/,nizhnekamsky--tat.sudrf.ru,да,16RS0043
Республика Татарстан,Новошешминск,Новошешминский,Новошешминский районный суд Республики Татарстан,RS,"Районный, городской, межрайонный суд","423190, Респ Татарстан, с Новошешминск, ул Ленина, влд 40",https://novosheshminsky--tat.sudrf.ru/,novosheshminsky--tat.sudrf.ru,да,16RS0023
Республика Татарстан,Нурлат,Нурлатский,Нурлатский районный суд Республики Татарстан,RS,"Районный, городской, межрайонный суд","423040, Респ Татарстан, г Нурлат, ул Г.Кариева, д 1В",https://nurlatsky--tat.sudrf.ru/,nurlatsky--tat.sudrf.ru,да,16RS0024
Республика Татарстан,Пестрецы,Пестречинский,Пестречинский районный суд Республики Татарстан,RS,"Районный, городской, межрайонный суд","422770, Респ Татарстан, с Пестрецы, ул Советская, д 16А",https://pestrechinsky--tat.sudrf.ru/,pestrechinsky--tat.sudrf.ru,да,16RS0025
Республика Татарстан,Рыбная Слобода,Рыбно-Слободский,Рыбно-Слободский районный суд Республики Татарстан,RS,"Районный, городской, межрайонный суд","422650, Респ Татарстан, пгт Рыбная Слобода, ул Советская, зд 64",https://rybno-slobodsky--tat.sudrf.ru/,rybno-slobodsky--tat.sudrf.ru,да,16RS0026
Республика Татарстан,Сарманово,Сармановский,Сармановский районный суд Республики Татарстан,RS,"Районный, городской, межрайонный суд","423350, Респ Татарстан, с Сарманово, ул В.Терешковой, д 6",https://sarmanovsky--tat.sudrf.ru/,sarmanovsky--tat.sudrf.ru,да,16RS0028
Республика Татарстан,Старое Дрожжаное,Дрожжановский,Дрожжановский районный суд Республики Татарстан,RS,"Районный, городской, межрайонный суд","422470, Респ Татарстан, с Старое Дрожжаное, ул С.Нафиева, зд 17",https://drozhanovsky--tat.sudrf.ru/,drozhanovsky--tat.sudrf.ru,да,16RS0014
Республика Татарстан,Тетюши,Тетюшский,Тетюшский районный суд Республики Татарстан,RS,"Районный, городской, межрайонный суд","422370, Респ Татарстан, г Тетюши, ул Некрасова, д 24",https://tetiushsky--tat.sudrf.ru/,tetiushsky--tat.sudrf.ru,да,16RS0030
Республика Татарстан,Тюлячи,Тюлячинский,Тюлячинский районный суд Республики Татарстан,RS,"Районный, городской, межрайонный суд","422080, Респ Татарстан, с Тюлячи, ул Садовая, зд 11",https://tiuliachinsky--tat.sudrf.ru/,tiuliachinsky--tat.sudrf.ru,да,16RS0032
Республика Татарстан,Уруссу,Ютазинский,Ютазинский районный суд Республики Татарстан,RS,"Районный, городской, межрайонный суд","423950, Респ Татарстан, пгт Уруссу, ул Альберта Шамкина, д 47",https://utazinsky--tat.sudrf.ru/,utazinsky--tat.sudrf.ru,да,16RS0034
Республика Татарстан,Черемшан,Черемшанский,Черемшанский районный суд Республики Татарстан,RS,"Районный, городской, межрайонный суд","423100, Респ Татарстан, с Черемшан, ул Советская, д 23",https://cheremshansky--tat.sudrf.ru/,cheremshansky--tat.sudrf.ru,да,16RS0033
Республика Татарстан,Чистополь,,Чистопольский городской суд Республики Татарстан,RS,"Районный, городской, межрайонный суд","422986, Респ Татарстан, г Чистополь, ул Энгельса, д 152Б",https://chistopolsky--tat.sudrf.ru/,chistopolsky--tat.sudrf.ru,да,16RS0044
Нижегородская область,Ардатов,Ардатовский,Ардатовский районный суд Нижегородской области,RS,"Районный, городской, межрайонный суд","607130, Нижегородская обл, рп Ардатов, ул Ленина, д 36",https://ardatovsky--nnov.sudrf.ru/,ardatovsky--nnov.sudrf.ru,да,52RS0019
Нижегородская область,Арзамас,,Арзамасский городской суд Нижегородской области,RS,"Районный, городской, межрайонный суд","607223, Нижегородская обл, г Арзамас, ул Владимирского, д 14",https://arzamassky--nnov.sudrf.ru/,arzamassky--nnov.sudrf.ru,да,52RS0009
Нижегородская область,Балахна,,Балахнинский городской суд Нижегородской области,RS,"Районный, городской, межрайонный суд","606400, Нижегородская обл, г Балахна, ул Энгельса, д 5А",https://balahninsky--nnov.sudrf.ru/,balahninsky--nnov.sudrf.ru,да,52RS0010
Нижегородская область,Богородск,,Богородский городской суд Нижегородской области,RS,"Районный, городской, межрайонный суд","607603, Нижегородская обл, г Богородск, ул Ванцетти, д 1",https://bogorodsky--nnov.sudrf.ru/,bogorodsky--nnov.sudrf.ru,да,52RS0011
Нижегородская область,Большое Болдино,Большеболдинский,Большеболдинский межрайонный суд Нижегородской области,RS,"Районный, городской, межрайонный суд","607940, Нижегородская обл, с Большое Болдино, ул Красная, влд 2",https://b-boldinsky--nnov.sudrf.ru/,b-boldinsky--nnov.sudrf.ru,да,52RS0020
Нижегородская область,Бор,,Борский городской суд Нижегородской области,RS,"Районный, городской, межрайонный суд","606440, Нижегородская обл, г Бор, ул Профсоюзная, д 3",https://borsky--nnov.sudrf.ru/,borsky--nnov.sudrf.ru,да,52RS0012
Нижегородская область,Варнавино,Варнавинский,Варнавинский районный суд Нижегородской области,RS,"Районный, городской, межрайонный суд","606760, Нижегородская обл, рп Варнавино, ул Комсомольская, д 15",https://varnavinsky--nnov.sudrf.ru/,varnavinsky--nnov.sudrf.ru,да,52RS0024
Нижегородская область,Вача,Вачский,Вачский межрайонный суд Нижегородской области,RS,"Районный, городской, межрайонный суд","606150, Нижегородская обл, рп Вача, ул Ленина, д 13",https://vachsky--nnov.sudrf.ru/,vachsky--nnov.sudrf.ru,да,52RS0025
Нижегородская область,Володарск,Володарский,Володарский районный суд Нижегородской области,RS,"Районный, городской, межрайонный суд","606072, Нижегородская обл, г Володарск, ул Центральная, зд 3",https://volodarsky--nnov.sudrf.ru/,volodarsky--nnov.sudrf.ru,да,52RS0028
Нижегородская область,Воротынец,Воротынский,Воротынский межрайонный суд Нижегородской области,RS,"Районный, городской, межрайонный суд","606260, Нижегородская обл, рп Воротынец, ул Космонавтов, д 6",https://vorotinsky--nnov.sudrf.ru/,vorotinsky--nnov.sudrf.ru,да,52RS0029
Нижегородская область,Выкса,,Выксунский городской суд Нижегородской области,RS,"Районный, городской, межрайонный суд","607060, Нижегородская обл, г Выкса, ул Ленина, стр 4",https://viksunsky--nnov.sudrf.ru/,viksunsky--nnov.sudrf.ru,да,52RS0013
Нижегородская область,Городец,,Городецкий городской суд Нижегородской области,RS,"Районный, городской, межрайонный суд","606502, Нижегородская обл, г Городец, пл Пролетарская, д 21А",https://gorodecsky--nnov.sudrf.ru/,gorodecsky--nnov.sudrf.ru,да,52RS0014
Нижегородская область,Дальнее Константиново,Дальнеконстантиновский,Дальнеконстантиновский районный суд Нижегородской области,RS,"Районный, городской, межрайонный суд","606310, Нижегородская обл, рп Дальнее Константиново, ул Советская, д 103",https://d-konstantinovsky--nnov.sudrf.ru/,d-konstantinovsky--nnov.sudrf.ru,да,52RS0033
Нижегородская область,Дзержинск,,Дзержинский городской суд Нижегородской области,RS,"Районный, городской, межрайонный суд","606023, Нижегородская обл, г Дзержинск, ул Гайдара, д 10",https://dzerginsky--nnov.sudrf.ru/,dzerginsky--nnov.sudrf.ru,да,52RS0015
Нижегородская область,Дивеево,Дивеевский,Дивеевский межрайонный суд Нижегородской области,RS,"Районный, городской, межрайонный суд","607320, Нижегородская обл, с Дивеево, ул Южная, д 16",https://diveevsky--nnov.sudrf.ru/,diveevsky--nnov.sudrf.ru,да,52RS0032
Нижегородская область,Княгинино,Княгининский,Княгининский межрайонный суд Нижегородской области,RS,"Районный, городской, межрайонный суд","606340, Нижегородская обл, г Княгинино, пер Красноармейский, зд 7",https://knyagininsky--nnov.sudrf.ru/,knyagininsky--nnov.sudrf.ru,да,52RS0037
Нижегородская область,Ковернино,Ковернинский,Ковернинский межрайонный суд Нижегородской области,RS,"Районный, городской, межрайонный суд","606570, Нижегородская обл, рп Ковернино, ул Карла Маркса, зд 30",https://koverninsky--nnov.sudrf.ru/,koverninsky--nnov.sudrf.ru,да,52RS0036
Нижегородская область,Красные Баки,Краснобаковский,Краснобаковский межрайонный суд Нижегородской области,RS,"Районный, городской, межрайонный суд","606710, Нижегородская обл, рп Красные Баки, ул Луговая, зд 30",https://kr-bakovsky--nnov.sudrf.ru/,kr-bakovsky--nnov.sudrf.ru,да,52RS0034
Нижегородская область,Кулебаки,,Кулебакский городской суд Нижегородской области,RS,"Районный, городской, межрайонный суд","607010, Нижегородская обл, г Кулебаки, пл Ленина, д 4",https://kulebaksky--nnov.sudrf.ru/,kulebaksky--nnov.sudrf.ru,да,52RS0017
Нижегородская область,Лукоянов,Лукояновский,Лукояновский районный суд Нижегородской области,RS,"Районный, городской, межрайонный суд","607800, Нижегородская обл, г Лукоянов, пл Мира, д 5А",https://lukoyanovsky--nnov.sudrf.ru/,lukoyanovsky--nnov.sudrf.ru,да,52RS0038
Нижегородская область,Лысково,Лысковский,Лысковский районный суд Нижегородской области,RS,"Районный, городской, межрайонный суд","606210, Нижегородская обл, г Лысково, ул Ленина, д 42",https://liskovsky--nnov.sudrf.ru/,liskovsky--nnov.sudrf.ru,да,52RS0039
Нижегородская область,Навашино,Навашинский,Навашинский районный суд Нижегородской области,RS,"Районный, городской, межрайонный суд","607100, Нижегородская обл, г Навашино, ул Трудовая, д 8",https://navashinsky--nnov.sudrf.ru/,navashinsky--nnov.sudrf.ru,да,52RS0040
Нижегородская область,Нижний Новгород,Автозаводский,Автозаводский районный суд г. Нижний Новгород,RS,"Районный, городской, межрайонный суд","603043, Нижегородская обл, г Нижний Новгород, пр-кт Октября, д 28",https://avtozavodsky--nnov.sudrf.ru/,avtozavodsky--nnov.sudrf.ru,да,52RS0001
Нижегородская область,Нижний Новгород,Канавинский,Канавинский районный суд г. Нижний Новгород,RS,"Районный, городской, межрайонный суд","603059, Нижегородская обл, г Нижний Новгород, ул Июльских Дней, д 2",https://kanavinsky--nnov.sudrf.ru/,kanavinsky--nnov.sudrf.ru,да,52RS0002
Нижегородская область,Нижний Новгород,,Кстовский городской суд Нижегородской области,RS,"Районный, городской, межрайонный суд","607650, Нижегородская обл, г Нижний Новгород, г Кстово, пл Ленина, д 8",https://kstovsky--nnov.sudrf.ru/,kstovsky--nnov.sudrf.ru,да,52RS0016
Нижегородская область,Нижний Новгород,Ленинский,Ленинский районный суд г. Нижний Новгород,RS,"Районный, городской, межрайонный суд","603076, Нижегородская обл, г Нижний Новгород, ул Космонавта Комарова, д 10А",https://leninsky--nnov.sudrf.ru/,leninsky--nnov.sudrf.ru,да,52RS0003
Нижегородская область,Нижний Новгород,Московский,Московский районный суд г. Нижний Новгород,RS,"Районный, городской, межрайонный суд","603079, Нижегородская обл, г Нижний Новгород, ш Московское, д 111",https://moskovsky--nnov.sudrf.ru/,moskovsky--nnov.sudrf.ru,да,52RS0004
Нижегородская область,Нижний Новгород,,Нижегородский областной суд,OS,Областной и равный ему суд,"603022, Нижегородская обл, г Нижний Новгород, ул Студенческая, д 23",https://nnoblsud.ru/,nnoblsud.ru,нет,52OS0000
Нижегородская область,Нижний Новгород,Нижегородский,Нижегородский районный суд г.Нижний Новгород,RS,"Районный, городской, межрайонный суд","603000, Нижегородская обл, г Нижний Новгород, ул Большая Покровская, д 17",https://nizegorodsky--nnov.sudrf.ru/,nizegorodsky--nnov.sudrf.ru,да,52RS0005
Нижегородская область,Нижний Новгород,Приокский,Приокский районный суд г. Нижний Новгород,RS,"Районный, городской, межрайонный суд","603950, Нижегородская обл., г. Нижний Новгород, ГСП-258, пр. Гагарина, д. 158",https://prioksky--nnov.sudrf.ru/,prioksky--nnov.sudrf.ru,да,52RS0008
Нижегородская область,Нижний Новгород,Советский,Советский районный суд г. Нижний Новгород,RS,"Районный, городской, межрайонный суд","603950, Нижегородская обл., г. Нижний Новгород, ГСП-146, ул. Бекетова, д. 75",https://sovetsky--nnov.sudrf.ru/,sovetsky--nnov.sudrf.ru,да,52RS0007
Нижегородская область,Нижний Новгород,Сормовский,Сормовский районный суд г. Нижний Новгород,RS,"Районный, городской, межрайонный суд","603096, Нижегородская обл, г Нижний Новгород, ул Станиславского, д 29",https://sormovsky--nnov.sudrf.ru/,sormovsky--nnov.sudrf.ru,да,52RS0006
Нижегородская область,Нижний Новгород,,Четвертый апелляционный суд общей юрисдикции,AJ,Апелляционный суд общей юрисдикции,"603022, Нижегородская обл, г Нижний Новгород, пр-кт Гагарина, д 17А, помещ П1",https://4ap.sudrf.ru/,4ap.sudrf.ru,да,52AJ0004
Нижегородская область,Павлово,,Павловский городской суд Нижегородской области,RS,"Районный, городской, межрайонный суд","606100, Нижегородская обл, г Павлово, ул Шмидта, д 10",https://pavlovsky--nnov.sudrf.ru/,pavlovsky--nnov.sudrf.ru,да,52RS0018
Нижегородская область,Перевоз,Перевозский,Перевозский межрайонный суд Нижегородской области,RS,"Районный, городской, межрайонный суд","607400, Нижегородская обл, г Перевоз, ул Советская, д 19",https://perevozsky--nnov.sudrf.ru/,perevozsky--nnov.sudrf.ru,да,52RS0041
Нижегородская область,Пильна,Пильнинский,Пильнинский межрайонный суд Нижегородской области,RS,"Районный, городской, межрайонный суд","607490, Нижегородская обл, рп Пильна, ул Урицкого, д 8",https://pilninsky--nnov.sudrf.ru/,pilninsky--nnov.sudrf.ru,да,52RS0043
Нижегородская область,Починки,Починковский,Починковский районный суд Нижегородской области,RS,"Районный, городской, межрайонный суд","607910, Нижегородская обл, с Починки, пл Ленина, д 2",https://pochinkovsky--nnov.sudrf.ru/,pochinkovsky--nnov.sudrf.ru,да,52RS0044
Нижегородская область,Саров,,Саровский городской суд Нижегородской области,RS,"Районный, городской, межрайонный суд","607188, Нижегородская обл, г Саров, пр-кт Мира, д 13",https://sarovsky--nnov.sudrf.ru/,sarovsky--nnov.sudrf.ru,да,52RS0045
Нижегородская область,Семенов,Семеновский,Семеновский районный суд Нижегородской области,RS,"Районный, городской, межрайонный суд","606650, Нижегородская обл, г Семенов, пл Ленина, д 1",https://semenovsky--nnov.sudrf.ru/,semenovsky--nnov.sudrf.ru,да,52RS0047
Нижегородская область,Сергач,Сергачский,Сергачский межрайонный суд Нижегородской области,RS,"Районный, городской, межрайонный суд","607510, Нижегородская обл, г Сергач, ул Гайдара, д 11",https://sergachsky--nnov.sudrf.ru/,sergachsky--nnov.sudrf.ru,да,52RS0048
Нижегородская область,Тоншаево,Тоншаевский,Тоншаевский районный суд Нижегородской области,RS,"Районный, городской, межрайонный суд","606950, Нижегородская обл, рп Тоншаево, пл Мира, д 1",https://tonshaevsky--nnov.sudrf.ru/,tonshaevsky--nnov.sudrf.ru,да,52RS0052
Нижегородская область,Урень,Уренский,Уренский районный суд Нижегородской области,RS,"Районный, городской, межрайонный суд","606800, Нижегородская обл, г Урень, ул Советская, д 29",https://urensky--nnov.sudrf.ru/,urensky--nnov.sudrf.ru,да,52RS0053
Нижегородская область,Чкаловск,Чкаловский,Чкаловский районный суд Нижегородской области,RS,"Районный, городской, межрайонный суд","606540, Нижегородская обл, г Чкаловск, ул Комсомольская, д 23",https://chkalovsky--nnov.sudrf.ru/,chkalovsky--nnov.sudrf.ru,да,52RS0054
Нижегородская область,Шаранга,Шарангский,Шарангский межрайонный суд Нижегородской области,RS,"Районный, городской, межрайонный суд","606840, Нижегородская обл, рп Шаранга, ул Ленина, д 37",https://sharangsky--nnov.sudrf.ru/,sharangsky--nnov.sudrf.ru,да,52RS0057
Нижегородская область,Шатки,Шатковский,Шатковский районный суд Нижегородской области,RS,"Районный, городской, межрайонный суд","607700, Нижегородская обл, рп Шатки, ул Коммунальная, д 1А",https://shatkovsky--nnov.sudrf.ru/,shatkovsky--nnov.sudrf.ru,да,52RS0055
Нижегородская область,Шахунья,Шахунский,Шахунский межрайонный суд Нижегородской области,RS,"Районный, городской, межрайонный суд","606910, Нижегородская обл, г Шахунья, ул Советская, д 8",https://shahunsky--nnov.sudrf.ru/,shahunsky--nnov.sudrf.ru,да,52RS0058
Республика Башкортостан,Аскарово,Абзелиловский,Абзелиловский районный суд Республики Башкортостан,RS,"Районный, городской, межрайонный суд","453620, Респ Башкортостан, с Аскарово, ул Коммунистическая, д 16",https://abzelilovsky--bkr.sudrf.ru/,abzelilovsky--bkr.sudrf.ru,да,03RS0019
Республика Башкортостан,Баймак,Баймакский,Баймакский районный суд Республики Башкортостан,RS,"Районный, городской, межрайонный суд","453630, Респ Башкортостан, г Баймак, ул Революционная, д 27",https://baimaksky--bkr.sudrf.ru/,baimaksky--bkr.sudrf.ru,да,03RS0024
Республика Башкортостан,Белебей,,Белебеевский городской суд Республики Башкортостан,RS,"Районный, городской, межрайонный суд","452005, Респ Башкортостан, г Белебей, ул Пионерская, зд 46",https://belebeevsky--bkr.sudrf.ru/,belebeevsky--bkr.sudrf.ru,да,03RS0009
Республика Башкортостан,Белорецк,Белорецкий,Белорецкий межрайонный суд Республики Башкортостан,RS,"Районный, городской, межрайонный суд","453509, Респ Башкортостан, г Белорецк, ул Пушкина, д 61",https://belorecky--bkr.sudrf.ru/,belorecky--bkr.sudrf.ru,да,03RS0010
Республика Башкортостан,Бижбуляк,Бижбулякский,Бижбулякский межрайонный суд Республики Башкортостан,RS,"Районный, городской, межрайонный суд","452040, Респ Башкортостан, с Бижбуляк, ул Советская, д 33",https://bizhbuliaksky--bkr.sudrf.ru/,bizhbuliaksky--bkr.sudrf.ru,да,03RS0030
Республика Башкортостан,Бирск,Бирский,Бирский межрайонный суд Республики Башкортостан,RS,"Районный, городской, межрайонный суд","452450, Респ Башкортостан, г Бирск, ул Коммунистическая, д 29",https://birsky--bkr.sudrf.ru/,birsky--bkr.sudrf.ru,да,03RS0032
Республика Башкортостан,Благовещенск,Благовещенский,Благовещенский районный суд Республики Башкортостан,RS,"Районный, городской, межрайонный суд","453431, Респ Башкортостан, г Благовещенск, ул Комарова, д 21/2",https://blagoveschensky--bkr.sudrf.ru/,blagoveschensky--bkr.sudrf.ru,да,03RS0033
Республика Башкортостан,Верхнеяркеево,Илишевский,Илишевский районный суд Республики Башкортостан,RS,"Районный, городской, межрайонный суд","452260, Респ Башкортостан, с Верхнеяркеево, ул Куйбышева, д 104/3",https://ilishevsky--bkr.sudrf.ru/,ilishevsky--bkr.sudrf.ru,да,03RS0045
Республика Башкортостан,Давлеканово,Давлекановский,Давлекановский районный суд Республики Башкортостан,RS,"Районный, городской, межрайонный суд","453403, Респ Башкортостан, г Давлеканово, ул Садовая, д 19",https://davlekanovsky--bkr.sudrf.ru/,davlekanovsky--bkr.sudrf.ru,да,03RS0038
Республика Башкортостан,Дюртюли,Дюртюлинский,Дюртюлинский районный суд Республики Башкортостан,RS,"Районный, городской, межрайонный суд","452320, Респ Башкортостан, г Дюртюли, ул Седова, зд 22",https://diurtiulinsky--bkr.sudrf.ru/,diurtiulinsky--bkr.sudrf.ru,да,03RS0040
Республика Башкортостан,Зилаир,Зилаирский,Зилаирский межрайонный суд Республики Башкортостан,RS,"Районный, городской, межрайонный суд","453680, Респ Башкортостан, с Зилаир, ул Ленина, д 35",https://zilairsky--bkr.sudrf.ru/,zilairsky--bkr.sudrf.ru,да,03RS0043
Республика Башкортостан,Иглино,Иглинский,Иглинский межрайонный суд Республики Башкортостан,RS,"Районный, городской, межрайонный суд","452410, Респ Башкортостан, с Иглино, ул Ленина, д 97",https://iglinsky--bkr.sudrf.ru/,iglinsky--bkr.sudrf.ru,да,03RS0044
Республика Башкортостан,Ишимбай,,Ишимбайский городской суд Республики Башкортостан,RS,"Районный, городской, межрайонный суд","453205, Респ Башкортостан, г Ишимбай, ул Губкина, д 52А",https://ishimbaisky--bkr.sudrf.ru/,ishimbaisky--bkr.sudrf.ru,да,03RS0011
Республика Башкортостан,Караидель,Караидельский,Караидельский межрайонный суд Республики Башкортостан,RS,"Районный, городской, межрайонный суд","452360, Респ Башкортостан, с Караидель, ул Романова, д 16",https://karaidelsky--bkr.sudrf.ru/,karaidelsky--bkr.sudrf.ru,да,03RS0047
Республика Башкортостан,Кармаскалы,Кармаскалинский,Кармаскалинский межрайонный суд Республики Башкортостан,RS,"Районный, городской, межрайонный суд","453020, Респ Башкортостан, с Кармаскалы, ул Кирова, д 36",https://karmaskalinsky--bkr.sudrf.ru/,karmaskalinsky--bkr.sudrf.ru,да,03RS0048
Республика Башкортостан,Красноусольский,Гафурийский,Гафурийский межрайонный суд Республики Башкортостан,RS,"Районный, городской, межрайонный суд","453050, Респ Башкортостан, с Красноусольский, ул Коммунистическая, д 25",https://gafuriysky--bkr.sudrf.ru/,gafuriysky--bkr.sudrf.ru,да,03RS0037
Республика Башкортостан,Кумертау,Кумертауский,Кумертауский межрайонный суд Республики Башкортостан,RS,"Районный, городской, межрайонный суд","453300, Респ Башкортостан, г Кумертау, ул 40 лет Победы, д 38, кв 1",https://kumertauskiy--bkr.sudrf.ru/,kumertauskiy--bkr.sudrf.ru,да,03RS0012
Республика Башкортостан,Кушнаренково,Кушнаренковский,Кушнаренковский районный суд Республики Башкортостан,RS,"Районный, городской, межрайонный суд","452230, Респ Башкортостан, с Кушнаренково, ул Октябрьская, зд 62",https://kushnarenkovsky--bkr.sudrf.ru/,kushnarenkovsky--bkr.sudrf.ru,да,03RS0053
Республика Башкортостан,Малояз,Салаватский,Салаватский межрайонный суд Республики Башкортостан,RS,"Районный, городской, межрайонный суд","452490, Респ Башкортостан, с Малояз, ул Советская, зд 60",https://salavatskiy--bkr.sudrf.ru/,salavatskiy--bkr.sudrf.ru,да,03RS0059
Республика Башкортостан,Мелеуз,Мелеузовский,Мелеузовский районный суд Республики Башкортостан,RS,"Районный, городской, межрайонный суд","453856, Респ Башкортостан, г Мелеуз, ул Советская, д 3",https://meleuzovsky--bkr.sudrf.ru/,meleuzovsky--bkr.sudrf.ru,да,03RS0054
Республика Башкортостан,Мраково,Кугарчинский,Кугарчинский межрайонный суд Республики Башкортостан,RS,"Районный, городской, межрайонный суд","453330, Респ Башкортостан, с Мраково, ул Ленина, д 9",https://kugarchinsky--bkr.sudrf.ru/,kugarchinsky--bkr.sudrf.ru,да,03RS0051
Республика Башкортостан,Нефтекамск,,Нефтекамский городской суд Республики Башкортостан,RS,"Районный, городской, межрайонный суд","452680, Респ Башкортостан, г Нефтекамск, ул Нефтяников, зд 28",https://neftekamsky--bkr.sudrf.ru/,neftekamsky--bkr.sudrf.ru,да,03RS0013
Республика Башкортостан,Николо-Березовка,Краснокамский,Краснокамский межрайонный суд Республики Башкортостан,RS,"Районный, городской, межрайонный суд","452930, Респ Башкортостан, с Николо-Березовка, ул Карла Маркса, д 8",https://krasnokamsky--bkr.sudrf.ru/,krasnokamsky--bkr.sudrf.ru,да,03RS0049
Республика Башкортостан,Новобелокатай,Белокатайский,Белокатайский межрайонный суд Республики Башкортостан,RS,"Районный, городской, межрайонный суд","452580, Респ Башкортостан, с Новобелокатай, ул Школьная, д 20",https://belokataisky--bkr.sudrf.ru/,belokataisky--bkr.sudrf.ru,да,03RS0028
Республика Башкортостан,Октябрьский,,Октябрьский городской суд Республики Башкортостан,RS,"Районный, городской, межрайонный суд","452607, Респ Башкортостан, г Октябрьский, ул Девонская, д 12",https://oktabrsky--bkr.sudrf.ru/,oktabrsky--bkr.sudrf.ru,да,03RS0014
Республика Башкортостан,Раевский,Альшеевский,Альшеевский районный суд Республики Башкортостан,RS,"Районный, городской, межрайонный суд","452120, Респ Башкортостан, с Раевский, ул Свободы, д 100/2",https://alsheevsky--bkr.sudrf.ru/,alsheevsky--bkr.sudrf.ru,да,03RS0020
Республика Башкортостан,Салават,,Салаватский городской суд Республики Башкортостан,RS,"Районный, городской, межрайонный суд","453265, Респ Башкортостан, г Салават, ул Губкина, д 16",https://salavatsky--bkr.sudrf.ru/,salavatsky--bkr.sudrf.ru,да,03RS0015
Республика Башкортостан,Сибай,,Сибайский городской суд Республики Башкортостан,RS,"Районный, городской, межрайонный суд","453830, Респ Башкортостан, г Сибай, ул Цеткин, зд 1/2",https://sibaisky--bkr.sudrf.ru/,sibaisky--bkr.sudrf.ru,да,03RS0016
Республика Башкортостан,Старобалтачево,Балтачевский,Балтачевский межрайонный суд Республики Башкортостан,RS,"Районный, городской, межрайонный суд","452980, Респ Башкортостан, с Старобалтачево, ул Кирова, зд 3",https://baltachevsky--bkr.sudrf.ru/,baltachevsky--bkr.sudrf.ru,да,03RS0025
Республика Башкортостан,Стерлибашево,Стерлибашевский,Стерлибашевский межрайонный суд Республики Башкортостан,RS,"Районный, городской, межрайонный суд","453180, Респ Башкортостан, с Стерлибашево, ул Ленина, зд 109",https://sterlibashevsky--bkr.sudrf.ru/,sterlibashevsky--bkr.sudrf.ru,да,03RS0060
Республика Башкортостан,Стерлитамак,,Стерлитамакский городской суд Республики Башкортостан,RS,"Районный, городской, межрайонный суд","453126, Респ Башкортостан, г Стерлитамак, ул Вокзальная, д 1А",https://sterlitamaksky--bkr.sudrf.ru/,sterlitamaksky--bkr.sudrf.ru,да,03RS0017
Республика Башкортостан,Туймазы,Туймазинский,Туймазинский межрайонный суд Республики Башкортостан,RS,"Районный, городской, межрайонный суд","452750, Респ Башкортостан, г Туймазы, ул Пугачева, зд 10",https://tuimazinsky--bkr.sudrf.ru/,tuimazinsky--bkr.sudrf.ru,да,03RS0063
Республика Башкортостан,Уфа,,Верховный Суд Республики Башкортостан,OS,Областной и равный ему суд,"450002, г Уфа, ул Пушкина, д 88/1",https://vs--bkr.sudrf.ru/,vs--bkr.sudrf.ru,да,03OS0000
Республика Башкортостан,Уфа,Демский,Демский районный суд г. Уфы Республики Башкортостан,RS,"Районный, городской, межрайонный суд","450024, г Уфа, ул Правды, д 2 к 1",https://demsky--bkr.sudrf.ru/,demsky--bkr.sudrf.ru,да,03RS0001
Республика Башкортостан,Уфа,Калининский,Калининский районный суд г. Уфы Республики Башкортостан,RS,"Районный, городской, межрайонный суд","450043, г Уфа, ул Георгия Мушникова, д 11/1",https://kalininsky--bkr.sudrf.ru/,kalininsky--bkr.sudrf.ru,да,03RS0002
Республика Башкортостан,Уфа,Кировский,Кировский районный суд г. Уфы Республики Башкортостан,RS,"Районный, городской, межрайонный суд","450008, г Уфа, ул Александра Матросова, д 1",https://kirovsky--bkr.sudrf.ru/,kirovsky--bkr.sudrf.ru,да,03RS0003
Республика Башкортостан,Уфа,Ленинский,Ленинский районный суд г. Уфы Республики Башкортостан,RS,"Районный, городской, межрайонный суд","450076, г Уфа, ул Аксакова, д 71",https://leninsky--bkr.sudrf.ru/,leninsky--bkr.sudrf.ru,да,03RS0004
Республика Башкортостан,Уфа,Октябрьский,Октябрьский районный суд г. Уфы Республики Башкортостан,RS,"Районный, городской, межрайонный суд","450096, г Уфа, ул Шафиева, д 27 к 2",https://oktiabrsky--bkr.sudrf.ru/,oktiabrsky--bkr.sudrf.ru,да,03RS0005
Республика Башкортостан,Уфа,Орджоникидзевский,Орджоникидзевский районный суд г. Уфы Республики Башкортостан,RS,"Районный, городской, межрайонный суд","450112, г Уфа, ул Ульяновых, д 51",https://ordjonikidzovsky--bkr.sudrf.ru/,ordjonikidzovsky--bkr.sudrf.ru,да,03RS0006
Республика Башкортостан,Уфа,Советский,Советский районный суд г. Уфы Республики Башкортостан,RS,"Районный, городской, межрайонный суд","450059, г Уфа, ул Большая Гражданская, д 24",https://sovetsky--bkr.sudrf.ru/,sovetsky--bkr.sudrf.ru,да,03RS0007
Республика Башкортостан,Уфа,Уфимский,Уфимский районный суд Республики Башкортостан,RS,"Районный, городской, межрайонный суд","450103, г Уфа, ул Сочинская, д 12",https://ufimsky--bkr.sudrf.ru/,ufimsky--bkr.sudrf.ru,да,03RS0064
Республика Башкортостан,Учалы,Учалинский,Учалинский районный суд Республики Башкортостан,RS,"Районный, городской, межрайонный суд","453700, Респ Башкортостан, г Учалы, ул Ленина, д 12",https://uchalinsky--bkr.sudrf.ru/,uchalinsky--bkr.sudrf.ru,да,03RS0065
Республика Башкортостан,Чекмагуш,Чекмагушевский,Чекмагушевский межрайонный суд Республики Башкортостан,RS,"Районный, городской, межрайонный суд","452200, Респ Башкортостан, с Чекмагуш, ул Салавата, д 1",https://chekmagushevsky--bkr.sudrf.ru/,chekmagushevsky--bkr.sudrf.ru,да,03RS0068
Республика Башкортостан,Чишмы,Чишминский,Чишминский районный суд Республики Башкортостан,RS,"Районный, городской, межрайонный суд","452170, Респ Башкортостан, рп Чишмы, ул Первомайская, д 26",https://chishmilinsky--bkr.sudrf.ru/,chishmilinsky--bkr.sudrf.ru,да,03RS0069
Республика Башкортостан,Языково,Благоварский,Благоварский межрайонный суд Республики Башкортостан,RS,"Районный, городской, межрайонный суд","452740, Респ Башкортостан, с Языково, ул Пушкина, зд 15",https://blagovarsky--bkr.sudrf.ru/,blagovarsky--bkr.sudrf.ru,да,03RS0031
Республика Башкортостан,Янаул,Янаульский,Янаульский районный суд Республики Башкортостан,RS,"Районный, городской, межрайонный суд","452800, Респ Башкортостан, г Янаул, ул Крестьянская, д 18",https://yanaulsky--bkr.sudrf.ru/,yanaulsky--bkr.sudrf.ru,да,03RS0071
Оренбургская область,Абдулино,Абдулинский,Абдулинский районный суд Оренбургской области,RS,"Районный, городской, межрайонный суд","461743, Оренбургская обл, г Абдулино, ул Советская, д 187",https://abdulinsky--orb.sudrf.ru/,abdulinsky--orb.sudrf.ru,да,56RS0005
Оренбургская область,Адамовка,Адамовский,Адамовский районный суд Оренбургской области,RS,"Районный, городской, межрайонный суд","462830, Оренбургская обл, п Адамовка, пер Тупой, д 18",https://adamovsky--orb.sudrf.ru/,adamovsky--orb.sudrf.ru,да,56RS0001
Оренбургская область,Акбулак,Акбулакский,Акбулакский районный суд Оренбургской области,RS,"Районный, городской, межрайонный суд","461550, Оренбургская обл, п Акбулак, ул Юбилейная, зд 1",https://akbulaksky--orb.sudrf.ru/,akbulaksky--orb.sudrf.ru,да,56RS0003
Оренбургская область,Александровка,Александровский,Александровский районный суд Оренбургской области,RS,"Районный, городской, межрайонный суд","461830, Оренбургская обл, с Александровка, ул Мичурина, зд 36",https://aleksandrovsky--orb.sudrf.ru/,aleksandrovsky--orb.sudrf.ru,да,56RS0004
Оренбургская область,Беляевка,Беляевский,Беляевский районный суд Оренбургской области,RS,"Районный, городской, межрайонный суд","461330, Оренбургская обл, с Беляевка, ул Советская, д 61А",https://belyaevsky--orb.sudrf.ru/,belyaevsky--orb.sudrf.ru,да,56RS0006
Оренбургская область,Бугуруслан,Бугурусланский,Бугурусланский районный суд Оренбургской области,RS,"Районный, городской, межрайонный суд","461630, Оренбургская обл, г Бугуруслан, ул Ленинградская, зд 64",https://buguruslansky--orb.sudrf.ru/,buguruslansky--orb.sudrf.ru,да,56RS0007
Оренбургская область,Бузулук,Бузулукский,Бузулукский районный суд Оренбургской области,RS,"Районный, городской, межрайонный суд","461050, Оренбургская обл, г Бузулук, мкр 3-й, д 6А",https://buzuluksky--orb.sudrf.ru/,buzuluksky--orb.sudrf.ru,да,56RS0008
Оренбургская область,Гай,,Гайский городской суд Оренбургской области,RS,"Районный, городской, межрайонный суд","462631, Оренбургская обл, г Гай, ул Ленина, зд 26",https://gaysky--orb.sudrf.ru/,gaysky--orb.sudrf.ru,да,56RS0010
Оренбургская область,Домбаровский,Домбаровский,Домбаровский районный суд Оренбургской области,RS,"Районный, городской, межрайонный суд","462734, Оренбургская обл, п Домбаровский, ул Осипенко, д 14",https://dombarovsky--orb.sudrf.ru/,dombarovsky--orb.sudrf.ru,да,56RS0013
Оренбургская область,Илек,Илекский,Илекский районный суд Оренбургской области,RS,"Районный, городской, межрайонный суд","461350, Оренбургская обл, с Илек, ул Чапаевская, д 53",https://ileksky--orb.sudrf.ru/,ileksky--orb.sudrf.ru,да,56RS0012
Оренбургская область,Кваркено,Кваркенский,Кваркенский районный суд Оренбургской области,RS,"Районный, городской, межрайонный суд","462860, Оренбургская обл, с Кваркено, ул Ленина, д 17",https://kvarkensky--orb.sudrf.ru/,kvarkensky--orb.sudrf.ru,да,56RS0017
Оренбургская область,Кувандык,Кувандыкский,Кувандыкский районный суд Оренбургской области,RS,"Районный, городской, межрайонный суд","462241, Оренбургская обл, г Кувандык, ул Фестивальная, зд 4",https://kuvandyksky--orb.sudrf.ru/,kuvandyksky--orb.sudrf.ru,да,56RS0015
Оренбургская область,Медногорск,,Медногорский городской суд Оренбургской области,RS,"Районный, городской, межрайонный суд","462274, Оренбургская обл, г Медногорск, ул Южная, д 2",https://mednogorsky--orb.sudrf.ru/,mednogorsky--orb.sudrf.ru,да,56RS0021
Оренбургская область,Новоорск,Новоорский,Новоорский районный суд Оренбургской области,RS,"Районный, городской, межрайонный суд","462800, Оренбургская обл, п Новоорск, ул Рабочая, д 18А",https://novoorsky--orb.sudrf.ru/,novoorsky--orb.sudrf.ru,да,56RS0022
Оренбургская область,Новосергиевка,Новосергиевский,Новосергиевский районный суд Оренбургской области,RS,"Районный, городской, межрайонный суд","461200, Оренбургская обл, п Новосергиевка, пр-кт Калинина, д 114",https://novosergievsky--orb.sudrf.ru/,novosergievsky--orb.sudrf.ru,да,56RS0024
Оренбургская область,Новотроицк,,Новотроицкий городской суд Оренбургской области,RS,"Районный, городской, межрайонный суд","462360, Оренбургская обл, г Новотроицк, ул Марии Корецкой, д 31А",https://novotroitsky--orb.sudrf.ru/,novotroitsky--orb.sudrf.ru,да,56RS0023
Оренбургская область,Оренбург,Дзержинский,Дзержинский районный суд г. Оренбурга,RS,"Районный, городской, межрайонный суд","460019, г Оренбург, ш Шарлыкское, д 1",https://dzerzhinsky--orb.sudrf.ru/,dzerzhinsky--orb.sudrf.ru,да,56RS0009
Оренбургская область,Оренбург,Ленинский,Ленинский районный суд г. Оренбурга,RS,"Районный, городской, межрайонный суд","460006, г Оренбург, ул Постникова, д 15",https://leninsky--orb.sudrf.ru/,leninsky--orb.sudrf.ru,да,56RS0018
Оренбургская область,Оренбург,,Оренбургский областной суд,OS,Областной и равный ему суд,"460006, г Оренбург, ул Комсомольская, д 52",https://oblsud--orb.sudrf.ru/,oblsud--orb.sudrf.ru,да,56OS0000
Оренбургская область,Оренбург,Оренбургский,Оренбургский районный суд Оренбургской области,RS,"Районный, городской, межрайонный суд","460037, г Оренбург, ул Путепроводная, зд 11Б",https://orenburgsky--orb.sudrf.ru/,orenburgsky--orb.sudrf.ru,да,56RS0027
Оренбургская область,Оренбург,Промышленный,Промышленный районный суд г. Оренбурга,RS,"Районный, городской, межрайонный суд","460004, г Оренбург, ул Интернациональная, д 1",https://promyshleny--orb.sudrf.ru/,promyshleny--orb.sudrf.ru,да,56RS0030
Оренбургская область,Оренбург,Центральный,Центральный районный суд г. Оренбурга,RS,"Районный, городской, межрайонный суд","460048, г Оренбург, ул Монтажников, д 9",https://centralny--orb.sudrf.ru/,centralny--orb.sudrf.ru,да,56RS0042
Оренбургская область,Орск,Ленинский,Ленинский районный суд г. Орска Оренбургской области,RS,"Районный, городской, межрайонный суд","462403, Оренбургская обл, г Орск, ул Школьная, д 8А",https://leninskyorsk--orb.sudrf.ru/,leninskyorsk--orb.sudrf.ru,да,56RS0019
Оренбургская область,Орск,Октябрьский,Октябрьский районный суд г. Орска Оренбургской области,RS,"Районный, городской, межрайонный суд","462404, Оренбургская обл, г Орск, ул Нефтяников, д 12",https://oktyabrskyorsk--orb.sudrf.ru/,oktyabrskyorsk--orb.sudrf.ru,да,56RS0026
Оренбургская область,Орск,Советский,Советский районный суд г. Орска Оренбургской области,RS,"Районный, городской, межрайонный суд","462408, Оренбургская обл, г Орск, ул Вокзальная, д 30",https://sovetsky--orb.sudrf.ru/,sovetsky--orb.sudrf.ru,да,56RS0033
Оренбургская область,Первомайский,Первомайский,Первомайский районный суд Оренбургской области,RS,"Районный, городской, межрайонный суд","461980, Оренбургская обл, п Первомайский, ул Гагарина, д 3",https://pervomaysky--orb.sudrf.ru/,pervomaysky--orb.sudrf.ru,да,56RS0031
Оренбургская область,Переволоцкий,Переволоцкий,Переволоцкий районный суд Оренбургской области,RS,"Районный, городской, межрайонный суд","461263, Оренбургская обл, п Переволоцкий, ул Ленинская, д 88",https://perevolotsky--orb.sudrf.ru/,perevolotsky--orb.sudrf.ru,да,56RS0028
Оренбургская область,Плешаново,Красногвардейский,Красногвардейский районный суд Оренбургской области,RS,"Районный, городской, межрайонный суд","461150, Оренбургская обл, с Плешаново, ул Советская, д 6",https://krasnogvardeysky--orb.sudrf.ru/,krasnogvardeysky--orb.sudrf.ru,да,56RS0016
Оренбургская область,Пономаревка,Пономаревский,Пономаревский районный суд Оренбургской области,RS,"Районный, городской, межрайонный суд","461780, Оренбургская обл, с Пономаревка, ул Советская, зд 28",https://ponomarevsky--orb.sudrf.ru/,ponomarevsky--orb.sudrf.ru,да,56RS0029
Оренбургская область,Сакмара,Сакмарский,Сакмарский районный суд Оренбургской области,RS,"Районный, городской, межрайонный суд","461420, Оренбургская обл, с Сакмара, ул Советская, д 15",https://sakmarsky--orb.sudrf.ru/,sakmarsky--orb.sudrf.ru,да,56RS0038
Оренбургская область,Саракташ,Саракташский,Саракташский районный суд Оренбургской области,RS,"Районный, городской, межрайонный суд","462100, Оренбургская обл, п Саракташ, ул Мира, д 85",https://saraktashsky--orb.sudrf.ru/,saraktashsky--orb.sudrf.ru,да,56RS0034
Оренбургская область,Соль-Илецк,Соль-Илецкий,Соль-Илецкий районный суд Оренбургской области,RS,"Районный, городской, межрайонный суд","461505, Оренбургская обл, г Соль-Илецк, ул Советская, д 8А",https://sol-iletsky--orb.sudrf.ru/,sol-iletsky--orb.sudrf.ru,да,56RS0032
Оренбургская область,Сорочинск,Сорочинский,Сорочинский районный суд Оренбургской области,RS,"Районный, городской, межрайонный суд","461900, Оренбургская обл, г Сорочинск, ул Чапаева, д 23",https://sorochinsky--orb.sudrf.ru/,sorochinsky--orb.sudrf.ru,да,56RS0035
Оренбургская область,Ташла,Ташлинский,Ташлинский районный суд Оренбургской области,RS,"Районный, городской, межрайонный суд","461170, Оренбургская обл, с Ташла, ул Довженко, д 31",https://tashlinsky--orb.sudrf.ru/,tashlinsky--orb.sudrf.ru,да,56RS0040
Оренбургская область,Тоцкое,Тоцкий,Тоцкий районный суд Оренбургской области,RS,"Районный, городской, межрайонный суд","461131, Оренбургская обл, с Тоцкое, ул Красная Площадь, зд 3",https://totsky--orb.sudrf.ru/,totsky--orb.sudrf.ru,да,56RS0041
Оренбургская область,Тюльган,Тюльганский,Тюльганский районный суд Оренбургской области,RS,"Районный, городской, межрайонный суд","462010, Оренбургская обл, п Тюльган, ул Ленина, зд 43",https://tyulgansky--orb.sudrf.ru/,tyulgansky--orb.sudrf.ru,да,56RS0039
Оренбургская область,Шарлык,Шарлыкский,Шарлыкский районный суд Оренбургской области,RS,"Районный, городской, межрайонный суд","461450, Оренбургская обл, с Шарлык, ул Советская, зд 23А",https://sharlyksky--orb.sudrf.ru/,sharlyksky--orb.sudrf.ru,да,56RS0043
Оренбургская область,Ясный,Ясненский,Ясненский районный суд Оренбургской области,RS,"Районный, городской, межрайонный суд","462781, Оренбургская обл, г Ясный, ул Северная, д 8А",https://yasnensky--orb.sudrf.ru/,yasnensky--orb.sudrf.ru,да,56RS0044
Пермский край,Александровск,,Александровский городской суд Пермского края,RS,"Районный, городской, межрайонный суд","618320, Пермский край, г Александровск, ул Машиностроителей, зд 2",https://aleks--perm.sudrf.ru/,aleks--perm.sudrf.ru,да,59RS0009
Пермский край,Барда,Бардымский,Бардымский районный суд Пермского края,RS,"Районный, городской, межрайонный суд","618150, Пермский край, с Барда, ул Советская, д 12",https://barda--perm.sudrf.ru/,barda--perm.sudrf.ru,да,59RS0010
Пермский край,Березники,,Березниковский городской суд Пермского края,RS,"Районный, городской, межрайонный суд","618419, Пермский край, г Березники, ул Свободы, д 43А",https://berezn--perm.sudrf.ru/,berezn--perm.sudrf.ru,да,59RS0011
Пермский край,Большая Соснова,Большесосновский,Большесосновский районный суд Пермского края,RS,"Районный, городской, межрайонный суд","617080, Пермский край, с Большая Соснова, пер Торговый, зд 2",https://bolshesos--perm.sudrf.ru/,bolshesos--perm.sudrf.ru,да,59RS0013
Пермский край,Верещагино,Верещагинский,Верещагинский районный суд Пермского края,RS,"Районный, городской, межрайонный суд","617120, Пермский край, г Верещагино, ул Фрунзе, д 74",https://veresh--perm.sudrf.ru/,veresh--perm.sudrf.ru,да,59RS0014
Пермский край,Гайны,Гайнский,Гайнский районный суд Пермского края,RS,"Районный, городской, межрайонный суд","619650, Пермский край, п Гайны, ул Кашина, зд 40",https://gaynsky--perm.sudrf.ru/,gaynsky--perm.sudrf.ru,да,81RS0005
Пермский край,Губаха,,Губахинский городской суд Пермского края,RS,"Районный, городской, межрайонный суд","618250, Пермский край, г Губаха, ул Никонова, д 42",https://gubacha--perm.sudrf.ru/,gubacha--perm.sudrf.ru,да,59RS0017
Пермский край,Добрянка,Добрянский,Добрянский районный суд Пермского края,RS,"Районный, городской, межрайонный суд","618740, Пермский край, г Добрянка, ул Советская, д 96/1",https://dobryan--perm.sudrf.ru/,dobryan--perm.sudrf.ru,да,59RS0018
Пермский край,Ильинский,Ильинский,Ильинский районный суд Пермского края,RS,"Районный, городской, межрайонный суд","617020, Пермский край, п Ильинский, ул Комсомольская, д 4",https://ilinsk--perm.sudrf.ru/,ilinsk--perm.sudrf.ru,да,59RS0020
Пермский край,Карагай,Карагайский,Карагайский районный суд Пермского края,RS,"Районный, городской, межрайонный суд","617210, Пермский край, с Карагай, ул Юбилейная, д 1",https://karagai--perm.sudrf.ru/,karagai--perm.sudrf.ru,да,59RS0021
Пермский край,Кизел,,Кизеловский городской суд Пермского края,RS,"Районный, городской, межрайонный суд","618353, Пермский край, г Кизел, ул Луначарского, д 10А",https://kizel--perm.sudrf.ru/,kizel--perm.sudrf.ru,да,59RS0022
Пермский край,Кочево,Кочевский,Кочевский районный суд Пермского края,RS,"Районный, городской, межрайонный суд","619320, Пермский край, с Кочево, ул Калинина, д 10",https://kochevsky--perm.sudrf.ru/,kochevsky--perm.sudrf.ru,да,81RS0002
Пермский край,Красновишерск,Красновишерский,Красновишерский районный суд Пермского края,RS,"Районный, городской, межрайонный суд","618590, Пермский край, г Красновишерск, ул Дзержинского, д 9",https://krasnovish--perm.sudrf.ru/,krasnovish--perm.sudrf.ru,да,59RS0024
Пермский край,Краснокамск,,Краснокамский городской суд Пермского края,RS,"Районный, городской, межрайонный суд","617066, Пермский край, г Краснокамск, ул Калинина, д 5",https://krasnokam--perm.sudrf.ru/,krasnokam--perm.sudrf.ru,да,59RS0025
Пермский край,Кудымкар,,Кудымкарский городской суд Пермского края,RS,"Районный, городской, межрайонный суд","619000, Пермский край, г Кудымкар, ул Леваневского, д 2А",https://kudimkarsky--perm.sudrf.ru/,kudimkarsky--perm.sudrf.ru,да,81RS0006
Пермский край,Куеда,Куединский,Куединский районный суд Пермского края,RS,"Районный, городской, межрайонный суд","617700, Пермский край, п Куеда, ул Ленина, д 2",https://kueda--perm.sudrf.ru/,kueda--perm.sudrf.ru,да,59RS0026
Пермский край,Кунгур,,Кунгурский городской суд Пермского края,RS,"Районный, городской, межрайонный суд","617470, Пермский край, г Кунгур, ул Матросская, д 1",https://kungur--perm.sudrf.ru/,kungur--perm.sudrf.ru,да,59RS0027
Пермский край,Лысьва,,Лысьвенский городской суд Пермского края,RS,"Районный, городской, межрайонный суд","618900, Пермский край, г Лысьва, ул Коммунаров, д 36",https://lysva--perm.sudrf.ru/,lysva--perm.sudrf.ru,да,59RS0028
Пермский край,Нытва,Нытвенский,Нытвенский районный суд Пермского края,RS,"Районный, городской, межрайонный суд","617000, Пермский край, г Нытва, ул Карла Либкнехта, д 4",https://nytva--perm.sudrf.ru/,nytva--perm.sudrf.ru,да,59RS0029
Пермский край,Октябрьский,Октябрьский,Октябрьский районный суд Пермского края,RS,"Районный, городской, межрайонный суд","617860, Пермский край, рп Октябрьский, ул Ленина, д 65",https://oktyabr--perm.sudrf.ru/,oktyabr--perm.sudrf.ru,да,59RS0034
Пермский край,Орда,Ординский,Ординский районный суд Пермского края,RS,"Районный, городской, межрайонный суд","617500, Пермский край, с Орда, ул Советская, д 24",https://orda--perm.sudrf.ru/,orda--perm.sudrf.ru,да,59RS0033
Пермский край,Оса,Осинский,Осинский районный суд Пермского края,RS,"Районный, городской, межрайонный суд","618120, Пермский край, г Оса, ул Ленина, зд 29",https://osa--perm.sudrf.ru/,osa--perm.sudrf.ru,да,59RS0030
Пермский край,Очер,Очерский,Очерский районный суд Пермского края,RS,"Районный, городской, межрайонный суд","617140, Пермский край, г Очер, ул Октябрьская, д 35",https://ocher--perm.sudrf.ru/,ocher--perm.sudrf.ru,да,59RS0032
Пермский край,Пермь,Дзержинский,Дзержинский районный суд г. Перми,RS,"Районный, городской, межрайонный суд","614068, г Пермь, ул Плеханова, д 40",https://dzerjin--perm.sudrf.ru/,dzerjin--perm.sudrf.ru,да,59RS0001
Пермский край,Пермь,Индустриальный,Индустриальный районный суд г. Перми,RS,"Районный, городской, межрайонный суд","614095, г Пермь, ул Мира, д 17",https://industry--perm.sudrf.ru/,industry--perm.sudrf.ru,да,59RS0002
Пермский край,Пермь,Кировский,Кировский районный суд г. Перми,RS,"Районный, городской, межрайонный суд","614042, г Пермь, ул Кировоградская, д 37",https://kirov--perm.sudrf.ru/,kirov--perm.sudrf.ru,да,59RS0003
Пермский край,Пермь,Ленинский,Ленинский районный суд г. Перми,RS,"Районный, городской, межрайонный суд","614000, г Пермь, ул Пермская, стр 11А",https://lenin--perm.sudrf.ru/,lenin--perm.sudrf.ru,да,59RS0004
Пермский край,Пермь,Мотовилихинский,Мотовилихинский районный суд г. Перми,RS,"Районный, городской, межрайонный суд","614014, г Пермь, ул 1905 года, д 5",https://motovil--perm.sudrf.ru/,motovil--perm.sudrf.ru,да,59RS0005
Пермский край,Пермь,Орджоникидзевский,Орджоникидзевский районный суд г. Перми,RS,"Районный, городской, межрайонный суд","614026, г Пермь, ул Кавказская, д 11",https://ordgonik--perm.sudrf.ru/,ordgonik--perm.sudrf.ru,да,59RS0006
Пермский край,Пермь,,Пермский краевой суд,OS,Областной и равный ему суд,"614000, г Пермь, ул Екатерининская, д 33",https://oblsud--perm.sudrf.ru/,oblsud--perm.sudrf.ru,да,59OS0000
Пермский край,Пермь,Пермский,Пермский районный суд Пермского края,RS,"Районный, городской, межрайонный суд","614500, г Пермь, ул 2-я Красавинская, стр 86А",https://permsk--perm.sudrf.ru/,permsk--perm.sudrf.ru,да,59RS0008
Пермский край,Пермь,Свердловский,Свердловский районный суд г. Перми,RS,"Районный, городской, межрайонный суд","614010, г Пермь, ул Куйбышева, д 111В",https://sverdlov--perm.sudrf.ru/,sverdlov--perm.sudrf.ru,да,59RS0007
Пермский край,Соликамск,,Соликамский городской суд Пермского края,RS,"Районный, городской, межрайонный суд","618554, Пермский край, г Соликамск, ул Марины Расковой, д 16",https://solikam--perm.sudrf.ru/,solikam--perm.sudrf.ru,да,59RS0035
Пермский край,Суксун,Суксунский,Суксунский районный суд Пермского края,RS,"Районный, городской, межрайонный суд","617560, Пермский край, рп Суксун, ул Карла Маркса, д 13",https://suksun--perm.sudrf.ru/,suksun--perm.sudrf.ru,да,59RS0037
Пермский край,Чайковский,,Чайковский городской суд Пермского края,RS,"Районный, городской, межрайонный суд","617760, Пермский край, г Чайковский, ул Ленина, д 47/1",https://chaikov--perm.sudrf.ru/,chaikov--perm.sudrf.ru,да,59RS0040
Пермский край,Чердынь,Чердынский,Чердынский районный суд Пермского края,RS,"Районный, городской, межрайонный суд","618601, Пермский край, г Чердынь, мкр Нефтяников, д 5",https://cherdyn--perm.sudrf.ru/,cherdyn--perm.sudrf.ru,да,59RS0043
Пермский край,Чернушка,Чернушинский,Чернушинский районный суд Пермского края,RS,"Районный, городской, межрайонный суд","617830, Пермский край, г Чернушка, пер Банковский, д 6",https://chernush--perm.sudrf.ru/,chernush--perm.sudrf.ru,да,59RS0042
Пермский край,Чусовой,,Чусовской городской суд Пермского края,RS,"Районный, городской, межрайонный суд","618204, Пермский край, г Чусовой, ул 50 лет ВЛКСМ, д 13Б",https://chusovoi--perm.sudrf.ru/,chusovoi--perm.sudrf.ru,да,59RS0044
Самарская область,,Клявлинский,Клявлинский районный суд Самарской области,RS,"Районный, городской, межрайонный суд","446960, Самарская обл, ж/д_ст Клявлино, пр-кт Ленина, д 5",https://klivliansky--sam.sudrf.ru/,klivliansky--sam.sudrf.ru,да,63RS0016
Самарская область,Безенчук,Безенчукский,Безенчукский районный суд Самарской области,RS,"Районный, городской, межрайонный суд","446250, Самарская обл, пгт Безенчук, ул Советская, д 38",https://bezenchuksky--sam.sudrf.ru/,bezenchuksky--sam.sudrf.ru,да,63RS0004
Самарская область,Богатое,Богатовский,Богатовский районный суд Самарской области,RS,"Районный, городской, межрайонный суд","446630, Самарская обл, с Богатое, ул Чапаева, зд 12",https://bogatovsky--sam.sudrf.ru/,bogatovsky--sam.sudrf.ru,да,63RS0002
Самарская область,Большая Глушица,Большеглушицкий,Большеглушицкий районный суд Самарской области,RS,"Районный, городской, межрайонный суд","446180, Самарская обл., с. Большая Глушица, пл. им. 60-летия Октября, д. 1",https://bolsheglushitsky--sam.sudrf.ru/,bolsheglushitsky--sam.sudrf.ru,да,63RS0005
Самарская область,Жигулевск,,Жигулевский городской суд Самарской области,RS,"Районный, городской, межрайонный суд","445350, Самарская обл, г Жигулевск, ул Интернационалистов, д 21А",https://zhigulevsky--sam.sudrf.ru/,zhigulevsky--sam.sudrf.ru,да,63RS0009
Самарская область,Кинель,Кинельский,Кинельский районный суд Самарской области,RS,"Районный, городской, межрайонный суд","446430, Самарская обл, г Кинель, ул Крымская, д 18",https://kinelsky--sam.sudrf.ru/,kinelsky--sam.sudrf.ru,да,63RS0012
Самарская область,Кинель-Черкассы,Кинель-Черкасский,Кинель-Черкасский районный суд Самарской области,RS,"Районный, городской, межрайонный суд","446350, Самарская обл, с Кинель-Черкассы, ул Красноармейская, д 48",https://kinel-cherkassky--sam.sudrf.ru/,kinel-cherkassky--sam.sudrf.ru,да,63RS0013
Самарская область,Кошки,Кошкинский,Кошкинский районный суд Самарской области,RS,"Районный, городской, межрайонный суд","446800, Самарская обл, с Кошки, ул 60 лет Октября, влд 19",https://koshkinsky--sam.sudrf.ru/,koshkinsky--sam.sudrf.ru,да,63RS0015
Самарская область,Красноармейское,Красноармейский,Красноармейский районный суд Самарской области,RS,"Районный, городской, межрайонный суд","446140, Самарская обл, с Красноармейское, ул Октябрьская, д 1",https://krasnoarmeisky--sam.sudrf.ru/,krasnoarmeisky--sam.sudrf.ru,да,63RS0017
Самарская область,Красный Яр,Красноярский,Красноярский районный суд Самарской области,RS,"Районный, городской, межрайонный суд","446370, Самарская обл, с Красный Яр, ул Кооперативная, зд 107",https://krasnoiarsky--sam.sudrf.ru/,krasnoiarsky--sam.sudrf.ru,да,63RS0014
Самарская область,Нефтегорск,Нефтегорский,Нефтегорский районный суд Самарской области,RS,"Районный, городской, межрайонный суд","446600, Самарская обл, г Нефтегорск, ул Ленина, д 16",https://neftegorsky--sam.sudrf.ru/,neftegorsky--sam.sudrf.ru,да,63RS0019
Самарская область,Новокуйбышевск,,Новокуйбышевский городской суд Самарской области,RS,"Районный, городской, межрайонный суд","446206, Самарская обл, г Новокуйбышевск, ул Сафразьяна, д 7",https://novokuibyshevsky--sam.sudrf.ru/,novokuibyshevsky--sam.sudrf.ru,да,63RS0018
Самарская область,Октябрьск,,Октябрьский городской суд Самарской области,RS,"Районный, городской, межрайонный суд","445240, Самарская обл, г Октябрьск, пер Кирпичный, д 9",https://oktiabrsky--sam.sudrf.ru/,oktiabrsky--sam.sudrf.ru,да,63RS0021
Самарская область,Отрадный,,Отрадненский городской суд Самарской области,RS,"Районный, городской, межрайонный суд","446304, Самарская обл, г Отрадный, ул Советская, д 38",https://otradnensky--sam.sudrf.ru/,otradnensky--sam.sudrf.ru,да,63RS0020
Самарская область,Похвистнево,Похвистневский,Похвистневский районный суд Самарской области,RS,"Районный, городской, межрайонный суд","446450, Самарская обл, г Похвистнево, ул Лермонтова, д 18А",https://pohvestnensky--sam.sudrf.ru/,pohvestnensky--sam.sudrf.ru,да,63RS0022
Самарская область,Приволжье,Приволжский,Приволжский районный суд Самарской области,RS,"Районный, городской, межрайонный суд","445560, Самарская обл, с Приволжье, пер Северный, д 3",https://privolzhsky--sam.sudrf.ru/,privolzhsky--sam.sudrf.ru,да,63RS0024
Самарская область,Самара,Волжский,Волжский районный суд Самарской области,RS,"Районный, городской, межрайонный суд","443051, г Самара, ул Путейская, влд 29",https://volzhsky--sam.sudrf.ru/,volzhsky--sam.sudrf.ru,да,63RS0007
Самарская область,Самара,Железнодорожный,Железнодорожный районный суд г. Самары,RS,"Районный, городской, межрайонный суд","443013, г Самара, ул Тухачевского, д 226",https://zheleznodorozhny--sam.sudrf.ru/,zheleznodorozhny--sam.sudrf.ru,да,63RS0044
Самарская область,Самара,Кировский,Кировский районный суд г. Самары,RS,"Районный, городской, межрайонный суд","443035, г Самара, пр-кт Кирова, зд 100",https://kirovsky--sam.sudrf.ru/,kirovsky--sam.sudrf.ru,да,63RS0038
Самарская область,Самара,Красноглинский,Красноглинский районный суд г. Самары,RS,"Районный, городской, межрайонный суд","443026, г Самара, п Управленческий, ш Красноглинское, д 21",https://krasnoglinsky--sam.sudrf.ru/,krasnoglinsky--sam.sudrf.ru,да,63RS0043
Самарская область,Самара,Куйбышевский,Куйбышевский районный суд г. Самары,RS,"Районный, городской, межрайонный суд","443101, г Самара, тракт Пугачевский, д 65",https://kuibyshevsky--sam.sudrf.ru/,kuibyshevsky--sam.sudrf.ru,да,63RS0042
Самарская область,Самара,Ленинский,Ленинский районный суд г. Самары,RS,"Районный, городской, межрайонный суд","443013, г Самара, ул Тухачевского, д 226",https://leninsky--sam.sudrf.ru/,leninsky--sam.sudrf.ru,да,63RS0039
Самарская область,Самара,Октябрьский,Октябрьский районный суд г. Самары,RS,"Районный, городской, межрайонный суд","443056, г Самара, ул Мичурина, д 125А",https://oktyabrsky--sam.sudrf.ru/,oktyabrsky--sam.sudrf.ru,да,63RS0040
Самарская область,Самара,Промышленный,Промышленный районный суд г. Самары,RS,"Районный, городской, межрайонный суд","443111, г Самара, ул Фадеева, д 58А",https://promyshleny--sam.sudrf.ru/,promyshleny--sam.sudrf.ru,да,63RS0045
Самарская область,Самара,,Самарский областной суд,OS,Областной и равный ему суд,"443099, г Самара, ул Куйбышева, зд 60",https://oblsud--sam.sudrf.ru/,oblsud--sam.sudrf.ru,да,63OS0000
Самарская область,Самара,Самарский,Самарский районный суд г. Самары,RS,"Районный, городской, межрайонный суд","443041, г Самара, ул Рабочая, д 21",https://samarsky--sam.sudrf.ru/,samarsky--sam.sudrf.ru,да,63RS0037
Самарская область,Самара,Советский,Советский районный суд г. Самары,RS,"Районный, городской, межрайонный суд","443090, г Самара, ул Советской Армии, д 125",https://sovetsky--sam.sudrf.ru/,sovetsky--sam.sudrf.ru,да,63RS0041
Самарская область,Самара,,Шестой кассационный суд общей юрисдикции,KJ,Кассационный суд общей юрисдикции,"443126, г Самара, пл Крымская, д 1",https://6kas.sudrf.ru/,6kas.sudrf.ru,да,63KJ0006
Самарская область,Сергиевск,Сергиевский,Сергиевский районный суд Самарской области,RS,"Районный, городской, межрайонный суд","446540, Самарская обл, с Сергиевск, ул Советская, зд 35",https://sergievsky--sam.sudrf.ru/,sergievsky--sam.sudrf.ru,да,63RS0028
Самарская область,Сызрань,,Сызранский городской суд Самарской области,RS,"Районный, городской, межрайонный суд","446001, Самарская обл, г Сызрань, ул Советская, д 41",https://syzransky--sam.sudrf.ru/,syzransky--sam.sudrf.ru,да,63RS0025
Самарская область,Сызрань,Сызранский,Сызранский районный суд Самарской области,RS,"Районный, городской, межрайонный суд","446001, Самарская обл, г Сызрань, ул Ульяновская, д 127",https://sizransky--sam.sudrf.ru/,sizransky--sam.sudrf.ru,да,63RS0026
Самарская область,Тольятти,Автозаводский,Автозаводский районный суд г. Тольятти Самарской области,RS,"Районный, городской, межрайонный суд","445037, Самарская обл, г Тольятти, проезд Новый, влд 4",https://avtozavodsky--sam.sudrf.ru/,avtozavodsky--sam.sudrf.ru,да,63RS0029
Самарская область,Тольятти,Комсомольский,Комсомольский районный суд г. Тольятти Самарской области,RS,"Районный, городской, межрайонный суд","445012, Самарская обл, г Тольятти, ул Коммунистическая, влд 43",https://komsomolsky--sam.sudrf.ru/,komsomolsky--sam.sudrf.ru,да,63RS0030
Самарская область,Тольятти,Ставропольский,Ставропольский районный суд Самарской области,RS,"Районный, городской, межрайонный суд","445011, Самарская обл, г Тольятти, ул Горького, д 1",https://stavropolsky--sam.sudrf.ru/,stavropolsky--sam.sudrf.ru,да,63RS0027
Самарская область,Тольятти,Центральный,Центральный районный суд г. Тольятти Самарской области,RS,"Районный, городской, межрайонный суд","445020, Самарская обл, г Тольятти, ул Белорусская, влд 16",https://centralny--sam.sudrf.ru/,centralny--sam.sudrf.ru,да,63RS0031
Самарская область,Чапаевск,,Чапаевский городской суд Самарской области,RS,"Районный, городской, межрайонный суд","446100, Самарская обл, г Чапаевск, ул Ленина, зд 64А",https://chapaevsky--sam.sudrf.ru/,chapaevsky--sam.sudrf.ru,да,63RS0033
Самарская область,Шентала,Исаклинский,Исаклинский районный суд Самарской области,RS,"Районный, городской, межрайонный суд","446910, Самарская обл., ст. Шентала, ул. Советская, д. 5 А",https://isaklinsky--sam.sudrf.ru/,isaklinsky--sam.sudrf.ru,да,63RS0010
Самарская область,Шигоны,Шигонский,Шигонский районный суд Самарской области,RS,"Районный, городской, межрайонный суд","446720, Самарская обл, Шигонский р-н, с Шигоны, пл Ленина, зд 4",https://shigonsky--sam.sudrf.ru/,shigonsky--sam.sudrf.ru,да,63RS0035
Пензенская область,Башмаково,Башмаковский,Башмаковский районный суд Пензенской области,RS,"Районный, городской, межрайонный суд","442060, Пензенская обл, рп Башмаково, ул Плеханова, зд 8",https://bashmakovsky--pnz.sudrf.ru/,bashmakovsky--pnz.sudrf.ru,да,58RS0001
Пензенская область,Беково,Бековский,Бековский районный суд Пензенской области,RS,"Районный, городской, межрайонный суд","442940, Пензенская обл, рп Беково, ул Советская, зд 38А",https://bekovsky--pnz.sudrf.ru/,bekovsky--pnz.sudrf.ru,да,58RS0004
Пензенская область,Белинский,Белинский,Белинский районный суд Пензенской области,RS,"Районный, городской, межрайонный суд","442250, Пензенская обл, г Белинский, ул Белинская, зд 27",https://belinsky--pnz.sudrf.ru/,belinsky--pnz.sudrf.ru,да,58RS0003
Пензенская область,Бессоновка,Бессоновский,Бессоновский районный суд Пензенской области,RS,"Районный, городской, межрайонный суд","442780, Пензенская обл, с Бессоновка, ул Коммунистическая, д 2И",https://bessonsky--pnz.sudrf.ru/,bessonsky--pnz.sudrf.ru,да,58RS0005
Пензенская область,Вадинск,Вадинский,Вадинский районный суд Пензенской области,RS,"Районный, городской, межрайонный суд","442170, Пензенская обл, с Вадинск, ул Комсомольская, д 39",https://vadinsky--pnz.sudrf.ru/,vadinsky--pnz.sudrf.ru,да,58RS0006
Пензенская область,Городище,Городищенский,Городищенский районный суд Пензенской области,RS,"Районный, городской, межрайонный суд","442310, Пензенская обл, г Городище, ул Комсомольская, д 42",https://gorodishensky--pnz.sudrf.ru/,gorodishensky--pnz.sudrf.ru,да,58RS0007
Пензенская область,Заречный,,Зареченский городской суд Пензенской области,RS,"Районный, городской, межрайонный суд","442963, Пензенская обл, г Заречный, ул Зеленая, стр 12",https://zarechensky--pnz.sudrf.ru/,zarechensky--pnz.sudrf.ru,да,58RS0009
Пензенская область,Земетчино,Земетчинский,Земетчинский районный суд Пензенской области,RS,"Районный, городской, межрайонный суд","442000, Пензенская обл, рп Земетчино, ул Кирова, д 71",https://zemetchinsky--pnz.sudrf.ru/,zemetchinsky--pnz.sudrf.ru,да,58RS0010
Пензенская область,Исса,Иссинский,Иссинский районный суд Пензенской области,RS,"Районный, городской, межрайонный суд","442710, Пензенская обл, рп Исса, ул Ленинская, д 21",https://issinsky--pnz.sudrf.ru/,issinsky--pnz.sudrf.ru,да,58RS0011
Пензенская область,Каменка,,Каменский городской суд Пензенской области,RS,"Районный, городской, межрайонный суд","442240, Пензенская обл, г Каменка, ул Центральная, стр 8",https://kamensky--pnz.sudrf.ru/,kamensky--pnz.sudrf.ru,да,58RS0012
Пензенская область,Колышлей,Колышлейский,Колышлейский районный суд Пензенской области,RS,"Районный, городской, межрайонный суд","442830, Пензенская обл, рп Колышлей, ул Советская, стр 46",https://kolishleisky--pnz.sudrf.ru/,kolishleisky--pnz.sudrf.ru,да,58RS0014
Пензенская область,Кузнецк,Кузнецкий,Кузнецкий районный суд Пензенской области,RS,"Районный, городской, межрайонный суд","442530, Пензенская обл, г Кузнецк, ул Рабочая, д 199",https://kuznetsky--pnz.sudrf.ru/,kuznetsky--pnz.sudrf.ru,да,58RS0017
Пензенская область,Лопатино,Лопатинский,Лопатинский районный суд Пензенской области,RS,"Районный, городской, межрайонный суд","442550, Пензенская обл, с Лопатино, пл Гагарина, стр 18",https://lopatinsky--pnz.sudrf.ru/,lopatinsky--pnz.sudrf.ru,да,58RS0019
Пензенская область,Лунино,Лунинский,Лунинский районный суд Пензенской области,RS,"Районный, городской, межрайонный суд","442730, Пензенская обл, рп Лунино, ул Пушкина, д 7",https://luninsky--pnz.sudrf.ru/,luninsky--pnz.sudrf.ru,да,58RS0020
Пензенская область,Малая Сердоба,Малосердобинский,Малосердобинский районный суд Пензенской области,RS,"Районный, городской, межрайонный суд","442800, Пензенская обл, с Малая Сердоба, ул Советская, д 1",https://maloserdobinsky--pnz.sudrf.ru/,maloserdobinsky--pnz.sudrf.ru,да,58RS0021
Пензенская область,Мокшан,Мокшанский,Мокшанский районный суд Пензенской области,RS,"Районный, городской, межрайонный суд","442370, Пензенская обл, рп Мокшан, ул Советская, зд 35",https://mokshansky--pnz.sudrf.ru/,mokshansky--pnz.sudrf.ru,да,58RS0022
Пензенская область,Наровчат,Наровчатский,Наровчатский районный суд Пензенской области,RS,"Районный, городской, межрайонный суд","442630, Пензенская обл, с Наровчат, ул Ленина, д 5",https://narovchatsky--pnz.sudrf.ru/,narovchatsky--pnz.sudrf.ru,да,58RS0023
Пензенская область,Неверкино,Неверкинский,Неверкинский районный суд Пензенской области,RS,"Районный, городской, межрайонный суд","442480, Пензенская обл, с Неверкино, ул Куйбышева, влд 16",https://neverkinsky--pnz.sudrf.ru/,neverkinsky--pnz.sudrf.ru,да,58RS0024
Пензенская область,Нижний Ломов,Нижнеломовский,Нижнеломовский районный суд Пензенской области,RS,"Районный, городской, межрайонный суд","442153, Пензенская обл, г Нижний Ломов, ул Розы Люксембург, д 4",https://nizhnelomovsky--pnz.sudrf.ru/,nizhnelomovsky--pnz.sudrf.ru,да,58RS0025
Пензенская область,Никольск,Никольский,Никольский районный суд Пензенской области,RS,"Районный, городской, межрайонный суд","442680, Пензенская обл, г Никольск, ул Московская, д 11А",https://nikolsky--pnz.sudrf.ru/,nikolsky--pnz.sudrf.ru,да,58RS0026
Пензенская область,Пачелма,Пачелмский,Пачелмский районный суд Пензенской области,RS,"Районный, городской, межрайонный суд","442100, Пензенская обл, рп Пачелма, ул Кирова, д 32",https://pachelmsky--pnz.sudrf.ru/,pachelmsky--pnz.sudrf.ru,да,58RS0029
Пензенская область,Пенза,Железнодорожный,Железнодорожный районный суд г. Пензы,RS,"Районный, городской, межрайонный суд","440026, г Пенза, ул Белинского, стр 2",https://zheleznodorozhnii--pnz.sudrf.ru/,zheleznodorozhnii--pnz.sudrf.ru,да,58RS0008
Пензенская область,Пенза,Ленинский,Ленинский районный суд г. Пензы,RS,"Районный, городской, межрайонный суд","440026, г Пенза, ул Володарского, д 36",https://leninsky--pnz.sudrf.ru/,leninsky--pnz.sudrf.ru,да,58RS0018
Пензенская область,Пенза,Октябрьский,Октябрьский районный суд г. Пензы,RS,"Районный, городской, межрайонный суд","440028, г Пенза, ул Леонова, д 31",https://oktyabrsky--pnz.sudrf.ru/,oktyabrsky--pnz.sudrf.ru,да,58RS0027
Пензенская область,Пенза,,Пензенский областной суд,OS,Областной и равный ему суд,"440000, г Пенза, ул Максима Горького, д 40",https://oblsud--pnz.sudrf.ru/,oblsud--pnz.sudrf.ru,да,58OS0000
Пензенская область,Пенза,Пензенский,Пензенский районный суд Пензенской области,RS,"Районный, городской, межрайонный суд","440056, г Пенза, ул Воронежская, стр 2Б",https://penzensky--pnz.sudrf.ru/,penzensky--pnz.sudrf.ru,да,58RS0028
Пензенская область,Пенза,Первомайский,Первомайский районный суд г. Пензы,RS,"Районный, городской, межрайонный суд","440008, г Пенза, ул Суворова, стр 217",https://pervomaisky--pnz.sudrf.ru/,pervomaisky--pnz.sudrf.ru,да,58RS0030
Пензенская область,Сердобск,,Сердобский городской суд Пензенской области,RS,"Районный, городской, межрайонный суд","442895, Пензенская обл, г Сердобск, ул Пензенская, зд 83",https://serdobinsky--pnz.sudrf.ru/,serdobinsky--pnz.sudrf.ru,да,58RS0031
Пензенская область,Сосновоборск,Сосновоборский,Сосновоборский районный суд Пензенской области,RS,"Районный, городской, межрайонный суд","442570, Пензенская обл, рп Сосновоборск, пер Ленинский, д 6А",https://sosnovoborsky--pnz.sudrf.ru/,sosnovoborsky--pnz.sudrf.ru,да,58RS0032
Пензенская область,Спасск,Спасский,Спасский районный суд Пензенской области,RS,"Районный, городской, межрайонный суд","442600, Пензенская обл, г Спасск, пл Советская, д 6",https://bednodemyanovsky--pnz.sudrf.ru/,bednodemyanovsky--pnz.sudrf.ru,да,58RS0002
Пензенская область,Тамала,Тамалинский,Тамалинский районный суд Пензенской области,RS,"Районный, городской, межрайонный суд","442900, Пензенская обл, рп Тамала, ул Советская, стр 18",https://tamalinsky--pnz.sudrf.ru/,tamalinsky--pnz.sudrf.ru,да,58RS0033
Пензенская область,Шемышейка,Шемышейский,Шемышейский районный суд Пензенской области,RS,"Районный, городской, межрайонный суд","442430, Пензенская обл, рп Шемышейка, ул Ленина, влд 25",https://shemisheisky--pnz.sudrf.ru/,shemisheisky--pnz.sudrf.ru,да,58RS0034
Саратовская область,Аркадак,Аркадакский,Аркадакский районный суд Саратовской области,RS,"Районный, городской, межрайонный суд","412210, Саратовская обл, г Аркадак, ул Ленина, д 69",https://arkadaksky--sar.sudrf.ru/,arkadaksky--sar.sudrf.ru,да,64RS0003
Саратовская область,Аткарск,,Аткарский городской суд Саратовской области,RS,"Районный, городской, межрайонный суд","412420, Саратовская обл, г Аткарск, ул Советская, д 94",https://atkarsky--sar.sudrf.ru/,atkarsky--sar.sudrf.ru,да,64RS0002
Саратовская область,Базарный Карабулак,Базарно-Карабулакский,Базарно-Карабулакский районный суд Саратовской области,RS,"Районный, городской, межрайонный суд","412602, Саратовская обл, рп Базарный Карабулак, ул Некрасова, д 33",https://bazarnj-karabulaksky--sar.sudrf.ru/,bazarnj-karabulaksky--sar.sudrf.ru,да,64RS0008
Саратовская область,Балаково,Балаковский,Балаковский районный суд Саратовской области,RS,"Районный, городской, межрайонный суд","413857, Саратовская обл, г Балаково, ул Механизаторов, д 8",https://balakovsky--sar.sudrf.ru/,balakovsky--sar.sudrf.ru,да,64RS0004
Саратовская область,Балашов,Балашовский,Балашовский районный суд Саратовской области,RS,"Районный, городской, межрайонный суд","412309, Саратовская обл, г Балашов, ул Рабочая, д 67",https://balashovsky--sar.sudrf.ru/,balashovsky--sar.sudrf.ru,да,64RS0007
Саратовская область,Вольск,Вольский,Вольский районный суд Саратовской области,RS,"Районный, городской, межрайонный суд","412906, Саратовская обл, г Вольск, ул Чернышевского, д 79",https://volsky--sar.sudrf.ru/,volsky--sar.sudrf.ru,да,64RS0010
Саратовская область,Ершов,Ершовский,Ершовский районный суд Саратовской области,RS,"Районный, городской, межрайонный суд","413503, Саратовская обл., г. Ершов, ул. XXV съезда КПСС, д. 40",https://ershovsky--sar.sudrf.ru/,ershovsky--sar.sudrf.ru,да,64RS0015
Саратовская область,Калининск,Калининский,Калининский районный суд Саратовской области,RS,"Районный, городской, межрайонный суд","412484, Саратовская обл, г Калининск, ул Советская, д 3",https://kalininsky--sar.sudrf.ru/,kalininsky--sar.sudrf.ru,да,64RS0017
Саратовская область,Красноармейск,,Красноармейский городской суд Саратовской области,RS,"Районный, городской, межрайонный суд","412800, Саратовская обл, г Красноармейск, ул Ленина, д 60",https://krasnoarmeisky--sar.sudrf.ru/,krasnoarmeisky--sar.sudrf.ru,да,64RS0019
Саратовская область,Красный Кут,Краснокутский,Краснокутский районный суд Саратовской области,RS,"Районный, городской, межрайонный суд","413235, Саратовская обл, г Красный Кут, ул Московская, д 60",https://krasnokutsky--sar.sudrf.ru/,krasnokutsky--sar.sudrf.ru,да,64RS0018
Саратовская область,Маркс,,Марксовский городской суд Саратовской области,RS,"Районный, городской, межрайонный суд","413090, Саратовская обл, г Маркс, пр-кт Ленина, д 16",https://marksovsky--sar.sudrf.ru/,marksovsky--sar.sudrf.ru,да,64RS0022
Саратовская область,Новоузенск,Новоузенский,Новоузенский районный суд Саратовской области,RS,"Районный, городской, межрайонный суд","413360, Саратовская обл, г Новоузенск, ул Советская, д 3",https://novouzensky--sar.sudrf.ru/,novouzensky--sar.sudrf.ru,да,64RS0023
Саратовская область,Петровск,,Петровский городской суд Саратовской области,RS,"Районный, городской, межрайонный суд","412540, Саратовская обл, г Петровск, пл Ленина, д 5",https://petrovsky--sar.sudrf.ru/,petrovsky--sar.sudrf.ru,да,64RS0027
Саратовская область,Пугачев,Пугачевский,Пугачевский районный суд Саратовской области,RS,"Районный, городской, межрайонный суд","413720, Саратовская обл, г Пугачев, ул Топорковская, д 37",https://pugachevsky--sar.sudrf.ru/,pugachevsky--sar.sudrf.ru,да,64RS0028
Саратовская область,Ртищево,Ртищевский,Ртищевский районный суд Саратовской области,RS,"Районный, городской, межрайонный суд","412031, Саратовская обл, г Ртищево, ул Железнодорожная, д 84А",https://rtishevsky--sar.sudrf.ru/,rtishevsky--sar.sudrf.ru,да,64RS0030
Саратовская область,Саратов,Волжский,Волжский районный суд г. Саратова,RS,"Районный, городской, межрайонный суд","410002, г Саратов, ул им Некрасова Н.А., д 17",https://volzhsky--sar.sudrf.ru/,volzhsky--sar.sudrf.ru,да,64RS0043
Саратовская область,Саратов,Заводской,Заводской районный суд г. Саратова,RS,"Районный, городской, межрайонный суд","410015, г Саратов, пр-кт Энтузиастов, д 20А",https://zavodskoi--sar.sudrf.ru/,zavodskoi--sar.sudrf.ru,да,64RS0044
Саратовская область,Саратов,Кировский,Кировский районный суд г. Саратова,RS,"Районный, городской, межрайонный суд","410012, г Саратов, ул Железнодорожная, д 62/66",https://kirovsky--sar.sudrf.ru/,kirovsky--sar.sudrf.ru,да,64RS0045
Саратовская область,Саратов,Ленинский,Ленинский районный суд г. Саратова,RS,"Районный, городской, межрайонный суд","410086, г Саратов, ул им Благодарова К.В., д 7А",https://leninsky--sar.sudrf.ru/,leninsky--sar.sudrf.ru,да,64RS0046
Саратовская область,Саратов,Октябрьский,Октябрьский районный суд г. Саратова,RS,"Районный, городской, межрайонный суд","410056, г Саратов, ул Советская, д 44",https://oktyabrsky--sar.sudrf.ru/,oktyabrsky--sar.sudrf.ru,да,64RS0047
Саратовская область,Саратов,,Первый кассационный суд общей юрисдикции,KJ,Кассационный суд общей юрисдикции,"410031, г Саратов, ул Первомайская, д 74",https://1kas.sudrf.ru/,1kas.sudrf.ru,да,64KJ0001
Саратовская область,Саратов,,Саратовский областной суд,OS,Областной и равный ему суд,"410028, г Саратов, ул им Мичурина И.В., д 85",https://oblsud--sar.sudrf.ru/,oblsud--sar.sudrf.ru,да,64OS0000
Саратовская область,Саратов,Саратовский,Саратовский районный суд Саратовской области,RS,"Районный, городской, межрайонный суд","410530, г Саратов, п Дубки, ул Центральная, д 12",https://saratovsky--sar.sudrf.ru/,saratovsky--sar.sudrf.ru,да,64RS0034
Саратовская область,Саратов,Фрунзенский,Фрунзенский районный суд г. Саратова,RS,"Районный, городской, межрайонный суд","410012, г Саратов, ул им Дзержинского Ф.Э., д 13/15",https://fr--sar.sudrf.ru/,fr--sar.sudrf.ru,да,64RS0048
Саратовская область,Степное,Советский,Советский районный суд Саратовской области,RS,"Районный, городской, межрайонный суд","413210, Саратовская обл, рп Степное, ул 50 лет Победы, д 45",https://sovetsky--sar.sudrf.ru/,sovetsky--sar.sudrf.ru,да,64RS0035
Саратовская область,Татищево,Татищевский,Татищевский районный суд Саратовской области,RS,"Районный, городской, межрайонный суд","412170, Саратовская обл, рп Татищево, ул Советская, д 10",https://tatishevsky--sar.sudrf.ru/,tatishevsky--sar.sudrf.ru,да,64RS0036
Саратовская область,Энгельс,Энгельсский,Энгельсский районный суд Саратовской области,RS,"Районный, городской, межрайонный суд","413100, Саратовская обл, г Энгельс, ул Максима Горького, д 11",https://engelsky--sar.sudrf.ru/,engelsky--sar.sudrf.ru,да,64RS0042
Кировская область,Вятские Поляны,Вятскополянский,Вятскополянский районный суд Кировской области,RS,"Районный, городской, межрайонный суд","612961, Кировская обл, г Вятские Поляны, ул Советская, д 26А",https://vyatskopolyansky--kir.sudrf.ru/,vyatskopolyansky--kir.sudrf.ru,да,43RS0010
Кировская область,Зуевка,Зуевский,Зуевский районный суд Кировской области,RS,"Районный, городской, межрайонный суд","612412, Кировская обл, г Зуевка, ул Восточная, д 9",https://zuevsky--kir.sudrf.ru/,zuevsky--kir.sudrf.ru,да,43RS0013
Кировская область,Киров,,Кировский областной суд,OS,Областной и равный ему суд,"610000, г Киров, ул Спасская, д 63",https://oblsud--kir.sudrf.ru/,oblsud--kir.sudrf.ru,да,43OS0000
Кировская область,Киров,Ленинский,Ленинский районный суд г. Кирова,RS,"Районный, городской, межрайонный суд","610000, г Киров, ул Спасская, д 20",https://leninsky--kir.sudrf.ru/,leninsky--kir.sudrf.ru,да,43RS0001
Кировская область,Киров,Нововятский,Нововятский районный суд г. Кирова,RS,"Районный, городской, межрайонный суд","610008, г Киров, ул Красноармейская (Нововятский), д 10",https://novovyatsky--kir.sudrf.ru/,novovyatsky--kir.sudrf.ru,да,43RS0004
Кировская область,Киров,Октябрьский,Октябрьский районный суд г. Кирова,RS,"Районный, городской, межрайонный суд","610046, г Киров, ул Московская, д 70",https://oktyabrsky--kir.sudrf.ru/,oktyabrsky--kir.sudrf.ru,да,43RS0002
Кировская область,Киров,Первомайский,Первомайский районный суд г. Кирова,RS,"Районный, городской, межрайонный суд","610035, г Киров, ул Калинина, д 57",https://pervomaysky--kir.sudrf.ru/,pervomaysky--kir.sudrf.ru,да,43RS0003
Кировская область,Кирово-Чепецк,Кирово-Чепецкий,Кирово-Чепецкий районный суд Кировской области,RS,"Районный, городской, межрайонный суд","613050, Кировская обл, г Кирово-Чепецк, пр-кт Россия, д 30/2",https://kirovochepetcky--kir.sudrf.ru/,kirovochepetcky--kir.sudrf.ru,да,43RS0017
Кировская область,Кирс,Верхнекамский,Верхнекамский районный суд Кировской области,RS,"Районный, городской, межрайонный суд","612820, Кировская обл, г Кирс, ул Милицейская, д 6",https://verhnekamsky--kir.sudrf.ru/,verhnekamsky--kir.sudrf.ru,да,43RS0011
Кировская область,Котельнич,Котельничский,Котельничский районный суд Кировской области,RS,"Районный, городской, межрайонный суд","612601, Кировская обл, г Котельнич, ул Советская, д 27",https://kotelnichesky--kir.sudrf.ru/,kotelnichesky--kir.sudrf.ru,да,43RS0018
Кировская область,Кумены,Куменский,Куменский районный суд Кировской области,RS,"Районный, городской, межрайонный суд","613400, Кировская обл, пгт Кумены, ул Кирова, д 8",https://kumensky--kir.sudrf.ru/,kumensky--kir.sudrf.ru,да,43RS0016
Кировская область,Ленинское,Шабалинский,Шабалинский районный суд Кировской области,RS,"Районный, городской, межрайонный суд","612020, Кировская обл, пгт Ленинское, ул Гагарина, д 76",https://shabalinsky--kir.sudrf.ru/,shabalinsky--kir.sudrf.ru,да,43RS0041
Кировская область,Луза,Лузский,Лузский районный суд Кировской области,RS,"Районный, городской, межрайонный суд","613980, Кировская обл, г Луза, пер Набережный 1-й, д 22А",https://luzsky--kir.sudrf.ru/,luzsky--kir.sudrf.ru,да,43RS0020
Кировская область,Малмыж,Малмыжский,Малмыжский районный суд Кировской области,RS,"Районный, городской, межрайонный суд","612920, Кировская обл, г Малмыж, ул Комсомольская, д 67",https://malmizhsky--kir.sudrf.ru/,malmizhsky--kir.sudrf.ru,да,43RS0021
Кировская область,Мураши,Мурашинский,Мурашинский районный суд Кировской области,RS,"Районный, городской, межрайонный суд","613710, Кировская обл, г Мураши, ул Кирова, д 31",https://murashinsky--kir.sudrf.ru/,murashinsky--kir.sudrf.ru,да,43RS0022
Кировская область,Нолинск,Нолинский,Нолинский районный суд Кировской области,RS,"Районный, городской, межрайонный суд","613440, Кировская обл, г Нолинск, ул Фрунзе, д 5",https://nolinsky--kir.sudrf.ru/,nolinsky--kir.sudrf.ru,да,43RS0025
Кировская область,Омутнинск,Омутнинский,Омутнинский районный суд Кировской области,RS,"Районный, городской, межрайонный суд","612740, Кировская обл, г Омутнинск, ул Коковихина, д 40",https://omutninsky--kir.sudrf.ru/,omutninsky--kir.sudrf.ru,да,43RS0026
Кировская область,Оричи,Оричевский,Оричевский районный суд Кировской области,RS,"Районный, городской, межрайонный суд","612080, Кировская обл, пгт Оричи, ул Карла Маркса, д 16",https://orichevsky--kir.sudrf.ru/,orichevsky--kir.sudrf.ru,да,43RS0028
Кировская область,Подосиновец,Подосиновский,Подосиновский районный суд Кировской области,RS,"Районный, городской, межрайонный суд","613930, Кировская обл, пгт Подосиновец, ул Полярная, д 2",https://podosinovsky--kir.sudrf.ru/,podosinovsky--kir.sudrf.ru,да,43RS0031
Кировская область,Санчурск,Санчурский,Санчурский районный суд Кировской области,RS,"Районный, городской, межрайонный суд","612370, Кировская обл, пгт Санчурск, ул Ленина, д 1",https://sanchursky--kir.sudrf.ru/,sanchursky--kir.sudrf.ru,да,43RS0032
Кировская область,Слободской,Слободской,Слободской районный суд Кировской области,RS,"Районный, городской, межрайонный суд","613152, Кировская обл, г Слободской, ул Октябрьская, д 1",https://slobodskoy--kir.sudrf.ru/,slobodskoy--kir.sudrf.ru,да,43RS0034
Кировская область,Советск,Советский,Советский районный суд Кировской области,RS,"Районный, городской, межрайонный суд","613340, Кировская обл, г Советск, ул Энгельса, д 50",https://sovetsky--kir.sudrf.ru/,sovetsky--kir.sudrf.ru,да,43RS0035
Кировская область,Уни,Унинский,Унинский районный суд Кировской области,RS,"Районный, городской, межрайонный суд","612540, Кировская обл, пгт Уни, тракт Уни-Порез, д 4",https://uninsky--kir.sudrf.ru/,uninsky--kir.sudrf.ru,да,43RS0038
Кировская область,Уржум,Уржумский,Уржумский районный суд Кировской области,RS,"Районный, городской, межрайонный суд","613530, Кировская обл, г Уржум, ул Советская, д 22",https://urzhumsky--kir.sudrf.ru/,urzhumsky--kir.sudrf.ru,да,43RS0039
Кировская область,Юрья,Юрьянский,Юрьянский районный суд Кировской области,RS,"Районный, городской, межрайонный суд","613600, Кировская обл, пгт Юрья, ул Большевиков, д 41",https://yuryansky--kir.sudrf.ru/,yuryansky--kir.sudrf.ru,да,43RS0042
Кировская область,Яранск,Яранский,Яранский районный суд Кировской области,RS,"Районный, городской, межрайонный суд","612260, Кировская обл, г Яранск, ул Карла Маркса, д 14",https://yaransky--kir.sudrf.ru/,yaransky--kir.sudrf.ru,да,43RS0043
Республика Удмуртская,Балезино,Балезинский,Балезинский районный суд Удмуртской Республики,RS,"Районный, городской, межрайонный суд","427552, Респ Удмуртская, Балезинский р-н, п Балезино, ул Красноармейская, стр 9",https://balezinskiy--udm.sudrf.ru/,balezinskiy--udm.sudrf.ru,да,18RS0007
Республика Удмуртская,Воткинск,Воткинский,Воткинский районный суд Удмуртской Республики,RS,"Районный, городской, межрайонный суд","427431, Респ Удмуртская, г Воткинск, ул Советская, д 64",https://votkinskiygor--udm.sudrf.ru/,votkinskiygor--udm.sudrf.ru,да,18RS0009
Республика Удмуртская,Глазов,Глазовский,Глазовский районный суд Удмуртской Республики,RS,"Районный, городской, межрайонный суд","427626, Респ Удмуртская, г Глазов, ул Пряженникова, д 29",https://glazovskiygor--udm.sudrf.ru/,glazovskiygor--udm.sudrf.ru,да,18RS0011
Республика Удмуртская,Завьялово,Завьяловский,Завьяловский районный суд Удмуртской Республики,RS,"Районный, городской, межрайонный суд","427000, Респ Удмуртская, с Завьялово, ул Речная, зд 17",https://zavyalovskiy--udm.sudrf.ru/,zavyalovskiy--udm.sudrf.ru,да,18RS0013
Республика Удмуртская,Игра,Игринский,Игринский районный суд Удмуртской Республики,RS,"Районный, городской, межрайонный суд","427145, Респ Удмуртская, п Игра, ул Советская, зд 39",https://igrinskiy--udm.sudrf.ru/,igrinskiy--udm.sudrf.ru,да,18RS0014
Республика Удмуртская,Ижевск,,Верховный Суд Удмуртской Республики,OS,Областной и равный ему суд,"426008, г Ижевск, ул Пушкинская, д 274",https://vs--udm.sudrf.ru/,vs--udm.sudrf.ru,да,18OS0000
Республика Удмуртская,Ижевск,Индустриальный,Индустриальный районный суд г. Ижевска Удмуртской Республики,RS,"Районный, городской, межрайонный суд","426039, г Ижевск, ш Воткинское, д 140",https://industrialnyy--udm.sudrf.ru/,industrialnyy--udm.sudrf.ru,да,18RS0004
Республика Удмуртская,Ижевск,Ленинский,Ленинский районный суд г. Ижевска Удмуртской Республики,RS,"Районный, городской, межрайонный суд","426021, г Ижевск, ул Городок Машиностроителей, д 116 к 1",https://leninskiy--udm.sudrf.ru/,leninskiy--udm.sudrf.ru,да,18RS0001
Республика Удмуртская,Ижевск,Октябрьский,Октябрьский районный суд г. Ижевска Удмуртской Республики,RS,"Районный, городской, межрайонный суд","426011, г Ижевск, ул Родниковая, д 60",https://oktyabrskiy--udm.sudrf.ru/,oktyabrskiy--udm.sudrf.ru,да,18RS0003
Республика Удмуртская,Ижевск,Первомайский,Первомайский районный суд г. Ижевска Удмуртской Республики,RS,"Районный, городской, межрайонный суд","426004, г Ижевск, ул Ленина, д 37",https://pervomayskiy--udm.sudrf.ru/,pervomayskiy--udm.sudrf.ru,да,18RS0002
Республика Удмуртская,Ижевск,Устиновский,Устиновский районный суд г. Ижевска Удмуртской Республики,RS,"Районный, городской, межрайонный суд","426076, г Ижевск, ул Свободы, д 139",https://ustinovskiy--udm.sudrf.ru/,ustinovskiy--udm.sudrf.ru,да,18RS0005
Республика Удмуртская,Камбарка,Камбарский,Камбарский районный суд Удмуртской Республики,RS,"Районный, городской, межрайонный суд","427950, Респ Удмуртская, г Камбарка, ул Ленина, зд 52",https://kambarskiy--udm.sudrf.ru/,kambarskiy--udm.sudrf.ru,да,18RS0015
Республика Удмуртская,Кез,Кезский,Кезский районный суд Удмуртской Республики,RS,"Районный, городской, межрайонный суд","427580, Респ Удмуртская, Кезский р-н, п Кез, ул Ленина, зд 18",https://kezskiy--udm.sudrf.ru/,kezskiy--udm.sudrf.ru,да,18RS0016
Республика Удмуртская,Кизнер,Кизнерский,Кизнерский районный суд Удмуртской Республики,RS,"Районный, городской, межрайонный суд","427710, Респ Удмуртская, Кизнерский р-н, п Кизнер, ул Красная, зд 18А",https://kiznerskiy--udm.sudrf.ru/,kiznerskiy--udm.sudrf.ru,да,18RS0017
Республика Удмуртская,Малая Пурга,Малопургинский,Малопургинский районный суд Удмуртской Республики,RS,"Районный, городской, межрайонный суд","427820, Респ Удмуртская, с Малая Пурга, ул Садовая, д 12",https://malopurginskiy--udm.sudrf.ru/,malopurginskiy--udm.sudrf.ru,да,18RS0022
Республика Удмуртская,Можга,Можгинский,Можгинский районный суд Удмуртской Республики,RS,"Районный, городской, межрайонный суд","427790, Респ Удмуртская, г Можга, ул Интернациональная, д 71",https://mozhginskiygor--udm.sudrf.ru/,mozhginskiygor--udm.sudrf.ru,да,18RS0021
Республика Удмуртская,Сарапул,,Сарапульский городской суд Удмуртской Республики,RS,"Районный, городской, межрайонный суд","427960, Респ Удмуртская, г Сарапул, ул Красная Площадь, д 6",https://sarapulskiygor--udm.sudrf.ru/,sarapulskiygor--udm.sudrf.ru,да,18RS0023
Республика Удмуртская,Сарапул,Сарапульский,Сарапульский районный суд Удмуртской Республики,RS,"Районный, городской, межрайонный суд","427960, Респ Удмуртская, г Сарапул, ул Горького, д 28",https://sarapulskiy--udm.sudrf.ru/,sarapulskiy--udm.sudrf.ru,да,18RS0024
Республика Удмуртская,Сюмси,Сюмсинский,Сюмсинский районный суд Удмуртской Республики,RS,"Районный, городской, межрайонный суд","427370, Респ Удмуртская, с Сюмси, ул Базарная, стр 7",https://sumsinsky--udm.sudrf.ru/,sumsinsky--udm.sudrf.ru,да,18RS0026
Республика Удмуртская,Ува,Увинский,Увинский районный суд Удмуртской Республики,RS,"Районный, городской, межрайонный суд","427260, Респ Удмуртская, п Ува, ул Энгельса, зд 16",https://uvinskiy--udm.sudrf.ru/,uvinskiy--udm.sudrf.ru,да,18RS0027
Республика Удмуртская,Юкаменское,Юкаменский,Юкаменский районный суд Удмуртской Республики,RS,"Районный, городской, межрайонный суд","427680, Респ Удмуртская, с Юкаменское, ул Первомайская, стр 22",https://yukamenskiy--udm.sudrf.ru/,yukamenskiy--udm.sudrf.ru,да,18RS0029
Республика Удмуртская,Якшур-Бодья,Якшур-Бодьинский,Якшур-Бодьинский районный суд Удмуртской Республики,RS,"Районный, городской, межрайонный суд","427100, Респ Удмуртская, с Якшур-Бодья, ул Центральная, д 7",https://yakshur-bodinskiy--udm.sudrf.ru/,yakshur-bodinskiy--udm.sudrf.ru,да,18RS0031
Чувашская Республика - Чувашия,Алатырь,Алатырский,Алатырский районный суд Чувашской Республики,RS,"Районный, городской, межрайонный суд","429820, Чувашская Республика - Чувашия, г Алатырь, ул Первомайская, д 35",https://alatirsky--chv.sudrf.ru/,alatirsky--chv.sudrf.ru,да,21RS0001
Чувашская Республика - Чувашия,Батырево,Батыревский,Батыревский районный суд Чувашской Республики,RS,"Районный, городской, межрайонный суд","429350, Чувашская Республика - Чувашия, с Батырево, пр-кт Ленина, д 8А",https://batirevsky--chv.sudrf.ru/,batirevsky--chv.sudrf.ru,да,21RS0003
Чувашская Республика - Чувашия,Вурнары,Вурнарский,Вурнарский районный суд Чувашской Республики,RS,"Районный, городской, межрайонный суд","429220, Чувашская Республика - Чувашия, пгт Вурнары, ул К.Маркса, д 11",https://vurnarsky--chv.sudrf.ru/,vurnarsky--chv.sudrf.ru,да,21RS0004
Чувашская Республика - Чувашия,Ибреси,Ибресинский,Ибресинский районный суд Чувашской Республики,RS,"Районный, городской, межрайонный суд","429700, Чувашская Республика - Чувашия, пгт Ибреси, ул Школьная, д 3",https://ibresinsky--chv.sudrf.ru/,ibresinsky--chv.sudrf.ru,да,21RS0005
Чувашская Республика - Чувашия,Канаш,Канашский,Канашский районный суд Чувашской Республики,RS,"Районный, городской, межрайонный суд","429335, Чувашская Республика - Чувашия, г Канаш, ул Чкалова, зд 1",https://kanashsky--chv.sudrf.ru/,kanashsky--chv.sudrf.ru,да,21RS0006
Чувашская Республика - Чувашия,Козловка,Козловский,Козловский районный суд Чувашской Республики,RS,"Районный, городской, межрайонный суд","429430, Чувашская Республика - Чувашия, г Козловка, ул Ленина, д 23",https://kozlovsky--chv.sudrf.ru/,kozlovsky--chv.sudrf.ru,да,21RS0007
Чувашская Республика - Чувашия,Красноармейское,Красноармейский,Красноармейский районный суд Чувашской Республики,RS,"Районный, городской, межрайонный суд","429620, Чувашская Республика - Чувашия, с Красноармейское, ул 30 лет Победы, зд 18",https://krasnoarmeisky--chv.sudrf.ru/,krasnoarmeisky--chv.sudrf.ru,да,21RS0009
Чувашская Республика - Чувашия,Кугеси,Чебоксарский,Чебоксарский районный суд Чувашской Республики,RS,"Районный, городской, межрайонный суд","429500, Чувашская Республика - Чувашия, п Кугеси, ул Советская, д 1",https://cheboksarsky--chv.sudrf.ru/,cheboksarsky--chv.sudrf.ru,да,21RS0016
Чувашская Республика - Чувашия,Мариинский Посад,Мариинско-Посадский,Мариинско-Посадский районный суд Чувашской Республики,RS,"Районный, городской, межрайонный суд","429570, Чувашская Республика - Чувашия, г Мариинский Посад, ул Лазо, д 64",https://mariinsko-posadsky--chv.sudrf.ru/,mariinsko-posadsky--chv.sudrf.ru,да,21RS0011
Чувашская Республика - Чувашия,Моргауши,Моргаушский,Моргаушский районный суд Чувашской Республики,RS,"Районный, городской, межрайонный суд","429530, Чувашская Республика - Чувашия, с Моргауши, ул Мира, д 4",https://morgaushsky--chv.sudrf.ru/,morgaushsky--chv.sudrf.ru,да,21RS0012
Чувашская Республика - Чувашия,Новочебоксарск,,Новочебоксарский городской суд Чувашской Республики,RS,"Районный, городской, межрайонный суд","429965, Чувашская Республика - Чувашия, г Новочебоксарск, ул Советская, зд 47",https://novocheboksarsky--chv.sudrf.ru/,novocheboksarsky--chv.sudrf.ru,да,21RS0022
Чувашская Республика - Чувашия,Урмары,Урмарский,Урмарский районный суд Чувашской Республики,RS,"Районный, городской, межрайонный суд","429400, Чувашская Республика - Чувашия, пгт Урмары, ул Ленина, д 19",https://urmarsky--chv.sudrf.ru/,urmarsky--chv.sudrf.ru,да,21RS0014
Чувашская Республика - Чувашия,Цивильск,Цивильский,Цивильский районный суд Чувашской Республики,RS,"Районный, городской, межрайонный суд","429900, Чувашская Республика - Чувашия, г Цивильск, пл Ленина, зд 2А",https://civilsky--chv.sudrf.ru/,civilsky--chv.sudrf.ru,да,21RS0015
Чувашская Республика - Чувашия,Чебоксары,,Верховный Суд Чувашской Республики,OS,Областной и равный ему суд,"428000, г Чебоксары, б-р Президентский, д 12",https://vs--chv.sudrf.ru/,vs--chv.sudrf.ru,да,21OS0000
Чувашская Республика - Чувашия,Чебоксары,Калининский,Калининский районный суд г. Чебоксары Чувашской Республики,RS,"Районный, городской, межрайонный суд","428000, г Чебоксары, ул Байдукова, д 23",https://kalininsky--chv.sudrf.ru/,kalininsky--chv.sudrf.ru,да,21RS0024
Чувашская Республика - Чувашия,Чебоксары,Ленинский,Ленинский районный суд г. Чебоксары Чувашской Республики,RS,"Районный, городской, межрайонный суд","428000, г Чебоксары, ул Байдукова, д 23",https://leninsky--chv.sudrf.ru/,leninsky--chv.sudrf.ru,да,21RS0023
Чувашская Республика - Чувашия,Чебоксары,Московский,Московский районный суд г. Чебоксары Чувашской Республики,RS,"Районный, городской, межрайонный суд","428034, г Чебоксары, ул Урукова, д 16",https://moskovsky--chv.sudrf.ru/,moskovsky--chv.sudrf.ru,да,21RS0025
Чувашская Республика - Чувашия,Шумерля,Шумерлинский,Шумерлинский районный суд Чувашской Республики,RS,"Районный, городской, межрайонный суд","429120, Чувашская Республика - Чувашия, г Шумерля, ул Щербакова, д 3",https://shumerlinsky--chv.sudrf.ru/,shumerlinsky--chv.sudrf.ru,да,21RS0017
Чувашская Республика - Чувашия,Ядрин,Ядринский,Ядринский районный суд Чувашской Республики,RS,"Районный, городской, межрайонный суд","429061, Чувашская Республика - Чувашия, г Ядрин, ул Ленина, д 16",https://yadrinsky--chv.sudrf.ru/,yadrinsky--chv.sudrf.ru,да,21RS0019
Чувашская Республика - Чувашия,Яльчики,Яльчикский,Яльчикский районный суд Чувашской Республики,RS,"Районный, городской, межрайонный суд","429380, Чувашская Республика - Чувашия, с Яльчики, ул Кооперативная, д 71",https://yalchiksky--chv.sudrf.ru/,yalchiksky--chv.sudrf.ru,да,21RS0020
Ульяновская область,Барыш,,Барышский городской суд Ульяновской области,RS,"Районный, городской, межрайонный суд","433750, Ульяновская обл, Барышский р-н, г Барыш, ул Пушкина, д 2",https://barishinskiy--uln.sudrf.ru/,barishinskiy--uln.sudrf.ru,да,73RS0006
Ульяновская область,Димитровград,,Димитровградский городской суд Ульяновской области,RS,"Районный, городской, межрайонный суд","433513, Ульяновская обл, г Димитровград, пр-кт Автостроителей, зд 51А",https://dimitrovgradskiy--uln.sudrf.ru/,dimitrovgradskiy--uln.sudrf.ru,да,73RS0013
Ульяновская область,Димитровград,Мелекесский,Мелекесский районный суд Ульяновской области,RS,"Районный, городской, межрайонный суд","433512, Ульяновская обл, г Димитровград, пр-кт Димитрова, зд 39А",https://melekesskiy--uln.sudrf.ru/,melekesskiy--uln.sudrf.ru,да,73RS0012
Ульяновская область,Инза,Инзенский,Инзенский районный суд Ульяновской области,RS,"Районный, городской, межрайонный суд","433030, Ульяновская обл, г Инза, ул Заводская, д 18",https://inzenskiy--uln.sudrf.ru/,inzenskiy--uln.sudrf.ru,да,73RS0008
Ульяновская область,Ишеевка,Ульяновский,Ульяновский районный суд Ульяновской области,RS,"Районный, городской, межрайонный суд","433310, Ульяновская обл, Ульяновский р-н, рп Ишеевка, ул Ленина, д 57",https://uljanovskiy--uln.sudrf.ru/,uljanovskiy--uln.sudrf.ru,да,73RS0024
Ульяновская область,Карсун,Карсунский,Карсунский районный суд Ульяновской области,RS,"Районный, городской, межрайонный суд","433210, Ульяновская обл, рп Карсун, ул Октябрьская, д 2",https://karsunskiy--uln.sudrf.ru/,karsunskiy--uln.sudrf.ru,да,73RS0009
Ульяновская область,Майна,Майнский,Майнский районный суд Ульяновской области,RS,"Районный, городской, межрайонный суд","433130, Ульяновская обл, рп Майна, ул Советская, д 16",https://mainskiy--uln.sudrf.ru/,mainskiy--uln.sudrf.ru,да,73RS0011
Ульяновская область,Николаевка,Николаевский,Николаевский районный суд Ульяновской области,RS,"Районный, городской, межрайонный суд","433810, Ульяновская обл, рп Николаевка, ул Советская, д 63",https://nikolaevskiy--uln.sudrf.ru/,nikolaevskiy--uln.sudrf.ru,да,73RS0014
Ульяновская область,Новоспасское,Новоспасский,Новоспасский районный суд Ульяновской области,RS,"Районный, городской, межрайонный суд","433870, Ульяновская обл, рп Новоспасское, ул Калинина, д 25",https://novospasskiy--uln.sudrf.ru/,novospasskiy--uln.sudrf.ru,да,73RS0015
Ульяновская область,Радищево,Радищевский,Радищевский районный суд Ульяновской области,RS,"Районный, городской, межрайонный суд","433910, Ульяновская обл, рп Радищево, ул Советская, д 23",https://radishevskiy--uln.sudrf.ru/,radishevskiy--uln.sudrf.ru,да,73RS0018
Ульяновская область,Сенгилей,Сенгилеевский,Сенгилеевский районный суд Ульяновской области,RS,"Районный, городской, межрайонный суд","433380, Ульяновская обл, г Сенгилей, пл 1 Мая, зд 4",https://sengileevskiy--uln.sudrf.ru/,sengileevskiy--uln.sudrf.ru,да,73RS0021
Ульяновская область,Ульяновск,Железнодорожный,Железнодорожный районный суд г. Ульяновска,RS,"Районный, городской, межрайонный суд","432012, г Ульяновск, ул Инзенская, д 4",https://zjeleznodorogniy--uln.sudrf.ru/,zjeleznodorogniy--uln.sudrf.ru,да,73RS0003
Ульяновская область,Ульяновск,Заволжский,Заволжский районный суд г. Ульяновска,RS,"Районный, городской, межрайонный суд","432046, г Ульяновск, ул Мелекесская, д 4",https://zavolgskiy--uln.sudrf.ru/,zavolgskiy--uln.sudrf.ru,да,73RS0004
Ульяновская область,Ульяновск,Засвияжский,Засвияжский районный суд г. Ульяновска,RS,"Районный, городской, межрайонный суд","432028, г Ульяновск, пр-кт 50-летия ВЛКСМ, д 23Б",https://zasvijajskiy--uln.sudrf.ru/,zasvijajskiy--uln.sudrf.ru,да,73RS0002
Ульяновская область,Ульяновск,Ленинский,Ленинский районный суд г. Ульяновска,RS,"Районный, городской, межрайонный суд","432001, г Ульяновск, ул Карла Маркса, д 32",https://leninskiy--uln.sudrf.ru/,leninskiy--uln.sudrf.ru,да,73RS0001
Ульяновская область,Ульяновск,,Ульяновский областной суд,OS,Областной и равный ему суд,"432017, г Ульяновск, ул Железной Дивизии, зд 21А/12",https://oblsud--uln.sudrf.ru/,oblsud--uln.sudrf.ru,да,73OS0000
Ульяновская область,Чердаклы,Чердаклинский,Чердаклинский районный суд Ульяновской области,RS,"Районный, городской, межрайонный суд","433400, Ульяновская обл, рп Чердаклы, ул Советская, зд 8",https://cherdaklinskiy--uln.sudrf.ru/,cherdaklinskiy--uln.sudrf.ru,да,73RS0025
Республика Мордовия,Ардатов,Ардатовский,Ардатовский районный суд Республики Мордовия,RS,"Районный, городской, межрайонный суд","431860, Респ Мордовия, г Ардатов, пер Луначарского, д 12А",https://ardatovsky--mor.sudrf.ru/,ardatovsky--mor.sudrf.ru,да,13RS0004
Республика Мордовия,Атяшево,Атяшевский,Атяшевский районный суд Республики Мордовия,RS,"Районный, городской, межрайонный суд","431800, Респ Мордовия, рп Атяшево, ул Центральная, д 22",https://atyashevsky--mor.sudrf.ru/,atyashevsky--mor.sudrf.ru,да,13RS0006
Республика Мордовия,Зубова Поляна,Зубово-Полянский,Зубово-Полянский районный суд Республики Мордовия,RS,"Районный, городской, межрайонный суд","431110, Респ Мордовия, рп Зубова Поляна, ул Советская, д 30",https://zubovo-polyansky--mor.sudrf.ru/,zubovo-polyansky--mor.sudrf.ru,да,13RS0011
Республика Мордовия,Инсар,Инсарский,Инсарский районный суд Республики Мордовия,RS,"Районный, городской, межрайонный суд","431430, Респ Мордовия, г Инсар, ул Красноармейская, зд 1",https://insarsky--mor.sudrf.ru/,insarsky--mor.sudrf.ru,да,13RS0012
Республика Мордовия,Кемля,Ичалковский,Ичалковский районный суд Республики Мордовия,RS,"Районный, городской, межрайонный суд","431640, Респ Мордовия, с Кемля, пер Больничный, д 2",https://ichalkovsky--mor.sudrf.ru/,ichalkovsky--mor.sudrf.ru,да,13RS0001
Республика Мордовия,Ковылкино,Ковылкинский,Ковылкинский районный суд Республики Мордовия,RS,"Районный, городской, межрайонный суд","431350, Респ Мордовия, г Ковылкино, ул Первомайская, д 5",https://kovilkinsky--mor.sudrf.ru/,kovilkinsky--mor.sudrf.ru,да,13RS0013
Республика Мордовия,Краснослободск,Краснослободский,Краснослободский районный суд Республики Мордовия,RS,"Районный, городской, межрайонный суд","431260, Респ Мордовия, г Краснослободск, ул Кирова, д 2А",https://krasnoslobodsky--mor.sudrf.ru/,krasnoslobodsky--mor.sudrf.ru,да,13RS0015
Республика Мордовия,Лямбирь,Лямбирский,Лямбирский районный суд Республики Мордовия,RS,"Районный, городской, межрайонный суд","431510, Респ Мордовия, с Лямбирь, ул Ленина, зд 1В",https://lyambirsky--mor.sudrf.ru/,lyambirsky--mor.sudrf.ru,да,13RS0017
Республика Мордовия,Ромоданово,Ромодановский,Ромодановский районный суд Республики Мордовия,RS,"Районный, городской, межрайонный суд","431602, Респ Мордовия, п Ромоданово, ул Кирова, зд 9",https://romodanovsky--mor.sudrf.ru/,romodanovsky--mor.sudrf.ru,да,13RS0018
Республика Мордовия,Рузаевка,Рузаевский,Рузаевский районный суд Республики Мордовия,RS,"Районный, городской, межрайонный суд","431440, Респ Мордовия, г Рузаевка, ул Карла Маркса, д 6",https://ruzaevsky--mor.sudrf.ru/,ruzaevsky--mor.sudrf.ru,да,13RS0019
Республика Мордовия,Саранск,,Верховный Суд Республики Мордовия,OS,Областной и равный ему суд,"430005, г Саранск, ул Л.Толстого, д 21",https://vs--mor.sudrf.ru/,vs--mor.sudrf.ru,да,13OS0000
Республика Мордовия,Саранск,Октябрьский,Октябрьский районный суд г. Саранска Республики Мордовия,RS,"Районный, городской, межрайонный суд","430033, г Саранск, пр-кт 70 лет Октября, д 77",https://oktyabrsky--mor.sudrf.ru/,oktyabrsky--mor.sudrf.ru,да,13RS0025
Республика Мордовия,Саранск,Пролетарский,Пролетарский районный суд г. Саранска Республики Мордовия,RS,"Районный, городской, межрайонный суд","430034, г Саранск, ул Коваленко, д 47А",https://proletarsky--mor.sudrf.ru/,proletarsky--mor.sudrf.ru,да,13RS0024
Республика Мордовия,Темников,Темниковский,Темниковский районный суд Республики Мордовия,RS,"Районный, городской, межрайонный суд","431220, Респ Мордовия, г Темников, ул Бараева, д 3",https://temnikovsky--mor.sudrf.ru/,temnikovsky--mor.sudrf.ru,да,13RS0002
Республика Мордовия,Торбеево,Торбеевский,Торбеевский районный суд Республики Мордовия,RS,"Районный, городской, межрайонный суд","431030, Респ Мордовия, рп Торбеево, ул Водная, д 1Б",https://torbeevsky--mor.sudrf.ru/,torbeevsky--mor.sudrf.ru,да,13RS0022
Республика Мордовия,Чамзинка,Чамзинский,Чамзинский районный суд Республики Мордовия,RS,"Районный, городской, межрайонный суд","431722, Респ Мордовия, рп Чамзинка, ул Республиканская, д 25",https://chamzinsky--mor.sudrf.ru/,chamzinsky--mor.sudrf.ru,да,13RS0003
Республика Марий Эл,Волжск,,Волжский городской суд Республики Марий Эл,RS,"Районный, городской, межрайонный суд","425000, Респ Марий Эл, г Волжск, ул Гагарина, д 15А",https://volzhkiy--mari.sudrf.ru/,volzhkiy--mari.sudrf.ru,да,12RS0001
Республика Марий Эл,Звенигово,Звениговский,Звениговский районный суд Республики Марий Эл,RS,"Районный, городской, межрайонный суд","425060, Респ Марий Эл, г Звенигово, ул Ленина, д 54",https://zvenigocsky--mari.sudrf.ru/,zvenigocsky--mari.sudrf.ru,да,12RS0002
Республика Марий Эл,Йошкар-Ола,,Верховный Суд Республики Марий Эл,OS,Областной и равный ему суд,"424000, г Йошкар-Ола, ул Кремлёвская, д 13",https://vs--mari.sudrf.ru/,vs--mari.sudrf.ru,да,12OS0000
Республика Марий Эл,Йошкар-Ола,,Йошкар-Олинский городской суд Республики Марий Эл,RS,"Районный, городской, межрайонный суд","424028, г Йошкар-Ола, ул Баумана, д 91А",https://yoshkarolinsky--mari.sudrf.ru/,yoshkarolinsky--mari.sudrf.ru,да,12RS0003
Республика Марий Эл,Козьмодемьянск,Горномарийский,Горномарийский районный суд Республики Марий Эл,RS,"Районный, городской, межрайонный суд","425354, Респ Марий Эл, г Козьмодемьянск, ул Чернышевского, д 32",https://gornomarisky--mari.sudrf.ru/,gornomarisky--mari.sudrf.ru,да,12RS0016
Республика Марий Эл,Медведево,Медведевский,Медведевский районный суд Республики Марий Эл,RS,"Районный, городской, межрайонный суд","425200, Республика Марий Эл, п. Медведево, ул. Медведево, д. 25",https://medvedevsky--mari.sudrf.ru/,medvedevsky--mari.sudrf.ru,да,12RS0008
Республика Марий Эл,Морки,Моркинский,Моркинский районный суд Республики Марий Эл,RS,"Районный, городской, межрайонный суд","425120, Респ Марий Эл, пгт Морки, ул Советская, д 12",https://morkinsky--mari.sudrf.ru/,morkinsky--mari.sudrf.ru,да,12RS0009
Республика Марий Эл,Сернур,Сернурский,Сернурский районный суд Республики Марий Эл,RS,"Районный, городской, межрайонный суд","425450, Респ Марий Эл, пгт Сернур, ул Конакова, д 13",https://sernursky--mari.sudrf.ru/,sernursky--mari.sudrf.ru,да,12RS0013
Республика Марий Эл,Советский,Советский,Советский районный суд Республики Марий Эл,RS,"Районный, городской, межрайонный суд","425400, Респ Марий Эл, пгт Советский, ул Горького, д 40",https://sovetsky--mari.sudrf.ru/,sovetsky--mari.sudrf.ru,да,12RS0014
